[
  {
    "time": 0.0,
    "opt": "ClusterLLGAOptimizer",
    "elapsed_time": 63.099562741816044,
    "valid": true,
    "overall_deadline_violation": 0.31102550292766834,
    "weighted_overall_deadline_violation": 201.61516139175666,
    "max_deadline_violation": 0.010200879970479627,
    "avg_deadline_violation": 0.0028275045720697126,
    "avg_only_violated_deadline": 0.008886442940790523,
    "weighted_avg_deadline_violation": 0.001639597509611476,
    "weighted_avg_only_violated_deadline": 0.009685756558430557,
    "deadline_satisfaction": 0.6818181818181818,
    "weighted_deadline_satisfaction": 0.8307207599405996,
    "overall_cost": 426.8294740167,
    "max_cost": 163.09573558551335,
    "avg_cost": 21.341473700834992,
    "overall_migration_cost": 0.0,
    "max_migration_cost": 0.0,
    "avg_migration_cost": 0.0,
    "migration_rate": 0.0,
    "weighted_migration_rate": 0.0,
    "overall_response_time": 5.875072459034652,
    "weighted_overall_response_time": 3266.4669545501183,
    "max_response_time": 0.25098348022080247,
    "avg_response_time": 0.05340974962758777,
    "weighted_avg_response_time": 0.026563930246803015,
    "avg_unavailability": 0.009503736942523593,
    "overall_power_consumption": 1054.1522444382356
  },
  {
    "time": 1800.0,
    "opt": "ClusterLLGAOptimizer",
    "elapsed_time": 58.11617748811841,
    "valid": true,
    "overall_deadline_violation": 0.2842224238236509,
    "weighted_overall_deadline_violation": 207.0364073936689,
    "max_deadline_violation": 0.010200879966413754,
    "avg_deadline_violation": 0.0024501933088245777,
    "avg_only_violated_deadline": 0.009168465284633902,
    "weighted_avg_deadline_violation": 0.0016527729189682728,
    "weighted_avg_only_violated_deadline": 0.00969503678778735,
    "deadline_satisfaction": 0.7327586206896551,
    "weighted_deadline_satisfaction": 0.8295238114980399,
    "overall_cost": 427.3429527535514,
    "max_cost": 165.79716766224794,
    "avg_cost": 21.36714763767757,
    "overall_migration_cost": 0.715,
    "max_migration_cost": 0.715,
    "avg_migration_cost": 0.715,
    "migration_rate": 0.05,
    "weighted_migration_rate": 0.00016274766293483014,
    "overall_response_time": 6.191366605524361,
    "weighted_overall_response_time": 3369.8232803661476,
    "max_response_time": 0.25098240615628237,
    "avg_response_time": 0.0533738500476238,
    "weighted_avg_response_time": 0.026901320060619988,
    "avg_unavailability": 0.009503736942523593,
    "overall_power_consumption": 1032.8425133382248
  },
  {
    "time": 3600.0,
    "opt": "ClusterLLGAOptimizer",
    "elapsed_time": 97.04685112368315,
    "valid": true,
    "overall_deadline_violation": 0.317222944470049,
    "weighted_overall_deadline_violation": 253.09904120505814,
    "max_deadline_violation": 0.010200879969489984,
    "avg_deadline_violation": 0.0029103022428444863,
    "avg_only_violated_deadline": 0.008811748457501363,
    "weighted_avg_deadline_violation": 0.0020392465047304274,
    "weighted_avg_only_violated_deadline": 0.009469048368475974,
    "deadline_satisfaction": 0.6697247706422018,
    "weighted_deadline_satisfaction": 0.7846408186571932,
    "overall_cost": 440.5662603297298,
    "max_cost": 156.7319908840199,
    "avg_cost": 18.35692751373874,
    "overall_migration_cost": 256.36487150118717,
    "max_migration_cost": 129.83626691501578,
    "avg_migration_cost": 28.484985722354125,
    "migration_rate": 0.375,
    "weighted_migration_rate": 0.002763018571390344,
    "overall_response_time": 6.236784617439697,
    "weighted_overall_response_time": 3365.442602929177,
    "max_response_time": 0.25098127979212226,
    "avg_response_time": 0.05721820749944676,
    "weighted_avg_response_time": 0.027115737113100693,
    "avg_unavailability": 0.009480804505837565,
    "overall_power_consumption": 1032.900172561353
  },
  {
    "time": 5400.0,
    "opt": "ClusterLLGAOptimizer",
    "elapsed_time": 72.88217410817742,
    "valid": true,
    "overall_deadline_violation": 0.2806313667580384,
    "weighted_overall_deadline_violation": 178.45364394576018,
    "max_deadline_violation": 0.010200879969912695,
    "avg_deadline_violation": 0.002300257104574085,
    "avg_only_violated_deadline": 0.007015784168950959,
    "weighted_avg_deadline_violation": 0.0015272750900239486,
    "weighted_avg_only_violated_deadline": 0.008672684632112793,
    "deadline_satisfaction": 0.6721311475409836,
    "weighted_deadline_satisfaction": 0.8238982328068489,
    "overall_cost": 451.21606225749235,
    "max_cost": 140.65679054184915,
    "avg_cost": 19.61808966336923,
    "overall_migration_cost": 1.2009999999999998,
    "max_migration_cost": 1.2009999999999998,
    "avg_migration_cost": 1.2009999999999998,
    "migration_rate": 0.043478260869565216,
    "weighted_migration_rate": 0.0010415965503355591,
    "overall_response_time": 6.275495139645824,
    "weighted_overall_response_time": 3077.3596950475708,
    "max_response_time": 0.2509820813763052,
    "avg_response_time": 0.05143848475119529,
    "weighted_avg_response_time": 0.026337230786491406,
    "avg_unavailability": 0.017597102695837558,
    "overall_power_consumption": 1182.0589499282378
  },
  {
    "time": 7200.0,
    "opt": "ClusterLLGAOptimizer",
    "elapsed_time": 98.68028789106756,
    "valid": true,
    "overall_deadline_violation": 0.2656201416750506,
    "weighted_overall_deadline_violation": 219.74889584388347,
    "max_deadline_violation": 0.010200879969470878,
    "avg_deadline_violation": 0.0022510181497885644,
    "avg_only_violated_deadline": 0.009486433631251805,
    "weighted_avg_deadline_violation": 0.0018443644447458975,
    "weighted_avg_only_violated_deadline": 0.009681352749340517,
    "deadline_satisfaction": 0.7627118644067796,
    "weighted_deadline_satisfaction": 0.8094931057158787,
    "overall_cost": 398.83812503716945,
    "max_cost": 159.64821630702764,
    "avg_cost": 22.157673613176083,
    "overall_migration_cost": 1852.4691319845674,
    "max_migration_cost": 1840.5243719236096,
    "avg_migration_cost": 463.11728299614185,
    "migration_rate": 0.2222222222222222,
    "weighted_migration_rate": 0.00265842671182404,
    "overall_response_time": 7.63824653796587,
    "weighted_overall_response_time": 3180.907755229229,
    "max_response_time": 0.2510006459973297,
    "avg_response_time": 0.06473090286411752,
    "weighted_avg_response_time": 0.026697531940862208,
    "avg_unavailability": 0.010732847382009992,
    "overall_power_consumption": 989.2819185704182
  },
  {
    "time": 9000.0,
    "opt": "ClusterLLGAOptimizer",
    "elapsed_time": 91.56155075505376,
    "valid": true,
    "overall_deadline_violation": 0.2742222037214711,
    "weighted_overall_deadline_violation": 208.0108293084719,
    "max_deadline_violation": 0.010200879969125453,
    "avg_deadline_violation": 0.0023639845148402676,
    "avg_only_violated_deadline": 0.009140740124049035,
    "weighted_avg_deadline_violation": 0.0016711642888343895,
    "weighted_avg_only_violated_deadline": 0.009686925219602063,
    "deadline_satisfaction": 0.7413793103448276,
    "weighted_deadline_satisfaction": 0.8274824827332526,
    "overall_cost": 426.55837252009053,
    "max_cost": 180.68065301333965,
    "avg_cost": 23.697687362227253,
    "overall_migration_cost": 0.715,
    "max_migration_cost": 0.715,
    "avg_migration_cost": 0.715,
    "migration_rate": 0.05555555555555555,
    "weighted_migration_rate": 0.0001489438004909531,
    "overall_response_time": 6.2066764892506345,
    "weighted_overall_response_time": 3423.785193426735,
    "max_response_time": 0.25100064847998427,
    "avg_response_time": 0.05350583180388479,
    "weighted_avg_response_time": 0.02750677725249406,
    "avg_unavailability": 0.010732847382009992,
    "overall_power_consumption": 1051.380510501755
  },
  {
    "time": 10800.0,
    "opt": "ClusterLLGAOptimizer",
    "elapsed_time": 108.62447779159993,
    "valid": true,
    "overall_deadline_violation": 0.3680321026185773,
    "weighted_overall_deadline_violation": 264.38090762060165,
    "max_deadline_violation": 0.010200879970856197,
    "avg_deadline_violation": 0.0032569212621113034,
    "avg_only_violated_deadline": 0.008178491169301718,
    "weighted_avg_deadline_violation": 0.0020429043096158194,
    "weighted_avg_only_violated_deadline": 0.009496951141855111,
    "deadline_satisfaction": 0.6017699115044248,
    "weighted_deadline_satisfaction": 0.7848884048047481,
    "overall_cost": 426.58374447609043,
    "max_cost": 170.3692830242753,
    "avg_cost": 22.45177602505739,
    "overall_migration_cost": 131.19506589414567,
    "max_migration_cost": 112.93438264782698,
    "avg_migration_cost": 21.865844315690943,
    "migration_rate": 0.3157894736842105,
    "weighted_migration_rate": 0.001325828233030892,
    "overall_response_time": 6.521127399701631,
    "weighted_overall_response_time": 3451.423169896679,
    "max_response_time": 0.2510006484800006,
    "avg_response_time": 0.05770909203275782,
    "weighted_avg_response_time": 0.026669578115709528,
    "avg_unavailability": 0.010602662386608992,
    "overall_power_consumption": 995.7070240054367
  },
  {
    "time": 12600.0,
    "opt": "ClusterLLGAOptimizer",
    "elapsed_time": 87.59267025720328,
    "valid": true,
    "overall_deadline_violation": 0.34823461117411586,
    "weighted_overall_deadline_violation": 221.37918027169667,
    "max_deadline_violation": 0.010200879969849294,
    "avg_deadline_violation": 0.0028779719931745123,
    "avg_only_violated_deadline": 0.007738546914980353,
    "weighted_avg_deadline_violation": 0.0019322661269193817,
    "weighted_avg_only_violated_deadline": 0.009302228628666321,
    "deadline_satisfaction": 0.628099173553719,
    "weighted_deadline_satisfaction": 0.7922792264033598,
    "overall_cost": 395.9589517561649,
    "max_cost": 143.01885168765156,
    "avg_cost": 20.839944829271836,
    "overall_migration_cost": 0.0,
    "max_migration_cost": 0.0,
    "avg_migration_cost": 0.0,
    "migration_rate": 0.0,
    "weighted_migration_rate": 0.0,
    "overall_response_time": 6.808728614226946,
    "weighted_overall_response_time": 2941.851711726344,
    "max_response_time": 0.25100064848000053,
    "avg_response_time": 0.0562704844150987,
    "weighted_avg_response_time": 0.025677393899517356,
    "avg_unavailability": 0.010602662386608992,
    "overall_power_consumption": 1025.456548468956
  },
  {
    "time": 14400.0,
    "opt": "ClusterLLGAOptimizer",
    "elapsed_time": 127.293721283786,
    "valid": true,
    "overall_deadline_violation": 0.32682954063676084,
    "weighted_overall_deadline_violation": 215.97353466655983,
    "max_deadline_violation": 0.010200879975026084,
    "avg_deadline_violation": 0.0028174960399720782,
    "avg_only_violated_deadline": 0.007971452210652707,
    "weighted_avg_deadline_violation": 0.0018402523810648853,
    "weighted_avg_only_violated_deadline": 0.009459918725189576,
    "deadline_satisfaction": 0.646551724137931,
    "weighted_deadline_satisfaction": 0.8054684786916069,
    "overall_cost": 394.5901528365837,
    "max_cost": 150.19905074833753,
    "avg_cost": 18.790007277932553,
    "overall_migration_cost": 69.85442582771226,
    "max_migration_cost": 65.73179562632187,
    "avg_migration_cost": 23.28480860923742,
    "migration_rate": 0.14285714285714285,
    "weighted_migration_rate": 0.0023431291538286952,
    "overall_response_time": 6.842438193417809,
    "weighted_overall_response_time": 3133.401591944082,
    "max_response_time": 0.25100064848000053,
    "avg_response_time": 0.058986536150153514,
    "weighted_avg_response_time": 0.02669887192109013,
    "avg_unavailability": 0.010365048681597665,
    "overall_power_consumption": 990.9217679866296
  },
  {
    "time": 16200.0,
    "opt": "ClusterLLGAOptimizer",
    "elapsed_time": 117.6124854972586,
    "valid": true,
    "overall_deadline_violation": 0.3526334994629213,
    "weighted_overall_deadline_violation": 187.95819525885258,
    "max_deadline_violation": 0.010200879972213181,
    "avg_deadline_violation": 0.0030399439608872537,
    "avg_only_violated_deadline": 0.00783629998806492,
    "weighted_avg_deadline_violation": 0.0017339628234343896,
    "weighted_avg_only_violated_deadline": 0.00913293177710679,
    "deadline_satisfaction": 0.6120689655172413,
    "weighted_deadline_satisfaction": 0.8101417085167707,
    "overall_cost": 366.64294808121673,
    "max_cost": 159.5039132643698,
    "avg_cost": 18.332147404060834,
    "overall_migration_cost": 0.0,
    "max_migration_cost": 0.0,
    "avg_migration_cost": 0.0,
    "migration_rate": 0.0,
    "weighted_migration_rate": 0.0,
    "overall_response_time": 6.810156432653839,
    "weighted_overall_response_time": 2970.822447456333,
    "max_response_time": 0.25100064848000053,
    "avg_response_time": 0.0587082451090848,
    "weighted_avg_response_time": 0.02740660321737703,
    "avg_unavailability": 0.01037279060912259,
    "overall_power_consumption": 986.332013797964
  },
  {
    "time": 18000.0,
    "opt": "ClusterLLGAOptimizer",
    "elapsed_time": 126.28052020911127,
    "valid": true,
    "overall_deadline_violation": 0.32708583128556684,
    "weighted_overall_deadline_violation": 172.3653207866205,
    "max_deadline_violation": 0.010200879975530198,
    "avg_deadline_violation": 0.002795605395603136,
    "avg_only_violated_deadline": 0.008386816186809407,
    "weighted_avg_deadline_violation": 0.0015823599861525327,
    "weighted_avg_only_violated_deadline": 0.009363547287843827,
    "deadline_satisfaction": 0.6666666666666666,
    "weighted_deadline_satisfaction": 0.8310084909586755,
    "overall_cost": 359.3814806410844,
    "max_cost": 139.05975227598708,
    "avg_cost": 17.96907403205422,
    "overall_migration_cost": 19.45075010539155,
    "max_migration_cost": 6.401000000000001,
    "avg_migration_cost": 3.241791684231925,
    "migration_rate": 0.3,
    "weighted_migration_rate": 0.003071239607346496,
    "overall_response_time": 6.623997773441242,
    "weighted_overall_response_time": 2891.863679888168,
    "max_response_time": 0.25100064848000053,
    "avg_response_time": 0.056615365584967894,
    "weighted_avg_response_time": 0.026548086074272857,
    "avg_unavailability": 0.017028678515924784,
    "overall_power_consumption": 930.8925221457386
  },
  {
    "time": 19800.0,
    "opt": "ClusterLLGAOptimizer",
    "elapsed_time": 117.6032227454707,
    "valid": true,
    "overall_deadline_violation": 0.2894213972074787,
    "weighted_overall_deadline_violation": 186.14672945585295,
    "max_deadline_violation": 0.010200879973124445,
    "avg_deadline_violation": 0.0024736871556194774,
    "avg_only_violated_deadline": 0.0087703453699236,
    "weighted_avg_deadline_violation": 0.0018703549495511763,
    "weighted_avg_only_violated_deadline": 0.00953889085602057,
    "deadline_satisfaction": 0.717948717948718,
    "weighted_deadline_satisfaction": 0.8039232256892129,
    "overall_cost": 348.86228987871493,
    "max_cost": 123.12885103178515,
    "avg_cost": 17.443114493935745,
    "overall_migration_cost": 3.7780000148034354,
    "max_migration_cost": 1.331,
    "avg_migration_cost": 0.9445000037008588,
    "migration_rate": 0.2,
    "weighted_migration_rate": 0.0029230849863709383,
    "overall_response_time": 6.593398868832818,
    "weighted_overall_response_time": 2551.1333248016076,
    "max_response_time": 0.24214338171125685,
    "avg_response_time": 0.0563538364857506,
    "weighted_avg_response_time": 0.025633138196710904,
    "avg_unavailability": 0.017028678515924784,
    "overall_power_consumption": 1000.0187716889524
  },
  {
    "time": 21600.0,
    "opt": "ClusterLLGAOptimizer",
    "elapsed_time": 132.5650603696704,
    "valid": true,
    "overall_deadline_violation": 0.3526261219432273,
    "weighted_overall_deadline_violation": 218.62216721824717,
    "max_deadline_violation": 0.010200879970485209,
    "avg_deadline_violation": 0.002754891577681465,
    "avg_only_violated_deadline": 0.008600637120566525,
    "weighted_avg_deadline_violation": 0.0021784067244335695,
    "weighted_avg_only_violated_deadline": 0.00954708906713449,
    "deadline_satisfaction": 0.6796875,
    "weighted_deadline_satisfaction": 0.7718250338804677,
    "overall_cost": 359.0190421576277,
    "max_cost": 115.00649069122917,
    "avg_cost": 16.31904737080126,
    "overall_migration_cost": 165.52628277724696,
    "max_migration_cost": 128.6625913243035,
    "avg_migration_cost": 27.587713796207833,
    "migration_rate": 0.2727272727272727,
    "weighted_migration_rate": 0.003528147691770484,
    "overall_response_time": 7.048200480354463,
    "weighted_overall_response_time": 2616.023320893404,
    "max_response_time": 0.25100064848000053,
    "avg_response_time": 0.055064066252769286,
    "weighted_avg_response_time": 0.026066719884906466,
    "avg_unavailability": 0.016925750832530884,
    "overall_power_consumption": 1010.4652739403026
  },
  {
    "time": 23400.0,
    "opt": "ClusterLLGAOptimizer",
    "elapsed_time": 120.54631420876831,
    "valid": true,
    "overall_deadline_violation": 0.2644215333066708,
    "weighted_overall_deadline_violation": 138.89292823166804,
    "max_deadline_violation": 0.010200879971469425,
    "avg_deadline_violation": 0.0022408604517514478,
    "avg_only_violated_deadline": 0.00852972688086035,
    "weighted_avg_deadline_violation": 0.0013761682855499575,
    "weighted_avg_only_violated_deadline": 0.009023476220520067,
    "deadline_satisfaction": 0.7372881355932204,
    "weighted_deadline_satisfaction": 0.8474902297165201,
    "overall_cost": 382.61609504618445,
    "max_cost": 121.77447907136491,
    "avg_cost": 18.219814049818307,
    "overall_migration_cost": 0.0,
    "max_migration_cost": 0.0,
    "avg_migration_cost": 0.0,
    "migration_rate": 0.0,
    "weighted_migration_rate": 0.0,
    "overall_response_time": 6.874925179234914,
    "weighted_overall_response_time": 2652.8681339501204,
    "max_response_time": 0.25100064848000053,
    "avg_response_time": 0.05826207779012639,
    "weighted_avg_response_time": 0.026284945088052784,
    "avg_unavailability": 0.017576445151442882,
    "overall_power_consumption": 1091.541503417729
  },
  {
    "time": 25200.0,
    "opt": "ClusterLLGAOptimizer",
    "elapsed_time": 152.97163257561624,
    "valid": true,
    "overall_deadline_violation": 0.2760227498535227,
    "weighted_overall_deadline_violation": 141.4905552451995,
    "max_deadline_violation": 0.01020087997403591,
    "avg_deadline_violation": 0.0023001895821126894,
    "avg_only_violated_deadline": 0.00811831617216243,
    "weighted_avg_deadline_violation": 0.001221719111959268,
    "weighted_avg_only_violated_deadline": 0.009154413764611636,
    "deadline_satisfaction": 0.7166666666666667,
    "weighted_deadline_satisfaction": 0.8665431623068988,
    "overall_cost": 430.8482047076809,
    "max_cost": 145.93059770156205,
    "avg_cost": 18.732530639464386,
    "overall_migration_cost": 1724.220271459241,
    "max_migration_cost": 1723.019271459241,
    "avg_migration_cost": 862.1101357296205,
    "migration_rate": 0.08695652173913043,
    "weighted_migration_rate": 0.0014296113772391456,
    "overall_response_time": 6.8052471696005865,
    "weighted_overall_response_time": 2921.1881868036708,
    "max_response_time": 0.25100064848000053,
    "avg_response_time": 0.056710393080004896,
    "weighted_avg_response_time": 0.025223389866997986,
    "avg_unavailability": 0.009452405033917964,
    "overall_power_consumption": 1093.0803569145155
  },
  {
    "time": 27000.0,
    "opt": "ClusterLLGAOptimizer",
    "elapsed_time": 139.62641586735845,
    "valid": true,
    "overall_deadline_violation": 0.31802769330663666,
    "weighted_overall_deadline_violation": 165.14784533418862,
    "max_deadline_violation": 0.010200879974006684,
    "avg_deadline_violation": 0.002524029311957433,
    "avg_only_violated_deadline": 0.007950692332665914,
    "weighted_avg_deadline_violation": 0.0015703535038350076,
    "weighted_avg_only_violated_deadline": 0.009191159673183888,
    "deadline_satisfaction": 0.6825396825396826,
    "weighted_deadline_satisfaction": 0.8291452265358126,
    "overall_cost": 391.510735321514,
    "max_cost": 131.7539211236401,
    "avg_cost": 17.795942514614275,
    "overall_migration_cost": 1.2009999999999998,
    "max_migration_cost": 1.2009999999999998,
    "avg_migration_cost": 1.2009999999999998,
    "migration_rate": 0.045454545454545456,
    "weighted_migration_rate": 0.001340432707008076,
    "overall_response_time": 7.068941548011809,
    "weighted_overall_response_time": 2749.7939545639397,
    "max_response_time": 0.25100064848000053,
    "avg_response_time": 0.05610271069850642,
    "weighted_avg_response_time": 0.026147168693819278,
    "avg_unavailability": 0.00946014696144289,
    "overall_power_consumption": 1099.075465236991
  },
  {
    "time": 28800.0,
    "opt": "ClusterLLGAOptimizer",
    "elapsed_time": 141.41699596587569,
    "valid": true,
    "overall_deadline_violation": 0.25602579828702693,
    "weighted_overall_deadline_violation": 171.5939906102779,
    "max_deadline_violation": 0.010200879971467233,
    "avg_deadline_violation": 0.002115915688322536,
    "avg_only_violated_deadline": 0.00800080619646959,
    "weighted_avg_deadline_violation": 0.0013865954171904838,
    "weighted_avg_only_violated_deadline": 0.009294743464949469,
    "deadline_satisfaction": 0.7355371900826446,
    "weighted_deadline_satisfaction": 0.8508193988979532,
    "overall_cost": 447.61981636432506,
    "max_cost": 154.05576436948712,
    "avg_cost": 21.315229350682145,
    "overall_migration_cost": 0.7917134716578897,
    "max_migration_cost": 0.7417134716578897,
    "avg_migration_cost": 0.3958567358289449,
    "migration_rate": 0.09523809523809523,
    "weighted_migration_rate": 0.00032281101832331427,
    "overall_response_time": 6.67907726755617,
    "weighted_overall_response_time": 3128.6213269933983,
    "max_response_time": 0.25100064848000053,
    "avg_response_time": 0.05519898568228244,
    "weighted_avg_response_time": 0.025281374823819838,
    "avg_unavailability": 0.009804227982305591,
    "overall_power_consumption": 1095.2582498274126
  },
  {
    "time": 30600.0,
    "opt": "ClusterLLGAOptimizer",
    "elapsed_time": 131.74641077965498,
    "valid": true,
    "overall_deadline_violation": 0.21721848973701874,
    "weighted_overall_deadline_violation": 155.9572480440872,
    "max_deadline_violation": 0.010200879973333483,
    "avg_deadline_violation": 0.0018725731873880929,
    "avg_only_violated_deadline": 0.009050770405709117,
    "weighted_avg_deadline_violation": 0.0012078172173749097,
    "weighted_avg_only_violated_deadline": 0.009611779982911225,
    "deadline_satisfaction": 0.7931034482758621,
    "weighted_deadline_satisfaction": 0.8743399017120363,
    "overall_cost": 466.33748803274517,
    "max_cost": 168.55145814243886,
    "avg_cost": 22.20654704917834,
    "overall_migration_cost": 0.401,
    "max_migration_cost": 0.401,
    "avg_migration_cost": 0.401,
    "migration_rate": 0.047619047619047616,
    "weighted_migration_rate": 0.0007456200822926896,
    "overall_response_time": 6.857347562714336,
    "weighted_overall_response_time": 3287.1197165063577,
    "max_response_time": 0.25100064848000053,
    "avg_response_time": 0.05911506519581324,
    "weighted_avg_response_time": 0.025457231638548624,
    "avg_unavailability": 0.009804227982305591,
    "overall_power_consumption": 1095.0468078406682
  },
  {
    "time": 32400.0,
    "opt": "ClusterLLGAOptimizer",
    "elapsed_time": 150.11254309955984,
    "valid": true,
    "overall_deadline_violation": 0.2636223139176683,
    "weighted_overall_deadline_violation": 205.39799265764296,
    "max_deadline_violation": 0.010200879970824844,
    "avg_deadline_violation": 0.0023124764378742836,
    "avg_only_violated_deadline": 0.009090424617850631,
    "weighted_avg_deadline_violation": 0.001661907233087533,
    "weighted_avg_only_violated_deadline": 0.009683165640663476,
    "deadline_satisfaction": 0.7456140350877193,
    "weighted_deadline_satisfaction": 0.8283714959797316,
    "overall_cost": 412.01888504350643,
    "max_cost": 180.15239164725207,
    "avg_cost": 20.600944252175324,
    "overall_migration_cost": 9.838310168198875,
    "max_migration_cost": 9.211310168198874,
    "avg_migration_cost": 4.919155084099438,
    "migration_rate": 0.1,
    "weighted_migration_rate": 0.0004321612876238541,
    "overall_response_time": 6.890320489521011,
    "weighted_overall_response_time": 3314.3873013948605,
    "max_response_time": 0.25100064848000053,
    "avg_response_time": 0.06044140780281591,
    "weighted_avg_response_time": 0.02681722522294876,
    "avg_unavailability": 0.009804434567712392,
    "overall_power_consumption": 981.4808388290501
  },
  {
    "time": 34200.0,
    "opt": "ClusterLLGAOptimizer",
    "elapsed_time": 127.52731648646295,
    "valid": true,
    "overall_deadline_violation": 0.2782218748810242,
    "weighted_overall_deadline_violation": 178.14696221781816,
    "max_deadline_violation": 0.010200879973814126,
    "avg_deadline_violation": 0.002377964742572857,
    "avg_only_violated_deadline": 0.009274062496034142,
    "weighted_avg_deadline_violation": 0.0014525759174804638,
    "weighted_avg_only_violated_deadline": 0.009686060980570637,
    "deadline_satisfaction": 0.7435897435897436,
    "weighted_deadline_satisfaction": 0.8500344030050815,
    "overall_cost": 420.6118853396383,
    "max_cost": 158.51516769538122,
    "avg_cost": 21.030594266981918,
    "overall_migration_cost": 0.627,
    "max_migration_cost": 0.627,
    "avg_migration_cost": 0.627,
    "migration_rate": 0.05,
    "weighted_migration_rate": 0.0003226118203713618,
    "overall_response_time": 6.5997615847269495,
    "weighted_overall_response_time": 3080.823694605375,
    "max_response_time": 0.2510006484800006,
    "avg_response_time": 0.056408218672879915,
    "weighted_avg_response_time": 0.02512044128664549,
    "avg_unavailability": 0.009804434567712392,
    "overall_power_consumption": 997.21391564305
  },
  {
    "time": 36000.0,
    "opt": "ClusterLLGAOptimizer",
    "elapsed_time": 161.18420052714646,
    "valid": true,
    "overall_deadline_violation": 0.32422379354289604,
    "weighted_overall_deadline_violation": 199.32984141190363,
    "max_deadline_violation": 0.010200879975586375,
    "avg_deadline_violation": 0.0027711435345546655,
    "avg_only_violated_deadline": 0.008762805230889079,
    "weighted_avg_deadline_violation": 0.0015407980356856206,
    "weighted_avg_only_violated_deadline": 0.009490203997163865,
    "deadline_satisfaction": 0.6837606837606838,
    "weighted_deadline_satisfaction": 0.8376433176624989,
    "overall_cost": 417.6931601270458,
    "max_cost": 168.56048186305773,
    "avg_cost": 24.570185889826224,
    "overall_migration_cost": 6.868000000000127,
    "max_migration_cost": 6.401000000000128,
    "avg_migration_cost": 2.289333333333376,
    "migration_rate": 0.17647058823529413,
    "weighted_migration_rate": 0.001619876957180301,
    "overall_response_time": 6.848650442704671,
    "weighted_overall_response_time": 3257.319189611767,
    "max_response_time": 0.25100064848000053,
    "avg_response_time": 0.05853547386927069,
    "weighted_avg_response_time": 0.025178723734514404,
    "avg_unavailability": 0.018846364211199985,
    "overall_power_consumption": 924.1558557157001
  },
  {
    "time": 37800.0,
    "opt": "ClusterLLGAOptimizer",
    "elapsed_time": 139.6156720314175,
    "valid": true,
    "overall_deadline_violation": 0.30762221888249985,
    "weighted_overall_deadline_violation": 208.39758517117653,
    "max_deadline_violation": 0.010200879970884182,
    "avg_deadline_violation": 0.0027466269543080335,
    "avg_only_violated_deadline": 0.008789206253785707,
    "weighted_avg_deadline_violation": 0.001615641796112525,
    "weighted_avg_only_violated_deadline": 0.009501245958778047,
    "deadline_satisfaction": 0.6875,
    "weighted_deadline_satisfaction": 0.8299547445543332,
    "overall_cost": 412.0976723654237,
    "max_cost": 159.17637338475174,
    "avg_cost": 24.241039550907274,
    "overall_migration_cost": 14.133000000000001,
    "max_migration_cost": 12.802000000000001,
    "avg_migration_cost": 7.0665000000000004,
    "migration_rate": 0.11764705882352941,
    "weighted_migration_rate": 0.001617626601446999,
    "overall_response_time": 6.399756904025314,
    "weighted_overall_response_time": 3269.5891840333093,
    "max_response_time": 0.2510006484800006,
    "avg_response_time": 0.0571406866430832,
    "weighted_avg_response_time": 0.025348110140060675,
    "avg_unavailability": 0.018846364211199985,
    "overall_power_consumption": 921.9702491504311
  },
  {
    "time": 39600.0,
    "opt": "ClusterLLGAOptimizer",
    "elapsed_time": 156.0001529948786,
    "valid": true,
    "overall_deadline_violation": 0.35622858718166595,
    "weighted_overall_deadline_violation": 209.32285767496995,
    "max_deadline_violation": 0.010200879971149386,
    "avg_deadline_violation": 0.0031524653732890808,
    "avg_only_violated_deadline": 0.00828438574841084,
    "weighted_avg_deadline_violation": 0.0018212594315077566,
    "weighted_avg_only_violated_deadline": 0.00947152649871791,
    "deadline_satisfaction": 0.6194690265486725,
    "weighted_deadline_satisfaction": 0.8077121537109898,
    "overall_cost": 377.2185248746057,
    "max_cost": 151.63613789860997,
    "avg_cost": 11.788078902331428,
    "overall_migration_cost": 2523.0470820707023,
    "max_migration_cost": 2397.1198630191284,
    "avg_migration_cost": 140.16928233726125,
    "migration_rate": 0.5625,
    "weighted_migration_rate": 0.006045123250409387,
    "overall_response_time": 6.432410727570624,
    "weighted_overall_response_time": 3089.3459502018513,
    "max_response_time": 0.24118542445502605,
    "avg_response_time": 0.05692398873956302,
    "weighted_avg_response_time": 0.026879531989440313,
    "avg_unavailability": 0.008843513304725034,
    "overall_power_consumption": 942.5456760099125
  },
  {
    "time": 41400.0,
    "opt": "ClusterLLGAOptimizer",
    "elapsed_time": 147.53849084116518,
    "valid": true,
    "overall_deadline_violation": 0.33523062617082094,
    "weighted_overall_deadline_violation": 186.15817330665607,
    "max_deadline_violation": 0.010200879975174649,
    "avg_deadline_violation": 0.002817064085469085,
    "avg_only_violated_deadline": 0.00798168157549574,
    "weighted_avg_deadline_violation": 0.0016661432632552227,
    "weighted_avg_only_violated_deadline": 0.009414884852657544,
    "deadline_satisfaction": 0.6470588235294118,
    "weighted_deadline_satisfaction": 0.8230309462802491,
    "overall_cost": 398.5043686103861,
    "max_cost": 141.71544499338572,
    "avg_cost": 18.97639850525648,
    "overall_migration_cost": 0.0,
    "max_migration_cost": 0.0,
    "avg_migration_cost": 0.0,
    "migration_rate": 0.0,
    "weighted_migration_rate": 0.0,
    "overall_response_time": 6.776244364179455,
    "weighted_overall_response_time": 2893.354318992691,
    "max_response_time": 0.25100064848000053,
    "avg_response_time": 0.056943229951087845,
    "weighted_avg_response_time": 0.025895950315643287,
    "avg_unavailability": 0.009881530601405591,
    "overall_power_consumption": 1061.8043341934326
  },
  {
    "time": 43200.0,
    "opt": "ClusterLLGAOptimizer",
    "elapsed_time": 155.06957876868546,
    "valid": true,
    "overall_deadline_violation": 0.27222112276219346,
    "weighted_overall_deadline_violation": 217.6811296428431,
    "max_deadline_violation": 0.010200879971626532,
    "avg_deadline_violation": 0.0023879045856332755,
    "avg_only_violated_deadline": 0.009074037425406448,
    "weighted_avg_deadline_violation": 0.0018438879672966412,
    "weighted_avg_only_violated_deadline": 0.009676316673025957,
    "deadline_satisfaction": 0.7368421052631579,
    "weighted_deadline_satisfaction": 0.8094431972822127,
    "overall_cost": 392.2452361226294,
    "max_cost": 144.4618098573035,
    "avg_cost": 23.073249183684084,
    "overall_migration_cost": 14.390969612270379,
    "max_migration_cost": 12.48212877024643,
    "avg_migration_cost": 3.5977424030675946,
    "migration_rate": 0.23529411764705882,
    "weighted_migration_rate": 0.001392013405128882,
    "overall_response_time": 6.429086213483518,
    "weighted_overall_response_time": 3006.4992824920423,
    "max_response_time": 0.2510006484800006,
    "avg_response_time": 0.056395493100732594,
    "weighted_avg_response_time": 0.025466827831005446,
    "avg_unavailability": 0.018849145572009986,
    "overall_power_consumption": 963.8710233263519
  },
  {
    "time": 45000.0,
    "opt": "ClusterLLGAOptimizer",
    "elapsed_time": 131.88838844373822,
    "valid": true,
    "overall_deadline_violation": 0.2778226416459613,
    "weighted_overall_deadline_violation": 220.03469968420723,
    "max_deadline_violation": 0.01020087997238667,
    "avg_deadline_violation": 0.002596473286410853,
    "avg_only_violated_deadline": 0.009260754721532044,
    "weighted_avg_deadline_violation": 0.0018433631397181498,
    "weighted_avg_only_violated_deadline": 0.00967349514492848,
    "deadline_satisfaction": 0.719626168224299,
    "weighted_deadline_satisfaction": 0.8094418705854656,
    "overall_cost": 394.3734480412096,
    "max_cost": 154.69498452861677,
    "avg_cost": 23.19843812007116,
    "overall_migration_cost": 0.0,
    "max_migration_cost": 0.0,
    "avg_migration_cost": 0.0,
    "migration_rate": 0.0,
    "weighted_migration_rate": 0.0,
    "overall_response_time": 5.684851274793561,
    "weighted_overall_response_time": 3114.996606510447,
    "max_response_time": 0.2419884152936085,
    "avg_response_time": 0.05312945116629495,
    "weighted_avg_response_time": 0.02609620179466906,
    "avg_unavailability": 0.018849145572009986,
    "overall_power_consumption": 985.3261794973379
  },
  {
    "time": 46800.0,
    "opt": "ClusterLLGAOptimizer",
    "elapsed_time": 157.43586387950927,
    "valid": true,
    "overall_deadline_violation": 0.3054244028456507,
    "weighted_overall_deadline_violation": 200.18386003327814,
    "max_deadline_violation": 0.010200879969573154,
    "avg_deadline_violation": 0.002566591620551687,
    "avg_only_violated_deadline": 0.008983070671930904,
    "weighted_avg_deadline_violation": 0.0016195503241672638,
    "weighted_avg_only_violated_deadline": 0.009689015140329035,
    "deadline_satisfaction": 0.7142857142857143,
    "weighted_deadline_satisfaction": 0.8328467547309184,
    "overall_cost": 414.0572320295911,
    "max_cost": 161.23131767274913,
    "avg_cost": 23.003179557199505,
    "overall_migration_cost": 1792.7236583593458,
    "max_migration_cost": 1791.3816583593457,
    "avg_migration_cost": 597.5745527864485,
    "migration_rate": 0.16666666666666666,
    "weighted_migration_rate": 0.0014805003065787008,
    "overall_response_time": 6.290045406104226,
    "weighted_overall_response_time": 3260.4408620957443,
    "max_response_time": 0.2510006484800006,
    "avg_response_time": 0.05285752442104389,
    "weighted_avg_response_time": 0.02637799098417597,
    "avg_unavailability": 0.010732847382009992,
    "overall_power_consumption": 997.3603928441545
  },
  {
    "time": 48600.0,
    "opt": "ClusterLLGAOptimizer",
    "elapsed_time": 152.33578961342573,
    "valid": true,
    "overall_deadline_violation": 0.27182231134403145,
    "weighted_overall_deadline_violation": 224.30090914822136,
    "max_deadline_violation": 0.010200879970101034,
    "avg_deadline_violation": 0.0023432957874485465,
    "avg_only_violated_deadline": 0.009373183149794186,
    "weighted_avg_deadline_violation": 0.0016528008296048257,
    "weighted_avg_only_violated_deadline": 0.00967806007615018,
    "deadline_satisfaction": 0.75,
    "weighted_deadline_satisfaction": 0.8292218877956901,
    "overall_cost": 460.80675411117875,
    "max_cost": 168.8818459901187,
    "avg_cost": 20.945761550508124,
    "overall_migration_cost": 1574.5357559799993,
    "max_migration_cost": 1308.756629983333,
    "avg_migration_cost": 196.81696949749994,
    "migration_rate": 0.36363636363636365,
    "weighted_migration_rate": 0.0038993270478340936,
    "overall_response_time": 6.826282336591709,
    "weighted_overall_response_time": 3538.16047306666,
    "max_response_time": 0.2510006484800006,
    "avg_response_time": 0.05884726152234232,
    "weighted_avg_response_time": 0.02607155979602033,
    "avg_unavailability": 0.008946092075112043,
    "overall_power_consumption": 1041.1914074015094
  },
  {
    "time": 50400.0,
    "opt": "ClusterLLGAOptimizer",
    "elapsed_time": 179.1482235537842,
    "valid": true,
    "overall_deadline_violation": 0.24802143510474692,
    "weighted_overall_deadline_violation": 212.2969620116979,
    "max_deadline_violation": 0.010200879967570783,
    "avg_deadline_violation": 0.0021381158198685085,
    "avg_only_violated_deadline": 0.009185979077953592,
    "weighted_avg_deadline_violation": 0.00175461541368912,
    "weighted_avg_only_violated_deadline": 0.009689464505224716,
    "deadline_satisfaction": 0.7672413793103449,
    "weighted_deadline_satisfaction": 0.8189151306820929,
    "overall_cost": 428.3551039909129,
    "max_cost": 162.1794328678591,
    "avg_cost": 21.417755199545642,
    "overall_migration_cost": 0.677,
    "max_migration_cost": 0.627,
    "avg_migration_cost": 0.3385,
    "migration_rate": 0.1,
    "weighted_migration_rate": 0.00043834066070643635,
    "overall_response_time": 6.885656724243298,
    "weighted_overall_response_time": 2938.89441869123,
    "max_response_time": 0.2510006484800006,
    "avg_response_time": 0.059359109691752586,
    "weighted_avg_response_time": 0.024289699661158695,
    "avg_unavailability": 0.017114516795459785,
    "overall_power_consumption": 1061.3895884879635
  },
  {
    "time": 52200.0,
    "opt": "ClusterLLGAOptimizer",
    "elapsed_time": 153.37113803904504,
    "valid": true,
    "overall_deadline_violation": 0.3050251724717417,
    "weighted_overall_deadline_violation": 206.47858358518613,
    "max_deadline_violation": 0.010200879966826004,
    "avg_deadline_violation": 0.0026523928041021004,
    "avg_only_violated_deadline": 0.008971328602110048,
    "weighted_avg_deadline_violation": 0.0017777184437384002,
    "weighted_avg_only_violated_deadline": 0.009694107597338294,
    "deadline_satisfaction": 0.7043478260869566,
    "weighted_deadline_satisfaction": 0.8166186597488861,
    "overall_cost": 396.79640932633606,
    "max_cost": 137.56176709939055,
    "avg_cost": 20.884021543491368,
    "overall_migration_cost": 0.627,
    "max_migration_cost": 0.627,
    "avg_migration_cost": 0.627,
    "migration_rate": 0.05263157894736842,
    "weighted_migration_rate": 0.00034227823321858556,
    "overall_response_time": 6.0364124116473885,
    "weighted_overall_response_time": 2918.0077434532795,
    "max_response_time": 0.2510006484800006,
    "avg_response_time": 0.0524905427099773,
    "weighted_avg_response_time": 0.025123168197094006,
    "avg_unavailability": 0.017220471779198786,
    "overall_power_consumption": 1006.54530837925
  },
  {
    "time": 54000.0,
    "opt": "ClusterLLGAOptimizer",
    "elapsed_time": 169.70232772640884,
    "valid": true,
    "overall_deadline_violation": 0.29022253274297655,
    "weighted_overall_deadline_violation": 199.45606244418576,
    "max_deadline_violation": 0.010200879972326878,
    "avg_deadline_violation": 0.0025236741977650128,
    "avg_only_violated_deadline": 0.009069454148218015,
    "weighted_avg_deadline_violation": 0.001506544120585245,
    "weighted_avg_only_violated_deadline": 0.009681224021487649,
    "deadline_satisfaction": 0.7217391304347827,
    "weighted_deadline_satisfaction": 0.8443849540883012,
    "overall_cost": 441.93630724819815,
    "max_cost": 168.00202848683566,
    "avg_cost": 18.41401280200826,
    "overall_migration_cost": 6517.044342449175,
    "max_migration_cost": 2152.792735700814,
    "avg_migration_cost": 814.6305428061468,
    "migration_rate": 0.3333333333333333,
    "weighted_migration_rate": 0.005530523939884171,
    "overall_response_time": 6.448374441140729,
    "weighted_overall_response_time": 3446.732729295527,
    "max_response_time": 0.25100064848000053,
    "avg_response_time": 0.056072821227310665,
    "weighted_avg_response_time": 0.026034079209810854,
    "avg_unavailability": 0.007928406815691359,
    "overall_power_consumption": 991.353666074447
  },
  {
    "time": 55800.0,
    "opt": "ClusterLLGAOptimizer",
    "elapsed_time": 152.55549145117402,
    "valid": true,
    "overall_deadline_violation": 0.2934237411274697,
    "weighted_overall_deadline_violation": 212.01496139855203,
    "max_deadline_violation": 0.010200879972083722,
    "avg_deadline_violation": 0.002486641873961607,
    "avg_only_violated_deadline": 0.009169491910233427,
    "weighted_avg_deadline_violation": 0.0017195706011834174,
    "weighted_avg_only_violated_deadline": 0.009677091278906542,
    "deadline_satisfaction": 0.7288135593220338,
    "weighted_deadline_satisfaction": 0.8223050138080631,
    "overall_cost": 428.4126905317785,
    "max_cost": 158.6417701586159,
    "avg_cost": 19.473304115080843,
    "overall_migration_cost": 8.194,
    "max_migration_cost": 6.401000000000001,
    "avg_migration_cost": 2.0485,
    "migration_rate": 0.18181818181818182,
    "weighted_migration_rate": 0.0019688486103783534,
    "overall_response_time": 6.235170894219916,
    "weighted_overall_response_time": 3101.9309310811955,
    "max_response_time": 0.25100064848000053,
    "avg_response_time": 0.052840431306948446,
    "weighted_avg_response_time": 0.025158551079618098,
    "avg_unavailability": 0.008658809757030693,
    "overall_power_consumption": 1054.5161928246414
  },
  {
    "time": 57600.0,
    "opt": "ClusterLLGAOptimizer",
    "elapsed_time": 187.74376252945513,
    "valid": true,
    "overall_deadline_violation": 0.3142237993260511,
    "weighted_overall_deadline_violation": 228.6202524899212,
    "max_deadline_violation": 0.010200879973147225,
    "avg_deadline_violation": 0.0026629135536106034,
    "avg_only_violated_deadline": 0.008728438870168088,
    "weighted_avg_deadline_violation": 0.0017915189537070493,
    "weighted_avg_only_violated_deadline": 0.009511295968512802,
    "deadline_satisfaction": 0.6949152542372882,
    "weighted_deadline_satisfaction": 0.8116430232391162,
    "overall_cost": 458.5664968777824,
    "max_cost": 154.00159816983432,
    "avg_cost": 16.983944328806757,
    "overall_migration_cost": 51.2412428613193,
    "max_migration_cost": 20.87712143065965,
    "avg_migration_cost": 4.6582948055744815,
    "migration_rate": 0.4074074074074074,
    "weighted_migration_rate": 0.0022472679498391664,
    "overall_response_time": 6.599090819558667,
    "weighted_overall_response_time": 3113.2419942312417,
    "max_response_time": 0.25100064848000053,
    "avg_response_time": 0.05592449847083616,
    "weighted_avg_response_time": 0.02439605406519217,
    "avg_unavailability": 0.008204397032017467,
    "overall_power_consumption": 1084.83661960712
  },
  {
    "time": 59400.0,
    "opt": "ClusterLLGAOptimizer",
    "elapsed_time": 168.93293739948422,
    "valid": true,
    "overall_deadline_violation": 0.33222907241060684,
    "weighted_overall_deadline_violation": 215.4482849195099,
    "max_deadline_violation": 0.010200879978011737,
    "avg_deadline_violation": 0.002636738669925452,
    "avg_only_violated_deadline": 0.007910216009776355,
    "weighted_avg_deadline_violation": 0.001637243091427253,
    "weighted_avg_only_violated_deadline": 0.008920137090981212,
    "deadline_satisfaction": 0.6666666666666666,
    "weighted_deadline_satisfaction": 0.8164553891125056,
    "overall_cost": 493.89981906405933,
    "max_cost": 154.99514806387654,
    "avg_cost": 20.57915912766914,
    "overall_migration_cost": 0.401,
    "max_migration_cost": 0.401,
    "avg_migration_cost": 0.401,
    "migration_rate": 0.041666666666666664,
    "weighted_migration_rate": 0.000729255411629147,
    "overall_response_time": 6.266453988967885,
    "weighted_overall_response_time": 3189.1874323724987,
    "max_response_time": 0.2510006484800006,
    "avg_response_time": 0.04973376181720544,
    "weighted_avg_response_time": 0.024235398730926082,
    "avg_unavailability": 0.008209550106019356,
    "overall_power_consumption": 1184.4904601808819
  },
  {
    "time": 61200.0,
    "opt": "ClusterLLGAOptimizer",
    "elapsed_time": 184.24560166988522,
    "valid": true,
    "overall_deadline_violation": 0.3380257343877713,
    "weighted_overall_deadline_violation": 267.58775351154264,
    "max_deadline_violation": 0.010200879974522549,
    "avg_deadline_violation": 0.002939354212067575,
    "avg_only_violated_deadline": 0.008667326522763363,
    "weighted_avg_deadline_violation": 0.0020347329716072634,
    "weighted_avg_only_violated_deadline": 0.009523994473763831,
    "deadline_satisfaction": 0.6608695652173913,
    "weighted_deadline_satisfaction": 0.7863571868702329,
    "overall_cost": 444.06058509528555,
    "max_cost": 149.98260300854142,
    "avg_cost": 17.76242340381142,
    "overall_migration_cost": 1725.9489018921988,
    "max_migration_cost": 1309.607451067499,
    "avg_migration_cost": 246.56412884174267,
    "migration_rate": 0.28,
    "weighted_migration_rate": 0.0035256972848181863,
    "overall_response_time": 6.779913570429144,
    "weighted_overall_response_time": 3261.0939911428713,
    "max_response_time": 0.25100064848000053,
    "avg_response_time": 0.05895577017764475,
    "weighted_avg_response_time": 0.024797306230243826,
    "avg_unavailability": 0.016889745055646634,
    "overall_power_consumption": 994.0327144300932
  },
  {
    "time": 63000.0,
    "opt": "ClusterLLGAOptimizer",
    "elapsed_time": 174.3049492603168,
    "valid": true,
    "overall_deadline_violation": 0.30522464983642617,
    "weighted_overall_deadline_violation": 233.70089788095675,
    "max_deadline_violation": 0.010200879977629043,
    "avg_deadline_violation": 0.002501841392101852,
    "avg_only_violated_deadline": 0.00847846249545628,
    "weighted_avg_deadline_violation": 0.0019151325766158047,
    "weighted_avg_only_violated_deadline": 0.00936997806236845,
    "deadline_satisfaction": 0.7049180327868853,
    "weighted_deadline_satisfaction": 0.795609705394367,
    "overall_cost": 439.7449919856374,
    "max_cost": 148.54970630732873,
    "avg_cost": 19.98840872661988,
    "overall_migration_cost": 0.0,
    "max_migration_cost": 0.0,
    "avg_migration_cost": 0.0,
    "migration_rate": 0.0,
    "weighted_migration_rate": 0.0,
    "overall_response_time": 6.901727714972962,
    "weighted_overall_response_time": 2957.4735112160565,
    "max_response_time": 0.24198911755788516,
    "avg_response_time": 0.05657153864731938,
    "weighted_avg_response_time": 0.024235909734045255,
    "avg_unavailability": 0.016909343144537486,
    "overall_power_consumption": 1094.6658929412608
  },
  {
    "time": 64800.0,
    "opt": "ClusterLLGAOptimizer",
    "elapsed_time": 189.0997686367482,
    "valid": true,
    "overall_deadline_violation": 0.33583198864205205,
    "weighted_overall_deadline_violation": 205.51804969922176,
    "max_deadline_violation": 0.01020087997402113,
    "avg_deadline_violation": 0.0027083224890488053,
    "avg_only_violated_deadline": 0.0078100462474895785,
    "weighted_avg_deadline_violation": 0.0016585506077658686,
    "weighted_avg_only_violated_deadline": 0.009378881782227249,
    "deadline_satisfaction": 0.6532258064516129,
    "weighted_deadline_satisfaction": 0.8231611564921544,
    "overall_cost": 424.95059444641447,
    "max_cost": 154.48246721998194,
    "avg_cost": 20.235742592686407,
    "overall_migration_cost": 211.40830642111018,
    "max_migration_cost": 211.33430642111017,
    "avg_migration_cost": 105.70415321055509,
    "migration_rate": 0.09523809523809523,
    "weighted_migration_rate": 0.0011592366995895323,
    "overall_response_time": 7.45264582006301,
    "weighted_overall_response_time": 3031.2603241598986,
    "max_response_time": 0.25100064848000053,
    "avg_response_time": 0.06010198241986302,
    "weighted_avg_response_time": 0.02446256501698888,
    "avg_unavailability": 0.009481799438122591,
    "overall_power_consumption": 1008.4265852055712
  },
  {
    "time": 66600.0,
    "opt": "ClusterLLGAOptimizer",
    "elapsed_time": 160.50002293195575,
    "valid": true,
    "overall_deadline_violation": 0.33582975892642375,
    "weighted_overall_deadline_violation": 172.76328473608731,
    "max_deadline_violation": 0.010200879979214567,
    "avg_deadline_violation": 0.0028703398198839628,
    "avg_only_violated_deadline": 0.008395743973160591,
    "weighted_avg_deadline_violation": 0.0014491072728184773,
    "weighted_avg_only_violated_deadline": 0.009458849729776215,
    "deadline_satisfaction": 0.6581196581196581,
    "weighted_deadline_satisfaction": 0.8467987848187581,
    "overall_cost": 426.2954559638987,
    "max_cost": 160.95370643188008,
    "avg_cost": 20.299783617328508,
    "overall_migration_cost": 0.0,
    "max_migration_cost": 0.0,
    "avg_migration_cost": 0.0,
    "migration_rate": 0.0,
    "weighted_migration_rate": 0.0,
    "overall_response_time": 6.602987327542286,
    "weighted_overall_response_time": 2928.184156461776,
    "max_response_time": 0.24199117611265986,
    "avg_response_time": 0.05643578912429306,
    "weighted_avg_response_time": 0.02456108057775457,
    "avg_unavailability": 0.009481799438122591,
    "overall_power_consumption": 1039.7058545745072
  },
  {
    "time": 68400.0,
    "opt": "ClusterLLGAOptimizer",
    "elapsed_time": 195.3477891581133,
    "valid": true,
    "overall_deadline_violation": 0.325425938557768,
    "weighted_overall_deadline_violation": 239.13126671147057,
    "max_deadline_violation": 0.010200879972981438,
    "avg_deadline_violation": 0.0025827455441092702,
    "avg_only_violated_deadline": 0.008135648463944201,
    "weighted_avg_deadline_violation": 0.0018780955737478966,
    "weighted_avg_only_violated_deadline": 0.00925794682330929,
    "deadline_satisfaction": 0.6825396825396826,
    "weighted_deadline_satisfaction": 0.7971369235974326,
    "overall_cost": 449.2715318159719,
    "max_cost": 161.28997869188476,
    "avg_cost": 19.533544861563993,
    "overall_migration_cost": 113.30398889018159,
    "max_migration_cost": 111.64746740148392,
    "avg_migration_cost": 22.660797778036322,
    "migration_rate": 0.21739130434782608,
    "weighted_migration_rate": 0.0010769306400379788,
    "overall_response_time": 7.2628527460025785,
    "weighted_overall_response_time": 3063.083658507156,
    "max_response_time": 0.25100064848000053,
    "avg_response_time": 0.0576416884603379,
    "weighted_avg_response_time": 0.024056928816435084,
    "avg_unavailability": 0.017008079455499182,
    "overall_power_consumption": 1039.771782470707
  },
  {
    "time": 70200.0,
    "opt": "ClusterLLGAOptimizer",
    "elapsed_time": 180.1064488645643,
    "valid": true,
    "overall_deadline_violation": 0.3158251437406959,
    "weighted_overall_deadline_violation": 192.53896668651723,
    "max_deadline_violation": 0.010200879974913677,
    "avg_deadline_violation": 0.002653992804543665,
    "avg_only_violated_deadline": 0.00831118799317621,
    "weighted_avg_deadline_violation": 0.0014540422611432216,
    "weighted_avg_only_violated_deadline": 0.009395201025487208,
    "deadline_satisfaction": 0.680672268907563,
    "weighted_deadline_satisfaction": 0.845235641345118,
    "overall_cost": 473.1734190102663,
    "max_cost": 169.97111264335075,
    "avg_cost": 21.50788268228483,
    "overall_migration_cost": 0.7150000071291177,
    "max_migration_cost": 0.7150000071291177,
    "avg_migration_cost": 0.7150000071291177,
    "migration_rate": 0.045454545454545456,
    "weighted_migration_rate": 0.00011167718854363751,
    "overall_response_time": 6.391952890281994,
    "weighted_overall_response_time": 3291.896254904838,
    "max_response_time": 0.24199003557846216,
    "avg_response_time": 0.05371388983430249,
    "weighted_avg_response_time": 0.024860195088321914,
    "avg_unavailability": 0.017012776208737528,
    "overall_power_consumption": 1077.853116475943
  },
  {
    "time": 72000.0,
    "opt": "ClusterLLGAOptimizer",
    "elapsed_time": 189.56180323753506,
    "valid": true,
    "overall_deadline_violation": 0.32522967112277906,
    "weighted_overall_deadline_violation": 205.957864246626,
    "max_deadline_violation": 0.010200879975969801,
    "avg_deadline_violation": 0.0025608635521478674,
    "avg_only_violated_deadline": 0.007932431002994613,
    "weighted_avg_deadline_violation": 0.0016422150602635743,
    "weighted_avg_only_violated_deadline": 0.009194234918359535,
    "deadline_satisfaction": 0.6771653543307087,
    "weighted_deadline_satisfaction": 0.8213864367350119,
    "overall_cost": 438.40435929063324,
    "max_cost": 182.68333734526627,
    "avg_cost": 21.920217964531663,
    "overall_migration_cost": 244.05886666861014,
    "max_migration_cost": 241.7800012946849,
    "avg_migration_cost": 81.35295555620338,
    "migration_rate": 0.15,
    "weighted_migration_rate": 0.002909659799716864,
    "overall_response_time": 7.4327696076427445,
    "weighted_overall_response_time": 2993.4085956461863,
    "max_response_time": 0.25100064848000053,
    "avg_response_time": 0.05852574494206887,
    "weighted_avg_response_time": 0.023868089209772122,
    "avg_unavailability": 0.010373779529212592,
    "overall_power_consumption": 1015.1084043395131
  },
  {
    "time": 73800.0,
    "opt": "ClusterLLGAOptimizer",
    "elapsed_time": 160.3220019461587,
    "valid": true,
    "overall_deadline_violation": 0.29822615869056396,
    "weighted_overall_deadline_violation": 190.95928261284075,
    "max_deadline_violation": 0.010200879974497121,
    "avg_deadline_violation": 0.0025061021738702846,
    "avg_only_violated_deadline": 0.008060166451096322,
    "weighted_avg_deadline_violation": 0.0015706924439682875,
    "weighted_avg_only_violated_deadline": 0.009345402912795208,
    "deadline_satisfaction": 0.6890756302521008,
    "weighted_deadline_satisfaction": 0.8319288682762106,
    "overall_cost": 430.5955360804504,
    "max_cost": 181.25605622588802,
    "avg_cost": 19.572524367293198,
    "overall_migration_cost": 1.3530000000000006,
    "max_migration_cost": 0.4510000000000002,
    "avg_migration_cost": 0.4510000000000002,
    "migration_rate": 0.13636363636363635,
    "weighted_migration_rate": 0.0011855892813160385,
    "overall_response_time": 6.22402430966889,
    "weighted_overall_response_time": 2967.647952566014,
    "max_response_time": 0.25100064848000053,
    "avg_response_time": 0.05230272529133523,
    "weighted_avg_response_time": 0.02440971788160643,
    "avg_unavailability": 0.009665043277053642,
    "overall_power_consumption": 1022.5794060983758
  },
  {
    "time": 75600.0,
    "opt": "ClusterLLGAOptimizer",
    "elapsed_time": 192.36076520755887,
    "valid": true,
    "overall_deadline_violation": 0.3607840031101389,
    "weighted_overall_deadline_violation": 193.42527651373513,
    "max_deadline_violation": 0.010200879979492067,
    "avg_deadline_violation": 0.002863365104048723,
    "avg_only_violated_deadline": 0.008017422291336423,
    "weighted_avg_deadline_violation": 0.0015468801151590052,
    "weighted_avg_only_violated_deadline": 0.00918425615013125,
    "deadline_satisfaction": 0.6428571428571429,
    "weighted_deadline_satisfaction": 0.8315726293046717,
    "overall_cost": 435.2603982507785,
    "max_cost": 151.9226106305805,
    "avg_cost": 21.763019912538926,
    "overall_migration_cost": 156.68916056978154,
    "max_migration_cost": 151.26097264135728,
    "avg_migration_cost": 78.34458028489077,
    "migration_rate": 0.1,
    "weighted_migration_rate": 0.001458682497156057,
    "overall_response_time": 6.365003144709525,
    "weighted_overall_response_time": 3162.0239150951434,
    "max_response_time": 0.25100064848000053,
    "avg_response_time": 0.05051589797388514,
    "weighted_avg_response_time": 0.025287656329500318,
    "avg_unavailability": 0.01864453961294977,
    "overall_power_consumption": 1021.4721455662093
  },
  {
    "time": 77400.0,
    "opt": "ClusterLLGAOptimizer",
    "elapsed_time": 167.8318011686206,
    "valid": true,
    "overall_deadline_violation": 0.29062418181812677,
    "weighted_overall_deadline_violation": 207.23730499094177,
    "max_deadline_violation": 0.010200879972472515,
    "avg_deadline_violation": 0.002462916795068871,
    "avg_only_violated_deadline": 0.008303548051946478,
    "weighted_avg_deadline_violation": 0.0013724155099810221,
    "weighted_avg_only_violated_deadline": 0.009325179282459224,
    "deadline_satisfaction": 0.7033898305084746,
    "weighted_deadline_satisfaction": 0.8528269035467714,
    "overall_cost": 520.2193488018991,
    "max_cost": 198.2893156220165,
    "avg_cost": 26.01096744009495,
    "overall_migration_cost": 0.0,
    "max_migration_cost": 0.0,
    "avg_migration_cost": 0.0,
    "migration_rate": 0.0,
    "weighted_migration_rate": 0.0,
    "overall_response_time": 6.851648970060709,
    "weighted_overall_response_time": 3732.707229070407,
    "max_response_time": 0.25100064848000053,
    "avg_response_time": 0.05806482178017552,
    "weighted_avg_response_time": 0.024719609703563877,
    "avg_unavailability": 0.01864453961294977,
    "overall_power_consumption": 1049.5253095733874
  },
  {
    "time": 79200.0,
    "opt": "ClusterLLGAOptimizer",
    "elapsed_time": 192.58239687327296,
    "valid": true,
    "overall_deadline_violation": 0.28222142295898467,
    "weighted_overall_deadline_violation": 209.11085232424654,
    "max_deadline_violation": 0.010200879971072666,
    "avg_deadline_violation": 0.002497534716451192,
    "avg_only_violated_deadline": 0.00910391686964467,
    "weighted_avg_deadline_violation": 0.001467885363137774,
    "weighted_avg_only_violated_deadline": 0.009681000200892196,
    "deadline_satisfaction": 0.7256637168141593,
    "weighted_deadline_satisfaction": 0.8483746170150379,
    "overall_cost": 461.6378344788769,
    "max_cost": 178.19761495247178,
    "avg_cost": 24.296728130467205,
    "overall_migration_cost": 119.0890352446367,
    "max_migration_cost": 115.50802519715423,
    "avg_migration_cost": 19.848172540772786,
    "migration_rate": 0.3157894736842105,
    "weighted_migration_rate": 0.002714741594610082,
    "overall_response_time": 6.112648848357696,
    "weighted_overall_response_time": 3596.176461081317,
    "max_response_time": 0.24217144498828647,
    "avg_response_time": 0.05409423759608576,
    "weighted_avg_response_time": 0.025243906434356714,
    "avg_unavailability": 0.017926648160611586,
    "overall_power_consumption": 952.2295512851618
  },
  {
    "time": 81000.0,
    "opt": "ClusterLLGAOptimizer",
    "elapsed_time": 167.56326025351882,
    "valid": true,
    "overall_deadline_violation": 0.27262264702581995,
    "weighted_overall_deadline_violation": 176.19617777453755,
    "max_deadline_violation": 0.010200879973915788,
    "avg_deadline_violation": 0.0023706317132679996,
    "avg_only_violated_deadline": 0.008794278936316775,
    "weighted_avg_deadline_violation": 0.0011889655410765349,
    "weighted_avg_only_violated_deadline": 0.009686669468256739,
    "deadline_satisfaction": 0.7304347826086957,
    "weighted_deadline_satisfaction": 0.8772575501855641,
    "overall_cost": 487.3690010649172,
    "max_cost": 212.69711003059666,
    "avg_cost": 27.076055614717625,
    "overall_migration_cost": 0.6270044080341564,
    "max_migration_cost": 0.6270044080341564,
    "avg_migration_cost": 0.6270044080341564,
    "migration_rate": 0.05555555555555555,
    "weighted_migration_rate": 0.00022612272615493264,
    "overall_response_time": 6.309700234865622,
    "weighted_overall_response_time": 3748.191865562211,
    "max_response_time": 0.24198746346042496,
    "avg_response_time": 0.05486695856404891,
    "weighted_avg_response_time": 0.0252926654016263,
    "avg_unavailability": 0.018577342479523584,
    "overall_power_consumption": 952.5266987241
  },
  {
    "time": 82800.0,
    "opt": "ClusterLLGAOptimizer",
    "elapsed_time": 181.316666001454,
    "valid": true,
    "overall_deadline_violation": 0.23661791257648154,
    "weighted_overall_deadline_violation": 205.85326095877414,
    "max_deadline_violation": 0.010200879974998488,
    "avg_deadline_violation": 0.0021909065979303856,
    "avg_only_violated_deadline": 0.009464716503059264,
    "weighted_avg_deadline_violation": 0.001444152206687155,
    "weighted_avg_only_violated_deadline": 0.009671104702015688,
    "deadline_satisfaction": 0.7685185185185185,
    "weighted_deadline_satisfaction": 0.8506735009924812,
    "overall_cost": 462.3883640233307,
    "max_cost": 177.94734908108205,
    "avg_cost": 25.688242445740595,
    "overall_migration_cost": 0.6270000000000003,
    "max_migration_cost": 0.6270000000000003,
    "avg_migration_cost": 0.6270000000000003,
    "migration_rate": 0.05555555555555555,
    "weighted_migration_rate": 0.0002433339090584528,
    "overall_response_time": 6.308113849230432,
    "weighted_overall_response_time": 3681.658938673613,
    "max_response_time": 0.2510006484800006,
    "avg_response_time": 0.058408461566948455,
    "weighted_avg_response_time": 0.02582847537022884,
    "avg_unavailability": 0.018577342479523584,
    "overall_power_consumption": 957.7675281584434
  },
  {
    "time": 84600.0,
    "opt": "ClusterLLGAOptimizer",
    "elapsed_time": 174.17821413371712,
    "valid": true,
    "overall_deadline_violation": 0.23921765197291456,
    "weighted_overall_deadline_violation": 205.85326095877298,
    "max_deadline_violation": 0.010200879974998488,
    "avg_deadline_violation": 0.0022149782590084677,
    "avg_only_violated_deadline": 0.00956870607891658,
    "weighted_avg_deadline_violation": 0.0014441522208084611,
    "weighted_avg_only_violated_deadline": 0.009671104702015633,
    "deadline_satisfaction": 0.7685185185185185,
    "weighted_deadline_satisfaction": 0.8506734995323261,
    "overall_cost": 462.3884871005426,
    "max_cost": 177.94742859692658,
    "avg_cost": 25.688249283363476,
    "overall_migration_cost": 1.0780000000000003,
    "max_migration_cost": 0.627,
    "avg_migration_cost": 0.5390000000000001,
    "migration_rate": 0.1111111111111111,
    "weighted_migration_rate": 0.001170050821882921,
    "overall_response_time": 6.242172482441765,
    "weighted_overall_response_time": 3681.231925147034,
    "max_response_time": 0.25100064848000053,
    "avg_response_time": 0.05779789335594226,
    "weighted_avg_response_time": 0.025825479932896484,
    "avg_unavailability": 0.018577342479523584,
    "overall_power_consumption": 957.7680706626068
  }
]