[
  {
    "avg_only_violated_deadline": 0.008333758992628233,
    "avg_deadline_violation": 0.005376618704921441,
    "max_deadline_violation": 0.01101098429197292,
    "overall_cost": 206.57062626940106,
    "overall_migration_cost": 0.0,
    "weighted_avg_only_violated_deadline": 0.006142947052815858,
    "weighted_avg_deadline_violation": 0.005883919187046138,
    "deadline_satisfaction": 0.3548387096774194,
    "weighted_migration_rate": 0.0,
    "weighted_overall_response_time": 2384.639112921045,
    "avg_unavailability": 0.009717924749799078,
    "avg_cost": 4.4906657884652414,
    "elapsed_time": 137.65268881618977,
    "weighted_deadline_satisfaction": 0.04216670981251361,
    "overall_response_time": 19.579053381535935,
    "avg_response_time": 0.2105274557154402,
    "overall_power_consumption": 842.548398893422,
    "overall_deadline_violation": 0.5000255395576941,
    "avg_migration_cost": 0.0,
    "time": 0.0,
    "opt": "ClusterLLGAOptimizer",
    "weighted_avg_response_time": 0.03746956752174984,
    "max_migration_cost": 0.0,
    "weighted_overall_deadline_violation": 374.46452571282765,
    "valid": true,
    "max_cost": 64.30821075866149,
    "migration_rate": 0.0,
    "max_response_time": 0.7109679489856496
  },
  {
    "avg_only_violated_deadline": 0.008379708557900996,
    "avg_deadline_violation": 0.004933847094838904,
    "max_deadline_violation": 0.011010984311431153,
    "overall_cost": 218.27306009464587,
    "overall_migration_cost": 0.0,
    "weighted_avg_only_violated_deadline": 0.006118369099068053,
    "weighted_avg_deadline_violation": 0.0059065799988786685,
    "deadline_satisfaction": 0.411214953271028,
    "weighted_migration_rate": 0.0,
    "weighted_overall_response_time": 2751.20109299684,
    "avg_unavailability": 0.009717924749799078,
    "avg_cost": 4.74506652379665,
    "elapsed_time": 117.3371816277504,
    "weighted_deadline_satisfaction": 0.03461528664912385,
    "overall_response_time": 23.53841127877316,
    "avg_response_time": 0.21998515213806702,
    "overall_power_consumption": 821.0225834288674,
    "overall_deadline_violation": 0.5279216391477628,
    "avg_migration_cost": 0.0,
    "time": 1800.0,
    "opt": "ClusterLLGAOptimizer",
    "weighted_avg_response_time": 0.0389532282746531,
    "max_migration_cost": 0.0,
    "weighted_overall_deadline_violation": 417.1718255085494,
    "valid": true,
    "max_cost": 74.33885320320574,
    "migration_rate": 0.0,
    "max_response_time": 0.7109667657026805
  },
  {
    "avg_only_violated_deadline": 0.008158653663616865,
    "avg_deadline_violation": 0.004998094136269791,
    "max_deadline_violation": 0.01101098217917943,
    "overall_cost": 190.0254842372425,
    "overall_migration_cost": 6.803228634842014,
    "weighted_avg_only_violated_deadline": 0.006297581293736869,
    "weighted_avg_deadline_violation": 0.00602364777227148,
    "deadline_satisfaction": 0.38738738738738737,
    "weighted_migration_rate": 0.001079659514171373,
    "weighted_overall_response_time": 2559.5932027092267,
    "avg_unavailability": 0.009737623458182063,
    "avg_cost": 4.130988787766141,
    "elapsed_time": 189.44772247970104,
    "weighted_deadline_satisfaction": 0.04349821124783614,
    "overall_response_time": 24.55268726387073,
    "avg_response_time": 0.22119538075559217,
    "overall_power_consumption": 844.4627660728759,
    "overall_deadline_violation": 0.5547884491259467,
    "avg_migration_cost": 2.2677428782806714,
    "time": 3600.0,
    "opt": "ClusterLLGAOptimizer",
    "weighted_avg_response_time": 0.041861949069993035,
    "max_migration_cost": 3.8209916011037217,
    "weighted_overall_deadline_violation": 368.30793204687313,
    "valid": true,
    "max_cost": 59.14864428197512,
    "migration_rate": 0.06521739130434782,
    "max_response_time": 0.7109629604948958
  },
  {
    "avg_only_violated_deadline": 0.008307671182175421,
    "avg_deadline_violation": 0.0047472406755288115,
    "max_deadline_violation": 0.011010982389641481,
    "overall_cost": 214.51056896222872,
    "overall_migration_cost": 0.0,
    "weighted_avg_only_violated_deadline": 0.006153024586570864,
    "weighted_avg_deadline_violation": 0.0059716899103127215,
    "deadline_satisfaction": 0.42857142857142855,
    "weighted_migration_rate": 0.0,
    "weighted_overall_response_time": 2723.7775404248378,
    "avg_unavailability": 0.009737623458182063,
    "avg_cost": 4.66327323830932,
    "elapsed_time": 137.42376866191626,
    "weighted_deadline_satisfaction": 0.029470819384325178,
    "overall_response_time": 23.80133034421939,
    "avg_response_time": 0.2266793366116131,
    "overall_power_consumption": 808.7973143612488,
    "overall_deadline_violation": 0.49846027093052514,
    "avg_migration_cost": 0.0,
    "time": 5400.0,
    "opt": "ClusterLLGAOptimizer",
    "weighted_avg_response_time": 0.03934526899580951,
    "max_migration_cost": 0.0,
    "weighted_overall_deadline_violation": 413.4056081259421,
    "valid": true,
    "max_cost": 70.08586037721035,
    "migration_rate": 0.0,
    "max_response_time": 0.7109644700869799
  },
  {
    "avg_only_violated_deadline": 0.008200213226672724,
    "avg_deadline_violation": 0.004814804096394995,
    "max_deadline_violation": 0.011010991927597004,
    "overall_cost": 254.17699899740342,
    "overall_migration_cost": 4.387656227265043,
    "weighted_avg_only_violated_deadline": 0.006164576731934769,
    "weighted_avg_deadline_violation": 0.005897169791362286,
    "deadline_satisfaction": 0.41284403669724773,
    "weighted_migration_rate": 0.0010984597702680188,
    "weighted_overall_response_time": 2892.899376301921,
    "avg_unavailability": 0.009737621827934514,
    "avg_cost": 5.525586934726161,
    "elapsed_time": 197.83877358585596,
    "weighted_deadline_satisfaction": 0.04337798882236614,
    "overall_response_time": 23.371020888895817,
    "avg_response_time": 0.2144130356779431,
    "overall_power_consumption": 852.5294631938785,
    "overall_deadline_violation": 0.5248136465070543,
    "avg_migration_cost": 2.1938281136325215,
    "time": 7200.0,
    "opt": "ClusterLLGAOptimizer",
    "weighted_avg_response_time": 0.03659191128197254,
    "max_migration_cost": 2.437243178571028,
    "weighted_overall_deadline_violation": 466.221036663457,
    "valid": true,
    "max_cost": 78.09645652354011,
    "migration_rate": 0.043478260869565216,
    "max_response_time": 0.7109620993547222
  },
  {
    "avg_only_violated_deadline": 0.00829817507736084,
    "avg_deadline_violation": 0.004808288362582915,
    "max_deadline_violation": 0.011010991271727819,
    "overall_cost": 196.038123165125,
    "overall_migration_cost": 0.0,
    "weighted_avg_only_violated_deadline": 0.006293162183817626,
    "weighted_avg_deadline_violation": 0.006033571782409151,
    "deadline_satisfaction": 0.4205607476635514,
    "weighted_migration_rate": 0.0,
    "weighted_overall_response_time": 2558.2301885286324,
    "avg_unavailability": 0.009737621827934514,
    "avg_cost": 4.261698329676631,
    "elapsed_time": 154.55029845237732,
    "weighted_deadline_satisfaction": 0.04124959659803336,
    "overall_response_time": 24.287351944353325,
    "avg_response_time": 0.22698459761077872,
    "overall_power_consumption": 817.8457335835801,
    "overall_deadline_violation": 0.5144868547963722,
    "avg_migration_cost": 0.0,
    "time": 9000.0,
    "opt": "ClusterLLGAOptimizer",
    "weighted_avg_response_time": 0.04101613666119528,
    "max_migration_cost": 0.0,
    "weighted_overall_deadline_violation": 376.3217780824458,
    "valid": true,
    "max_cost": 61.146287537709895,
    "migration_rate": 0.0,
    "max_response_time": 0.7109620190002142
  },
  {
    "avg_only_violated_deadline": 0.008019047851486669,
    "avg_deadline_violation": 0.004614735084346101,
    "max_deadline_violation": 0.011010990854073303,
    "overall_cost": 243.0663062604562,
    "overall_migration_cost": 6.320952826358925,
    "weighted_avg_only_violated_deadline": 0.006190001859482395,
    "weighted_avg_deadline_violation": 0.005896206898720078,
    "deadline_satisfaction": 0.42452830188679247,
    "weighted_migration_rate": 0.0007704174171132152,
    "weighted_overall_response_time": 2992.8894685289556,
    "avg_unavailability": 0.009737621827933302,
    "avg_cost": 5.171623537456514,
    "elapsed_time": 199.39016389101744,
    "weighted_deadline_satisfaction": 0.04746282269887468,
    "overall_response_time": 24.12701348327059,
    "avg_response_time": 0.22761333474783566,
    "overall_power_consumption": 858.6209198529973,
    "overall_deadline_violation": 0.48916191894068684,
    "avg_migration_cost": 3.1604764131794627,
    "time": 10800.0,
    "opt": "ClusterLLGAOptimizer",
    "weighted_avg_response_time": 0.03985514549668063,
    "max_migration_cost": 3.9690804954292696,
    "weighted_overall_deadline_violation": 442.77082197371016,
    "valid": true,
    "max_cost": 68.09053064872893,
    "migration_rate": 0.0425531914893617,
    "max_response_time": 0.710962127194878
  },
  {
    "avg_only_violated_deadline": 0.008249919456249071,
    "avg_deadline_violation": 0.004626123059578918,
    "max_deadline_violation": 0.011010990019068724,
    "overall_cost": 239.4801684404921,
    "overall_migration_cost": 0.0,
    "weighted_avg_only_violated_deadline": 0.006245957703286133,
    "weighted_avg_deadline_violation": 0.005948335086708155,
    "deadline_satisfaction": 0.4392523364485981,
    "weighted_migration_rate": 0.0,
    "weighted_overall_response_time": 2821.190402831238,
    "avg_unavailability": 0.009737621827933302,
    "avg_cost": 5.095322732776429,
    "elapsed_time": 152.3375314027071,
    "weighted_deadline_satisfaction": 0.04765043740552246,
    "overall_response_time": 23.20685065844412,
    "avg_response_time": 0.2168864547518144,
    "overall_power_consumption": 856.1145098061697,
    "overall_deadline_violation": 0.49499516737494403,
    "avg_migration_cost": 0.0,
    "time": 12600.0,
    "opt": "ClusterLLGAOptimizer",
    "weighted_avg_response_time": 0.03842391978772401,
    "max_migration_cost": 0.0,
    "weighted_overall_deadline_violation": 436.7432045495478,
    "valid": true,
    "max_cost": 70.12455004946733,
    "migration_rate": 0.0,
    "max_response_time": 0.7109639157681545
  },
  {
    "avg_only_violated_deadline": 0.007894655370663422,
    "avg_deadline_violation": 0.004736793222398054,
    "max_deadline_violation": 0.011010975862639993,
    "overall_cost": 220.11386885424562,
    "overall_migration_cost": 141.18594351243115,
    "weighted_avg_only_violated_deadline": 0.006189833988075839,
    "weighted_avg_deadline_violation": 0.005923898238903669,
    "deadline_satisfaction": 0.4,
    "weighted_migration_rate": 0.005182371719286461,
    "weighted_overall_response_time": 2819.030611124503,
    "avg_unavailability": 0.009737621827933302,
    "avg_cost": 4.683273805409481,
    "elapsed_time": 202.16275472939014,
    "weighted_deadline_satisfaction": 0.0429633088196664,
    "overall_response_time": 24.23423435489442,
    "avg_response_time": 0.23080223195137547,
    "overall_power_consumption": 844.5033399215529,
    "overall_deadline_violation": 0.49736328835179566,
    "avg_migration_cost": 28.237188702486232,
    "time": 14400.0,
    "opt": "ClusterLLGAOptimizer",
    "weighted_avg_response_time": 0.04035558925093944,
    "max_migration_cost": 119.70792980799757,
    "weighted_overall_deadline_violation": 413.81257918981356,
    "valid": true,
    "max_cost": 64.52926697304542,
    "migration_rate": 0.10638297872340426,
    "max_response_time": 0.7109747011019787
  },
  {
    "avg_only_violated_deadline": 0.008356097280075034,
    "avg_deadline_violation": 0.0048296709049974965,
    "max_deadline_violation": 0.011010984977568916,
    "overall_cost": 204.9095663841191,
    "overall_migration_cost": 0.0,
    "weighted_avg_only_violated_deadline": 0.006169675458345908,
    "weighted_avg_deadline_violation": 0.005755288826318959,
    "deadline_satisfaction": 0.42201834862385323,
    "weighted_migration_rate": 0.0,
    "weighted_overall_response_time": 2721.020159457152,
    "avg_unavailability": 0.009737621827934514,
    "avg_cost": 4.454555790959111,
    "elapsed_time": 178.94281142205,
    "weighted_deadline_satisfaction": 0.06716506157003675,
    "overall_response_time": 25.13425585105534,
    "avg_response_time": 0.23058950322069113,
    "overall_power_consumption": 885.9238394627582,
    "overall_deadline_violation": 0.5264341286447272,
    "avg_migration_cost": 0.0,
    "time": 16200.0,
    "opt": "ClusterLLGAOptimizer",
    "weighted_avg_response_time": 0.045275450612798473,
    "max_migration_cost": 0.0,
    "weighted_overall_deadline_violation": 345.8884827859789,
    "valid": true,
    "max_cost": 61.82370441488408,
    "migration_rate": 0.0,
    "max_response_time": 0.7109742152480237
  },
  {
    "avg_only_violated_deadline": 0.008132781399513673,
    "avg_deadline_violation": 0.004756909875187242,
    "max_deadline_violation": 0.011010987504628172,
    "overall_cost": 225.89480324098494,
    "overall_migration_cost": 9.360470511065978,
    "weighted_avg_only_violated_deadline": 0.006307831457720658,
    "weighted_avg_deadline_violation": 0.006060261720725682,
    "deadline_satisfaction": 0.41509433962264153,
    "weighted_migration_rate": 0.0004911872934270239,
    "weighted_overall_response_time": 2660.4686594575924,
    "avg_unavailability": 0.009717926378681062,
    "avg_cost": 4.806272409382658,
    "elapsed_time": 225.97855293005705,
    "weighted_deadline_satisfaction": 0.03924799491780275,
    "overall_response_time": 22.4431142912703,
    "avg_response_time": 0.21172749331387083,
    "overall_power_consumption": 842.2519320048551,
    "overall_deadline_violation": 0.504232446769848,
    "avg_migration_cost": 4.680235255532989,
    "time": 18000.0,
    "opt": "ClusterLLGAOptimizer",
    "weighted_avg_response_time": 0.03783982764989594,
    "max_migration_cost": 7.103246563050476,
    "weighted_overall_deadline_violation": 426.08905424402894,
    "valid": true,
    "max_cost": 73.19055215068582,
    "migration_rate": 0.0425531914893617,
    "max_response_time": 0.7109775401966362
  },
  {
    "avg_only_violated_deadline": 0.008294909195515203,
    "avg_deadline_violation": 0.004685087601170624,
    "max_deadline_violation": 0.011010987784888862,
    "overall_cost": 216.82585618378914,
    "overall_migration_cost": 0.0,
    "weighted_avg_only_violated_deadline": 0.0063067186166772616,
    "weighted_avg_deadline_violation": 0.006005599815481689,
    "deadline_satisfaction": 0.4351851851851852,
    "weighted_migration_rate": 0.0,
    "weighted_overall_response_time": 2519.520804221442,
    "avg_unavailability": 0.009717926378681062,
    "avg_cost": 4.61331608901679,
    "elapsed_time": 179.07338826358318,
    "weighted_deadline_satisfaction": 0.04774571682955783,
    "overall_response_time": 24.88148411666504,
    "avg_response_time": 0.2303841121913431,
    "overall_power_consumption": 854.6807338314242,
    "overall_deadline_violation": 0.5059894609264275,
    "avg_migration_cost": 0.0,
    "time": 19800.0,
    "opt": "ClusterLLGAOptimizer",
    "weighted_avg_response_time": 0.03759012537418776,
    "max_migration_cost": 0.0,
    "weighted_overall_deadline_violation": 402.53214178755627,
    "valid": true,
    "max_cost": 58.6604360446169,
    "migration_rate": 0.0,
    "max_response_time": 0.7109790836253854
  },
  {
    "avg_only_violated_deadline": 0.007837280747651682,
    "avg_deadline_violation": 0.004953752925402478,
    "max_deadline_violation": 0.011010977640794041,
    "overall_cost": 224.48749718934656,
    "overall_migration_cost": 161.25741824135076,
    "weighted_avg_only_violated_deadline": 0.006178697630936333,
    "weighted_avg_deadline_violation": 0.005977075754239651,
    "deadline_satisfaction": 0.36792452830188677,
    "weighted_migration_rate": 0.006055062742868069,
    "weighted_overall_response_time": 2594.723824629492,
    "avg_unavailability": 0.009737623458182063,
    "avg_cost": 4.880162982377098,
    "elapsed_time": 229.6355064958334,
    "weighted_deadline_satisfaction": 0.03263177594047867,
    "overall_response_time": 23.70041477817123,
    "avg_response_time": 0.22358881866199254,
    "overall_power_consumption": 833.8368806237651,
    "overall_deadline_violation": 0.5250978100926623,
    "avg_migration_cost": 23.03677403447868,
    "time": 21600.0,
    "opt": "ClusterLLGAOptimizer",
    "weighted_avg_response_time": 0.037644183215816515,
    "max_migration_cost": 133.23612010190266,
    "weighted_overall_deadline_violation": 411.98558545493256,
    "valid": true,
    "max_cost": 79.08031743205515,
    "migration_rate": 0.15217391304347827,
    "max_response_time": 0.7109965893494844
  },
  {
    "avg_only_violated_deadline": 0.008263823991079722,
    "avg_deadline_violation": 0.004776338637046079,
    "max_deadline_violation": 0.011010982369700238,
    "overall_cost": 248.89062879578665,
    "overall_migration_cost": 0.0,
    "weighted_avg_only_violated_deadline": 0.006184697570140471,
    "weighted_avg_deadline_violation": 0.00587166232443104,
    "deadline_satisfaction": 0.42201834862385323,
    "weighted_migration_rate": 0.0,
    "weighted_overall_response_time": 2776.5684642268648,
    "avg_unavailability": 0.009737623458182063,
    "avg_cost": 5.410665843386666,
    "elapsed_time": 185.25307188928127,
    "weighted_deadline_satisfaction": 0.05061447906858919,
    "overall_response_time": 24.868467143697778,
    "avg_response_time": 0.2281510747128239,
    "overall_power_consumption": 870.3107233550049,
    "overall_deadline_violation": 0.5206209114380227,
    "avg_migration_cost": 0.0,
    "time": 23400.0,
    "opt": "ClusterLLGAOptimizer",
    "weighted_avg_response_time": 0.03829721421737204,
    "max_migration_cost": 0.0,
    "weighted_overall_deadline_violation": 425.69865134495825,
    "valid": true,
    "max_cost": 83.36951985891041,
    "migration_rate": 0.0,
    "max_response_time": 0.7109918201671469
  },
  {
    "avg_only_violated_deadline": 0.007652599956614117,
    "avg_deadline_violation": 0.004709292280993303,
    "max_deadline_violation": 0.011010981008386933,
    "overall_cost": 249.82247118807925,
    "overall_migration_cost": 150.36617052405296,
    "weighted_avg_only_violated_deadline": 0.006184621651541367,
    "weighted_avg_deadline_violation": 0.005957904117962279,
    "deadline_satisfaction": 0.38461538461538464,
    "weighted_migration_rate": 0.005005336731325056,
    "weighted_overall_response_time": 2879.4853650177474,
    "avg_unavailability": 0.009737621650236186,
    "avg_cost": 5.2046348164183165,
    "elapsed_time": 233.24750205129385,
    "weighted_deadline_satisfaction": 0.036658270522107794,
    "overall_response_time": 22.46503327896828,
    "avg_response_time": 0.21600993537469504,
    "overall_power_consumption": 849.2449193918977,
    "overall_deadline_violation": 0.4897663972233034,
    "avg_migration_cost": 18.79577131550662,
    "time": 25200.0,
    "opt": "ClusterLLGAOptimizer",
    "weighted_avg_response_time": 0.037867943896355505,
    "max_migration_cost": 114.42254303911538,
    "weighted_overall_deadline_violation": 453.04011648497385,
    "valid": true,
    "max_cost": 87.2530802487468,
    "migration_rate": 0.16666666666666666,
    "max_response_time": 0.7109974592244879
  },
  {
    "avg_only_violated_deadline": 0.008306486641047455,
    "avg_deadline_violation": 0.004580212260016821,
    "max_deadline_violation": 0.011010990282851123,
    "overall_cost": 207.4548979348528,
    "overall_migration_cost": 0.0,
    "weighted_avg_only_violated_deadline": 0.006413427348104229,
    "weighted_avg_deadline_violation": 0.0060389206937718235,
    "deadline_satisfaction": 0.4485981308411215,
    "weighted_migration_rate": 0.0,
    "weighted_overall_response_time": 2412.463617325207,
    "avg_unavailability": 0.009737621650236186,
    "avg_cost": 4.3219770403094335,
    "elapsed_time": 189.12365671247244,
    "weighted_deadline_satisfaction": 0.058394152456269194,
    "overall_response_time": 24.111945942161174,
    "avg_response_time": 0.22534528917907645,
    "overall_power_consumption": 868.8275517517832,
    "overall_deadline_violation": 0.4900827118218002,
    "avg_migration_cost": 0.0,
    "time": 27000.0,
    "opt": "ClusterLLGAOptimizer",
    "weighted_avg_response_time": 0.03835588684071441,
    "max_migration_cost": 0.0,
    "weighted_overall_deadline_violation": 379.8289561687909,
    "valid": true,
    "max_cost": 57.71284834460025,
    "migration_rate": 0.0,
    "max_response_time": 0.710997750315056
  },
  {
    "avg_only_violated_deadline": 0.008287565501338906,
    "avg_deadline_violation": 0.004656822519799956,
    "max_deadline_violation": 0.011010989835698905,
    "overall_cost": 210.30702681762946,
    "overall_migration_cost": 5.642395084065513,
    "weighted_avg_only_violated_deadline": 0.006206115059497809,
    "weighted_avg_deadline_violation": 0.00586449673607967,
    "deadline_satisfaction": 0.4380952380952381,
    "weighted_migration_rate": 0.0008196370040455516,
    "weighted_overall_response_time": 2448.3304887818585,
    "avg_unavailability": 0.009737621827933302,
    "avg_cost": 4.474617591864456,
    "elapsed_time": 236.486676864326,
    "weighted_deadline_satisfaction": 0.0550454382722615,
    "overall_response_time": 24.1632222728684,
    "avg_response_time": 0.2301259264082704,
    "overall_power_consumption": 870.8925337930996,
    "overall_deadline_violation": 0.48896636457899534,
    "avg_migration_cost": 5.642395084065513,
    "time": 28800.0,
    "opt": "ClusterLLGAOptimizer",
    "weighted_avg_response_time": 0.040078367693589835,
    "max_migration_cost": 5.642395084065513,
    "weighted_overall_deadline_violation": 358.25376597365823,
    "valid": true,
    "max_cost": 65.49667546955845,
    "migration_rate": 0.02127659574468085,
    "max_response_time": 0.7109994315969386
  },
  {
    "avg_only_violated_deadline": 0.00814483014762397,
    "avg_deadline_violation": 0.004567194475303161,
    "max_deadline_violation": 0.011010990454311018,
    "overall_cost": 234.74065274498855,
    "overall_migration_cost": 0.0,
    "weighted_avg_only_violated_deadline": 0.006156318819577789,
    "weighted_avg_deadline_violation": 0.005782282644907458,
    "deadline_satisfaction": 0.4392523364485981,
    "weighted_migration_rate": 0.0,
    "weighted_overall_response_time": 2787.6746901081665,
    "avg_unavailability": 0.009737621827933302,
    "avg_cost": 4.994481973297628,
    "elapsed_time": 193.2660204693675,
    "weighted_deadline_satisfaction": 0.06075646593884255,
    "overall_response_time": 24.32652447218342,
    "avg_response_time": 0.22735069600171406,
    "overall_power_consumption": 876.3427832017337,
    "overall_deadline_violation": 0.48868980885743823,
    "avg_migration_cost": 0.0,
    "time": 30600.0,
    "opt": "ClusterLLGAOptimizer",
    "weighted_avg_response_time": 0.03987862649469315,
    "max_migration_cost": 0.0,
    "weighted_overall_deadline_violation": 404.20456763738537,
    "valid": true,
    "max_cost": 67.33373395475526,
    "migration_rate": 0.0,
    "max_response_time": 0.7109962730834257
  },
  {
    "avg_only_violated_deadline": 0.008382613431900422,
    "avg_deadline_violation": 0.005075710885370898,
    "max_deadline_violation": 0.011010990527553222,
    "overall_cost": 252.38522662277205,
    "overall_migration_cost": 21.895029207385335,
    "weighted_avg_only_violated_deadline": 0.006271025529969458,
    "weighted_avg_deadline_violation": 0.006053882369938483,
    "deadline_satisfaction": 0.3944954128440367,
    "weighted_migration_rate": 0.0004859650651334847,
    "weighted_overall_response_time": 2812.727750833426,
    "avg_unavailability": 0.009737621827933302,
    "avg_cost": 5.369898438782385,
    "elapsed_time": 240.45290821790695,
    "weighted_deadline_satisfaction": 0.03462641939396346,
    "overall_response_time": 24.878528854882745,
    "avg_response_time": 0.22824338398974975,
    "overall_power_consumption": 837.4265684020847,
    "overall_deadline_violation": 0.553252486505428,
    "avg_migration_cost": 7.298343069128444,
    "time": 32400.0,
    "opt": "ClusterLLGAOptimizer",
    "weighted_avg_response_time": 0.035951319396710514,
    "max_migration_cost": 18.815643763898034,
    "weighted_overall_deadline_violation": 473.638331720455,
    "valid": true,
    "max_cost": 92.17944525632798,
    "migration_rate": 0.06382978723404255,
    "max_response_time": 0.7109879870991298
  },
  {
    "avg_only_violated_deadline": 0.008338762610008632,
    "avg_deadline_violation": 0.004787067424264214,
    "max_deadline_violation": 0.011010991307534815,
    "overall_cost": 230.23275766184338,
    "overall_migration_cost": 0.0,
    "weighted_avg_only_violated_deadline": 0.00618926385826076,
    "weighted_avg_deadline_violation": 0.005863376765921061,
    "deadline_satisfaction": 0.42592592592592593,
    "weighted_migration_rate": 0.0,
    "weighted_overall_response_time": 2837.51095976784,
    "avg_unavailability": 0.009737621827933302,
    "avg_cost": 4.898569311954115,
    "elapsed_time": 201.95504084974527,
    "weighted_deadline_satisfaction": 0.05265361112448628,
    "overall_response_time": 24.388826792707093,
    "avg_response_time": 0.2258224703028435,
    "overall_power_consumption": 868.5593905419346,
    "overall_deadline_violation": 0.5170032818205351,
    "avg_migration_cost": 0.0,
    "time": 34200.0,
    "opt": "ClusterLLGAOptimizer",
    "weighted_avg_response_time": 0.04086112562012853,
    "max_migration_cost": 0.0,
    "weighted_overall_deadline_violation": 407.16929800762546,
    "valid": true,
    "max_cost": 64.78651770384023,
    "migration_rate": 0.0,
    "max_response_time": 0.7109867980580437
  },
  {
    "avg_only_violated_deadline": 0.007941975018231764,
    "avg_deadline_violation": 0.0048219134039264285,
    "max_deadline_violation": 0.01101099101931912,
    "overall_cost": 235.31888315940705,
    "overall_migration_cost": 8.149838981021452,
    "weighted_avg_only_violated_deadline": 0.0060924176449016435,
    "weighted_avg_deadline_violation": 0.005774820108882752,
    "deadline_satisfaction": 0.39285714285714285,
    "weighted_migration_rate": 0.0011762056886027608,
    "weighted_overall_response_time": 2846.7235799019422,
    "avg_unavailability": 0.009737621650236186,
    "avg_cost": 4.902476732487647,
    "elapsed_time": 252.13362500816584,
    "weighted_deadline_satisfaction": 0.05212996786007761,
    "overall_response_time": 25.2879003820881,
    "avg_response_time": 0.22578482484007228,
    "overall_power_consumption": 878.1613188590677,
    "overall_deadline_violation": 0.5400543012397603,
    "avg_migration_cost": 2.037459745255363,
    "time": 36000.0,
    "opt": "ClusterLLGAOptimizer",
    "weighted_avg_response_time": 0.04155600301173262,
    "max_migration_cost": 4.112755863086189,
    "weighted_overall_deadline_violation": 395.59426754799017,
    "valid": true,
    "max_cost": 68.92843780221146,
    "migration_rate": 0.08333333333333333,
    "max_response_time": 0.7109936775321675
  },
  {
    "avg_only_violated_deadline": 0.008266503355844626,
    "avg_deadline_violation": 0.0045581654018208686,
    "max_deadline_violation": 0.011010990269623863,
    "overall_cost": 230.93050251328955,
    "overall_migration_cost": 0.0,
    "weighted_avg_only_violated_deadline": 0.006157760232974472,
    "weighted_avg_deadline_violation": 0.005779396017306861,
    "deadline_satisfaction": 0.4485981308411215,
    "weighted_migration_rate": 0.0,
    "weighted_overall_response_time": 2801.4309900640824,
    "avg_unavailability": 0.009737621650236186,
    "avg_cost": 4.811052135693531,
    "elapsed_time": 205.29345513135195,
    "weighted_deadline_satisfaction": 0.061445103633865614,
    "overall_response_time": 23.72555661546996,
    "avg_response_time": 0.22173417397635453,
    "overall_power_consumption": 868.5084371208864,
    "overall_deadline_violation": 0.4877236979948334,
    "avg_migration_cost": 0.0,
    "time": 37800.0,
    "opt": "ClusterLLGAOptimizer",
    "weighted_avg_response_time": 0.04081267748278722,
    "max_migration_cost": 0.0,
    "weighted_overall_deadline_violation": 396.7046541743008,
    "valid": true,
    "max_cost": 72.62057882985067,
    "migration_rate": 0.0,
    "max_response_time": 0.7109955855891213
  },
  {
    "avg_only_violated_deadline": 0.007988811748546406,
    "avg_deadline_violation": 0.00466014018665207,
    "max_deadline_violation": 0.011010991567724338,
    "overall_cost": 229.39527307409386,
    "overall_migration_cost": 3.9342162255503994,
    "weighted_avg_only_violated_deadline": 0.006146760546701764,
    "weighted_avg_deadline_violation": 0.005854443961349938,
    "deadline_satisfaction": 0.4166666666666667,
    "weighted_migration_rate": 0.00043981561919051904,
    "weighted_overall_response_time": 2987.812940627259,
    "avg_unavailability": 0.009737621650237399,
    "avg_cost": 4.8807504909381665,
    "elapsed_time": 257.7455608919263,
    "weighted_deadline_satisfaction": 0.047556201861267515,
    "overall_response_time": 23.661099158613553,
    "avg_response_time": 0.2190842514686438,
    "overall_power_consumption": 861.1261966614596,
    "overall_deadline_violation": 0.5032951401584237,
    "avg_migration_cost": 1.9671081127751997,
    "time": 39600.0,
    "opt": "ClusterLLGAOptimizer",
    "weighted_avg_response_time": 0.041981913598386156,
    "max_migration_cost": 2.9782641705325235,
    "weighted_overall_deadline_violation": 416.6552195603319,
    "valid": true,
    "max_cost": 61.061808756046766,
    "migration_rate": 0.0425531914893617,
    "max_response_time": 0.7109821758437488
  },
  {
    "avg_only_violated_deadline": 0.008476826424160576,
    "avg_deadline_violation": 0.004887539559876367,
    "max_deadline_violation": 0.011010992777141619,
    "overall_cost": 249.4790136371234,
    "overall_migration_cost": 0.0,
    "weighted_avg_only_violated_deadline": 0.006199093667081368,
    "weighted_avg_deadline_violation": 0.005874042700639222,
    "deadline_satisfaction": 0.42342342342342343,
    "weighted_migration_rate": 0.0,
    "weighted_overall_response_time": 2926.112943917039,
    "avg_unavailability": 0.009737621650237399,
    "avg_cost": 5.308064119938796,
    "elapsed_time": 210.75777081400156,
    "weighted_deadline_satisfaction": 0.052435240359125224,
    "overall_response_time": 25.03033204901015,
    "avg_response_time": 0.22549848692801927,
    "overall_power_consumption": 878.995279712005,
    "overall_deadline_violation": 0.5425168911462769,
    "avg_migration_cost": 0.0,
    "time": 41400.0,
    "opt": "ClusterLLGAOptimizer",
    "weighted_avg_response_time": 0.03961667826342777,
    "max_migration_cost": 0.0,
    "weighted_overall_deadline_violation": 433.8605136243611,
    "valid": true,
    "max_cost": 80.09280169021133,
    "migration_rate": 0.0,
    "max_response_time": 0.7109835775630633
  },
  {
    "avg_only_violated_deadline": 0.008210054925729387,
    "avg_deadline_violation": 0.004987416543667384,
    "max_deadline_violation": 0.011010990107994237,
    "overall_cost": 268.99103378722305,
    "overall_migration_cost": 134.53172662958326,
    "weighted_avg_only_violated_deadline": 0.006107764686874244,
    "weighted_avg_deadline_violation": 0.005898529829069823,
    "deadline_satisfaction": 0.3925233644859813,
    "weighted_migration_rate": 0.0038289467977907945,
    "weighted_overall_response_time": 3243.939310449522,
    "avg_unavailability": 0.009737621827934514,
    "avg_cost": 5.8476311692874585,
    "elapsed_time": 256.8692781999707,
    "weighted_deadline_satisfaction": 0.03425719040127242,
    "overall_response_time": 24.996499092775373,
    "avg_response_time": 0.23361214105397554,
    "overall_power_consumption": 839.7918033478616,
    "overall_deadline_violation": 0.53365357017241,
    "avg_migration_cost": 33.632931657395815,
    "time": 43200.0,
    "opt": "ClusterLLGAOptimizer",
    "weighted_avg_response_time": 0.038297243287860556,
    "max_migration_cost": 117.80402118895398,
    "weighted_overall_deadline_violation": 499.63055154008794,
    "valid": true,
    "max_cost": 83.6292774338759,
    "migration_rate": 0.08695652173913043,
    "max_response_time": 0.7109908107699878
  },
  {
    "avg_only_violated_deadline": 0.008309776352605804,
    "avg_deadline_violation": 0.00474844363006046,
    "max_deadline_violation": 0.011010989171656625,
    "overall_cost": 250.2407551816798,
    "overall_migration_cost": 0.0,
    "weighted_avg_only_violated_deadline": 0.006319633388393177,
    "weighted_avg_deadline_violation": 0.006014669497477328,
    "deadline_satisfaction": 0.42857142857142855,
    "weighted_migration_rate": 0.0,
    "weighted_overall_response_time": 2923.5072639831897,
    "avg_unavailability": 0.009737621827934514,
    "avg_cost": 5.440016416993039,
    "elapsed_time": 211.0694475620985,
    "weighted_deadline_satisfaction": 0.04825657948385941,
    "overall_response_time": 23.60642481159507,
    "avg_response_time": 0.22482309344376253,
    "overall_power_consumption": 876.4150086640371,
    "overall_deadline_violation": 0.49858658115634846,
    "avg_migration_cost": 0.0,
    "time": 45000.0,
    "opt": "ClusterLLGAOptimizer",
    "weighted_avg_response_time": 0.03853748748467436,
    "max_migration_cost": 0.0,
    "weighted_overall_deadline_violation": 456.2811722825958,
    "valid": true,
    "max_cost": 70.99891844785462,
    "migration_rate": 0.0,
    "max_response_time": 0.7109913167516867
  },
  {
    "avg_only_violated_deadline": 0.008171648126963811,
    "avg_deadline_violation": 0.004873001176629798,
    "max_deadline_violation": 0.011010979895983368,
    "overall_cost": 243.36057411699872,
    "overall_migration_cost": 155.25340265501362,
    "weighted_avg_only_violated_deadline": 0.0061880839562726804,
    "weighted_avg_deadline_violation": 0.0058332803003911205,
    "deadline_satisfaction": 0.4036697247706422,
    "weighted_migration_rate": 0.006324772610149343,
    "weighted_overall_response_time": 3083.6575444842006,
    "avg_unavailability": 0.00971792457210075,
    "avg_cost": 5.070011960770805,
    "elapsed_time": 263.34012787789106,
    "weighted_deadline_satisfaction": 0.05733659374836148,
    "overall_response_time": 24.001949197043658,
    "avg_response_time": 0.22020136878021732,
    "overall_power_consumption": 854.8025838960957,
    "overall_deadline_violation": 0.5311571282526484,
    "avg_migration_cost": 25.875567109168937,
    "time": 46800.0,
    "opt": "ClusterLLGAOptimizer",
    "weighted_avg_response_time": 0.04067208436559027,
    "max_migration_cost": 131.01543583942092,
    "weighted_overall_deadline_violation": 442.2649856275959,
    "valid": true,
    "max_cost": 73.49496432346356,
    "migration_rate": 0.125,
    "max_response_time": 0.7109882926417762
  },
  {
    "avg_only_violated_deadline": 0.00835852661873519,
    "avg_deadline_violation": 0.004711169548741653,
    "max_deadline_violation": 0.011010999046317006,
    "overall_cost": 241.5881332011694,
    "overall_migration_cost": 0.0,
    "weighted_avg_only_violated_deadline": 0.006231374690472743,
    "weighted_avg_deadline_violation": 0.005816475063306577,
    "deadline_satisfaction": 0.43636363636363634,
    "weighted_migration_rate": 0.0,
    "weighted_overall_response_time": 2902.9942297211287,
    "avg_unavailability": 0.00971792457210075,
    "avg_cost": 5.033086108357695,
    "elapsed_time": 221.43359135091305,
    "weighted_deadline_satisfaction": 0.06658235907407616,
    "overall_response_time": 23.655646171618276,
    "avg_response_time": 0.2150513288328935,
    "overall_power_consumption": 877.2857003825934,
    "overall_deadline_violation": 0.5182286503615818,
    "avg_migration_cost": 0.0,
    "time": 48600.0,
    "opt": "ClusterLLGAOptimizer",
    "weighted_avg_response_time": 0.039384635078037,
    "max_migration_cost": 0.0,
    "weighted_overall_deadline_violation": 428.7254030065122,
    "valid": true,
    "max_cost": 65.67758797901408,
    "migration_rate": 0.0,
    "max_response_time": 0.7109872096260442
  },
  {
    "avg_only_violated_deadline": 0.008280142182366449,
    "avg_deadline_violation": 0.004861734859371127,
    "max_deadline_violation": 0.011010997759163046,
    "overall_cost": 240.46940480481118,
    "overall_migration_cost": 10.532917297137994,
    "weighted_avg_only_violated_deadline": 0.006204564337624213,
    "weighted_avg_deadline_violation": 0.005877866305088225,
    "deadline_satisfaction": 0.41284403669724773,
    "weighted_migration_rate": 0.00019137233386859072,
    "weighted_overall_response_time": 2970.2152057461813,
    "avg_unavailability": 0.009717924748433514,
    "avg_cost": 5.116370314995984,
    "elapsed_time": 265.77949465066195,
    "weighted_deadline_satisfaction": 0.052654467704509975,
    "overall_response_time": 23.49375195318311,
    "avg_response_time": 0.21553900874479928,
    "overall_power_consumption": 870.0910965040666,
    "overall_deadline_violation": 0.5299290996714526,
    "avg_migration_cost": 5.266458648568997,
    "time": 50400.0,
    "opt": "ClusterLLGAOptimizer",
    "weighted_avg_response_time": 0.03963684867561329,
    "max_migration_cost": 9.402440963165857,
    "weighted_overall_deadline_violation": 440.4620563959615,
    "valid": true,
    "max_cost": 65.75209731656093,
    "migration_rate": 0.0425531914893617,
    "max_response_time": 0.7109882664822377
  },
  {
    "avg_only_violated_deadline": 0.008207809596008767,
    "avg_deadline_violation": 0.004602510053836691,
    "max_deadline_violation": 0.011010997332123316,
    "overall_cost": 263.09541313234666,
    "overall_migration_cost": 0.0,
    "weighted_avg_only_violated_deadline": 0.006159822617657101,
    "weighted_avg_deadline_violation": 0.005811595902962508,
    "deadline_satisfaction": 0.4392523364485981,
    "weighted_migration_rate": 0.0,
    "weighted_overall_response_time": 3240.9068083216725,
    "avg_unavailability": 0.009717924748433514,
    "avg_cost": 5.597774747496738,
    "elapsed_time": 228.9451404288411,
    "weighted_deadline_satisfaction": 0.056531938711417276,
    "overall_response_time": 23.493864239638675,
    "avg_response_time": 0.21956882466952016,
    "overall_power_consumption": 875.7954415615121,
    "overall_deadline_violation": 0.49246857576052605,
    "avg_migration_cost": 0.0,
    "time": 52200.0,
    "opt": "ClusterLLGAOptimizer",
    "weighted_avg_response_time": 0.03991795383489296,
    "max_migration_cost": 0.0,
    "weighted_overall_deadline_violation": 471.8388323968069,
    "valid": true,
    "max_cost": 79.56488693726635,
    "migration_rate": 0.0,
    "max_response_time": 0.7109876890523088
  },
  {
    "avg_only_violated_deadline": 0.008070254390262481,
    "avg_deadline_violation": 0.004632923816632165,
    "max_deadline_violation": 0.01101099251906118,
    "overall_cost": 250.34126470195346,
    "overall_migration_cost": 3.9555072968994818,
    "weighted_avg_only_violated_deadline": 0.006273470552206607,
    "weighted_avg_deadline_violation": 0.005901840206186204,
    "deadline_satisfaction": 0.42592592592592593,
    "weighted_migration_rate": 0.0007387136685012536,
    "weighted_overall_response_time": 2867.3992999291786,
    "avg_unavailability": 0.0097179245707364,
    "avg_cost": 5.215443014624031,
    "elapsed_time": 274.519816853106,
    "weighted_deadline_satisfaction": 0.05923839809683776,
    "overall_response_time": 25.005810273302064,
    "avg_response_time": 0.23153528030835238,
    "overall_power_consumption": 876.962468952583,
    "overall_deadline_violation": 0.5003557721962736,
    "avg_migration_cost": 1.9777536484497409,
    "time": 54000.0,
    "opt": "ClusterLLGAOptimizer",
    "weighted_avg_response_time": 0.038398363132564506,
    "max_migration_cost": 2.525478026996654,
    "weighted_overall_deadline_violation": 440.72015302028217,
    "valid": true,
    "max_cost": 79.74796019548162,
    "migration_rate": 0.041666666666666664,
    "max_response_time": 0.7109865063872887
  },
  {
    "avg_only_violated_deadline": 0.007855405148050913,
    "avg_deadline_violation": 0.004158743901909307,
    "max_deadline_violation": 0.011010996993190456,
    "overall_cost": 221.48059744983362,
    "overall_migration_cost": 0.0,
    "weighted_avg_only_violated_deadline": 0.006317465848238701,
    "weighted_avg_deadline_violation": 0.005913511271933269,
    "deadline_satisfaction": 0.47058823529411764,
    "weighted_migration_rate": 0.0,
    "weighted_overall_response_time": 2678.802418688193,
    "avg_unavailability": 0.0097179245707364,
    "avg_cost": 4.614179113538201,
    "elapsed_time": 223.5599967762828,
    "weighted_deadline_satisfaction": 0.06394250258084974,
    "overall_response_time": 21.469651493830753,
    "avg_response_time": 0.21048677935128166,
    "overall_power_consumption": 870.0014580025903,
    "overall_deadline_violation": 0.4241918779947494,
    "avg_migration_cost": 0.0,
    "time": 55800.0,
    "opt": "ClusterLLGAOptimizer",
    "weighted_avg_response_time": 0.03924123181211428,
    "max_migration_cost": 0.0,
    "weighted_overall_deadline_violation": 403.6858061449636,
    "valid": true,
    "max_cost": 57.024300758887705,
    "migration_rate": 0.0,
    "max_response_time": 0.7109877294015221
  },
  {
    "avg_only_violated_deadline": 0.008195469429124311,
    "avg_deadline_violation": 0.004799148764802525,
    "max_deadline_violation": 0.011010999207158007,
    "overall_cost": 246.74736470092984,
    "overall_migration_cost": 1.5485473734698165,
    "weighted_avg_only_violated_deadline": 0.0063237797609713275,
    "weighted_avg_deadline_violation": 0.005987240591433367,
    "deadline_satisfaction": 0.4144144144144144,
    "weighted_migration_rate": 0.00013606042692435098,
    "weighted_overall_response_time": 2738.598698825024,
    "avg_unavailability": 0.009717924570777093,
    "avg_cost": 5.249943929807018,
    "elapsed_time": 271.0867361277342,
    "weighted_deadline_satisfaction": 0.053218040832950696,
    "overall_response_time": 24.4041792293552,
    "avg_response_time": 0.21985747053473154,
    "overall_power_consumption": 882.3292925018343,
    "overall_deadline_violation": 0.5327055128930803,
    "avg_migration_cost": 1.5485473734698165,
    "time": 57600.0,
    "opt": "ClusterLLGAOptimizer",
    "weighted_avg_response_time": 0.037101577380049044,
    "max_migration_cost": 1.5485473734698165,
    "weighted_overall_deadline_violation": 441.93941204421395,
    "valid": true,
    "max_cost": 71.00882091597623,
    "migration_rate": 0.02127659574468085,
    "max_response_time": 0.7109861794881569
  },
  {
    "avg_only_violated_deadline": 0.008211689478745229,
    "avg_deadline_violation": 0.00463808387225425,
    "max_deadline_violation": 0.011010999769441525,
    "overall_cost": 236.24569530380236,
    "overall_migration_cost": 0.0,
    "weighted_avg_only_violated_deadline": 0.006297372467429713,
    "weighted_avg_deadline_violation": 0.0059078490723531015,
    "deadline_satisfaction": 0.4351851851851852,
    "weighted_migration_rate": 0.0,
    "weighted_overall_response_time": 2756.1320341196174,
    "avg_unavailability": 0.009717924570777093,
    "avg_cost": 5.0265041554000485,
    "elapsed_time": 224.54905737936497,
    "weighted_deadline_satisfaction": 0.06185490807336638,
    "overall_response_time": 24.3063655600102,
    "avg_response_time": 0.2250589403704647,
    "overall_power_consumption": 888.0502492002748,
    "overall_deadline_violation": 0.500913058203459,
    "avg_migration_cost": 0.0,
    "time": 59400.0,
    "opt": "ClusterLLGAOptimizer",
    "weighted_avg_response_time": 0.038801378043040326,
    "max_migration_cost": 0.0,
    "weighted_overall_deadline_violation": 419.6452008223673,
    "valid": true,
    "max_cost": 59.05447439717786,
    "migration_rate": 0.0,
    "max_response_time": 0.7109847183539622
  },
  {
    "avg_only_violated_deadline": 0.007951793517849727,
    "avg_deadline_violation": 0.004501015198782864,
    "max_deadline_violation": 0.011010999730286762,
    "overall_cost": 240.74608858201037,
    "overall_migration_cost": 5.917255125589843,
    "weighted_avg_only_violated_deadline": 0.006298024008729203,
    "weighted_avg_deadline_violation": 0.005932565767830588,
    "deadline_satisfaction": 0.4339622641509434,
    "weighted_migration_rate": 0.0008389695433450778,
    "weighted_overall_response_time": 2807.5745014336126,
    "avg_unavailability": 0.0097179245707364,
    "avg_cost": 5.015543512125215,
    "elapsed_time": 276.90974393486977,
    "weighted_deadline_satisfaction": 0.058027444860814,
    "overall_response_time": 22.358579136066513,
    "avg_response_time": 0.21092999184968428,
    "overall_power_consumption": 884.2999763846082,
    "overall_deadline_violation": 0.47710761107098376,
    "avg_migration_cost": 2.9586275627949217,
    "time": 61200.0,
    "opt": "ClusterLLGAOptimizer",
    "weighted_avg_response_time": 0.03923758293038523,
    "max_migration_cost": 3.14143856031636,
    "weighted_overall_deadline_violation": 424.49404713308,
    "valid": true,
    "max_cost": 70.46881313644026,
    "migration_rate": 0.041666666666666664,
    "max_response_time": 0.7109838597219588
  },
  {
    "avg_only_violated_deadline": 0.008256666664587327,
    "avg_deadline_violation": 0.004517798741000612,
    "max_deadline_violation": 0.011010999817142812,
    "overall_cost": 245.89866461663962,
    "overall_migration_cost": 0.0,
    "weighted_avg_only_violated_deadline": 0.006285662308864964,
    "weighted_avg_deadline_violation": 0.005934255573577104,
    "deadline_satisfaction": 0.4528301886792453,
    "weighted_migration_rate": 0.0,
    "weighted_overall_response_time": 2703.444193505423,
    "avg_unavailability": 0.0097179245707364,
    "avg_cost": 5.1228888461799915,
    "elapsed_time": 229.789526514709,
    "weighted_deadline_satisfaction": 0.05590607926745541,
    "overall_response_time": 24.644347054501868,
    "avg_response_time": 0.2324938401368101,
    "overall_power_consumption": 879.8858828132392,
    "overall_deadline_violation": 0.47888666654606526,
    "avg_migration_cost": 0.0,
    "time": 63000.0,
    "opt": "ClusterLLGAOptimizer",
    "weighted_avg_response_time": 0.036929108771950186,
    "max_migration_cost": 0.0,
    "weighted_overall_deadline_violation": 434.42501881739844,
    "valid": true,
    "max_cost": 77.26820811033203,
    "migration_rate": 0.0,
    "max_response_time": 0.7109835235351191
  },
  {
    "avg_only_violated_deadline": 0.007779177629020389,
    "avg_deadline_violation": 0.004519331765430891,
    "max_deadline_violation": 0.011010990218626358,
    "overall_cost": 244.91955618927972,
    "overall_migration_cost": 10.169691499539931,
    "weighted_avg_only_violated_deadline": 0.006175404412930099,
    "weighted_avg_deadline_violation": 0.005966802942022889,
    "deadline_satisfaction": 0.41904761904761906,
    "weighted_migration_rate": 0.001366797668318832,
    "weighted_overall_response_time": 2528.1835197532787,
    "avg_unavailability": 0.0097179245707364,
    "avg_cost": 5.102490753943329,
    "elapsed_time": 283.1767375022173,
    "weighted_deadline_satisfaction": 0.033779402442119716,
    "overall_response_time": 22.91947460350154,
    "avg_response_time": 0.2182807105095382,
    "overall_power_consumption": 844.1371134488784,
    "overall_deadline_violation": 0.4745298353702439,
    "avg_migration_cost": 3.3898971665133106,
    "time": 64800.0,
    "opt": "ClusterLLGAOptimizer",
    "weighted_avg_response_time": 0.03384034375562676,
    "max_migration_cost": 3.964572145068054,
    "weighted_overall_deadline_violation": 445.77481164414513,
    "valid": true,
    "max_cost": 85.59718102234683,
    "migration_rate": 0.0625,
    "max_response_time": 0.710985500474028
  },
  {
    "avg_only_violated_deadline": 0.008220776111042181,
    "avg_deadline_violation": 0.0045329513135653155,
    "max_deadline_violation": 0.011010994549561982,
    "overall_cost": 252.257784896283,
    "overall_migration_cost": 0.0,
    "weighted_avg_only_violated_deadline": 0.0061899756946566286,
    "weighted_avg_deadline_violation": 0.005903088763921074,
    "deadline_satisfaction": 0.4485981308411215,
    "weighted_migration_rate": 0.0,
    "weighted_overall_response_time": 2663.208872773264,
    "avg_unavailability": 0.0097179245707364,
    "avg_cost": 5.255370518672563,
    "elapsed_time": 233.2190414816141,
    "weighted_deadline_satisfaction": 0.04634702055182609,
    "overall_response_time": 23.250514541585062,
    "avg_response_time": 0.21729452842602873,
    "overall_power_consumption": 883.7388093347158,
    "overall_deadline_violation": 0.48502579055148864,
    "avg_migration_cost": 0.0,
    "time": 66600.0,
    "opt": "ClusterLLGAOptimizer",
    "weighted_avg_response_time": 0.036144181793171734,
    "max_migration_cost": 0.0,
    "weighted_overall_deadline_violation": 434.956819960793,
    "valid": true,
    "max_cost": 78.15685011134109,
    "migration_rate": 0.0,
    "max_response_time": 0.7109823813260124
  },
  {
    "avg_only_violated_deadline": 0.00793216753960157,
    "avg_deadline_violation": 0.004712178736396972,
    "max_deadline_violation": 0.011010996084965613,
    "overall_cost": 194.3090142059619,
    "overall_migration_cost": 163.67561098627033,
    "weighted_avg_only_violated_deadline": 0.006236205692615385,
    "weighted_avg_deadline_violation": 0.006001279458877025,
    "deadline_satisfaction": 0.40594059405940597,
    "weighted_migration_rate": 0.005982795614386903,
    "weighted_overall_response_time": 2365.012834417635,
    "avg_unavailability": 0.009717924572142655,
    "avg_cost": 4.224109004477432,
    "elapsed_time": 280.9224496856332,
    "weighted_deadline_satisfaction": 0.03767134140821373,
    "overall_response_time": 22.70883607376976,
    "avg_response_time": 0.22483996112643312,
    "overall_power_consumption": 843.6798579741416,
    "overall_deadline_violation": 0.4759300523760941,
    "avg_migration_cost": 32.735122197254064,
    "time": 68400.0,
    "opt": "ClusterLLGAOptimizer",
    "weighted_avg_response_time": 0.0393834207047868,
    "max_migration_cost": 142.83885160995936,
    "weighted_overall_deadline_violation": 360.38268614503585,
    "valid": true,
    "max_cost": 55.032392350747486,
    "migration_rate": 0.10869565217391304,
    "max_response_time": 0.7109809319179694
  },
  {
    "avg_only_violated_deadline": 0.008512823859987643,
    "avg_deadline_violation": 0.004965813918326124,
    "max_deadline_violation": 0.011010998522060375,
    "overall_cost": 211.76537174186439,
    "overall_migration_cost": 0.0,
    "weighted_avg_only_violated_deadline": 0.006266500051041622,
    "weighted_avg_deadline_violation": 0.005956216509802475,
    "deadline_satisfaction": 0.4166666666666667,
    "weighted_migration_rate": 0.0,
    "weighted_overall_response_time": 2490.4785262105065,
    "avg_unavailability": 0.009717924572142655,
    "avg_cost": 4.603595037866618,
    "elapsed_time": 230.82400269806385,
    "weighted_deadline_satisfaction": 0.04951464752442981,
    "overall_response_time": 25.170793982885655,
    "avg_response_time": 0.23306290724894121,
    "overall_power_consumption": 848.2797017579509,
    "overall_deadline_violation": 0.5363079031792213,
    "avg_migration_cost": 0.0,
    "time": 70200.0,
    "opt": "ClusterLLGAOptimizer",
    "weighted_avg_response_time": 0.03916372375006496,
    "max_migration_cost": 0.0,
    "weighted_overall_deadline_violation": 378.76452734142674,
    "valid": true,
    "max_cost": 64.37723307709679,
    "migration_rate": 0.0,
    "max_response_time": 0.7109827692571676
  },
  {
    "avg_only_violated_deadline": 0.008050320873114495,
    "avg_deadline_violation": 0.004890381838807871,
    "max_deadline_violation": 0.011010982671405989,
    "overall_cost": 200.62570852922062,
    "overall_migration_cost": 6.658206487910365,
    "weighted_avg_only_violated_deadline": 0.0063941704778377835,
    "weighted_avg_deadline_violation": 0.006150637642272547,
    "deadline_satisfaction": 0.3925233644859813,
    "weighted_migration_rate": 0.000933271375853396,
    "weighted_overall_response_time": 2406.355463360734,
    "avg_unavailability": 0.009737621827934514,
    "avg_cost": 4.3614284462874044,
    "elapsed_time": 281.82692635059357,
    "weighted_deadline_satisfaction": 0.038086697314268204,
    "overall_response_time": 25.352179410360442,
    "avg_response_time": 0.23693625617159295,
    "overall_power_consumption": 810.9993610144875,
    "overall_deadline_violation": 0.5232708567524421,
    "avg_migration_cost": 2.219402162636788,
    "time": 72000.0,
    "opt": "ClusterLLGAOptimizer",
    "weighted_avg_response_time": 0.038690472285793163,
    "max_migration_cost": 2.460345016002032,
    "weighted_overall_deadline_violation": 382.5391529032691,
    "valid": true,
    "max_cost": 77.69644686515825,
    "migration_rate": 0.06521739130434782,
    "max_response_time": 0.7109987020761807
  },
  {
    "avg_only_violated_deadline": 0.008250589034512973,
    "avg_deadline_violation": 0.004680622625348707,
    "max_deadline_violation": 0.011010987651421007,
    "overall_cost": 233.00268790797895,
    "overall_migration_cost": 0.0,
    "weighted_avg_only_violated_deadline": 0.006235060667166716,
    "weighted_avg_deadline_violation": 0.0060134611441902425,
    "deadline_satisfaction": 0.4326923076923077,
    "weighted_migration_rate": 0.0,
    "weighted_overall_response_time": 2539.9190109053498,
    "avg_unavailability": 0.009737621827934514,
    "avg_cost": 5.065275824086498,
    "elapsed_time": 228.21573411673307,
    "weighted_deadline_satisfaction": 0.035540876794254044,
    "overall_response_time": 22.509707806517223,
    "avg_response_time": 0.2164394981395887,
    "overall_power_consumption": 818.1690068111751,
    "overall_deadline_violation": 0.4867847530362651,
    "avg_migration_cost": 0.0,
    "time": 73800.0,
    "opt": "ClusterLLGAOptimizer",
    "weighted_avg_response_time": 0.034708222226817506,
    "max_migration_cost": 0.0,
    "weighted_overall_deadline_violation": 440.0601154866447,
    "valid": true,
    "max_cost": 82.12406564210615,
    "migration_rate": 0.0,
    "max_response_time": 0.7109970272267163
  },
  {
    "avg_only_violated_deadline": 0.008111197509364608,
    "avg_deadline_violation": 0.0046795370246334265,
    "max_deadline_violation": 0.011010987251254524,
    "overall_cost": 207.0501216030187,
    "overall_migration_cost": 2.3893999219639652,
    "weighted_avg_only_violated_deadline": 0.006281544666110625,
    "weighted_avg_deadline_violation": 0.006032769358583617,
    "deadline_satisfaction": 0.4230769230769231,
    "weighted_migration_rate": 0.00044419596383099026,
    "weighted_overall_response_time": 2486.732650316851,
    "avg_unavailability": 0.009737621827934514,
    "avg_cost": 4.501089600065623,
    "elapsed_time": 279.1098874658346,
    "weighted_deadline_satisfaction": 0.03960416119766945,
    "overall_response_time": 22.295592734257223,
    "avg_response_time": 0.21438069936785784,
    "overall_power_consumption": 816.6158459891122,
    "overall_deadline_violation": 0.4866718505618766,
    "avg_migration_cost": 2.3893999219639652,
    "time": 75600.0,
    "opt": "ClusterLLGAOptimizer",
    "weighted_avg_response_time": 0.0374053028003563,
    "max_migration_cost": 2.3893999219639652,
    "weighted_overall_deadline_violation": 401.06304220796267,
    "valid": true,
    "max_cost": 67.31917034271225,
    "migration_rate": 0.021739130434782608,
    "max_response_time": 0.710999324629915
  },
  {
    "avg_only_violated_deadline": 0.008383408209173987,
    "avg_deadline_violation": 0.004857675784755022,
    "max_deadline_violation": 0.01101098875218718,
    "overall_cost": 208.17868813487092,
    "overall_migration_cost": 0.0,
    "weighted_avg_only_violated_deadline": 0.006312305402099032,
    "weighted_avg_deadline_violation": 0.006073741208624776,
    "deadline_satisfaction": 0.4205607476635514,
    "weighted_migration_rate": 0.0,
    "weighted_overall_response_time": 2420.1060369810502,
    "avg_unavailability": 0.009737621827934514,
    "avg_cost": 4.52562365510589,
    "elapsed_time": 231.1699013337493,
    "weighted_deadline_satisfaction": 0.03779351255643073,
    "overall_response_time": 23.762685859152313,
    "avg_response_time": 0.22208117625375995,
    "overall_power_consumption": 809.7735755880044,
    "overall_deadline_violation": 0.5197713089687872,
    "avg_migration_cost": 0.0,
    "time": 77400.0,
    "opt": "ClusterLLGAOptimizer",
    "weighted_avg_response_time": 0.03656491917319303,
    "max_migration_cost": 0.0,
    "weighted_overall_deadline_violation": 402.0000070676982,
    "valid": true,
    "max_cost": 75.09108877391965,
    "migration_rate": 0.0,
    "max_response_time": 0.7109928059575876
  },
  {
    "avg_only_violated_deadline": 0.007935362261181531,
    "avg_deadline_violation": 0.004654395172423783,
    "max_deadline_violation": 0.01101098620252252,
    "overall_cost": 210.68110339564888,
    "overall_migration_cost": 7.127368535075163,
    "weighted_avg_only_violated_deadline": 0.006180894651278994,
    "weighted_avg_deadline_violation": 0.005953459329836983,
    "deadline_satisfaction": 0.41346153846153844,
    "weighted_migration_rate": 0.0010437372021252084,
    "weighted_overall_response_time": 2493.9965295161123,
    "avg_unavailability": 0.009737621650237399,
    "avg_cost": 4.482576667992529,
    "elapsed_time": 279.9731474220753,
    "weighted_deadline_satisfaction": 0.03679650508117767,
    "overall_response_time": 23.03700839090282,
    "avg_response_time": 0.22150969606637327,
    "overall_power_consumption": 812.5594658905018,
    "overall_deadline_violation": 0.4840570979320735,
    "avg_migration_cost": 2.375789511691721,
    "time": 79200.0,
    "opt": "ClusterLLGAOptimizer",
    "weighted_avg_response_time": 0.03689521607548231,
    "max_migration_cost": 3.229488951247508,
    "weighted_overall_deadline_violation": 402.43447488834505,
    "valid": true,
    "max_cost": 68.6736184769837,
    "migration_rate": 0.06382978723404255,
    "max_response_time": 0.7109902565198041
  },
  {
    "avg_only_violated_deadline": 0.008259559394133397,
    "avg_deadline_violation": 0.004570824130734014,
    "max_deadline_violation": 0.011010991004303729,
    "overall_cost": 216.5737245787691,
    "overall_migration_cost": 0.0,
    "weighted_avg_only_violated_deadline": 0.006100553564367201,
    "weighted_avg_deadline_violation": 0.005820183396102384,
    "deadline_satisfaction": 0.44660194174757284,
    "weighted_migration_rate": 0.0,
    "weighted_overall_response_time": 2519.5391031539853,
    "avg_unavailability": 0.009737621650237399,
    "avg_cost": 4.607951586782323,
    "elapsed_time": 227.02094583958387,
    "weighted_deadline_satisfaction": 0.04595815204417408,
    "overall_response_time": 22.603698563392328,
    "avg_response_time": 0.21945338411060494,
    "overall_power_consumption": 832.9936004179697,
    "overall_deadline_violation": 0.4707948854656036,
    "avg_migration_cost": 0.0,
    "time": 81000.0,
    "opt": "ClusterLLGAOptimizer",
    "weighted_avg_response_time": 0.03798140918381554,
    "max_migration_cost": 0.0,
    "weighted_overall_deadline_violation": 386.0883513573307,
    "valid": true,
    "max_cost": 64.76645335997854,
    "migration_rate": 0.0,
    "max_response_time": 0.710990464737075
  },
  {
    "avg_only_violated_deadline": 0.008155783486545219,
    "avg_deadline_violation": 0.00471756103633498,
    "max_deadline_violation": 0.011010996742597194,
    "overall_cost": 217.55760518985647,
    "overall_migration_cost": 9.589501501435606,
    "weighted_avg_only_violated_deadline": 0.00627654314995653,
    "weighted_avg_deadline_violation": 0.006097243580178205,
    "deadline_satisfaction": 0.4215686274509804,
    "weighted_migration_rate": 0.0005757910820223439,
    "weighted_overall_response_time": 2530.9843721331754,
    "avg_unavailability": 0.009737621650237399,
    "avg_cost": 4.628885216805458,
    "elapsed_time": 273.1361514925957,
    "weighted_deadline_satisfaction": 0.028566611508050677,
    "overall_response_time": 23.574523132950986,
    "avg_response_time": 0.23112277581324492,
    "overall_power_consumption": 813.7220758148391,
    "overall_deadline_violation": 0.48119122570616807,
    "avg_migration_cost": 3.196500500478536,
    "time": 82800.0,
    "opt": "ClusterLLGAOptimizer",
    "weighted_avg_response_time": 0.03657213330263011,
    "max_migration_cost": 5.933407440986802,
    "weighted_overall_deadline_violation": 421.9613902974199,
    "valid": true,
    "max_cost": 68.41785029089073,
    "migration_rate": 0.06382978723404255,
    "max_response_time": 0.7109950551596075
  },
  {
    "avg_only_violated_deadline": 0.008148972324923778,
    "avg_deadline_violation": 0.004509625461365586,
    "max_deadline_violation": 0.011010992998483016,
    "overall_cost": 209.87830711921714,
    "overall_migration_cost": 0.0,
    "weighted_avg_only_violated_deadline": 0.006233051284630458,
    "weighted_avg_deadline_violation": 0.005980026805114497,
    "deadline_satisfaction": 0.44660194174757284,
    "weighted_migration_rate": 0.0,
    "weighted_overall_response_time": 2675.5579212674697,
    "avg_unavailability": 0.009737621650237399,
    "avg_cost": 4.4654958961535565,
    "elapsed_time": 240.46864818036556,
    "weighted_deadline_satisfaction": 0.04059399930494244,
    "overall_response_time": 21.90336795818695,
    "avg_response_time": 0.21265405784647531,
    "overall_power_consumption": 824.2916419965152,
    "overall_deadline_violation": 0.4644914225206552,
    "avg_migration_cost": 0.0,
    "time": 84600.0,
    "opt": "ClusterLLGAOptimizer",
    "weighted_avg_response_time": 0.03966925350433643,
    "max_migration_cost": 0.0,
    "weighted_overall_deadline_violation": 403.33272432431517,
    "valid": true,
    "max_cost": 61.53916505904917,
    "migration_rate": 0.0,
    "max_response_time": 0.7109978640328773
  }
]