[
  {
    "time": 0.0,
    "opt": "ClusterLLGAOptimizer",
    "elapsed_time": 48.66085375798866,
    "valid": true,
    "overall_deadline_violation": 0.42698852492511064,
    "weighted_overall_deadline_violation": 241.48391525417696,
    "max_deadline_violation": 0.01100095000000395,
    "avg_deadline_violation": 0.004641179618751203,
    "avg_only_violated_deadline": 0.00871405152908389,
    "weighted_avg_deadline_violation": 0.003511847509779751,
    "weighted_avg_only_violated_deadline": 0.008694360651646199,
    "deadline_satisfaction": 0.4673913043478261,
    "weighted_deadline_satisfaction": 0.596077543768004,
    "overall_cost": 331.03160807555946,
    "max_cost": 131.8498392754588,
    "avg_cost": 7.881704954179988,
    "overall_migration_cost": 0.0,
    "max_migration_cost": 0.0,
    "avg_migration_cost": 0.0,
    "migration_rate": 0.0,
    "weighted_migration_rate": 0.0,
    "overall_response_time": 17.94462264136948,
    "weighted_overall_response_time": 2877.1325902768663,
    "max_response_time": 0.9109968859071995,
    "avg_response_time": 0.19505024610184235,
    "weighted_avg_response_time": 0.041841506966767666,
    "avg_unavailability": 0.0017680761214247792,
    "overall_power_consumption": 1018.2761524354667
  },
  {
    "time": 1800.0,
    "opt": "ClusterLLGAOptimizer",
    "elapsed_time": 34.519783879979514,
    "valid": true,
    "overall_deadline_violation": 0.5611147383029675,
    "weighted_overall_deadline_violation": 297.43863923494706,
    "max_deadline_violation": 0.01100095000000395,
    "avg_deadline_violation": 0.004965617153123609,
    "avg_only_violated_deadline": 0.008906583147666155,
    "weighted_avg_deadline_violation": 0.0046087119450291215,
    "weighted_avg_only_violated_deadline": 0.008780475609229618,
    "deadline_satisfaction": 0.4424778761061947,
    "weighted_deadline_satisfaction": 0.4751181883376955,
    "overall_cost": 292.00183574384045,
    "max_cost": 98.32383331029148,
    "avg_cost": 6.95242466056763,
    "overall_migration_cost": 0.0,
    "max_migration_cost": 0.0,
    "avg_migration_cost": 0.0,
    "migration_rate": 0.0,
    "weighted_migration_rate": 0.0,
    "overall_response_time": 23.905258568100464,
    "weighted_overall_response_time": 2547.644054412527,
    "max_response_time": 0.9109837952797194,
    "avg_response_time": 0.21155096077965008,
    "weighted_avg_response_time": 0.039474890066246326,
    "avg_unavailability": 0.0017680761214247792,
    "overall_power_consumption": 947.126976567161
  },
  {
    "time": 3600.0,
    "opt": "ClusterLLGAOptimizer",
    "elapsed_time": 76.94835241395049,
    "valid": true,
    "overall_deadline_violation": 0.5406857489682142,
    "weighted_overall_deadline_violation": 216.90190996653433,
    "max_deadline_violation": 0.010997797679822507,
    "avg_deadline_violation": 0.004661084042829434,
    "avg_only_violated_deadline": 0.007836025347365423,
    "weighted_avg_deadline_violation": 0.004366273119339458,
    "weighted_avg_only_violated_deadline": 0.007652177532206691,
    "deadline_satisfaction": 0.4051724137931034,
    "weighted_deadline_satisfaction": 0.42940775995295855,
    "overall_cost": 263.7308753678318,
    "max_cost": 66.42922196266258,
    "avg_cost": 6.279306556376948,
    "overall_migration_cost": 12.251224299736473,
    "max_migration_cost": 2.7368870010605457,
    "avg_migration_cost": 2.0418707166227454,
    "migration_rate": 0.14285714285714285,
    "weighted_migration_rate": 0.00305841690257345,
    "overall_response_time": 24.22556001777614,
    "weighted_overall_response_time": 1691.5398936581328,
    "max_response_time": 0.9109940200815242,
    "avg_response_time": 0.20884103463600104,
    "weighted_avg_response_time": 0.03405099184746399,
    "avg_unavailability": 0.0036774023087961343,
    "overall_power_consumption": 1095.123930221844
  },
  {
    "time": 5400.0,
    "opt": "ClusterLLGAOptimizer",
    "elapsed_time": 61.27337847603485,
    "valid": true,
    "overall_deadline_violation": 0.4969953843426969,
    "weighted_overall_deadline_violation": 222.8456002668646,
    "max_deadline_violation": 0.010996717901328334,
    "avg_deadline_violation": 0.004518139857660882,
    "avg_only_violated_deadline": 0.008147465317093396,
    "weighted_avg_deadline_violation": 0.003218990148183648,
    "weighted_avg_only_violated_deadline": 0.008180323730880025,
    "deadline_satisfaction": 0.44545454545454544,
    "weighted_deadline_satisfaction": 0.6064959952584473,
    "overall_cost": 332.9149131519309,
    "max_cost": 131.47225356014354,
    "avg_cost": 8.1198759305349,
    "overall_migration_cost": 2.6163169641654793,
    "max_migration_cost": 1.507001758197694,
    "avg_migration_cost": 1.3081584820827397,
    "migration_rate": 0.04878048780487805,
    "weighted_migration_rate": 0.000514046752560648,
    "overall_response_time": 21.682299081111356,
    "weighted_overall_response_time": 2956.0099560698936,
    "max_response_time": 0.91099184238161,
    "avg_response_time": 0.19711180982828497,
    "weighted_avg_response_time": 0.042699370842981955,
    "avg_unavailability": 0.003677409996557985,
    "overall_power_consumption": 1049.2065064206745
  },
  {
    "time": 7200.0,
    "opt": "ClusterLLGAOptimizer",
    "elapsed_time": 82.48919232899789,
    "valid": true,
    "overall_deadline_violation": 0.5314563560009962,
    "weighted_overall_deadline_violation": 279.0176029787178,
    "max_deadline_violation": 0.011000949081246936,
    "avg_deadline_violation": 0.00487574638533024,
    "avg_only_violated_deadline": 0.008052369030318123,
    "weighted_avg_deadline_violation": 0.0042677957509543885,
    "weighted_avg_only_violated_deadline": 0.008451884699167135,
    "deadline_satisfaction": 0.3944954128440367,
    "weighted_deadline_satisfaction": 0.49504803924088747,
    "overall_cost": 307.82111193641146,
    "max_cost": 101.59968187057879,
    "avg_cost": 6.995934362191171,
    "overall_migration_cost": 332.9947864044865,
    "max_migration_cost": 139.92343338403919,
    "avg_migration_cost": 30.272253309498772,
    "migration_rate": 0.25,
    "weighted_migration_rate": 0.010391372586851534,
    "overall_response_time": 20.98991887196742,
    "weighted_overall_response_time": 2631.1139185518236,
    "max_response_time": 0.9109876185705857,
    "avg_response_time": 0.19256806304557264,
    "weighted_avg_response_time": 0.0402449762380366,
    "avg_unavailability": 0.0036774014714388865,
    "overall_power_consumption": 1029.9545854604387
  },
  {
    "time": 9000.0,
    "opt": "ClusterLLGAOptimizer",
    "elapsed_time": 64.55911064904649,
    "valid": true,
    "overall_deadline_violation": 0.5542960388450344,
    "weighted_overall_deadline_violation": 265.04692444862536,
    "max_deadline_violation": 0.011000323315190463,
    "avg_deadline_violation": 0.004862245954781004,
    "avg_only_violated_deadline": 0.008660875606953663,
    "weighted_avg_deadline_violation": 0.004405104247865923,
    "weighted_avg_only_violated_deadline": 0.008419415659640507,
    "deadline_satisfaction": 0.43859649122807015,
    "weighted_deadline_satisfaction": 0.4767921639761386,
    "overall_cost": 311.6966466078532,
    "max_cost": 78.79989741419347,
    "avg_cost": 7.792416165196332,
    "overall_migration_cost": 0.0,
    "max_migration_cost": 0.0,
    "avg_migration_cost": 0.0,
    "migration_rate": 0.0,
    "weighted_migration_rate": 0.0,
    "overall_response_time": 22.541926906340883,
    "weighted_overall_response_time": 2213.4367116282474,
    "max_response_time": 0.9109843984242708,
    "avg_response_time": 0.19773620093281472,
    "weighted_avg_response_time": 0.03678752160984203,
    "avg_unavailability": 0.0036774435030565576,
    "overall_power_consumption": 1121.5618668573559
  },
  {
    "time": 10800.0,
    "opt": "ClusterLLGAOptimizer",
    "elapsed_time": 76.4727672059089,
    "valid": true,
    "overall_deadline_violation": 0.4550644677231944,
    "weighted_overall_deadline_violation": 283.2919039846677,
    "max_deadline_violation": 0.011000949879904909,
    "avg_deadline_violation": 0.004213559886325875,
    "avg_only_violated_deadline": 0.007845939098675769,
    "weighted_avg_deadline_violation": 0.00456146110322986,
    "weighted_avg_only_violated_deadline": 0.008420806558696457,
    "deadline_satisfaction": 0.46296296296296297,
    "weighted_deadline_satisfaction": 0.45831066520355096,
    "overall_cost": 334.0430535628295,
    "max_cost": 99.9597039476368,
    "avg_cost": 7.261805512235422,
    "overall_migration_cost": 1784.7588048590098,
    "max_migration_cost": 1774.0886666640986,
    "avg_migration_cost": 254.9655435512871,
    "migration_rate": 0.15217391304347827,
    "weighted_migration_rate": 0.004716871707270773,
    "overall_response_time": 22.13050917219196,
    "weighted_overall_response_time": 2180.6388443350106,
    "max_response_time": 0.9109888967197987,
    "avg_response_time": 0.20491212196474035,
    "weighted_avg_response_time": 0.035111837397106146,
    "avg_unavailability": 0.0016869109769793711,
    "overall_power_consumption": 1145.539399272772
  },
  {
    "time": 12600.0,
    "opt": "ClusterLLGAOptimizer",
    "elapsed_time": 60.796436653938144,
    "valid": true,
    "overall_deadline_violation": 0.47201515657585164,
    "weighted_overall_deadline_violation": 277.93304493973426,
    "max_deadline_violation": 0.01100095000000395,
    "avg_deadline_violation": 0.004214421040855817,
    "avg_only_violated_deadline": 0.008428842081711635,
    "weighted_avg_deadline_violation": 0.004342467661866021,
    "weighted_avg_only_violated_deadline": 0.00878355554554921,
    "deadline_satisfaction": 0.5,
    "weighted_deadline_satisfaction": 0.5056139123448217,
    "overall_cost": 332.7557232896714,
    "max_cost": 94.3629169579508,
    "avg_cost": 7.233820071514595,
    "overall_migration_cost": 0.0,
    "max_migration_cost": 0.0,
    "avg_migration_cost": 0.0,
    "migration_rate": 0.0,
    "weighted_migration_rate": 0.0,
    "overall_response_time": 21.974132407987046,
    "weighted_overall_response_time": 2406.6506887075257,
    "max_response_time": 0.9109932381160752,
    "avg_response_time": 0.1961976107855985,
    "weighted_avg_response_time": 0.03760187203139562,
    "avg_unavailability": 0.0016869109769793711,
    "overall_power_consumption": 1105.130456089869
  },
  {
    "time": 14400.0,
    "opt": "ClusterLLGAOptimizer",
    "elapsed_time": 72.2839131099172,
    "valid": true,
    "overall_deadline_violation": 0.49820037181604593,
    "weighted_overall_deadline_violation": 311.80991595647384,
    "max_deadline_violation": 0.01099683221091119,
    "avg_deadline_violation": 0.00452909428923678,
    "avg_only_violated_deadline": 0.008589661583035273,
    "weighted_avg_deadline_violation": 0.004684469914980742,
    "weighted_avg_only_violated_deadline": 0.00893507919877907,
    "deadline_satisfaction": 0.4727272727272727,
    "weighted_deadline_satisfaction": 0.4757215005300848,
    "overall_cost": 328.50311831270665,
    "max_cost": 90.55843647940155,
    "avg_cost": 7.821502816969207,
    "overall_migration_cost": 1.6310129206551474,
    "max_migration_cost": 1.6310129206551474,
    "avg_migration_cost": 1.6310129206551474,
    "migration_rate": 0.023809523809523808,
    "weighted_migration_rate": 0.0002133157328891321,
    "overall_response_time": 22.644822402407907,
    "weighted_overall_response_time": 2457.184859821521,
    "max_response_time": 0.9109968322109112,
    "avg_response_time": 0.205862021840072,
    "weighted_avg_response_time": 0.03691546664278268,
    "avg_unavailability": 0.003639304362461995,
    "overall_power_consumption": 1083.4818759695102
  },
  {
    "time": 16200.0,
    "opt": "ClusterLLGAOptimizer",
    "elapsed_time": 74.15969533799216,
    "valid": true,
    "overall_deadline_violation": 0.5272783276577238,
    "weighted_overall_deadline_violation": 390.12549062997647,
    "max_deadline_violation": 0.011000950000004006,
    "avg_deadline_violation": 0.004750255204123639,
    "avg_only_violated_deadline": 0.008787972127628734,
    "weighted_avg_deadline_violation": 0.004589063135170014,
    "weighted_avg_only_violated_deadline": 0.008686735711095883,
    "deadline_satisfaction": 0.4594594594594595,
    "weighted_deadline_satisfaction": 0.4717160406632103,
    "overall_cost": 411.01942138235825,
    "max_cost": 137.06132682283294,
    "avg_cost": 9.78617669957996,
    "overall_migration_cost": 1.0482114967857408,
    "max_migration_cost": 1.0482114967857408,
    "avg_migration_cost": 1.0482114967857408,
    "migration_rate": 0.023809523809523808,
    "weighted_migration_rate": 0.0001696458610542385,
    "overall_response_time": 22.40178742131302,
    "weighted_overall_response_time": 3153.5426599397006,
    "max_response_time": 0.9109888403333373,
    "avg_response_time": 0.20181790469651356,
    "weighted_avg_response_time": 0.03709525963695969,
    "avg_unavailability": 0.003639304362461995,
    "overall_power_consumption": 1098.431887672472
  },
  {
    "time": 18000.0,
    "opt": "ClusterLLGAOptimizer",
    "elapsed_time": 90.6778249910567,
    "valid": true,
    "overall_deadline_violation": 0.5306311487405537,
    "weighted_overall_deadline_violation": 322.8133071946109,
    "max_deadline_violation": 0.01099986734385483,
    "avg_deadline_violation": 0.004959169614397699,
    "avg_only_violated_deadline": 0.00855856691517022,
    "weighted_avg_deadline_violation": 0.004379256975859125,
    "weighted_avg_only_violated_deadline": 0.00862004579092823,
    "deadline_satisfaction": 0.4205607476635514,
    "weighted_deadline_satisfaction": 0.4919682467965689,
    "overall_cost": 363.9849800016628,
    "max_cost": 106.63739244262221,
    "avg_cost": 9.33294820517084,
    "overall_migration_cost": 3021.5415454619733,
    "max_migration_cost": 2978.6862186721473,
    "avg_migration_cost": 755.3853863654934,
    "migration_rate": 0.10256410256410256,
    "weighted_migration_rate": 0.0028220818379088687,
    "overall_response_time": 19.5378557927036,
    "weighted_overall_response_time": 2728.82128757456,
    "max_response_time": 0.9109919083930648,
    "avg_response_time": 0.18259678310937952,
    "weighted_avg_response_time": 0.037018949941488875,
    "avg_unavailability": 0.0017274990095492025,
    "overall_power_consumption": 1103.6720209739665
  },
  {
    "time": 19800.0,
    "opt": "ClusterLLGAOptimizer",
    "elapsed_time": 75.2319767450681,
    "valid": true,
    "overall_deadline_violation": 0.5432147457764983,
    "weighted_overall_deadline_violation": 328.4012595788478,
    "max_deadline_violation": 0.010999924681229512,
    "avg_deadline_violation": 0.0048938265385270125,
    "avg_only_violated_deadline": 0.008622456282166641,
    "weighted_avg_deadline_violation": 0.0040437972616463105,
    "weighted_avg_only_violated_deadline": 0.008504002358127996,
    "deadline_satisfaction": 0.43243243243243246,
    "weighted_deadline_satisfaction": 0.5244830502920412,
    "overall_cost": 392.9981747184706,
    "max_cost": 127.29784269484705,
    "avg_cost": 10.342057229433435,
    "overall_migration_cost": 0.0,
    "max_migration_cost": 0.0,
    "avg_migration_cost": 0.0,
    "migration_rate": 0.0,
    "weighted_migration_rate": 0.0,
    "overall_response_time": 22.282558715096222,
    "weighted_overall_response_time": 3129.366363076691,
    "max_response_time": 0.9109927867516818,
    "avg_response_time": 0.20074377220807407,
    "weighted_avg_response_time": 0.0385337228789139,
    "avg_unavailability": 0.0017275066973110528,
    "overall_power_consumption": 1110.263516496143
  },
  {
    "time": 21600.0,
    "opt": "ClusterLLGAOptimizer",
    "elapsed_time": 84.97171863296535,
    "valid": true,
    "overall_deadline_violation": 0.5631707479941712,
    "weighted_overall_deadline_violation": 274.11635023802785,
    "max_deadline_violation": 0.010995338664842702,
    "avg_deadline_violation": 0.005166704110038266,
    "avg_only_violated_deadline": 0.008161894898466247,
    "weighted_avg_deadline_violation": 0.003980720560572613,
    "weighted_avg_only_violated_deadline": 0.00847113785682559,
    "deadline_satisfaction": 0.3669724770642202,
    "weighted_deadline_satisfaction": 0.5300843136007802,
    "overall_cost": 354.93823414324817,
    "max_cost": 107.59393149058162,
    "avg_cost": 10.141092404092802,
    "overall_migration_cost": 38.38997885597024,
    "max_migration_cost": 26.224418671324134,
    "avg_migration_cost": 5.484282693710034,
    "migration_rate": 0.2,
    "weighted_migration_rate": 0.002009144010008506,
    "overall_response_time": 21.95029600422409,
    "weighted_overall_response_time": 2636.224894791097,
    "max_response_time": 0.9109953386648427,
    "avg_response_time": 0.20137886242407416,
    "weighted_avg_response_time": 0.03828328602754195,
    "avg_unavailability": 0.0037413838448267056,
    "overall_power_consumption": 1141.7879384256612
  },
  {
    "time": 23400.0,
    "opt": "ClusterLLGAOptimizer",
    "elapsed_time": 79.7369714769302,
    "valid": true,
    "overall_deadline_violation": 0.6247627271699714,
    "weighted_overall_deadline_violation": 333.64558632252397,
    "max_deadline_violation": 0.01100095000000395,
    "avg_deadline_violation": 0.005250106951008168,
    "avg_only_violated_deadline": 0.00855839352287633,
    "weighted_avg_deadline_violation": 0.004930628446104926,
    "weighted_avg_only_violated_deadline": 0.008570273518391427,
    "deadline_satisfaction": 0.3865546218487395,
    "weighted_deadline_satisfaction": 0.42468248702634603,
    "overall_cost": 343.2753449780345,
    "max_cost": 108.62982763021614,
    "avg_cost": 9.807866999372417,
    "overall_migration_cost": 2.3526277715085935,
    "max_migration_cost": 2.3526277715085935,
    "avg_migration_cost": 2.3526277715085935,
    "migration_rate": 0.02857142857142857,
    "weighted_migration_rate": 0.00022926032444904972,
    "overall_response_time": 23.262396613168423,
    "weighted_overall_response_time": 2313.8268012529174,
    "max_response_time": 0.9109926177265779,
    "avg_response_time": 0.19548232448040684,
    "weighted_avg_response_time": 0.03419382936056369,
    "avg_unavailability": 0.003683341987079804,
    "overall_power_consumption": 1115.5832118607914
  },
  {
    "time": 25200.0,
    "opt": "ClusterLLGAOptimizer",
    "elapsed_time": 96.21646321704611,
    "valid": true,
    "overall_deadline_violation": 0.5573818295992301,
    "weighted_overall_deadline_violation": 369.8092202274211,
    "max_deadline_violation": 0.01100095000000395,
    "avg_deadline_violation": 0.004976623478564551,
    "avg_only_violated_deadline": 0.007850448304214504,
    "weighted_avg_deadline_violation": 0.004766268051621517,
    "weighted_avg_only_violated_deadline": 0.008542289432949985,
    "deadline_satisfaction": 0.36607142857142855,
    "weighted_deadline_satisfaction": 0.4420385671741939,
    "overall_cost": 378.72604028868034,
    "max_cost": 116.6215929895271,
    "avg_cost": 9.468151007217008,
    "overall_migration_cost": 35.79438751923878,
    "max_migration_cost": 17.02222205826599,
    "avg_migration_cost": 3.579438751923878,
    "migration_rate": 0.25,
    "weighted_migration_rate": 0.002776594153935913,
    "overall_response_time": 23.435228961950042,
    "weighted_overall_response_time": 2743.881590023314,
    "max_response_time": 0.910995416333668,
    "avg_response_time": 0.20924311573169677,
    "weighted_avg_response_time": 0.03536438370010883,
    "avg_unavailability": 0.003636864791966534,
    "overall_power_consumption": 1112.8511711103347
  },
  {
    "time": 27000.0,
    "opt": "ClusterLLGAOptimizer",
    "elapsed_time": 73.6990082700504,
    "valid": true,
    "overall_deadline_violation": 0.5187965138092537,
    "weighted_overall_deadline_violation": 348.8817138534211,
    "max_deadline_violation": 0.011000950000004006,
    "avg_deadline_violation": 0.004716331943720488,
    "avg_only_violated_deadline": 0.008504860882118912,
    "weighted_avg_deadline_violation": 0.004755303208579196,
    "weighted_avg_only_violated_deadline": 0.008183365553419215,
    "deadline_satisfaction": 0.44545454545454544,
    "weighted_deadline_satisfaction": 0.4189061728285729,
    "overall_cost": 360.5757278203217,
    "max_cost": 125.7664158863384,
    "avg_cost": 9.245531482572352,
    "overall_migration_cost": 2.9938473407286614,
    "max_migration_cost": 2.9938473407286614,
    "avg_migration_cost": 2.9938473407286614,
    "migration_rate": 0.02564102564102564,
    "weighted_migration_rate": 0.0004147512944490788,
    "overall_response_time": 19.62043700317569,
    "weighted_overall_response_time": 2424.2595229584426,
    "max_response_time": 0.9109987423447229,
    "avg_response_time": 0.1783676091197791,
    "weighted_avg_response_time": 0.033042973105768314,
    "avg_unavailability": 0.003638123643128337,
    "overall_power_consumption": 1094.4811044140306
  },
  {
    "time": 28800.0,
    "opt": "ClusterLLGAOptimizer",
    "elapsed_time": 92.46733430307359,
    "valid": true,
    "overall_deadline_violation": 0.5469105787778542,
    "weighted_overall_deadline_violation": 361.05766634850033,
    "max_deadline_violation": 0.010998080864893123,
    "avg_deadline_violation": 0.005111313820353776,
    "avg_only_violated_deadline": 0.008681120298061179,
    "weighted_avg_deadline_violation": 0.003962329424646912,
    "weighted_avg_only_violated_deadline": 0.008457422321531627,
    "deadline_satisfaction": 0.411214953271028,
    "weighted_deadline_satisfaction": 0.5314967996147861,
    "overall_cost": 433.8668911113492,
    "max_cost": 152.56250395829508,
    "avg_cost": 12.051858086426364,
    "overall_migration_cost": 6.789296499280269,
    "max_migration_cost": 2.891294684468095,
    "avg_migration_cost": 2.263098833093423,
    "migration_rate": 0.08333333333333333,
    "weighted_migration_rate": 0.0006828297083513555,
    "overall_response_time": 18.861707052659682,
    "weighted_overall_response_time": 3546.1571163557196,
    "max_response_time": 0.9109948823501071,
    "avg_response_time": 0.17627763600616522,
    "weighted_avg_response_time": 0.03891633939990889,
    "avg_unavailability": 0.003638132168247435,
    "overall_power_consumption": 1104.3806162866451
  },
  {
    "time": 30600.0,
    "opt": "ClusterLLGAOptimizer",
    "elapsed_time": 77.20996054494753,
    "valid": true,
    "overall_deadline_violation": 0.5861314038069426,
    "weighted_overall_deadline_violation": 382.3623199741617,
    "max_deadline_violation": 0.01099697545640882,
    "avg_deadline_violation": 0.005328467307335845,
    "avg_only_violated_deadline": 0.009158303184483482,
    "weighted_avg_deadline_violation": 0.0046689335566114385,
    "weighted_avg_only_violated_deadline": 0.008539905135527949,
    "deadline_satisfaction": 0.41818181818181815,
    "weighted_deadline_satisfaction": 0.4532803956817261,
    "overall_cost": 382.2405243231746,
    "max_cost": 133.5010796340023,
    "avg_cost": 10.617792342310407,
    "overall_migration_cost": 0.0,
    "max_migration_cost": 0.0,
    "avg_migration_cost": 0.0,
    "migration_rate": 0.0,
    "weighted_migration_rate": 0.0,
    "overall_response_time": 22.19126242016348,
    "weighted_overall_response_time": 3008.3439641629707,
    "max_response_time": 0.9109892303263064,
    "avg_response_time": 0.20173874927421345,
    "weighted_avg_response_time": 0.036734158546425574,
    "avg_unavailability": 0.003638132168247435,
    "overall_power_consumption": 1039.4990526182773
  },
  {
    "time": 32400.0,
    "opt": "ClusterLLGAOptimizer",
    "elapsed_time": 102.23637809697539,
    "valid": true,
    "overall_deadline_violation": 0.5336700597167866,
    "weighted_overall_deadline_violation": 397.5169125599793,
    "max_deadline_violation": 0.011000949138449012,
    "avg_deadline_violation": 0.004987570651558755,
    "avg_only_violated_deadline": 0.007848089113482158,
    "weighted_avg_deadline_violation": 0.004490307313549584,
    "weighted_avg_only_violated_deadline": 0.008451263992298078,
    "deadline_satisfaction": 0.3644859813084112,
    "weighted_deadline_satisfaction": 0.4686821619059878,
    "overall_cost": 424.8871500499664,
    "max_cost": 144.87626676610515,
    "avg_cost": 12.139632858570467,
    "overall_migration_cost": 32.696230627719686,
    "max_migration_cost": 22.401999999999997,
    "avg_migration_cost": 5.449371771286615,
    "migration_rate": 0.17142857142857143,
    "weighted_migration_rate": 0.003205885380442105,
    "overall_response_time": 20.710187937470955,
    "weighted_overall_response_time": 3207.7153274721227,
    "max_response_time": 0.9109917977595443,
    "avg_response_time": 0.19355315829412092,
    "weighted_avg_response_time": 0.036233999459230254,
    "avg_unavailability": 0.0036779176703128917,
    "overall_power_consumption": 1108.6483073938787
  },
  {
    "time": 34200.0,
    "opt": "ClusterLLGAOptimizer",
    "elapsed_time": 86.4579499529209,
    "valid": true,
    "overall_deadline_violation": 0.5323526587839894,
    "weighted_overall_deadline_violation": 371.89673188993476,
    "max_deadline_violation": 0.01100095000000234,
    "avg_deadline_violation": 0.004883969346642106,
    "avg_only_violated_deadline": 0.008318010293499834,
    "weighted_avg_deadline_violation": 0.004251949723737034,
    "weighted_avg_only_violated_deadline": 0.00850702196495733,
    "deadline_satisfaction": 0.41284403669724773,
    "weighted_deadline_satisfaction": 0.500183525885799,
    "overall_cost": 415.3684331982094,
    "max_cost": 139.16516794173734,
    "avg_cost": 10.930748242058144,
    "overall_migration_cost": 6.794597653159542,
    "max_migration_cost": 3.2600277088786784,
    "avg_migration_cost": 2.2648658843865137,
    "migration_rate": 0.07894736842105263,
    "weighted_migration_rate": 0.0005980230867934095,
    "overall_response_time": 21.687643182179812,
    "weighted_overall_response_time": 3353.272938618711,
    "max_response_time": 0.9109923895644572,
    "avg_response_time": 0.19896920350623687,
    "weighted_avg_response_time": 0.03833845990664536,
    "avg_unavailability": 0.003677443586550441,
    "overall_power_consumption": 1066.7919262697824
  },
  {
    "time": 36000.0,
    "opt": "ClusterLLGAOptimizer",
    "elapsed_time": 102.27004844893236,
    "valid": true,
    "overall_deadline_violation": 0.5208615385399133,
    "weighted_overall_deadline_violation": 294.2436479062682,
    "max_deadline_violation": 0.011000950000004006,
    "avg_deadline_violation": 0.00469244629315237,
    "avg_only_violated_deadline": 0.007891841493028986,
    "weighted_avg_deadline_violation": 0.003669154577924942,
    "weighted_avg_only_violated_deadline": 0.008020397640185474,
    "deadline_satisfaction": 0.40540540540540543,
    "weighted_deadline_satisfaction": 0.5425221114298658,
    "overall_cost": 387.71450786316944,
    "max_cost": 134.17586139289477,
    "avg_cost": 9.456451411296811,
    "overall_migration_cost": 12.246744277564929,
    "max_migration_cost": 2.722,
    "avg_migration_cost": 1.74953489679499,
    "migration_rate": 0.17073170731707318,
    "weighted_migration_rate": 0.0016741480521218417,
    "overall_response_time": 21.87016435435001,
    "weighted_overall_response_time": 3171.3210258946992,
    "max_response_time": 0.9109911978327634,
    "avg_response_time": 0.1970285076968471,
    "weighted_avg_response_time": 0.03954568651873787,
    "avg_unavailability": 0.0036774426671691805,
    "overall_power_consumption": 1113.574006466506
  },
  {
    "time": 37800.0,
    "opt": "ClusterLLGAOptimizer",
    "elapsed_time": 97.47148382198066,
    "valid": true,
    "overall_deadline_violation": 0.5415825873915021,
    "weighted_overall_deadline_violation": 399.5647995361,
    "max_deadline_violation": 0.011000950000004006,
    "avg_deadline_violation": 0.00479276626010179,
    "avg_only_violated_deadline": 0.008462227927992224,
    "weighted_avg_deadline_violation": 0.00550275605968378,
    "weighted_avg_only_violated_deadline": 0.008437028104326696,
    "deadline_satisfaction": 0.4336283185840708,
    "weighted_deadline_satisfaction": 0.3477850267131569,
    "overall_cost": 366.0228607263547,
    "max_cost": 151.58414044311115,
    "avg_cost": 8.71483001729416,
    "overall_migration_cost": 5.726306506419061,
    "max_migration_cost": 2.8631532532095303,
    "avg_migration_cost": 2.8631532532095303,
    "migration_rate": 0.047619047619047616,
    "weighted_migration_rate": 0.0007948765310622262,
    "overall_response_time": 23.920537338816917,
    "weighted_overall_response_time": 2273.664980069555,
    "max_response_time": 0.9109872180338784,
    "avg_response_time": 0.2116861711399728,
    "weighted_avg_response_time": 0.03131262754200188,
    "avg_unavailability": 0.00367744266569931,
    "overall_power_consumption": 1100.3563283474446
  },
  {
    "time": 39600.0,
    "opt": "ClusterLLGAOptimizer",
    "elapsed_time": 110.39364551601466,
    "valid": true,
    "overall_deadline_violation": 0.538158869705225,
    "weighted_overall_deadline_violation": 389.4401324914626,
    "max_deadline_violation": 0.011000950000004006,
    "avg_deadline_violation": 0.0049372373367451835,
    "avg_only_violated_deadline": 0.008153922268260982,
    "weighted_avg_deadline_violation": 0.00476645143552014,
    "weighted_avg_only_violated_deadline": 0.008892557354522181,
    "deadline_satisfaction": 0.3944954128440367,
    "weighted_deadline_satisfaction": 0.46399542387025183,
    "overall_cost": 383.2801998790711,
    "max_cost": 131.53019033249703,
    "avg_cost": 10.646672218863088,
    "overall_migration_cost": 5.298819442797221,
    "max_migration_cost": 2.020851752448389,
    "avg_migration_cost": 1.7662731475990736,
    "migration_rate": 0.08333333333333333,
    "weighted_migration_rate": 0.0008028589200218597,
    "overall_response_time": 22.29197601136283,
    "weighted_overall_response_time": 3129.527904203467,
    "max_response_time": 0.910988873838871,
    "avg_response_time": 0.20451354138864983,
    "weighted_avg_response_time": 0.038303044619619316,
    "avg_unavailability": 0.003694441856058897,
    "overall_power_consumption": 1030.285069868848
  },
  {
    "time": 41400.0,
    "opt": "ClusterLLGAOptimizer",
    "elapsed_time": 87.09705055202357,
    "valid": true,
    "overall_deadline_violation": 0.5502917551040253,
    "weighted_overall_deadline_violation": 392.50308306920294,
    "max_deadline_violation": 0.011000789999965788,
    "avg_deadline_violation": 0.004957583379315545,
    "avg_only_violated_deadline": 0.008466027001600393,
    "weighted_avg_deadline_violation": 0.004782429532181453,
    "weighted_avg_only_violated_deadline": 0.008899057383024963,
    "deadline_satisfaction": 0.4144144144144144,
    "weighted_deadline_satisfaction": 0.46259144914561595,
    "overall_cost": 393.78620633762927,
    "max_cost": 133.3300744171413,
    "avg_cost": 10.938505731600813,
    "overall_migration_cost": 0.0,
    "max_migration_cost": 0.0,
    "avg_migration_cost": 0.0,
    "migration_rate": 0.0,
    "weighted_migration_rate": 0.0,
    "overall_response_time": 23.337093043680007,
    "weighted_overall_response_time": 3083.4132371949554,
    "max_response_time": 0.91099016292721,
    "avg_response_time": 0.21024408147459464,
    "weighted_avg_response_time": 0.03756965782324935,
    "avg_unavailability": 0.003694441856058897,
    "overall_power_consumption": 1069.1673846618378
  },
  {
    "time": 43200.0,
    "opt": "ClusterLLGAOptimizer",
    "elapsed_time": 116.96915143402293,
    "valid": true,
    "overall_deadline_violation": 0.5949350827404623,
    "weighted_overall_deadline_violation": 397.1327608826794,
    "max_deadline_violation": 0.011000950000004006,
    "avg_deadline_violation": 0.005560140960191236,
    "avg_only_violated_deadline": 0.008879628100603915,
    "weighted_avg_deadline_violation": 0.005515015077925891,
    "weighted_avg_only_violated_deadline": 0.008981667502862226,
    "deadline_satisfaction": 0.37383177570093457,
    "weighted_deadline_satisfaction": 0.3859698016912339,
    "overall_cost": 339.2555930226596,
    "max_cost": 128.6894080670938,
    "avg_cost": 9.423766472851657,
    "overall_migration_cost": 51.15759318525646,
    "max_migration_cost": 22.401999999999997,
    "avg_migration_cost": 8.526265530876076,
    "migration_rate": 0.16666666666666666,
    "weighted_migration_rate": 0.004227726358193127,
    "overall_response_time": 22.396790561411574,
    "weighted_overall_response_time": 2593.8075244262577,
    "max_response_time": 0.9109900342113837,
    "avg_response_time": 0.20931579963936045,
    "weighted_avg_response_time": 0.03602041688692203,
    "avg_unavailability": 0.0036814470275145883,
    "overall_power_consumption": 1014.8363944557364
  },
  {
    "time": 45000.0,
    "opt": "ClusterLLGAOptimizer",
    "elapsed_time": 97.44401583692525,
    "valid": true,
    "overall_deadline_violation": 0.5876420112439763,
    "weighted_overall_deadline_violation": 417.98819743328863,
    "max_deadline_violation": 0.01100095000000395,
    "avg_deadline_violation": 0.005246803671821216,
    "avg_only_violated_deadline": 0.008903666837029945,
    "weighted_avg_deadline_violation": 0.005057112788623275,
    "weighted_avg_only_violated_deadline": 0.008807981120227348,
    "deadline_satisfaction": 0.4107142857142857,
    "weighted_deadline_satisfaction": 0.42584881602326324,
    "overall_cost": 386.43644137511376,
    "max_cost": 139.84510196768701,
    "avg_cost": 10.734345593753162,
    "overall_migration_cost": 0.0,
    "max_migration_cost": 0.0,
    "avg_migration_cost": 0.0,
    "migration_rate": 0.0,
    "weighted_migration_rate": 0.0,
    "overall_response_time": 23.092966405814288,
    "weighted_overall_response_time": 3025.2783200486065,
    "max_response_time": 0.9109874726223679,
    "avg_response_time": 0.20618720005191343,
    "weighted_avg_response_time": 0.036601927459696516,
    "avg_unavailability": 0.0036814470275145883,
    "overall_power_consumption": 1051.2201679614757
  },
  {
    "time": 46800.0,
    "opt": "ClusterLLGAOptimizer",
    "elapsed_time": 113.02234549890272,
    "valid": true,
    "overall_deadline_violation": 0.5950246930804713,
    "weighted_overall_deadline_violation": 429.5026632633033,
    "max_deadline_violation": 0.01099851884975983,
    "avg_deadline_violation": 0.005560978440004405,
    "avg_only_violated_deadline": 0.008750363133536346,
    "weighted_avg_deadline_violation": 0.004638990003532704,
    "weighted_avg_only_violated_deadline": 0.0089237137832116,
    "deadline_satisfaction": 0.3644859813084112,
    "weighted_deadline_satisfaction": 0.48015029210594484,
    "overall_cost": 413.19256931275925,
    "max_cost": 152.49901715644222,
    "avg_cost": 11.80550198036455,
    "overall_migration_cost": 63.23328408104413,
    "max_migration_cost": 33.97796662117277,
    "avg_migration_cost": 12.646656816208827,
    "migration_rate": 0.14285714285714285,
    "weighted_migration_rate": 0.0026713034031497465,
    "overall_response_time": 24.338444866132456,
    "weighted_overall_response_time": 3692.7814646216452,
    "max_response_time": 0.9109916248450672,
    "avg_response_time": 0.22746210155263974,
    "weighted_avg_response_time": 0.039885145692586284,
    "avg_unavailability": 0.0036814066706377527,
    "overall_power_consumption": 979.1985406025511
  },
  {
    "time": 48600.0,
    "opt": "ClusterLLGAOptimizer",
    "elapsed_time": 102.51230532291811,
    "valid": true,
    "overall_deadline_violation": 0.558555373590922,
    "weighted_overall_deadline_violation": 382.61738563253084,
    "max_deadline_violation": 0.010998540439377313,
    "avg_deadline_violation": 0.005077776123553838,
    "avg_only_violated_deadline": 0.008727427712358158,
    "weighted_avg_deadline_violation": 0.005331482537939689,
    "weighted_avg_only_violated_deadline": 0.008762651523620704,
    "deadline_satisfaction": 0.41818181818181815,
    "weighted_deadline_satisfaction": 0.39156743554527007,
    "overall_cost": 348.98919844182484,
    "max_cost": 126.64511907478617,
    "avg_cost": 9.97111995548071,
    "overall_migration_cost": 0.0,
    "max_migration_cost": 0.0,
    "avg_migration_cost": 0.0,
    "migration_rate": 0.0,
    "weighted_migration_rate": 0.0,
    "overall_response_time": 23.4499852742091,
    "weighted_overall_response_time": 2573.197637449648,
    "max_response_time": 0.9109871984840363,
    "avg_response_time": 0.21318168431099194,
    "weighted_avg_response_time": 0.03585555384016519,
    "avg_unavailability": 0.0036814066706377527,
    "overall_power_consumption": 1056.4705307412896
  },
  {
    "time": 50400.0,
    "opt": "ClusterLLGAOptimizer",
    "elapsed_time": 128.0178374700481,
    "valid": true,
    "overall_deadline_violation": 0.5305399306832443,
    "weighted_overall_deadline_violation": 427.71684373595923,
    "max_deadline_violation": 0.010998901117626803,
    "avg_deadline_violation": 0.005101345487338889,
    "avg_only_violated_deadline": 0.008162152779742225,
    "weighted_avg_deadline_violation": 0.005517169470328565,
    "weighted_avg_only_violated_deadline": 0.008724490293471941,
    "deadline_satisfaction": 0.375,
    "weighted_deadline_satisfaction": 0.3676227166580997,
    "overall_cost": 354.8857834372869,
    "max_cost": 153.06657575081053,
    "avg_cost": 10.13959381249391,
    "overall_migration_cost": 26.152242725073744,
    "max_migration_cost": 16.622905627240545,
    "avg_migration_cost": 5.23044854501475,
    "migration_rate": 0.14285714285714285,
    "weighted_migration_rate": 0.0014193663813971398,
    "overall_response_time": 21.49018133441481,
    "weighted_overall_response_time": 2775.424854634186,
    "max_response_time": 0.9109844258161396,
    "avg_response_time": 0.20663635898475777,
    "weighted_avg_response_time": 0.03580052901688299,
    "avg_unavailability": 0.003678714702706945,
    "overall_power_consumption": 981.1112455470582
  },
  {
    "time": 52200.0,
    "opt": "ClusterLLGAOptimizer",
    "elapsed_time": 102.57304042798933,
    "valid": true,
    "overall_deadline_violation": 0.5217095810824185,
    "weighted_overall_deadline_violation": 326.9087342044935,
    "max_deadline_violation": 0.010998911832794112,
    "avg_deadline_violation": 0.0048757904774057795,
    "avg_only_violated_deadline": 0.008281104461625688,
    "weighted_avg_deadline_violation": 0.004520467414889116,
    "weighted_avg_only_violated_deadline": 0.008549706943265708,
    "deadline_satisfaction": 0.411214953271028,
    "weighted_deadline_satisfaction": 0.47127223834850585,
    "overall_cost": 346.1345991225133,
    "max_cost": 118.62324788708163,
    "avg_cost": 9.889559974928948,
    "overall_migration_cost": 1.2473026088376924,
    "max_migration_cost": 1.2473026088376924,
    "avg_migration_cost": 1.2473026088376924,
    "migration_rate": 0.02857142857142857,
    "weighted_migration_rate": 0.0002340907661559352,
    "overall_response_time": 22.070132411961275,
    "weighted_overall_response_time": 2825.325530727287,
    "max_response_time": 0.9109837321619995,
    "avg_response_time": 0.2062629197379558,
    "weighted_avg_response_time": 0.03906837187812107,
    "avg_unavailability": 0.003678962440885428,
    "overall_power_consumption": 1026.1619554975746
  },
  {
    "time": 54000.0,
    "opt": "ClusterLLGAOptimizer",
    "elapsed_time": 116.8797813860001,
    "valid": true,
    "overall_deadline_violation": 0.47261112735072497,
    "weighted_overall_deadline_violation": 316.4202626442519,
    "max_deadline_violation": 0.011000949568260865,
    "avg_deadline_violation": 0.004544337762987744,
    "avg_only_violated_deadline": 0.007747723399192218,
    "weighted_avg_deadline_violation": 0.003918086998971568,
    "weighted_avg_only_violated_deadline": 0.008313696717088034,
    "deadline_satisfaction": 0.41346153846153844,
    "weighted_deadline_satisfaction": 0.5287190365125657,
    "overall_cost": 381.649430052182,
    "max_cost": 141.51480669188547,
    "avg_cost": 9.308522684199565,
    "overall_migration_cost": 39.71621166228661,
    "max_migration_cost": 27.618737969098152,
    "avg_migration_cost": 4.9645264577858255,
    "migration_rate": 0.1951219512195122,
    "weighted_migration_rate": 0.0037005733988957636,
    "overall_response_time": 20.984032188919482,
    "weighted_overall_response_time": 3252.4872764020806,
    "max_response_time": 0.910990012513439,
    "avg_response_time": 0.20176954027807187,
    "weighted_avg_response_time": 0.04027405832198191,
    "avg_unavailability": 0.0036774015549591098,
    "overall_power_consumption": 1035.2412810929527
  },
  {
    "time": 55800.0,
    "opt": "ClusterLLGAOptimizer",
    "elapsed_time": 96.36186051601544,
    "valid": true,
    "overall_deadline_violation": 0.4955980670250459,
    "weighted_overall_deadline_violation": 396.64315497492726,
    "max_deadline_violation": 0.011000950000003562,
    "avg_deadline_violation": 0.00463175763574809,
    "avg_only_violated_deadline": 0.00854479425905251,
    "weighted_avg_deadline_violation": 0.004891576515973704,
    "weighted_avg_only_violated_deadline": 0.008385977646965803,
    "deadline_satisfaction": 0.45794392523364486,
    "weighted_deadline_satisfaction": 0.4166957363947225,
    "overall_cost": 383.17767105735766,
    "max_cost": 159.59553361431827,
    "avg_cost": 9.345796855057506,
    "overall_migration_cost": 0.0,
    "max_migration_cost": 0.0,
    "avg_migration_cost": 0.0,
    "migration_rate": 0.0,
    "weighted_migration_rate": 0.0,
    "overall_response_time": 21.953432602548233,
    "weighted_overall_response_time": 2923.3134656905936,
    "max_response_time": 0.9109905124674418,
    "avg_response_time": 0.20517226731353488,
    "weighted_avg_response_time": 0.03605157764163538,
    "avg_unavailability": 0.0036774015549591098,
    "overall_power_consumption": 1011.1584528996001
  },
  {
    "time": 57600.0,
    "opt": "ClusterLLGAOptimizer",
    "elapsed_time": 119.37945437803864,
    "valid": true,
    "overall_deadline_violation": 0.5232041435851899,
    "weighted_overall_deadline_violation": 371.09580510112204,
    "max_deadline_violation": 0.011000373953113762,
    "avg_deadline_violation": 0.005079651879467864,
    "avg_only_violated_deadline": 0.008438776509438547,
    "weighted_avg_deadline_violation": 0.00520430157231992,
    "weighted_avg_only_violated_deadline": 0.008601615426974902,
    "deadline_satisfaction": 0.39805825242718446,
    "weighted_deadline_satisfaction": 0.39496230487135137,
    "overall_cost": 341.997352137456,
    "max_cost": 143.68875441599454,
    "avg_cost": 8.999930319406733,
    "overall_migration_cost": 6.218977585752482,
    "max_migration_cost": 2.104103786549164,
    "avg_migration_cost": 1.5547443964381205,
    "migration_rate": 0.10526315789473684,
    "weighted_migration_rate": 0.0012442460932578184,
    "overall_response_time": 20.310371106530468,
    "weighted_overall_response_time": 2461.0787363832496,
    "max_response_time": 0.9109902437773192,
    "avg_response_time": 0.19718806899544145,
    "weighted_avg_response_time": 0.03451452633336099,
    "avg_unavailability": 0.003677443586550441,
    "overall_power_consumption": 997.2961206054663
  },
  {
    "time": 59400.0,
    "opt": "ClusterLLGAOptimizer",
    "elapsed_time": 104.95771367603447,
    "valid": true,
    "overall_deadline_violation": 0.510940305879209,
    "weighted_overall_deadline_violation": 324.86805034019056,
    "max_deadline_violation": 0.01100039918699175,
    "avg_deadline_violation": 0.004960585493972901,
    "avg_only_violated_deadline": 0.008660005184393369,
    "weighted_avg_deadline_violation": 0.00477643900860578,
    "weighted_avg_only_violated_deadline": 0.00857083549697379,
    "deadline_satisfaction": 0.42718446601941745,
    "weighted_deadline_satisfaction": 0.4427102223240364,
    "overall_cost": 329.7624200810469,
    "max_cost": 120.76339111817262,
    "avg_cost": 8.912497840028292,
    "overall_migration_cost": 0.0,
    "max_migration_cost": 0.0,
    "avg_migration_cost": 0.0,
    "migration_rate": 0.0,
    "weighted_migration_rate": 0.0,
    "overall_response_time": 20.719604254540428,
    "weighted_overall_response_time": 2492.3701026101653,
    "max_response_time": 0.9109884609581964,
    "avg_response_time": 0.20116120635476153,
    "weighted_avg_response_time": 0.03664458160635942,
    "avg_unavailability": 0.003677451274312291,
    "overall_power_consumption": 1005.6558445523281
  },
  {
    "time": 61200.0,
    "opt": "ClusterLLGAOptimizer",
    "elapsed_time": 114.70000256202184,
    "valid": true,
    "overall_deadline_violation": 0.5121280589077645,
    "weighted_overall_deadline_violation": 312.96079089299553,
    "max_deadline_violation": 0.011000949896408818,
    "avg_deadline_violation": 0.004613766296466346,
    "avg_only_violated_deadline": 0.007643702371757679,
    "weighted_avg_deadline_violation": 0.004123852151999074,
    "weighted_avg_only_violated_deadline": 0.008402457058926565,
    "deadline_satisfaction": 0.3963963963963964,
    "weighted_deadline_satisfaction": 0.5092087798749304,
    "overall_cost": 365.5650250880471,
    "max_cost": 121.86927392658856,
    "avg_cost": 8.50151221134993,
    "overall_migration_cost": 16.155706620703555,
    "max_migration_cost": 2.698293564537496,
    "avg_migration_cost": 1.7950785134115061,
    "migration_rate": 0.20930232558139536,
    "weighted_migration_rate": 0.002131343291928199,
    "overall_response_time": 23.58507521352849,
    "weighted_overall_response_time": 2876.023732849363,
    "max_response_time": 0.9109954281492985,
    "avg_response_time": 0.2124781550768332,
    "weighted_avg_response_time": 0.03789706891419001,
    "avg_unavailability": 0.00363807778816752,
    "overall_power_consumption": 1030.7709257641823
  },
  {
    "time": 63000.0,
    "opt": "ClusterLLGAOptimizer",
    "elapsed_time": 111.7605274230009,
    "valid": true,
    "overall_deadline_violation": 0.46427133555735134,
    "weighted_overall_deadline_violation": 301.756865318844,
    "max_deadline_violation": 0.01100095000000395,
    "avg_deadline_violation": 0.004338984444461229,
    "avg_only_violated_deadline": 0.007737855592622526,
    "weighted_avg_deadline_violation": 0.0038966345022818888,
    "weighted_avg_only_violated_deadline": 0.008424492178143197,
    "deadline_satisfaction": 0.4392523364485981,
    "weighted_deadline_satisfaction": 0.5374635740785116,
    "overall_cost": 362.6801973019485,
    "max_cost": 136.32540839724575,
    "avg_cost": 9.802167494647254,
    "overall_migration_cost": 0.0,
    "max_migration_cost": 0.0,
    "avg_migration_cost": 0.0,
    "migration_rate": 0.0,
    "weighted_migration_rate": 0.0,
    "overall_response_time": 22.25610245661637,
    "weighted_overall_response_time": 3063.5933930815017,
    "max_response_time": 0.9109945125698894,
    "avg_response_time": 0.20800095753847084,
    "weighted_avg_response_time": 0.039560669825458764,
    "avg_unavailability": 0.003649668996480285,
    "overall_power_consumption": 1001.4515530760312
  },
  {
    "time": 64800.0,
    "opt": "ClusterLLGAOptimizer",
    "elapsed_time": 127.62298772006761,
    "valid": true,
    "overall_deadline_violation": 0.48440289992594027,
    "weighted_overall_deadline_violation": 337.52147884642284,
    "max_deadline_violation": 0.011000632019402767,
    "avg_deadline_violation": 0.004569838678546607,
    "avg_only_violated_deadline": 0.00794103114632689,
    "weighted_avg_deadline_violation": 0.004654093578373107,
    "weighted_avg_only_violated_deadline": 0.00824070572613393,
    "deadline_satisfaction": 0.42452830188679247,
    "weighted_deadline_satisfaction": 0.43523118856028536,
    "overall_cost": 339.88624102552905,
    "max_cost": 134.3106586495728,
    "avg_cost": 8.092529548226882,
    "overall_migration_cost": 119.6115972013822,
    "max_migration_cost": 112.001,
    "avg_migration_cost": 19.935266200230366,
    "migration_rate": 0.14285714285714285,
    "weighted_migration_rate": 0.0036782406149095974,
    "overall_response_time": 23.619166855109437,
    "weighted_overall_response_time": 2594.1773431573783,
    "max_response_time": 0.910991247161502,
    "avg_response_time": 0.22282232882178718,
    "weighted_avg_response_time": 0.03577118752624156,
    "avg_unavailability": 0.0036380778636675684,
    "overall_power_consumption": 985.6848246912722
  },
  {
    "time": 66600.0,
    "opt": "ClusterLLGAOptimizer",
    "elapsed_time": 110.80723847297486,
    "valid": true,
    "overall_deadline_violation": 0.5020980007608522,
    "weighted_overall_deadline_violation": 335.22900674334795,
    "max_deadline_violation": 0.011000493312650073,
    "avg_deadline_violation": 0.004606403676705068,
    "avg_only_violated_deadline": 0.008368300012680872,
    "weighted_avg_deadline_violation": 0.005120075653818782,
    "weighted_avg_only_violated_deadline": 0.008471372191300217,
    "deadline_satisfaction": 0.44954128440366975,
    "weighted_deadline_satisfaction": 0.39560256140358135,
    "overall_cost": 314.5519181183582,
    "max_cost": 136.3904448948261,
    "avg_cost": 7.671998002886785,
    "overall_migration_cost": 0.0,
    "max_migration_cost": 0.0,
    "avg_migration_cost": 0.0,
    "migration_rate": 0.0,
    "weighted_migration_rate": 0.0,
    "overall_response_time": 23.466356351738632,
    "weighted_overall_response_time": 2283.971093818299,
    "max_response_time": 0.9109910808951479,
    "avg_response_time": 0.21528767295173049,
    "weighted_avg_response_time": 0.034883928765859884,
    "avg_unavailability": 0.0036380786255247677,
    "overall_power_consumption": 976.0639859127614
  },
  {
    "time": 68400.0,
    "opt": "ClusterLLGAOptimizer",
    "elapsed_time": 126.33212978695519,
    "valid": true,
    "overall_deadline_violation": 0.4249425449022736,
    "weighted_overall_deadline_violation": 242.7964987154964,
    "max_deadline_violation": 0.010998847405857659,
    "avg_deadline_violation": 0.004047071856212129,
    "avg_only_violated_deadline": 0.007455132366706555,
    "weighted_avg_deadline_violation": 0.0035798681795837345,
    "weighted_avg_only_violated_deadline": 0.00840621985363182,
    "deadline_satisfaction": 0.45714285714285713,
    "weighted_deadline_satisfaction": 0.5741405480803491,
    "overall_cost": 349.56693205651516,
    "max_cost": 120.57215592066223,
    "avg_cost": 8.323022191821789,
    "overall_migration_cost": 5.157869810644465,
    "max_migration_cost": 1.7703126312646504,
    "avg_migration_cost": 1.2894674526611163,
    "migration_rate": 0.09523809523809523,
    "weighted_migration_rate": 0.0009751809308347346,
    "overall_response_time": 21.690283527847164,
    "weighted_overall_response_time": 2691.627290202723,
    "max_response_time": 0.9109912827004351,
    "avg_response_time": 0.20657412883663945,
    "weighted_avg_response_time": 0.03968620197767676,
    "avg_unavailability": 0.0036381189824016033,
    "overall_power_consumption": 1077.6923589610115
  },
  {
    "time": 70200.0,
    "opt": "ClusterLLGAOptimizer",
    "elapsed_time": 108.81712637702003,
    "valid": true,
    "overall_deadline_violation": 0.40698850708190626,
    "weighted_overall_deadline_violation": 304.78290054503685,
    "max_deadline_violation": 0.01099930855123521,
    "avg_deadline_violation": 0.003990083402763786,
    "avg_only_violated_deadline": 0.007980166805527572,
    "weighted_avg_deadline_violation": 0.004654717293400947,
    "weighted_avg_only_violated_deadline": 0.008488564667445842,
    "deadline_satisfaction": 0.5,
    "weighted_deadline_satisfaction": 0.45164848525545553,
    "overall_cost": 315.71516922888577,
    "max_cost": 121.17517468658328,
    "avg_cost": 7.175344755201948,
    "overall_migration_cost": 3.3318301838031195,
    "max_migration_cost": 2.1438926510822225,
    "avg_migration_cost": 1.6659150919015597,
    "migration_rate": 0.045454545454545456,
    "weighted_migration_rate": 0.0007865944932800076,
    "overall_response_time": 21.322165262464136,
    "weighted_overall_response_time": 2315.4657130028413,
    "max_response_time": 0.910996201439919,
    "avg_response_time": 0.20904083590651118,
    "weighted_avg_response_time": 0.035362345713350424,
    "avg_unavailability": 0.00363807778814118,
    "overall_power_consumption": 988.0043401771974
  },
  {
    "time": 72000.0,
    "opt": "ClusterLLGAOptimizer",
    "elapsed_time": 135.59610100800637,
    "valid": true,
    "overall_deadline_violation": 0.463513316638262,
    "weighted_overall_deadline_violation": 318.7463414415749,
    "max_deadline_violation": 0.01100095000000395,
    "avg_deadline_violation": 0.004213757423984201,
    "avg_only_violated_deadline": 0.007991608907556243,
    "weighted_avg_deadline_violation": 0.0048335924728965625,
    "weighted_avg_only_violated_deadline": 0.008576326454544637,
    "deadline_satisfaction": 0.4727272727272727,
    "weighted_deadline_satisfaction": 0.43640292862974983,
    "overall_cost": 323.9764401411805,
    "max_cost": 119.63956695969995,
    "avg_cost": 7.19947644758179,
    "overall_migration_cost": 3.7072561153491943,
    "max_migration_cost": 1.5070003768247215,
    "avg_migration_cost": 1.2357520384497314,
    "migration_rate": 0.06666666666666667,
    "weighted_migration_rate": 0.0007837244504874355,
    "overall_response_time": 20.33947568610739,
    "weighted_overall_response_time": 2316.171711177059,
    "max_response_time": 0.910993279392971,
    "avg_response_time": 0.1849043244191582,
    "weighted_avg_response_time": 0.035123321254287895,
    "avg_unavailability": 0.003638077788140708,
    "overall_power_consumption": 1024.1965748509374
  },
  {
    "time": 73800.0,
    "opt": "ClusterLLGAOptimizer",
    "elapsed_time": 107.7119180909358,
    "valid": true,
    "overall_deadline_violation": 0.46313412775421037,
    "weighted_overall_deadline_violation": 321.39203447876633,
    "max_deadline_violation": 0.01100095000000395,
    "avg_deadline_violation": 0.004248936951873489,
    "avg_only_violated_deadline": 0.008576557921374265,
    "weighted_avg_deadline_violation": 0.004944741566775867,
    "weighted_avg_only_violated_deadline": 0.008669353448184008,
    "deadline_satisfaction": 0.5045871559633027,
    "weighted_deadline_satisfaction": 0.4296297184870625,
    "overall_cost": 332.965861729855,
    "max_cost": 122.74698863042707,
    "avg_cost": 7.399241371774554,
    "overall_migration_cost": 0.0,
    "max_migration_cost": 0.0,
    "avg_migration_cost": 0.0,
    "migration_rate": 0.0,
    "weighted_migration_rate": 0.0,
    "overall_response_time": 20.814103730930597,
    "weighted_overall_response_time": 2202.3924723366817,
    "max_response_time": 0.9109944229676777,
    "avg_response_time": 0.19095508010028084,
    "weighted_avg_response_time": 0.033884665567332065,
    "avg_unavailability": 0.003638077788140708,
    "overall_power_consumption": 1055.5477863792185
  },
  {
    "time": 75600.0,
    "opt": "ClusterLLGAOptimizer",
    "elapsed_time": 140.3877011250006,
    "valid": true,
    "overall_deadline_violation": 0.5250281178638402,
    "weighted_overall_deadline_violation": 285.05388599246345,
    "max_deadline_violation": 0.011000950000004006,
    "avg_deadline_violation": 0.004526104464343449,
    "avg_only_violated_deadline": 0.008077355659443694,
    "weighted_avg_deadline_violation": 0.004592196260077468,
    "weighted_avg_only_violated_deadline": 0.008247237386096737,
    "deadline_satisfaction": 0.4396551724137931,
    "weighted_deadline_satisfaction": 0.4431836935094127,
    "overall_cost": 322.15379664835234,
    "max_cost": 107.2988673666208,
    "avg_cost": 7.670328491627439,
    "overall_migration_cost": 2.1393625755524766,
    "max_migration_cost": 1.1005610198077491,
    "avg_migration_cost": 1.0696812877762383,
    "migration_rate": 0.047619047619047616,
    "weighted_migration_rate": 0.0004998053281790333,
    "overall_response_time": 26.177306900853427,
    "weighted_overall_response_time": 2073.508473205858,
    "max_response_time": 0.9109956813581677,
    "avg_response_time": 0.22566643880046056,
    "weighted_avg_response_time": 0.03340406261343385,
    "avg_unavailability": 0.0036380778636675684,
    "overall_power_consumption": 1084.2140519769662
  },
  {
    "time": 77400.0,
    "opt": "ClusterLLGAOptimizer",
    "elapsed_time": 125.33217514201533,
    "valid": true,
    "overall_deadline_violation": 0.44716942019725026,
    "weighted_overall_deadline_violation": 289.53305094196577,
    "max_deadline_violation": 0.011000950000004006,
    "avg_deadline_violation": 0.004258756382830955,
    "avg_only_violated_deadline": 0.00784507754732018,
    "weighted_avg_deadline_violation": 0.004619870387731322,
    "weighted_avg_only_violated_deadline": 0.008608092408056567,
    "deadline_satisfaction": 0.45714285714285713,
    "weighted_deadline_satisfaction": 0.46331078144474264,
    "overall_cost": 294.5769969068504,
    "max_cost": 104.79027615757784,
    "avg_cost": 7.013738021591675,
    "overall_migration_cost": 2.093415960810834,
    "max_migration_cost": 1.067,
    "avg_migration_cost": 1.046707980405417,
    "migration_rate": 0.047619047619047616,
    "weighted_migration_rate": 0.0006297035822790119,
    "overall_response_time": 22.57957432332519,
    "weighted_overall_response_time": 2317.814197530567,
    "max_response_time": 0.91099119993031,
    "avg_response_time": 0.21504356498404942,
    "weighted_avg_response_time": 0.03698369198472275,
    "avg_unavailability": 0.00363807778963739,
    "overall_power_consumption": 972.6463776873844
  },
  {
    "time": 79200.0,
    "opt": "ClusterLLGAOptimizer",
    "elapsed_time": 136.23231343599036,
    "valid": true,
    "overall_deadline_violation": 0.46136105042556436,
    "weighted_overall_deadline_violation": 244.16777565592213,
    "max_deadline_violation": 0.011000950000004006,
    "avg_deadline_violation": 0.00415640585968977,
    "avg_only_violated_deadline": 0.007563295908615811,
    "weighted_avg_deadline_violation": 0.004042609695065173,
    "weighted_avg_only_violated_deadline": 0.008341209559405285,
    "deadline_satisfaction": 0.45045045045045046,
    "weighted_deadline_satisfaction": 0.5153449069617425,
    "overall_cost": 312.04670572175115,
    "max_cost": 89.0631512313966,
    "avg_cost": 7.091970584585255,
    "overall_migration_cost": 5.688256158600273,
    "max_migration_cost": 1.5250477714288524,
    "avg_migration_cost": 1.4220640396500683,
    "migration_rate": 0.09090909090909091,
    "weighted_migration_rate": 0.0014392473615211442,
    "overall_response_time": 22.510234244365403,
    "weighted_overall_response_time": 2314.654471408403,
    "max_response_time": 0.9109904911020195,
    "avg_response_time": 0.20279490310239112,
    "weighted_avg_response_time": 0.03832301204245587,
    "avg_unavailability": 0.00363807778814118,
    "overall_power_consumption": 1069.1954814528385
  },
  {
    "time": 81000.0,
    "opt": "ClusterLLGAOptimizer",
    "elapsed_time": 123.8228871379979,
    "valid": true,
    "overall_deadline_violation": 0.4090010913596134,
    "weighted_overall_deadline_violation": 208.6102576464171,
    "max_deadline_violation": 0.011000950000004062,
    "avg_deadline_violation": 0.003895248489139174,
    "avg_only_violated_deadline": 0.008019629242345358,
    "weighted_avg_deadline_violation": 0.004248740873211051,
    "weighted_avg_only_violated_deadline": 0.008352590466715328,
    "deadline_satisfaction": 0.5142857142857142,
    "weighted_deadline_satisfaction": 0.49132656627401045,
    "overall_cost": 263.71493162826124,
    "max_cost": 74.32128276263302,
    "avg_cost": 5.860331813961361,
    "overall_migration_cost": 1.5070000004906312,
    "max_migration_cost": 1.5070000004906312,
    "avg_migration_cost": 1.5070000004906312,
    "migration_rate": 0.022222222222222223,
    "weighted_migration_rate": 0.00045119240567757617,
    "overall_response_time": 21.77005966286891,
    "weighted_overall_response_time": 1772.661672518313,
    "max_response_time": 0.9109956280384135,
    "avg_response_time": 0.2073339015511325,
    "weighted_avg_response_time": 0.03610359426893011,
    "avg_unavailability": 0.003638077788140708,
    "overall_power_consumption": 1055.1746745397568
  },
  {
    "time": 82800.0,
    "opt": "ClusterLLGAOptimizer",
    "elapsed_time": 132.35866823396645,
    "valid": true,
    "overall_deadline_violation": 0.44670472449808807,
    "weighted_overall_deadline_violation": 350.2958926527334,
    "max_deadline_violation": 0.011000950000004006,
    "avg_deadline_violation": 0.004336939072796971,
    "avg_only_violated_deadline": 0.008590475471117078,
    "weighted_avg_deadline_violation": 0.005178900810309028,
    "weighted_avg_only_violated_deadline": 0.008780614698050127,
    "deadline_satisfaction": 0.49514563106796117,
    "weighted_deadline_satisfaction": 0.4101892648291372,
    "overall_cost": 330.08074416999324,
    "max_cost": 132.19647438169028,
    "avg_cost": 7.335127648222072,
    "overall_migration_cost": 51.7322294555654,
    "max_migration_cost": 33.34448047868404,
    "avg_migration_cost": 25.8661147277827,
    "migration_rate": 0.044444444444444446,
    "weighted_migration_rate": 0.0029494187755056225,
    "overall_response_time": 22.288259395034075,
    "weighted_overall_response_time": 2386.129440266968,
    "max_response_time": 0.9109940128067174,
    "avg_response_time": 0.21639086791295223,
    "weighted_avg_response_time": 0.03527739819647698,
    "avg_unavailability": 0.003638077788140708,
    "overall_power_consumption": 1008.8156947193949
  },
  {
    "time": 84600.0,
    "opt": "ClusterLLGAOptimizer",
    "elapsed_time": 116.4672776410589,
    "valid": true,
    "overall_deadline_violation": 0.49038882876183515,
    "weighted_overall_deadline_violation": 284.58392740855845,
    "max_deadline_violation": 0.011000817905996663,
    "avg_deadline_violation": 0.004498980080383807,
    "avg_only_violated_deadline": 0.008311675063759915,
    "weighted_avg_deadline_violation": 0.005566067585608863,
    "weighted_avg_only_violated_deadline": 0.008660223599828118,
    "deadline_satisfaction": 0.45871559633027525,
    "weighted_deadline_satisfaction": 0.35728361728219865,
    "overall_cost": 270.8670500002056,
    "max_cost": 113.86636462441727,
    "avg_cost": 6.449215476195373,
    "overall_migration_cost": 0.0,
    "max_migration_cost": 0.0,
    "avg_migration_cost": 0.0,
    "migration_rate": 0.0,
    "weighted_migration_rate": 0.0,
    "overall_response_time": 23.467508515072687,
    "weighted_overall_response_time": 1636.7723511103154,
    "max_response_time": 0.9109906670398473,
    "avg_response_time": 0.21529824325754765,
    "weighted_avg_response_time": 0.032013000915040266,
    "avg_unavailability": 0.0036380778636675684,
    "overall_power_consumption": 1025.8620604960768
  }
]