[
  {
    "max_cost": 106.26365251793851,
    "avg_only_violated_deadline": 0.005735685410675005,
    "max_deadline_violation": 0.01010010992402912,
    "migration_rate": 0.0,
    "weighted_avg_only_violated_deadline": 0.0071125642956417524,
    "avg_response_time": 0.06529661106683617,
    "avg_unavailability": 0.02123167445010808,
    "overall_response_time": 6.464364495616779,
    "time": 0.0,
    "weighted_avg_deadline_violation": 0.005093710433888678,
    "overall_cost": 368.4248160321926,
    "deadline_satisfaction": 0.7676767676767676,
    "weighted_overall_response_time": 1084.2137025335994,
    "max_migration_cost": 0.0,
    "max_response_time": 0.37098533160105085,
    "avg_cost": 11.164388364611897,
    "overall_migration_cost": 0.0,
    "elapsed_time": 60.95226810872555,
    "opt": "LLCOptimizer",
    "overall_power_consumption": 1256.2151663980633,
    "valid": true,
    "weighted_deadline_satisfaction": 0.2838433197700769,
    "weighted_overall_deadline_violation": 368.62131116910837,
    "weighted_migration_rate": 0.0,
    "overall_deadline_violation": 0.13192076444552514,
    "avg_deadline_violation": 0.0013325329741972233,
    "avg_migration_cost": 0.0,
    "weighted_avg_response_time": 0.01498196246886794
  },
  {
    "max_cost": 94.97362347379392,
    "avg_only_violated_deadline": 0.006087492676973083,
    "max_deadline_violation": 0.010100109919925819,
    "migration_rate": 0.2903225806451613,
    "weighted_avg_only_violated_deadline": 0.0073244489703064635,
    "avg_response_time": 0.0696387588335804,
    "avg_unavailability": 0.021509909244964223,
    "overall_response_time": 7.103153401025197,
    "time": 1800.0,
    "weighted_avg_deadline_violation": 0.004925162138024099,
    "overall_cost": 356.15975094927137,
    "deadline_satisfaction": 0.7745098039215687,
    "weighted_overall_response_time": 1159.0973441627148,
    "max_migration_cost": 49.55028330832929,
    "max_response_time": 0.3659482551271959,
    "avg_cost": 11.489024224170041,
    "overall_migration_cost": 103.76483737375172,
    "elapsed_time": 53.49588192254305,
    "opt": "LLCOptimizer",
    "overall_power_consumption": 1201.7469310718811,
    "valid": true,
    "weighted_deadline_satisfaction": 0.32757233233641775,
    "weighted_overall_deadline_violation": 366.35849994422307,
    "weighted_migration_rate": 0.007754997572341304,
    "overall_deadline_violation": 0.14001233157038095,
    "avg_deadline_violation": 0.001372669917356676,
    "avg_migration_cost": 11.5294263748613,
    "weighted_avg_response_time": 0.01558239362434235
  },
  {
    "max_cost": 95.01195521363294,
    "avg_only_violated_deadline": 0.006136591129169879,
    "max_deadline_violation": 0.01010010991936228,
    "migration_rate": 0.28125,
    "weighted_avg_only_violated_deadline": 0.007311491604313747,
    "avg_response_time": 0.06653740079358397,
    "avg_unavailability": 0.011194167623415924,
    "overall_response_time": 6.853352281739149,
    "time": 3600.0,
    "weighted_avg_deadline_violation": 0.004743658394872401,
    "overall_cost": 375.61317242170725,
    "deadline_satisfaction": 0.7864077669902912,
    "weighted_overall_response_time": 1183.6176788180553,
    "max_migration_cost": 783.9956749768286,
    "max_response_time": 0.3621702345140667,
    "avg_cost": 11.73791163817835,
    "overall_migration_cost": 1274.5105840711094,
    "elapsed_time": 60.084458231925964,
    "opt": "LLCOptimizer",
    "overall_power_consumption": 1246.6798734045017,
    "valid": true,
    "weighted_deadline_satisfaction": 0.3512051094917945,
    "weighted_overall_deadline_violation": 368.5303436945862,
    "weighted_migration_rate": 0.006874683190249755,
    "overall_deadline_violation": 0.1350050048417373,
    "avg_deadline_violation": 0.0013107282023469644,
    "avg_migration_cost": 141.61228711901217,
    "weighted_avg_response_time": 0.015235320603878765
  },
  {
    "max_cost": 92.27473753672075,
    "avg_only_violated_deadline": 0.005957112673951099,
    "max_deadline_violation": 0.010100109919404968,
    "migration_rate": 0.2413793103448276,
    "weighted_avg_only_violated_deadline": 0.007294345003296196,
    "avg_response_time": 0.06530119776306675,
    "avg_unavailability": 0.011343272246083577,
    "overall_response_time": 6.7260233695958735,
    "time": 5400.0,
    "weighted_avg_deadline_violation": 0.004786502676106237,
    "overall_cost": 369.29881566599596,
    "deadline_satisfaction": 0.7766990291262136,
    "weighted_overall_response_time": 1169.115262261576,
    "max_migration_cost": 25.602,
    "max_response_time": 0.36100054951692345,
    "avg_cost": 12.734441919517103,
    "overall_migration_cost": 68.495000000167,
    "elapsed_time": 60.97506835311651,
    "opt": "LLCOptimizer",
    "overall_power_consumption": 1245.643802148072,
    "valid": true,
    "weighted_deadline_satisfaction": 0.343806376865463,
    "weighted_overall_deadline_violation": 365.84131799115767,
    "weighted_migration_rate": 0.007730548236825675,
    "overall_deadline_violation": 0.13701359150087525,
    "avg_deadline_violation": 0.0013302290436978182,
    "avg_migration_cost": 9.785000000023857,
    "weighted_avg_response_time": 0.015296176392046924
  },
  {
    "max_cost": 83.89487462900865,
    "avg_only_violated_deadline": 0.005805055869031007,
    "max_deadline_violation": 0.010100109918957163,
    "migration_rate": 0.09090909090909091,
    "weighted_avg_only_violated_deadline": 0.007391556245368631,
    "avg_response_time": 0.06738135225752204,
    "avg_unavailability": 0.020781726898620234,
    "overall_response_time": 7.411948748327423,
    "time": 7200.0,
    "weighted_avg_deadline_violation": 0.004727230164694654,
    "overall_cost": 348.11072442596213,
    "deadline_satisfaction": 0.8090909090909091,
    "weighted_overall_response_time": 1191.1881955568792,
    "max_migration_cost": 88.001,
    "max_response_time": 0.36197243721848577,
    "avg_cost": 15.823214746634646,
    "overall_migration_cost": 96.00200000000001,
    "elapsed_time": 59.66631597280502,
    "opt": "LLCOptimizer",
    "overall_power_consumption": 1196.8176438423445,
    "valid": true,
    "weighted_deadline_satisfaction": 0.36045536179791354,
    "weighted_overall_deadline_violation": 356.75851239914084,
    "weighted_migration_rate": 0.003093393901764007,
    "overall_deadline_violation": 0.12190617324965113,
    "avg_deadline_violation": 0.001108237938633192,
    "avg_migration_cost": 48.001000000000005,
    "weighted_avg_response_time": 0.015783844180751315
  },
  {
    "max_cost": 72.32188254949813,
    "avg_only_violated_deadline": 0.005805057149410074,
    "max_deadline_violation": 0.01010010991859733,
    "migration_rate": 0.08695652173913043,
    "weighted_avg_only_violated_deadline": 0.007555951473792595,
    "avg_response_time": 0.06918464663755076,
    "avg_unavailability": 0.019813198271325,
    "overall_response_time": 7.4027571902179305,
    "time": 9000.0,
    "weighted_avg_deadline_violation": 0.0047411942620023675,
    "overall_cost": 331.3349799122968,
    "deadline_satisfaction": 0.8037383177570093,
    "weighted_overall_response_time": 1161.113003247186,
    "max_migration_cost": 88.001,
    "max_response_time": 0.36197532154019946,
    "avg_cost": 14.40586869183899,
    "overall_migration_cost": 88.452,
    "elapsed_time": 57.696139477193356,
    "opt": "LLCOptimizer",
    "overall_power_consumption": 1179.0968152824848,
    "valid": true,
    "weighted_deadline_satisfaction": 0.3725218751805197,
    "weighted_overall_deadline_violation": 343.0799168127243,
    "weighted_migration_rate": 0.0019875874540724973,
    "overall_deadline_violation": 0.12190620013761157,
    "avg_deadline_violation": 0.0011393102816599212,
    "avg_migration_cost": 44.226,
    "weighted_avg_response_time": 0.01604600572273347
  },
  {
    "max_cost": 81.37539488241931,
    "avg_only_violated_deadline": 0.0058050561339667755,
    "max_deadline_violation": 0.010100109914629073,
    "migration_rate": 0.17391304347826086,
    "weighted_avg_only_violated_deadline": 0.007473030751596638,
    "avg_response_time": 0.06606107639867405,
    "avg_unavailability": 0.014433404366526906,
    "overall_response_time": 7.002474098259449,
    "time": 10800.0,
    "weighted_avg_deadline_violation": 0.0049292058786541155,
    "overall_cost": 332.6218135403696,
    "deadline_satisfaction": 0.8018867924528302,
    "weighted_overall_response_time": 1203.6896742854365,
    "max_migration_cost": 888.3085439562869,
    "max_response_time": 0.3619693183634343,
    "avg_cost": 14.461817980016068,
    "overall_migration_cost": 933.3207339622573,
    "elapsed_time": 57.614308685064316,
    "opt": "LLCOptimizer",
    "overall_power_consumption": 1158.6952466281214,
    "valid": true,
    "weighted_deadline_satisfaction": 0.34040069651781174,
    "weighted_overall_deadline_violation": 367.05923921471236,
    "weighted_migration_rate": 0.004548534018320816,
    "overall_deadline_violation": 0.1219061788133023,
    "avg_deadline_violation": 0.0011500582906915312,
    "avg_migration_cost": 233.33018349056434,
    "weighted_avg_response_time": 0.01616424158470063
  },
  {
    "max_cost": 72.6642339287693,
    "avg_only_violated_deadline": 0.0056053093940768425,
    "max_deadline_violation": 0.010100109913375774,
    "migration_rate": 0.05,
    "weighted_avg_only_violated_deadline": 0.007676626731346177,
    "avg_response_time": 0.06234006424034627,
    "avg_unavailability": 0.019159037320626716,
    "overall_response_time": 6.670386873717052,
    "time": 12600.0,
    "weighted_avg_deadline_violation": 0.00494671287724906,
    "overall_cost": 341.8648230888169,
    "deadline_satisfaction": 0.7850467289719626,
    "weighted_overall_response_time": 1165.6761470874967,
    "max_migration_cost": 17.602,
    "max_response_time": 0.36196614538574984,
    "avg_cost": 17.093241154440843,
    "overall_migration_cost": 17.602,
    "elapsed_time": 59.786364041268826,
    "opt": "LLCOptimizer",
    "overall_power_consumption": 1231.954750808316,
    "valid": true,
    "weighted_deadline_satisfaction": 0.35561372848180617,
    "weighted_overall_deadline_violation": 358.6578866775186,
    "weighted_migration_rate": 0.0017984386039689396,
    "overall_deadline_violation": 0.12892211606376738,
    "avg_deadline_violation": 0.001204879589381004,
    "avg_migration_cost": 17.602,
    "weighted_avg_response_time": 0.016077341170206677
  },
  {
    "max_cost": 60.0775439504354,
    "avg_only_violated_deadline": 0.011084023644921179,
    "max_deadline_violation": 0.0740892199664235,
    "migration_rate": 0.3333333333333333,
    "weighted_avg_only_violated_deadline": 0.008228394994752185,
    "avg_response_time": 0.06757219608873791,
    "avg_unavailability": 0.02597804201819494,
    "overall_response_time": 7.162652785406221,
    "time": 14400.0,
    "weighted_avg_deadline_violation": 0.005216456511364329,
    "overall_cost": 316.64947492065807,
    "deadline_satisfaction": 0.7641509433962265,
    "weighted_overall_response_time": 1135.092919969004,
    "max_migration_cost": 154.88707999511922,
    "max_response_time": 0.3709622383778739,
    "avg_cost": 13.193728121694088,
    "overall_migration_cost": 532.6371509679475,
    "elapsed_time": 59.91986361145973,
    "opt": "LLCOptimizer",
    "overall_power_consumption": 1207.1521129065527,
    "valid": true,
    "weighted_deadline_satisfaction": 0.3660420392201366,
    "weighted_overall_deadline_violation": 343.3918679027905,
    "weighted_migration_rate": 0.01016233753156372,
    "overall_deadline_violation": 0.2771005911230294,
    "avg_deadline_violation": 0.00261415652002858,
    "avg_migration_cost": 66.57964387099342,
    "weighted_avg_response_time": 0.017243165627475073
  },
  {
    "max_cost": 49.50746482390326,
    "avg_only_violated_deadline": 0.006000289292362775,
    "max_deadline_violation": 0.01010010992420704,
    "migration_rate": 0.0,
    "weighted_avg_only_violated_deadline": 0.008004130041730425,
    "avg_response_time": 0.0646470332317119,
    "avg_unavailability": 0.027082604641660946,
    "overall_response_time": 7.36976178841516,
    "time": 16200.0,
    "weighted_avg_deadline_violation": 0.004712818262650093,
    "overall_cost": 321.9749124270411,
    "deadline_satisfaction": 0.8070175438596491,
    "weighted_overall_response_time": 1052.8374495708208,
    "max_migration_cost": 0.0,
    "max_response_time": 0.370961472114839,
    "avg_cost": 15.332138687001954,
    "overall_migration_cost": 0.0,
    "elapsed_time": 62.69895388185978,
    "opt": "LLCOptimizer",
    "overall_power_consumption": 1265.8575168851241,
    "valid": true,
    "weighted_deadline_satisfaction": 0.41120168736898455,
    "weighted_overall_deadline_violation": 294.90589310625427,
    "weighted_migration_rate": 0.0,
    "overall_deadline_violation": 0.13200636443198105,
    "avg_deadline_violation": 0.0011579505651928162,
    "avg_migration_cost": 0.0,
    "weighted_avg_response_time": 0.016825135325971827
  },
  {
    "max_cost": 44.90772018950558,
    "avg_only_violated_deadline": 0.006190373144470868,
    "max_deadline_violation": 0.010100109925075179,
    "migration_rate": 0.09523809523809523,
    "weighted_avg_only_violated_deadline": 0.008499679800277674,
    "avg_response_time": 0.06733121163095569,
    "avg_unavailability": 0.03353604905012193,
    "overall_response_time": 7.4064332794051255,
    "time": 18000.0,
    "weighted_avg_deadline_violation": 0.004743995558512315,
    "overall_cost": 290.937220300013,
    "deadline_satisfaction": 0.8090909090909091,
    "weighted_overall_response_time": 968.475731803114,
    "max_migration_cost": 240.11096678820178,
    "max_response_time": 0.3709605852416929,
    "avg_cost": 13.854153347619667,
    "overall_migration_cost": 240.64996697482943,
    "elapsed_time": 60.16504906862974,
    "opt": "LLCOptimizer",
    "overall_power_consumption": 1238.1841552797935,
    "valid": true,
    "weighted_deadline_satisfaction": 0.4418618500949488,
    "weighted_overall_deadline_violation": 264.387979816603,
    "weighted_migration_rate": 0.003578567500273185,
    "overall_deadline_violation": 0.12999783603388823,
    "avg_deadline_violation": 0.0011817985093989837,
    "avg_migration_cost": 120.32498348741471,
    "weighted_avg_response_time": 0.017377660563040527
  },
  {
    "max_cost": 44.309087333372545,
    "avg_only_violated_deadline": 0.006249523148454191,
    "max_deadline_violation": 0.010100109923945284,
    "migration_rate": 0.09090909090909091,
    "weighted_avg_only_violated_deadline": 0.008227793013944058,
    "avg_response_time": 0.06826096903379542,
    "avg_unavailability": 0.027082586540121936,
    "overall_response_time": 7.440445624683699,
    "time": 19800.0,
    "weighted_avg_deadline_violation": 0.004661060731448589,
    "overall_cost": 306.94370252513727,
    "deadline_satisfaction": 0.8165137614678899,
    "weighted_overall_response_time": 1041.818193259889,
    "max_migration_cost": 707.6819820024436,
    "max_response_time": 0.37095816433365264,
    "avg_cost": 13.95198647841533,
    "overall_migration_cost": 879.1459107982097,
    "elapsed_time": 59.43466608226299,
    "opt": "LLCOptimizer",
    "overall_power_consumption": 1251.314647803737,
    "valid": true,
    "weighted_deadline_satisfaction": 0.43349805670253877,
    "weighted_overall_deadline_violation": 278.78321523759314,
    "weighted_migration_rate": 0.005684047072509617,
    "overall_deadline_violation": 0.12499046296908378,
    "avg_deadline_violation": 0.0011467014951292093,
    "avg_migration_cost": 439.57295539910484,
    "weighted_avg_response_time": 0.017418472865283075
  },
  {
    "max_cost": 44.960171161778874,
    "avg_only_violated_deadline": 0.006047573396449227,
    "max_deadline_violation": 0.010100109922338101,
    "migration_rate": 0.0,
    "weighted_avg_only_violated_deadline": 0.008211083323141789,
    "avg_response_time": 0.06555263018594272,
    "avg_unavailability": 0.03642629373550129,
    "overall_response_time": 7.472999841197465,
    "time": 21600.0,
    "weighted_avg_deadline_violation": 0.004702990154633526,
    "overall_cost": 302.7059422277444,
    "deadline_satisfaction": 0.8157894736842105,
    "weighted_overall_response_time": 1052.2549259913865,
    "max_migration_cost": 0.0,
    "max_response_time": 0.37095720638700924,
    "avg_cost": 15.931891696197074,
    "overall_migration_cost": 0.0,
    "elapsed_time": 59.05789542943239,
    "opt": "LLCOptimizer",
    "overall_power_consumption": 1239.2518655280753,
    "valid": true,
    "weighted_deadline_satisfaction": 0.42723877355149864,
    "weighted_overall_deadline_violation": 284.6962300084265,
    "weighted_migration_rate": 0.0,
    "overall_deadline_violation": 0.12699904132543377,
    "avg_deadline_violation": 0.0011140266782932787,
    "avg_migration_cost": 0.0,
    "weighted_avg_response_time": 0.01738254334086421
  },
  {
    "max_cost": 45.649662056042445,
    "avg_only_violated_deadline": 0.00631489985685915,
    "max_deadline_violation": 0.010100109929247342,
    "migration_rate": 0.1,
    "weighted_avg_only_violated_deadline": 0.007907460127670261,
    "avg_response_time": 0.06764227737494004,
    "avg_unavailability": 0.02750827473550129,
    "overall_response_time": 7.440650511243408,
    "time": 23400.0,
    "weighted_avg_deadline_violation": 0.004492111406716007,
    "overall_cost": 300.58389723400916,
    "deadline_satisfaction": 0.8272727272727273,
    "weighted_overall_response_time": 1099.3648637283827,
    "max_migration_cost": 8.65939120348132,
    "max_response_time": 0.3709555888423224,
    "avg_cost": 15.029194861700459,
    "overall_migration_cost": 9.19839120348132,
    "elapsed_time": 58.44241113960743,
    "opt": "LLCOptimizer",
    "overall_power_consumption": 1204.1889091207206,
    "valid": true,
    "weighted_deadline_satisfaction": 0.43191475718012884,
    "weighted_overall_deadline_violation": 273.5862105596187,
    "weighted_migration_rate": 0.002823067582042596,
    "overall_deadline_violation": 0.11998309728032386,
    "avg_deadline_violation": 0.0010907554298211258,
    "avg_migration_cost": 4.59919560174066,
    "weighted_avg_response_time": 0.018050871183878207
  },
  {
    "max_cost": 42.22700624258429,
    "avg_only_violated_deadline": 0.006157070259441452,
    "max_deadline_violation": 0.010100109929084847,
    "migration_rate": 0.1,
    "weighted_avg_only_violated_deadline": 0.008100015648033296,
    "avg_response_time": 0.06762756947653042,
    "avg_unavailability": 0.029929045871879705,
    "overall_response_time": 7.439032642418349,
    "time": 25200.0,
    "weighted_avg_deadline_violation": 0.0046494960502243415,
    "overall_cost": 294.33343173853837,
    "deadline_satisfaction": 0.8272727272727273,
    "weighted_overall_response_time": 1008.5679000553575,
    "max_migration_cost": 719.2865898752422,
    "max_response_time": 0.3709571476952819,
    "avg_cost": 14.71667158692692,
    "overall_migration_cost": 896.6739747523209,
    "elapsed_time": 59.156123235821724,
    "opt": "LLCOptimizer",
    "overall_power_consumption": 1236.8319985670498,
    "valid": true,
    "weighted_deadline_satisfaction": 0.42598925085369976,
    "weighted_overall_deadline_violation": 262.6900267045796,
    "weighted_migration_rate": 0.006139910537623756,
    "overall_deadline_violation": 0.1169843349293876,
    "avg_deadline_violation": 0.0010634939539035237,
    "avg_migration_cost": 448.33698737616044,
    "weighted_avg_response_time": 0.01785120100111015
  },
  {
    "max_cost": 44.227218052087586,
    "avg_only_violated_deadline": 0.006720738834669658,
    "max_deadline_violation": 0.010100109927241606,
    "migration_rate": 0.0,
    "weighted_avg_only_violated_deadline": 0.008198962644576736,
    "avg_response_time": 0.06584981977089004,
    "avg_unavailability": 0.0363825083818797,
    "overall_response_time": 7.441029634110572,
    "time": 27000.0,
    "weighted_avg_deadline_violation": 0.004512465163152794,
    "overall_cost": 316.70679101785635,
    "deadline_satisfaction": 0.8407079646017699,
    "weighted_overall_response_time": 1090.9390187393233,
    "max_migration_cost": 0.0,
    "max_response_time": 0.37095318352947254,
    "avg_cost": 16.66877847462402,
    "overall_migration_cost": 0.0,
    "elapsed_time": 59.5927040502429,
    "opt": "LLCOptimizer",
    "overall_power_consumption": 1274.320861515212,
    "valid": true,
    "weighted_deadline_satisfaction": 0.4496297447900201,
    "weighted_overall_deadline_violation": 271.29130475422033,
    "weighted_migration_rate": 0.0,
    "overall_deadline_violation": 0.12097329902405388,
    "avg_deadline_violation": 0.0010705601683544588,
    "avg_migration_cost": 0.0,
    "weighted_avg_response_time": 0.018145897899843055
  },
  {
    "max_cost": 47.89725611247627,
    "avg_only_violated_deadline": 0.006314899833391621,
    "max_deadline_violation": 0.01010010992687882,
    "migration_rate": 0.09523809523809523,
    "weighted_avg_only_violated_deadline": 0.008009130108957764,
    "avg_response_time": 0.06812879030604872,
    "avg_unavailability": 0.0333775519399527,
    "overall_response_time": 7.426038143359312,
    "time": 28800.0,
    "weighted_avg_deadline_violation": 0.0044914312186394665,
    "overall_cost": 323.8535086479599,
    "deadline_satisfaction": 0.8256880733944955,
    "weighted_overall_response_time": 1129.382361474164,
    "max_migration_cost": 446.86712097563657,
    "max_response_time": 0.3709527808068288,
    "avg_cost": 15.421595649902855,
    "overall_migration_cost": 893.7342419512731,
    "elapsed_time": 60.590265057981014,
    "opt": "LLCOptimizer",
    "overall_power_consumption": 1263.4153839940159,
    "valid": true,
    "weighted_deadline_satisfaction": 0.4392111056335504,
    "weighted_overall_deadline_violation": 280.735990057384,
    "weighted_migration_rate": 0.0038370346103472307,
    "overall_deadline_violation": 0.1199830968344408,
    "avg_deadline_violation": 0.0011007623562792736,
    "avg_migration_cost": 446.86712097563657,
    "weighted_avg_response_time": 0.01806873139090207
  },
  {
    "max_cost": 48.7066555968797,
    "avg_only_violated_deadline": 0.006333169311028561,
    "max_deadline_violation": 0.010100109925530919,
    "migration_rate": 0.0,
    "weighted_avg_only_violated_deadline": 0.00791449476331824,
    "avg_response_time": 0.06611687316011995,
    "avg_unavailability": 0.0363825083818797,
    "overall_response_time": 7.471206667093557,
    "time": 30600.0,
    "weighted_avg_deadline_violation": 0.004474972784201039,
    "overall_cost": 334.1476074103807,
    "deadline_satisfaction": 0.8141592920353983,
    "weighted_overall_response_time": 1157.2937247294087,
    "max_migration_cost": 0.0,
    "max_response_time": 0.37095380361956337,
    "avg_cost": 17.586716179493724,
    "overall_migration_cost": 0.0,
    "elapsed_time": 62.088849663734436,
    "opt": "LLCOptimizer",
    "overall_power_consumption": 1276.8822409859438,
    "valid": true,
    "weighted_deadline_satisfaction": 0.43458516076838505,
    "weighted_overall_deadline_violation": 290.410840943268,
    "weighted_migration_rate": 0.0,
    "overall_deadline_violation": 0.13299655553159978,
    "avg_deadline_violation": 0.001176960668421237,
    "avg_migration_cost": 0.0,
    "weighted_avg_response_time": 0.017832867067460626
  },
  {
    "max_cost": 68.40707909977158,
    "avg_only_violated_deadline": 0.0063994580358373646,
    "max_deadline_violation": 0.01010010992855815,
    "migration_rate": 0.05,
    "weighted_avg_only_violated_deadline": 0.0075117874614070825,
    "avg_response_time": 0.06873367946101584,
    "avg_unavailability": 0.033492293471879694,
    "overall_response_time": 7.423237381789708,
    "time": 32400.0,
    "weighted_avg_deadline_violation": 0.0045742101592154095,
    "overall_cost": 342.167523489394,
    "deadline_satisfaction": 0.8148148148148148,
    "weighted_overall_response_time": 1206.9535893999043,
    "max_migration_cost": 440.66437659666656,
    "max_response_time": 0.3709523736518195,
    "avg_cost": 17.1083761744697,
    "overall_migration_cost": 440.66437659666656,
    "elapsed_time": 59.62074778974056,
    "opt": "LLCOptimizer",
    "overall_power_consumption": 1257.868008279096,
    "valid": true,
    "weighted_deadline_satisfaction": 0.3910623559683909,
    "weighted_overall_deadline_violation": 306.740897812229,
    "weighted_migration_rate": 0.0016316941759851736,
    "overall_deadline_violation": 0.12798916071674726,
    "avg_deadline_violation": 0.0011850848214513638,
    "avg_migration_cost": 440.66437659666656,
    "weighted_avg_response_time": 0.01799844562531772
  },
  {
    "max_cost": 63.67165305745007,
    "avg_only_violated_deadline": 0.006333167273042254,
    "max_deadline_violation": 0.01010010993440072,
    "migration_rate": 0.0,
    "weighted_avg_only_violated_deadline": 0.007481714872526631,
    "avg_response_time": 0.06722701644919166,
    "avg_unavailability": 0.0363825083818797,
    "overall_response_time": 7.462198825860275,
    "time": 34200.0,
    "weighted_avg_deadline_violation": 0.004342673967049776,
    "overall_cost": 339.8506731853365,
    "deadline_satisfaction": 0.8108108108108109,
    "weighted_overall_response_time": 1166.1233169664126,
    "max_migration_cost": 0.0,
    "max_response_time": 0.3709534179693289,
    "avg_cost": 17.886877536070344,
    "overall_migration_cost": 0.0,
    "elapsed_time": 61.34656951576471,
    "opt": "LLCOptimizer",
    "overall_power_consumption": 1269.8619750997475,
    "valid": true,
    "weighted_deadline_satisfaction": 0.4195616859182416,
    "weighted_overall_deadline_violation": 282.8780523414643,
    "weighted_migration_rate": 0.0,
    "overall_deadline_violation": 0.13299651273388735,
    "avg_deadline_violation": 0.0011981667813863726,
    "avg_migration_cost": 0.0,
    "weighted_avg_response_time": 0.017902037040494284
  },
  {
    "max_cost": 49.734356890005486,
    "avg_only_violated_deadline": 0.006399460184853693,
    "max_deadline_violation": 0.010100109932451543,
    "migration_rate": 0.0,
    "weighted_avg_only_violated_deadline": 0.007700931309187079,
    "avg_response_time": 0.06440221100641108,
    "avg_unavailability": 0.0363825083818797,
    "overall_response_time": 7.47065647674369,
    "time": 36000.0,
    "weighted_avg_deadline_violation": 0.0043249751881644085,
    "overall_cost": 332.3653325745737,
    "deadline_satisfaction": 0.8275862068965517,
    "weighted_overall_response_time": 1139.757763823356,
    "max_migration_cost": 0.0,
    "max_response_time": 0.3709539736479109,
    "avg_cost": 17.492912240767037,
    "overall_migration_cost": 0.0,
    "elapsed_time": 61.15306630730629,
    "opt": "LLCOptimizer",
    "overall_power_consumption": 1274.8624277831937,
    "valid": true,
    "weighted_deadline_satisfaction": 0.43838283779978793,
    "weighted_overall_deadline_violation": 272.00626251706115,
    "weighted_migration_rate": 0.0,
    "overall_deadline_violation": 0.12798920369707387,
    "avg_deadline_violation": 0.0011033552042851193,
    "avg_migration_cost": 0.0,
    "weighted_avg_response_time": 0.018122465282374052
  },
  {
    "max_cost": 84.72061560823886,
    "avg_only_violated_deadline": 0.006217874627454073,
    "max_deadline_violation": 0.010100109935757405,
    "migration_rate": 0.0,
    "weighted_avg_only_violated_deadline": 0.007147902423529603,
    "avg_response_time": 0.06738701718209156,
    "avg_unavailability": 0.0363825083818797,
    "overall_response_time": 7.479958907212162,
    "time": 37800.0,
    "weighted_avg_deadline_violation": 0.0041091619980177145,
    "overall_cost": 378.1368013346206,
    "deadline_satisfaction": 0.7927927927927928,
    "weighted_overall_response_time": 1325.2500863311636,
    "max_migration_cost": 0.0,
    "max_response_time": 0.3709502586084254,
    "avg_cost": 19.901936912348454,
    "overall_migration_cost": 0.0,
    "elapsed_time": 61.069485768675804,
    "opt": "LLCOptimizer",
    "overall_power_consumption": 1280.1483486250922,
    "valid": true,
    "weighted_deadline_satisfaction": 0.42512337822476515,
    "weighted_overall_deadline_violation": 305.50811781180096,
    "weighted_migration_rate": 0.0,
    "overall_deadline_violation": 0.1430111164314437,
    "avg_deadline_violation": 0.0012883884363193126,
    "avg_migration_cost": 0.0,
    "weighted_avg_response_time": 0.01782495120465621
  },
  {
    "max_cost": 90.5184419812487,
    "avg_only_violated_deadline": 0.006087493289312764,
    "max_deadline_violation": 0.010100109932713562,
    "migration_rate": 0.0,
    "weighted_avg_only_violated_deadline": 0.007095603491133818,
    "avg_response_time": 0.06914373015672737,
    "avg_unavailability": 0.0363825083818797,
    "overall_response_time": 7.467522856926549,
    "time": 39600.0,
    "weighted_avg_deadline_violation": 0.0041584280530648525,
    "overall_cost": 387.5997007785451,
    "deadline_satisfaction": 0.7870370370370371,
    "weighted_overall_response_time": 1365.158705052506,
    "max_migration_cost": 0.0,
    "max_response_time": 0.3709544730867261,
    "avg_cost": 20.399984251502374,
    "overall_migration_cost": 0.0,
    "elapsed_time": 61.076474234461784,
    "opt": "LLCOptimizer",
    "overall_power_consumption": 1273.6794312304105,
    "valid": true,
    "weighted_deadline_satisfaction": 0.4139430059386859,
    "weighted_overall_deadline_violation": 322.8508598088918,
    "weighted_migration_rate": 0.0,
    "overall_deadline_violation": 0.1400123456541936,
    "avg_deadline_violation": 0.0012964106079092,
    "avg_migration_cost": 0.0,
    "weighted_avg_response_time": 0.017583704932167193
  },
  {
    "max_cost": 71.16712329975488,
    "avg_only_violated_deadline": 0.006190368272275085,
    "max_deadline_violation": 0.010100109936467302,
    "migration_rate": 0.0,
    "weighted_avg_only_violated_deadline": 0.007274228313511326,
    "avg_response_time": 0.06875610204736628,
    "avg_unavailability": 0.0363825083818797,
    "overall_response_time": 7.356902919068192,
    "time": 41400.0,
    "weighted_avg_deadline_violation": 0.003999649083908085,
    "overall_cost": 369.20492032603306,
    "deadline_satisfaction": 0.8037383177570093,
    "weighted_overall_response_time": 1281.7404904771752,
    "max_migration_cost": 0.0,
    "max_response_time": 0.37095403232471275,
    "avg_cost": 19.431837911896473,
    "overall_migration_cost": 0.0,
    "elapsed_time": 61.60761861503124,
    "opt": "LLCOptimizer",
    "overall_power_consumption": 1280.7970607330833,
    "valid": true,
    "weighted_deadline_satisfaction": 0.45016173379119273,
    "weighted_overall_deadline_violation": 286.8198934345346,
    "weighted_migration_rate": 0.0,
    "overall_deadline_violation": 0.1299977337177768,
    "avg_deadline_violation": 0.001214932090820344,
    "avg_migration_cost": 0.0,
    "weighted_avg_response_time": 0.017873628349684315
  },
  {
    "max_cost": 83.4697387432478,
    "avg_only_violated_deadline": 0.006549393907673591,
    "max_deadline_violation": 0.010100109944345067,
    "migration_rate": 0.09523809523809523,
    "weighted_avg_only_violated_deadline": 0.006988491452168357,
    "avg_response_time": 0.06719869243395458,
    "avg_unavailability": 0.028780858721879698,
    "overall_response_time": 7.391856167734998,
    "time": 43200.0,
    "weighted_avg_deadline_violation": 0.003930037426767287,
    "overall_cost": 372.04419040824985,
    "deadline_satisfaction": 0.8181818181818182,
    "weighted_overall_response_time": 1271.457407960857,
    "max_migration_cost": 460.19230186098383,
    "max_response_time": 0.37095440543952085,
    "avg_cost": 17.71639001944047,
    "overall_migration_cost": 463.5582440627469,
    "elapsed_time": 62.338825576007366,
    "opt": "LLCOptimizer",
    "overall_power_consumption": 1273.971242704434,
    "valid": true,
    "weighted_deadline_satisfaction": 0.43764152053904365,
    "weighted_overall_deadline_violation": 277.6660837252559,
    "weighted_migration_rate": 0.001714847853688572,
    "overall_deadline_violation": 0.13098787815347185,
    "avg_deadline_violation": 0.0011907988923042896,
    "avg_migration_cost": 231.77912203137345,
    "weighted_avg_response_time": 0.01799598688030975
  },
  {
    "max_cost": 96.58014432511001,
    "avg_only_violated_deadline": 0.006087492416228386,
    "max_deadline_violation": 0.010100109936942304,
    "migration_rate": 0.0,
    "weighted_avg_only_violated_deadline": 0.006901114882392491,
    "avg_response_time": 0.06730312407033301,
    "avg_unavailability": 0.0363825083818797,
    "overall_response_time": 7.470646771806961,
    "time": 45000.0,
    "weighted_avg_deadline_violation": 0.004078918082429533,
    "overall_cost": 388.8645768494362,
    "deadline_satisfaction": 0.7927927927927928,
    "weighted_overall_response_time": 1378.3655347055994,
    "max_migration_cost": 0.0,
    "max_response_time": 0.3709563240763665,
    "avg_cost": 20.466556676286118,
    "overall_migration_cost": 0.0,
    "elapsed_time": 63.53793755918741,
    "opt": "LLCOptimizer",
    "overall_power_consumption": 1251.9273786859414,
    "valid": true,
    "weighted_deadline_satisfaction": 0.4089479523320952,
    "weighted_overall_deadline_violation": 318.5109596340656,
    "weighted_migration_rate": 0.0,
    "overall_deadline_violation": 0.14001232557325285,
    "avg_deadline_violation": 0.0012613723024617377,
    "avg_migration_cost": 0.0,
    "weighted_avg_response_time": 0.01765163782799707
  },
  {
    "max_cost": 94.85323646812594,
    "avg_only_violated_deadline": 0.006087492670179436,
    "max_deadline_violation": 0.010100109939540546,
    "migration_rate": 0.09523809523809523,
    "weighted_avg_only_violated_deadline": 0.006884271974534081,
    "avg_response_time": 0.06526728892654256,
    "avg_unavailability": 0.025217611121879705,
    "overall_response_time": 7.57100551547894,
    "time": 46800.0,
    "weighted_avg_deadline_violation": 0.004102609678450076,
    "overall_cost": 382.70187331778214,
    "deadline_satisfaction": 0.8017241379310345,
    "weighted_overall_response_time": 1319.964017275383,
    "max_migration_cost": 1064.3678665782718,
    "max_response_time": 0.370957931897774,
    "avg_cost": 18.223898729418195,
    "overall_migration_cost": 1067.8682867057307,
    "elapsed_time": 63.89820830523968,
    "opt": "LLCOptimizer",
    "overall_power_consumption": 1264.7362464425637,
    "valid": true,
    "weighted_deadline_satisfaction": 0.40406048836736475,
    "weighted_overall_deadline_violation": 308.0702775473484,
    "weighted_migration_rate": 0.0023718226165687097,
    "overall_deadline_violation": 0.14001233141412706,
    "avg_deadline_violation": 0.0012070028570183365,
    "avg_migration_cost": 533.9341433528654,
    "weighted_avg_response_time": 0.017578122743916874
  },
  {
    "max_cost": 93.65209468237641,
    "avg_only_violated_deadline": 0.00590510111599698,
    "max_deadline_violation": 0.010100109932119787,
    "migration_rate": 0.0,
    "weighted_avg_only_violated_deadline": 0.006977234803715004,
    "avg_response_time": 0.07025448223397088,
    "avg_unavailability": 0.0316710736318797,
    "overall_response_time": 7.446975116800914,
    "time": 48600.0,
    "weighted_avg_deadline_violation": 0.004209044224304574,
    "overall_cost": 393.2338719317665,
    "deadline_satisfaction": 0.7924528301886793,
    "weighted_overall_response_time": 1347.187798306135,
    "max_migration_cost": 0.0,
    "max_response_time": 0.37095709455287734,
    "avg_cost": 19.661693596588325,
    "overall_migration_cost": 0.0,
    "elapsed_time": 62.57274793833494,
    "opt": "LLCOptimizer",
    "overall_power_consumption": 1284.2036990052352,
    "valid": true,
    "weighted_deadline_satisfaction": 0.39674608312400744,
    "weighted_overall_deadline_violation": 330.4006711092125,
    "weighted_migration_rate": 0.0,
    "overall_deadline_violation": 0.12991222455193357,
    "avg_deadline_violation": 0.0012255870240748448,
    "avg_migration_cost": 0.0,
    "weighted_avg_response_time": 0.017162111089174256
  },
  {
    "max_cost": 75.85892466032382,
    "avg_only_violated_deadline": 0.005994880643812549,
    "max_deadline_violation": 0.010100109939088369,
    "migration_rate": 0.047619047619047616,
    "weighted_avg_only_violated_deadline": 0.007146014161769066,
    "avg_response_time": 0.06749044618220226,
    "avg_unavailability": 0.028780858721879698,
    "overall_response_time": 7.491439526224446,
    "time": 50400.0,
    "weighted_avg_deadline_violation": 0.004150886875697883,
    "overall_cost": 358.64855816443117,
    "deadline_satisfaction": 0.8198198198198198,
    "weighted_overall_response_time": 1199.07081548281,
    "max_migration_cost": 417.2810945757556,
    "max_response_time": 0.37095938572474235,
    "avg_cost": 17.078502769734815,
    "overall_migration_cost": 417.2810945757556,
    "elapsed_time": 63.738372176885605,
    "opt": "LLCOptimizer",
    "overall_power_consumption": 1272.7277426110527,
    "valid": true,
    "weighted_deadline_satisfaction": 0.4191325707266313,
    "weighted_overall_deadline_violation": 284.9125214295638,
    "weighted_migration_rate": 0.0014934463466354836,
    "overall_deadline_violation": 0.119897612876251,
    "avg_deadline_violation": 0.0010801586745608194,
    "avg_migration_cost": 417.2810945757556,
    "weighted_avg_response_time": 0.01746924735370194
  },
  {
    "max_cost": 104.10652552446513,
    "avg_only_violated_deadline": 0.00595711123713771,
    "max_deadline_violation": 0.010100109943264546,
    "migration_rate": 0.047619047619047616,
    "weighted_avg_only_violated_deadline": 0.006683004557338007,
    "avg_response_time": 0.06798279603831667,
    "avg_unavailability": 0.028780858721879698,
    "overall_response_time": 7.546090360253152,
    "time": 52200.0,
    "weighted_avg_deadline_violation": 0.004153507074475445,
    "overall_cost": 374.6129827700037,
    "deadline_satisfaction": 0.7927927927927928,
    "weighted_overall_response_time": 1293.598300695123,
    "max_migration_cost": 16.002,
    "max_response_time": 0.3709601207703387,
    "avg_cost": 17.838713465238275,
    "overall_migration_cost": 16.002,
    "elapsed_time": 63.42597807198763,
    "opt": "LLCOptimizer",
    "overall_power_consumption": 1234.275849036716,
    "valid": true,
    "weighted_deadline_satisfaction": 0.3784970459260193,
    "weighted_overall_deadline_violation": 309.0833036703461,
    "weighted_migration_rate": 0.001279259261095039,
    "overall_deadline_violation": 0.13701355845416732,
    "avg_deadline_violation": 0.0012343563824699759,
    "avg_migration_cost": 16.002,
    "weighted_avg_response_time": 0.017383564979611993
  },
  {
    "max_cost": 85.92399481218929,
    "avg_only_violated_deadline": 0.005917539154003494,
    "max_deadline_violation": 0.010100109937283885,
    "migration_rate": 0.0,
    "weighted_avg_only_violated_deadline": 0.007010254027376344,
    "avg_response_time": 0.06750970749544564,
    "avg_unavailability": 0.0363825083818797,
    "overall_response_time": 7.493577531994464,
    "time": 54000.0,
    "weighted_avg_deadline_violation": 0.004073412826509071,
    "overall_cost": 371.22678026611914,
    "deadline_satisfaction": 0.7837837837837838,
    "weighted_overall_response_time": 1281.8317407025443,
    "max_migration_cost": 0.0,
    "max_response_time": 0.3709638729094508,
    "avg_cost": 19.538251592953642,
    "overall_migration_cost": 0.0,
    "elapsed_time": 63.180638171732426,
    "opt": "LLCOptimizer",
    "overall_power_consumption": 1233.943982146829,
    "valid": true,
    "weighted_deadline_satisfaction": 0.41893506132564706,
    "weighted_overall_deadline_violation": 303.96053969424463,
    "weighted_migration_rate": 0.0,
    "overall_deadline_violation": 0.14202093969608387,
    "avg_deadline_violation": 0.0012794679251899447,
    "avg_migration_cost": 0.0,
    "weighted_avg_response_time": 0.01717798586374552
  },
  {
    "max_cost": 77.18132341437176,
    "avg_only_violated_deadline": 0.006136593363779794,
    "max_deadline_violation": 0.010100109938908683,
    "migration_rate": 0.09523809523809523,
    "weighted_avg_only_violated_deadline": 0.007088927049210502,
    "avg_response_time": 0.06737129227239518,
    "avg_unavailability": 0.028780858721879698,
    "overall_response_time": 7.545584734508268,
    "time": 55800.0,
    "weighted_avg_deadline_violation": 0.00413706944404442,
    "overall_cost": 353.7979042479624,
    "deadline_satisfaction": 0.8035714285714286,
    "weighted_overall_response_time": 1202.3107278839466,
    "max_migration_cost": 399.58811068868596,
    "max_response_time": 0.3709650677960193,
    "avg_cost": 16.84751924990297,
    "overall_migration_cost": 403.40540543833794,
    "elapsed_time": 63.21062783151865,
    "opt": "LLCOptimizer",
    "overall_power_consumption": 1242.152928299064,
    "valid": true,
    "weighted_deadline_satisfaction": 0.4164040036911978,
    "weighted_overall_deadline_violation": 287.8252064275375,
    "weighted_migration_rate": 0.0018368524335187297,
    "overall_deadline_violation": 0.13500505400315543,
    "avg_deadline_violation": 0.001205402267885316,
    "avg_migration_cost": 201.70270271916897,
    "weighted_avg_response_time": 0.017281471057774583
  },
  {
    "max_cost": 57.470302798516386,
    "avg_only_violated_deadline": 0.006136595910897163,
    "max_deadline_violation": 0.01010010994055133,
    "migration_rate": 0.0,
    "weighted_avg_only_violated_deadline": 0.007503091654269932,
    "avg_response_time": 0.06846937910768738,
    "avg_unavailability": 0.0363825083818797,
    "overall_response_time": 7.463162322737926,
    "time": 57600.0,
    "weighted_avg_deadline_violation": 0.004010266492917612,
    "overall_cost": 336.11873084036506,
    "deadline_satisfaction": 0.7981651376146789,
    "weighted_overall_response_time": 1099.5622013794325,
    "max_migration_cost": 0.0,
    "max_response_time": 0.3709674494982589,
    "avg_cost": 17.690459517913947,
    "overall_migration_cost": 0.0,
    "elapsed_time": 64.10234448313713,
    "opt": "LLCOptimizer",
    "overall_power_consumption": 1258.642427435269,
    "valid": true,
    "weighted_deadline_satisfaction": 0.46551812536697346,
    "weighted_overall_deadline_violation": 255.75005682350286,
    "weighted_migration_rate": 0.0,
    "overall_deadline_violation": 0.13500511003973756,
    "avg_deadline_violation": 0.0012385789911902533,
    "avg_migration_cost": 0.0,
    "weighted_avg_response_time": 0.0172415893385852
  },
  {
    "max_cost": 71.11539845822091,
    "avg_only_violated_deadline": 0.006190368297910301,
    "max_deadline_violation": 0.010100109940753381,
    "migration_rate": 0.0,
    "weighted_avg_only_violated_deadline": 0.007226110363235517,
    "avg_response_time": 0.06831502354680287,
    "avg_unavailability": 0.0363825083818797,
    "overall_response_time": 7.446337566601512,
    "time": 59400.0,
    "weighted_avg_deadline_violation": 0.004089046811083516,
    "overall_cost": 346.3561939248132,
    "deadline_satisfaction": 0.8073394495412844,
    "weighted_overall_response_time": 1129.8972864809698,
    "max_migration_cost": 0.0,
    "max_response_time": 0.37096878296140173,
    "avg_cost": 18.22927336446385,
    "overall_migration_cost": 0.0,
    "elapsed_time": 63.811635337769985,
    "opt": "LLCOptimizer",
    "overall_power_consumption": 1256.6478229378358,
    "valid": true,
    "weighted_deadline_satisfaction": 0.4341289289065561,
    "weighted_overall_deadline_violation": 273.08624076856205,
    "weighted_migration_rate": 0.0,
    "overall_deadline_violation": 0.12999773425611635,
    "avg_deadline_violation": 0.001192639763817581,
    "avg_migration_cost": 0.0,
    "weighted_avg_response_time": 0.016918475581684484
  },
  {
    "max_cost": 77.48318632325159,
    "avg_only_violated_deadline": 0.006087495139441889,
    "max_deadline_violation": 0.010100109930969905,
    "migration_rate": 0.05,
    "weighted_avg_only_violated_deadline": 0.0073194798407521305,
    "avg_response_time": 0.06903915711380636,
    "avg_unavailability": 0.029870378030879705,
    "overall_response_time": 7.456228968291088,
    "time": 61200.0,
    "weighted_avg_deadline_violation": 0.004246415611512774,
    "overall_cost": 370.5040886257587,
    "deadline_satisfaction": 0.7870370370370371,
    "weighted_overall_response_time": 1228.5431420496172,
    "max_migration_cost": 75.15315337885204,
    "max_response_time": 0.37096862946403847,
    "avg_cost": 18.525204431287936,
    "overall_migration_cost": 75.15315337885204,
    "elapsed_time": 63.26504021883011,
    "opt": "LLCOptimizer",
    "overall_power_consumption": 1273.836311388785,
    "valid": true,
    "weighted_deadline_satisfaction": 0.4198473520112293,
    "weighted_overall_deadline_violation": 311.16091990631315,
    "weighted_migration_rate": 0.002331033174799033,
    "overall_deadline_violation": 0.14001238820716347,
    "avg_deadline_violation": 0.00129641100191818,
    "avg_migration_cost": 75.15315337885204,
    "weighted_avg_response_time": 0.01676593827845476
  },
  {
    "max_cost": 67.62983806110675,
    "avg_only_violated_deadline": 0.006399458133269477,
    "max_deadline_violation": 0.01010010993285176,
    "migration_rate": 0.09523809523809523,
    "weighted_avg_only_violated_deadline": 0.0074550014230032385,
    "avg_response_time": 0.06877472190073096,
    "avg_unavailability": 0.0270388309618797,
    "overall_response_time": 7.290120521477481,
    "time": 63000.0,
    "weighted_avg_deadline_violation": 0.004235755216998129,
    "overall_cost": 347.19872727041957,
    "deadline_satisfaction": 0.8113207547169812,
    "weighted_overall_response_time": 1146.3728618900975,
    "max_migration_cost": 412.18348032654626,
    "max_response_time": 0.37097168958089516,
    "avg_cost": 16.53327272716284,
    "overall_migration_cost": 424.98448032654625,
    "elapsed_time": 63.5680476129055,
    "opt": "LLCOptimizer",
    "overall_power_consumption": 1240.2169906354948,
    "valid": true,
    "weighted_deadline_satisfaction": 0.4318236876617847,
    "weighted_overall_deadline_violation": 292.5200940834614,
    "weighted_migration_rate": 0.0041406744987350684,
    "overall_deadline_violation": 0.12798916266538957,
    "avg_deadline_violation": 0.001207444930805562,
    "avg_migration_cost": 212.49224016327312,
    "weighted_avg_response_time": 0.016599730851278277
  },
  {
    "max_cost": 75.79058012557431,
    "avg_only_violated_deadline": 0.006136593539601073,
    "max_deadline_violation": 0.010100109929773733,
    "migration_rate": 0.05,
    "weighted_avg_only_violated_deadline": 0.007306586279780709,
    "avg_response_time": 0.06775651245004426,
    "avg_unavailability": 0.029929045871879705,
    "overall_response_time": 7.453216369504872,
    "time": 64800.0,
    "weighted_avg_deadline_violation": 0.004440910665282903,
    "overall_cost": 357.19337127542417,
    "deadline_satisfaction": 0.8,
    "weighted_overall_response_time": 1150.6367183492996,
    "max_migration_cost": 128.001,
    "max_response_time": 0.37097222497394444,
    "avg_cost": 17.859668563771212,
    "overall_migration_cost": 128.001,
    "elapsed_time": 64.18967170268297,
    "opt": "LLCOptimizer",
    "overall_power_consumption": 1267.938203813969,
    "valid": true,
    "weighted_deadline_satisfaction": 0.3922044446977793,
    "weighted_overall_deadline_violation": 313.5968987307408,
    "weighted_migration_rate": 0.0023654480278862506,
    "overall_deadline_violation": 0.13500505787122358,
    "avg_deadline_violation": 0.0012273187079202147,
    "avg_migration_cost": 128.001,
    "weighted_avg_response_time": 0.01629440499910983
  },
  {
    "max_cost": 66.57572600992782,
    "avg_only_violated_deadline": 0.006136594712357282,
    "max_deadline_violation": 0.010100109928880396,
    "migration_rate": 0.047619047619047616,
    "weighted_avg_only_violated_deadline": 0.007474867553614793,
    "avg_response_time": 0.06666262065018469,
    "avg_unavailability": 0.029417286294836704,
    "overall_response_time": 7.332888271520317,
    "time": 66600.0,
    "weighted_avg_deadline_violation": 0.004297855514555479,
    "overall_cost": 359.1849193701402,
    "deadline_satisfaction": 0.8,
    "weighted_overall_response_time": 1138.1865387224786,
    "max_migration_cost": 128.001,
    "max_response_time": 0.370976099703436,
    "avg_cost": 17.104043779530485,
    "overall_migration_cost": 128.001,
    "elapsed_time": 64.51835983991623,
    "opt": "LLCOptimizer",
    "overall_power_consumption": 1270.0545358905895,
    "valid": true,
    "weighted_deadline_satisfaction": 0.4250258638392776,
    "weighted_overall_deadline_violation": 304.3194421650107,
    "weighted_migration_rate": 0.002473603569671661,
    "overall_deadline_violation": 0.13500508367186023,
    "avg_deadline_violation": 0.0012273189424714568,
    "avg_migration_cost": 128.001,
    "weighted_avg_response_time": 0.016074429084254056
  },
  {
    "max_cost": 79.68349547943748,
    "avg_only_violated_deadline": 0.005957114210361642,
    "max_deadline_violation": 0.010100109923691664,
    "migration_rate": 0.09523809523809523,
    "weighted_avg_only_violated_deadline": 0.007397786119472185,
    "avg_response_time": 0.06610809053478676,
    "avg_unavailability": 0.024691776009359425,
    "overall_response_time": 7.470214230430898,
    "time": 68400.0,
    "weighted_avg_deadline_violation": 0.004562498541113655,
    "overall_cost": 366.4796021112725,
    "deadline_satisfaction": 0.7964601769911505,
    "weighted_overall_response_time": 1154.5628961448492,
    "max_migration_cost": 10.663826275957005,
    "max_response_time": 0.37097675541749897,
    "avg_cost": 17.451409624346315,
    "overall_migration_cost": 14.398427001622895,
    "elapsed_time": 65.16101506352425,
    "opt": "LLCOptimizer",
    "overall_power_consumption": 1270.7387057093388,
    "valid": true,
    "weighted_deadline_satisfaction": 0.3832616315975381,
    "weighted_overall_deadline_violation": 336.47110962412216,
    "weighted_migration_rate": 0.00046535098616745554,
    "overall_deadline_violation": 0.13701362683831772,
    "avg_deadline_violation": 0.001212509972020511,
    "avg_migration_cost": 7.199213500811448,
    "weighted_avg_response_time": 0.015655702313251984
  },
  {
    "max_cost": 74.51858441376035,
    "avg_only_violated_deadline": 0.006475963724966165,
    "max_deadline_violation": 0.010100109919659057,
    "migration_rate": 0.15,
    "weighted_avg_only_violated_deadline": 0.007524849866612858,
    "avg_response_time": 0.07049156439030574,
    "avg_unavailability": 0.03636818647829329,
    "overall_response_time": 7.3311226965917875,
    "time": 70200.0,
    "weighted_avg_deadline_violation": 0.004569447730028364,
    "overall_cost": 351.4154504701323,
    "deadline_satisfaction": 0.7980769230769231,
    "weighted_overall_response_time": 1174.1852179236162,
    "max_migration_cost": 183.27935905334942,
    "max_response_time": 0.37097856590928124,
    "avg_cost": 17.57077252350662,
    "overall_migration_cost": 367.09771810669884,
    "elapsed_time": 65.02039681375027,
    "opt": "LLCOptimizer",
    "overall_power_consumption": 1204.3895538118995,
    "valid": true,
    "weighted_deadline_satisfaction": 0.39275230588949933,
    "weighted_overall_deadline_violation": 342.35868169157715,
    "weighted_migration_rate": 0.006442125415865614,
    "overall_deadline_violation": 0.13599523822428944,
    "avg_deadline_violation": 0.0013076465213873987,
    "avg_migration_cost": 122.36590603556628,
    "weighted_avg_response_time": 0.015671803478632007
  },
  {
    "max_cost": 72.27423768022787,
    "avg_only_violated_deadline": 0.006333166111645321,
    "max_deadline_violation": 0.010100109917569492,
    "migration_rate": 0.047619047619047616,
    "weighted_avg_only_violated_deadline": 0.007618060912272307,
    "avg_response_time": 0.06608577911694655,
    "avg_unavailability": 0.029914723968293297,
    "overall_response_time": 7.467693040214955,
    "time": 72000.0,
    "weighted_avg_deadline_violation": 0.0045466920170998595,
    "overall_cost": 372.681435696279,
    "deadline_satisfaction": 0.8141592920353983,
    "weighted_overall_response_time": 1161.5143179711104,
    "max_migration_cost": 963.6188950378126,
    "max_response_time": 0.37098129529615426,
    "avg_cost": 17.746735033156142,
    "overall_migration_cost": 963.6188950378126,
    "elapsed_time": 63.15742351859808,
    "opt": "LLCOptimizer",
    "overall_power_consumption": 1271.2755800368366,
    "valid": true,
    "weighted_deadline_satisfaction": 0.4031693800484884,
    "weighted_overall_deadline_violation": 345.4093555766414,
    "weighted_migration_rate": 0.002335686982492367,
    "overall_deadline_violation": 0.13299648834455172,
    "avg_deadline_violation": 0.0011769600738455901,
    "avg_migration_cost": 963.6188950378126,
    "weighted_avg_response_time": 0.01528924388411548
  },
  {
    "max_cost": 81.04525237146414,
    "avg_only_violated_deadline": 0.006475962750213651,
    "max_deadline_violation": 0.01010010991992124,
    "migration_rate": 0.09090909090909091,
    "weighted_avg_only_violated_deadline": 0.007538776157829786,
    "avg_response_time": 0.06784277164672553,
    "avg_unavailability": 0.029398312031458998,
    "overall_response_time": 7.462704881139802,
    "time": 73800.0,
    "weighted_avg_deadline_violation": 0.004886755084056275,
    "overall_cost": 353.76977483116525,
    "deadline_satisfaction": 0.8090909090909091,
    "weighted_overall_response_time": 1096.787926025554,
    "max_migration_cost": 25.602,
    "max_response_time": 0.370981942529028,
    "avg_cost": 16.080444310507513,
    "overall_migration_cost": 38.403,
    "elapsed_time": 64.74753673374653,
    "opt": "LLCOptimizer",
    "overall_power_consumption": 1249.444650765985,
    "valid": true,
    "weighted_deadline_satisfaction": 0.3517840320831271,
    "weighted_overall_deadline_violation": 348.03145049656126,
    "weighted_migration_rate": 0.004794768683124796,
    "overall_deadline_violation": 0.1359952177544867,
    "avg_deadline_violation": 0.0012363201614044245,
    "avg_migration_cost": 19.2015,
    "weighted_avg_response_time": 0.015400142619265592
  },
  {
    "max_cost": 115.63958362129759,
    "avg_only_violated_deadline": 0.006272894751203359,
    "max_deadline_violation": 0.010100109913958977,
    "migration_rate": 0.0,
    "weighted_avg_only_violated_deadline": 0.007178868655432567,
    "avg_response_time": 0.0684644822208973,
    "avg_unavailability": 0.029856056127293296,
    "overall_response_time": 7.462628562077807,
    "time": 75600.0,
    "weighted_avg_deadline_violation": 0.004974429259082157,
    "overall_cost": 383.0952955205279,
    "deadline_satisfaction": 0.7981651376146789,
    "weighted_overall_response_time": 1240.7634108680209,
    "max_migration_cost": 0.0,
    "max_response_time": 0.37098311836004394,
    "avg_cost": 18.242633120025136,
    "overall_migration_cost": 0.0,
    "elapsed_time": 64.69356267154217,
    "opt": "LLCOptimizer",
    "overall_power_consumption": 1221.4333419750603,
    "valid": true,
    "weighted_deadline_satisfaction": 0.30707337077162106,
    "weighted_overall_deadline_violation": 411.1339811554488,
    "weighted_migration_rate": 0.0,
    "overall_deadline_violation": 0.13800368452647388,
    "avg_deadline_violation": 0.001266088848866733,
    "avg_migration_cost": 0.0,
    "weighted_avg_response_time": 0.01501235630602572
  },
  {
    "max_cost": 100.31019481020866,
    "avg_only_violated_deadline": 0.00669932876784114,
    "max_deadline_violation": 0.010100109907724465,
    "migration_rate": 0.047619047619047616,
    "weighted_avg_only_violated_deadline": 0.007483039333020368,
    "avg_response_time": 0.0671381685716113,
    "avg_unavailability": 0.029914723968293297,
    "overall_response_time": 7.318060374305628,
    "time": 77400.0,
    "weighted_avg_deadline_violation": 0.005126971025314772,
    "overall_cost": 371.79730598745806,
    "deadline_satisfaction": 0.8165137614678899,
    "weighted_overall_response_time": 1184.9050995367606,
    "max_migration_cost": 12.801,
    "max_response_time": 0.3709846853961322,
    "avg_cost": 17.704633618450387,
    "overall_migration_cost": 12.801,
    "elapsed_time": 63.229895412921906,
    "opt": "LLCOptimizer",
    "overall_power_consumption": 1231.243317532831,
    "valid": true,
    "weighted_deadline_satisfaction": 0.31485445991296424,
    "weighted_overall_deadline_violation": 409.48426488786964,
    "weighted_migration_rate": 0.0021445327323963547,
    "overall_deadline_violation": 0.13398657535682276,
    "avg_deadline_violation": 0.0012292346363011264,
    "avg_migration_cost": 12.801,
    "weighted_avg_response_time": 0.014835671682613297
  },
  {
    "max_cost": 114.88185966455323,
    "avg_only_violated_deadline": 0.006761551578966288,
    "max_deadline_violation": 0.01010010991141351,
    "migration_rate": 0.13636363636363635,
    "weighted_avg_only_violated_deadline": 0.007372234178767338,
    "avg_response_time": 0.06554061568479368,
    "avg_unavailability": 0.029914695891690227,
    "overall_response_time": 7.078386493957713,
    "time": 79200.0,
    "weighted_avg_deadline_violation": 0.005191507443187933,
    "overall_cost": 382.57732515474845,
    "deadline_satisfaction": 0.8055555555555556,
    "weighted_overall_response_time": 1197.1181238416411,
    "max_migration_cost": 128.001,
    "max_response_time": 0.37098518886012527,
    "avg_cost": 17.389878416124922,
    "overall_migration_cost": 129.079,
    "elapsed_time": 63.75180862098932,
    "opt": "LLCOptimizer",
    "overall_power_consumption": 1243.0711498004744,
    "valid": true,
    "weighted_deadline_satisfaction": 0.2958026946376832,
    "weighted_overall_deadline_violation": 414.68734989970596,
    "weighted_migration_rate": 0.0033527655928418266,
    "overall_deadline_violation": 0.14199258315829205,
    "avg_deadline_violation": 0.001314746140354556,
    "avg_migration_cost": 43.02633333333333,
    "weighted_avg_response_time": 0.014986827188729398
  },
  {
    "max_cost": 153.078152705805,
    "avg_only_violated_deadline": 0.0065455001515021625,
    "max_deadline_violation": 0.010100109906873347,
    "migration_rate": 0.125,
    "weighted_avg_only_violated_deadline": 0.007069392494832958,
    "avg_response_time": 0.0665901092093064,
    "avg_unavailability": 0.03336319990612801,
    "overall_response_time": 7.191731794605084,
    "time": 81000.0,
    "weighted_avg_deadline_violation": 0.005151914601538267,
    "overall_cost": 431.25568706444034,
    "deadline_satisfaction": 0.7962962962962963,
    "weighted_overall_response_time": 1383.2465029147104,
    "max_migration_cost": 455.0705095123669,
    "max_response_time": 0.37098521193479067,
    "avg_cost": 17.96898696101835,
    "overall_migration_cost": 911.5581045178367,
    "elapsed_time": 62.23335558176041,
    "opt": "LLCOptimizer",
    "overall_power_consumption": 1242.3480561834576,
    "valid": true,
    "weighted_deadline_satisfaction": 0.27123658711780146,
    "weighted_overall_deadline_violation": 477.44503669098,
    "weighted_migration_rate": 0.0021793982472903092,
    "overall_deadline_violation": 0.1440010033330476,
    "avg_deadline_violation": 0.001333342623454144,
    "avg_migration_cost": 303.85270150594556,
    "weighted_avg_response_time": 0.014926048672080946
  },
  {
    "max_cost": 139.14005541104896,
    "avg_only_violated_deadline": 0.006041400240068421,
    "max_deadline_violation": 0.010100109904697674,
    "migration_rate": 0.0,
    "weighted_avg_only_violated_deadline": 0.007202647764552612,
    "avg_response_time": 0.06754761420169382,
    "avg_unavailability": 0.03636815840169022,
    "overall_response_time": 6.889856648572767,
    "time": 82800.0,
    "weighted_avg_deadline_violation": 0.005041072308979057,
    "overall_cost": 414.7332191064031,
    "deadline_satisfaction": 0.7843137254901961,
    "weighted_overall_response_time": 1377.2558823559837,
    "max_migration_cost": 0.0,
    "max_response_time": 0.37098652138960775,
    "avg_cost": 19.749200909828716,
    "overall_migration_cost": 0.0,
    "elapsed_time": 62.578453205525875,
    "opt": "LLCOptimizer",
    "overall_power_consumption": 1214.6373647001074,
    "valid": true,
    "weighted_deadline_satisfaction": 0.30010844986917423,
    "weighted_overall_deadline_violation": 466.58068139968486,
    "weighted_migration_rate": 0.0,
    "overall_deadline_violation": 0.13291080528150526,
    "avg_deadline_violation": 0.0013030471106029928,
    "avg_migration_cost": 0.0,
    "weighted_avg_response_time": 0.014880269946230054
  },
  {
    "max_cost": 136.7906882000098,
    "avg_only_violated_deadline": 0.006041400636481443,
    "max_deadline_violation": 0.010100109904697674,
    "migration_rate": 0.2857142857142857,
    "weighted_avg_only_violated_deadline": 0.007223040348304353,
    "avg_response_time": 0.06648500718397836,
    "avg_unavailability": 0.017470735129292696,
    "overall_response_time": 6.847955739949771,
    "time": 84600.0,
    "weighted_avg_deadline_violation": 0.005008819204668287,
    "overall_cost": 429.2835063057279,
    "deadline_satisfaction": 0.7864077669902912,
    "weighted_overall_response_time": 1370.777711280843,
    "max_migration_cost": 845.1329885078109,
    "max_response_time": 0.3654875754113119,
    "avg_cost": 15.331553796633143,
    "overall_migration_cost": 3630.0813479932135,
    "elapsed_time": 62.43694322556257,
    "opt": "LLCOptimizer",
    "overall_power_consumption": 1265.2069668047582,
    "valid": true,
    "weighted_deadline_satisfaction": 0.306549740395105,
    "weighted_overall_deadline_violation": 463.5954676996694,
    "weighted_migration_rate": 0.009367251617687101,
    "overall_deadline_violation": 0.13291081400259172,
    "avg_deadline_violation": 0.001290396252452347,
    "avg_migration_cost": 453.7601684991517,
    "weighted_avg_response_time": 0.014810277934042932
  }
]