[
  {
    "time": 0.0,
    "opt": "ClusterLLGAOptimizer",
    "elapsed_time": 117.73260105773807,
    "valid": true,
    "overall_deadline_violation": 0.30142495395306246,
    "weighted_overall_deadline_violation": 201.62539726341828,
    "max_deadline_violation": 0.010200879970479627,
    "avg_deadline_violation": 0.0027909717958616905,
    "avg_only_violated_deadline": 0.008865439822148899,
    "weighted_avg_deadline_violation": 0.0016396807509191703,
    "weighted_avg_only_violated_deadline": 0.009685752194273055,
    "deadline_satisfaction": 0.6851851851851852,
    "weighted_deadline_satisfaction": 0.8307120894659402,
    "overall_cost": 433.0929008061894,
    "max_cost": 161.18232524863498,
    "avg_cost": 20.623471466961398,
    "overall_migration_cost": 0.0,
    "max_migration_cost": 0.0,
    "avg_migration_cost": 0.0,
    "migration_rate": 0.0,
    "weighted_migration_rate": 0.0,
    "overall_response_time": 5.857463635191009,
    "weighted_overall_response_time": 3263.135300817936,
    "max_response_time": 0.2509835804037313,
    "avg_response_time": 0.054235774399916795,
    "weighted_avg_response_time": 0.02653683619730562,
    "avg_unavailability": 0.009397781958784593,
    "overall_power_consumption": 1076.831442475679
  },
  {
    "time": 1800.0,
    "opt": "ClusterLLGAOptimizer",
    "elapsed_time": 111.52152207028121,
    "valid": true,
    "overall_deadline_violation": 0.28422242382481183,
    "weighted_overall_deadline_violation": 207.02264177275836,
    "max_deadline_violation": 0.010200879966413754,
    "avg_deadline_violation": 0.002493179156357998,
    "avg_only_violated_deadline": 0.00916846528467135,
    "weighted_avg_deadline_violation": 0.0016526630238658051,
    "weighted_avg_only_violated_deadline": 0.0096950431175214,
    "deadline_satisfaction": 0.7280701754385965,
    "weighted_deadline_satisfaction": 0.8295352579836365,
    "overall_cost": 427.9079671563326,
    "max_cost": 165.79716621299718,
    "avg_cost": 20.376569864587264,
    "overall_migration_cost": 0.715,
    "max_migration_cost": 0.715,
    "avg_migration_cost": 0.715,
    "migration_rate": 0.047619047619047616,
    "weighted_migration_rate": 0.00016262932235133526,
    "overall_response_time": 5.938183594728706,
    "weighted_overall_response_time": 3367.37179798019,
    "max_response_time": 0.25098233622578753,
    "avg_response_time": 0.05208932977832201,
    "weighted_avg_response_time": 0.026881749795459705,
    "avg_unavailability": 0.009397781958784593,
    "overall_power_consumption": 1034.355363266233
  },
  {
    "time": 3600.0,
    "opt": "ClusterLLGAOptimizer",
    "elapsed_time": 152.53901535179466,
    "valid": true,
    "overall_deadline_violation": 0.33742443390448074,
    "weighted_overall_deadline_violation": 255.8704328080086,
    "max_deadline_violation": 0.010200879969489984,
    "avg_deadline_violation": 0.0030127181598614333,
    "avg_only_violated_deadline": 0.008651908561653352,
    "weighted_avg_deadline_violation": 0.002061575913808315,
    "weighted_avg_only_violated_deadline": 0.009470455683175975,
    "deadline_satisfaction": 0.6517857142857143,
    "weighted_deadline_satisfaction": 0.782315024453295,
    "overall_cost": 443.2376143744515,
    "max_cost": 154.94666058810668,
    "avg_cost": 20.147164289747796,
    "overall_migration_cost": 108.89411360760644,
    "max_migration_cost": 64.91833147847022,
    "avg_migration_cost": 13.611764200950805,
    "migration_rate": 0.36363636363636365,
    "weighted_migration_rate": 0.004102878840343712,
    "overall_response_time": 6.791971428237454,
    "weighted_overall_response_time": 3352.620260913334,
    "max_response_time": 0.25100064604475003,
    "avg_response_time": 0.0606426020378344,
    "weighted_avg_response_time": 0.02701242618067884,
    "avg_unavailability": 0.008298546654529093,
    "overall_power_consumption": 1046.3041270676845
  },
  {
    "time": 5400.0,
    "opt": "ClusterLLGAOptimizer",
    "elapsed_time": 136.59399604517967,
    "valid": true,
    "overall_deadline_violation": 0.31253634458013163,
    "weighted_overall_deadline_violation": 203.02431026456134,
    "max_deadline_violation": 0.010200879969912695,
    "avg_deadline_violation": 0.0026263558368078265,
    "avg_only_violated_deadline": 0.007103098740457533,
    "weighted_avg_deadline_violation": 0.0017375602092711267,
    "weighted_avg_only_violated_deadline": 0.00805160694733844,
    "deadline_satisfaction": 0.6302521008403361,
    "weighted_deadline_satisfaction": 0.7841970900174778,
    "overall_cost": 453.94251291350645,
    "max_cost": 141.84602132845671,
    "avg_cost": 14.643306868177625,
    "overall_migration_cost": 787.6291645562953,
    "max_migration_cost": 770.6171035435325,
    "avg_migration_cost": 52.50861097041968,
    "migration_rate": 0.4838709677419355,
    "weighted_migration_rate": 0.011837552941863677,
    "overall_response_time": 6.495824570575414,
    "weighted_overall_response_time": 3104.6798505537836,
    "max_response_time": 0.24213865069708398,
    "avg_response_time": 0.05458676109727239,
    "weighted_avg_response_time": 0.026571045427113693,
    "avg_unavailability": 0.00865408477566814,
    "overall_power_consumption": 1201.561483722275
  },
  {
    "time": 7200.0,
    "opt": "ClusterLLGAOptimizer",
    "elapsed_time": 158.72223622724414,
    "valid": true,
    "overall_deadline_violation": 0.2642226262765137,
    "weighted_overall_deadline_violation": 182.97430417843657,
    "max_deadline_violation": 0.010200879969470878,
    "avg_deadline_violation": 0.0020482374129962306,
    "avg_only_violated_deadline": 0.008807420875883794,
    "weighted_avg_deadline_violation": 0.0015357131185768972,
    "weighted_avg_only_violated_deadline": 0.009427422672101103,
    "deadline_satisfaction": 0.7674418604651163,
    "weighted_deadline_satisfaction": 0.837101488711057,
    "overall_cost": 468.81744638881923,
    "max_cost": 156.07566874264123,
    "avg_cost": 18.03144024572381,
    "overall_migration_cost": 1.2511506394385814,
    "max_migration_cost": 0.8501506394378373,
    "avg_migration_cost": 0.6255753197192907,
    "migration_rate": 0.07692307692307693,
    "weighted_migration_rate": 0.0004955456564422635,
    "overall_response_time": 7.71042684069864,
    "weighted_overall_response_time": 3107.674866823121,
    "max_response_time": 0.25100064848000053,
    "avg_response_time": 0.05977075070309023,
    "weighted_avg_response_time": 0.026082881324133018,
    "avg_unavailability": 0.008852173441309957,
    "overall_power_consumption": 1230.465730222521
  },
  {
    "time": 9000.0,
    "opt": "ClusterLLGAOptimizer",
    "elapsed_time": 154.52795207500458,
    "valid": true,
    "overall_deadline_violation": 0.2424264285024468,
    "weighted_overall_deadline_violation": 182.49554267927527,
    "max_deadline_violation": 0.010200879969125453,
    "avg_deadline_violation": 0.0019709465731906246,
    "avg_only_violated_deadline": 0.00782020737104667,
    "weighted_avg_deadline_violation": 0.0014661738686181898,
    "weighted_avg_only_violated_deadline": 0.009587178356180026,
    "deadline_satisfaction": 0.7479674796747967,
    "weighted_deadline_satisfaction": 0.8470693029640912,
    "overall_cost": 479.6170879226288,
    "max_cost": 178.26279075804314,
    "avg_cost": 18.446811073947263,
    "overall_migration_cost": 0.401,
    "max_migration_cost": 0.401,
    "avg_migration_cost": 0.401,
    "migration_rate": 0.038461538461538464,
    "weighted_migration_rate": 4.392142645371e-05,
    "overall_response_time": 6.861637645532434,
    "weighted_overall_response_time": 3374.8701481693056,
    "max_response_time": 0.25100064848000053,
    "avg_response_time": 0.05578567191489783,
    "weighted_avg_response_time": 0.027113793293688786,
    "avg_unavailability": 0.008852173441309957,
    "overall_power_consumption": 1213.9263108712253
  },
  {
    "time": 10800.0,
    "opt": "ClusterLLGAOptimizer",
    "elapsed_time": 165.00854356959462,
    "valid": true,
    "overall_deadline_violation": 0.3112247866510718,
    "weighted_overall_deadline_violation": 244.60047579807585,
    "max_deadline_violation": 0.010200879970856197,
    "avg_deadline_violation": 0.002593539888758931,
    "avg_only_violated_deadline": 0.008411480720299236,
    "weighted_avg_deadline_violation": 0.0018900585197409734,
    "weighted_avg_only_violated_deadline": 0.009469990772831385,
    "deadline_satisfaction": 0.6916666666666667,
    "weighted_deadline_satisfaction": 0.800416012530509,
    "overall_cost": 453.33611307219707,
    "max_cost": 164.57787527684667,
    "avg_cost": 18.133444522887878,
    "overall_migration_cost": 173.06640317490053,
    "max_migration_cost": 100.09339061427244,
    "avg_migration_cost": 28.844400529150086,
    "migration_rate": 0.24,
    "weighted_migration_rate": 0.0041625010296639075,
    "overall_response_time": 7.474581143781982,
    "weighted_overall_response_time": 3423.6290895232114,
    "max_response_time": 0.2510006484800006,
    "avg_response_time": 0.062288176198183144,
    "weighted_avg_response_time": 0.02645481088282199,
    "avg_unavailability": 0.007983032466098541,
    "overall_power_consumption": 1060.619852652098
  },
  {
    "time": 12600.0,
    "opt": "ClusterLLGAOptimizer",
    "elapsed_time": 149.10216665640473,
    "valid": true,
    "overall_deadline_violation": 0.3006240408592405,
    "weighted_overall_deadline_violation": 205.64986860016003,
    "max_deadline_violation": 0.010200879969849294,
    "avg_deadline_violation": 0.0024641314824527913,
    "avg_only_violated_deadline": 0.008589258310264015,
    "weighted_avg_deadline_violation": 0.0017949757373630388,
    "weighted_avg_only_violated_deadline": 0.009566669162643628,
    "deadline_satisfaction": 0.7131147540983607,
    "weighted_deadline_satisfaction": 0.8123719230960612,
    "overall_cost": 417.5772086889153,
    "max_cost": 135.38271304544136,
    "avg_cost": 17.399050362038135,
    "overall_migration_cost": 1.3310000000000002,
    "max_migration_cost": 1.3310000000000002,
    "avg_migration_cost": 1.3310000000000002,
    "migration_rate": 0.041666666666666664,
    "weighted_migration_rate": 0.00019440239094880313,
    "overall_response_time": 7.345935124880915,
    "weighted_overall_response_time": 2908.909104014438,
    "max_response_time": 0.25100064848000053,
    "avg_response_time": 0.06021258299082721,
    "weighted_avg_response_time": 0.02538985947057546,
    "avg_unavailability": 0.00872088513455144,
    "overall_power_consumption": 1089.3802303120815
  },
  {
    "time": 14400.0,
    "opt": "ClusterLLGAOptimizer",
    "elapsed_time": 181.7533212536946,
    "valid": true,
    "overall_deadline_violation": 0.33302598994899413,
    "weighted_overall_deadline_violation": 243.11169114762325,
    "max_deadline_violation": 0.010200879975026084,
    "avg_deadline_violation": 0.0030552843114586606,
    "avg_only_violated_deadline": 0.008539127947410107,
    "weighted_avg_deadline_violation": 0.0020714892766106833,
    "weighted_avg_only_violated_deadline": 0.00952049912480631,
    "deadline_satisfaction": 0.6422018348623854,
    "weighted_deadline_satisfaction": 0.7824179962147914,
    "overall_cost": 391.34907337196984,
    "max_cost": 150.199044970599,
    "avg_cost": 20.597319651156308,
    "overall_migration_cost": 104.68202690872536,
    "max_migration_cost": 70.29081314187778,
    "avg_migration_cost": 17.447004484787556,
    "migration_rate": 0.3157894736842105,
    "weighted_migration_rate": 0.0024497725679858214,
    "overall_response_time": 6.230945703915217,
    "weighted_overall_response_time": 3161.5827909536665,
    "max_response_time": 0.2419836974350998,
    "avg_response_time": 0.057164639485460675,
    "weighted_avg_response_time": 0.02693899588975577,
    "avg_unavailability": 0.018097982718887785,
    "overall_power_consumption": 936.4566936002044
  },
  {
    "time": 16200.0,
    "opt": "ClusterLLGAOptimizer",
    "elapsed_time": 174.10164621286094,
    "valid": true,
    "overall_deadline_violation": 0.30362299959805067,
    "weighted_overall_deadline_violation": 186.94892981679564,
    "max_deadline_violation": 0.010200879972213181,
    "avg_deadline_violation": 0.0026401999965047877,
    "avg_only_violated_deadline": 0.00867494284565859,
    "weighted_avg_deadline_violation": 0.0017246520719085361,
    "weighted_avg_only_violated_deadline": 0.009448810513610163,
    "deadline_satisfaction": 0.6956521739130435,
    "weighted_deadline_satisfaction": 0.8174741604327521,
    "overall_cost": 378.2006001737928,
    "max_cost": 155.42725542513483,
    "avg_cost": 19.905294745989092,
    "overall_migration_cost": 0.0,
    "max_migration_cost": 0.0,
    "avg_migration_cost": 0.0,
    "migration_rate": 0.0,
    "weighted_migration_rate": 0.0,
    "overall_response_time": 6.764603847939203,
    "weighted_overall_response_time": 2944.598379608701,
    "max_response_time": 0.25100064848000053,
    "avg_response_time": 0.05882264215599303,
    "weighted_avg_response_time": 0.02716467915225485,
    "avg_unavailability": 0.018097982718887785,
    "overall_power_consumption": 1029.8247064630084
  },
  {
    "time": 18000.0,
    "opt": "ClusterLLGAOptimizer",
    "elapsed_time": 185.5953700626269,
    "valid": true,
    "overall_deadline_violation": 0.3162244601042861,
    "weighted_overall_deadline_violation": 158.65890460964857,
    "max_deadline_violation": 0.010200879975530198,
    "avg_deadline_violation": 0.0026134252901180675,
    "avg_only_violated_deadline": 0.008546607029845572,
    "weighted_avg_deadline_violation": 0.0014565314871949557,
    "weighted_avg_only_violated_deadline": 0.00946999036220761,
    "deadline_satisfaction": 0.6942148760330579,
    "weighted_deadline_satisfaction": 0.8461950401757948,
    "overall_cost": 389.01177170464956,
    "max_cost": 135.54025465794325,
    "avg_cost": 19.450588585232477,
    "overall_migration_cost": 297.17662451758537,
    "max_migration_cost": 171.85283203924317,
    "avg_migration_cost": 148.58831225879268,
    "migration_rate": 0.1,
    "weighted_migration_rate": 0.00200681085177408,
    "overall_response_time": 6.549060987698416,
    "weighted_overall_response_time": 2863.7914140954,
    "max_response_time": 0.25100064848000053,
    "avg_response_time": 0.05412447097271423,
    "weighted_avg_response_time": 0.026290376689861835,
    "avg_unavailability": 0.009664681604598992,
    "overall_power_consumption": 1025.111107980551
  },
  {
    "time": 19800.0,
    "opt": "ClusterLLGAOptimizer",
    "elapsed_time": 161.89159452915192,
    "valid": true,
    "overall_deadline_violation": 0.304623592274845,
    "weighted_overall_deadline_violation": 178.2741522978788,
    "max_deadline_violation": 0.010200879973124445,
    "avg_deadline_violation": 0.0026260654506452164,
    "avg_only_violated_deadline": 0.00846176645207903,
    "weighted_avg_deadline_violation": 0.0017912533072222798,
    "weighted_avg_only_violated_deadline": 0.009498135502960378,
    "deadline_satisfaction": 0.6896551724137931,
    "weighted_deadline_satisfaction": 0.8114100070836027,
    "overall_cost": 369.4288765457922,
    "max_cost": 123.12885103178515,
    "avg_cost": 18.47144382728961,
    "overall_migration_cost": 0.0,
    "max_migration_cost": 0.0,
    "avg_migration_cost": 0.0,
    "migration_rate": 0.0,
    "weighted_migration_rate": 0.0,
    "overall_response_time": 6.115046260448816,
    "weighted_overall_response_time": 2538.6148602830303,
    "max_response_time": 0.2510006484800006,
    "avg_response_time": 0.05271591603835185,
    "weighted_avg_response_time": 0.02550735597748071,
    "avg_unavailability": 0.009664681604598992,
    "overall_power_consumption": 1062.5471385402877
  },
  {
    "time": 21600.0,
    "opt": "ClusterLLGAOptimizer",
    "elapsed_time": 169.06332707684487,
    "valid": true,
    "overall_deadline_violation": 0.29322624883441684,
    "weighted_overall_deadline_violation": 198.19817776887467,
    "max_deadline_violation": 0.010200879970485209,
    "avg_deadline_violation": 0.002403493842905057,
    "avg_only_violated_deadline": 0.007925033752281539,
    "weighted_avg_deadline_violation": 0.0019748969063419996,
    "weighted_avg_only_violated_deadline": 0.009442389222744162,
    "deadline_satisfaction": 0.6967213114754098,
    "weighted_deadline_satisfaction": 0.7908477547626394,
    "overall_cost": 366.74344070342113,
    "max_cost": 115.00649069122917,
    "avg_cost": 18.337172035171058,
    "overall_migration_cost": 156.31141919501712,
    "max_migration_cost": 156.31141919501712,
    "avg_migration_cost": 156.31141919501712,
    "migration_rate": 0.05,
    "weighted_migration_rate": 0.0010119425545608279,
    "overall_response_time": 6.7486393004129575,
    "weighted_overall_response_time": 2591.5977811937923,
    "max_response_time": 0.25100064848000053,
    "avg_response_time": 0.05531671557715541,
    "weighted_avg_response_time": 0.02582333752094753,
    "avg_unavailability": 0.017756683058835085,
    "overall_power_consumption": 1057.7526576024009
  },
  {
    "time": 23400.0,
    "opt": "ClusterLLGAOptimizer",
    "elapsed_time": 177.03974232636392,
    "valid": true,
    "overall_deadline_violation": 0.300426925578212,
    "weighted_overall_deadline_violation": 149.69479117687985,
    "max_deadline_violation": 0.010200879971469425,
    "avg_deadline_violation": 0.0025035577131517655,
    "avg_only_violated_deadline": 0.008119646637248974,
    "weighted_avg_deadline_violation": 0.001483194475626093,
    "weighted_avg_only_violated_deadline": 0.009378842044526468,
    "deadline_satisfaction": 0.6916666666666667,
    "weighted_deadline_satisfaction": 0.8418573989641189,
    "overall_cost": 382.78954267842346,
    "max_cost": 121.77447595701086,
    "avg_cost": 19.139477133921172,
    "overall_migration_cost": 0.0,
    "max_migration_cost": 0.0,
    "avg_migration_cost": 0.0,
    "migration_rate": 0.0,
    "weighted_migration_rate": 0.0,
    "overall_response_time": 6.658537973817124,
    "weighted_overall_response_time": 2668.2889480481103,
    "max_response_time": 0.25100064848000053,
    "avg_response_time": 0.05548781644847603,
    "weighted_avg_response_time": 0.02643773638351126,
    "avg_unavailability": 0.017756683058835085,
    "overall_power_consumption": 1085.7312412380948
  },
  {
    "time": 25200.0,
    "opt": "ClusterLLGAOptimizer",
    "elapsed_time": 181.82115137856454,
    "valid": true,
    "overall_deadline_violation": 0.3252665296869441,
    "weighted_overall_deadline_violation": 168.0303207971961,
    "max_deadline_violation": 0.01020087997403591,
    "avg_deadline_violation": 0.002710554414057866,
    "avg_only_violated_deadline": 0.008559645518077474,
    "weighted_avg_deadline_violation": 0.001450880226264618,
    "weighted_avg_only_violated_deadline": 0.009337983813605474,
    "deadline_satisfaction": 0.6833333333333333,
    "weighted_deadline_satisfaction": 0.8446259647451222,
    "overall_cost": 389.8078275203063,
    "max_cost": 145.93059770156205,
    "avg_cost": 22.92987220707684,
    "overall_migration_cost": 6.651036574804999,
    "max_migration_cost": 4.154036574804999,
    "avg_migration_cost": 1.6627591437012497,
    "migration_rate": 0.23529411764705882,
    "weighted_migration_rate": 0.00290376191386454,
    "overall_response_time": 6.762927743846225,
    "weighted_overall_response_time": 2988.1291662694634,
    "max_response_time": 0.25100064848000053,
    "avg_response_time": 0.05635773119871857,
    "weighted_avg_response_time": 0.025801400010999006,
    "avg_unavailability": 0.018846364211199985,
    "overall_power_consumption": 952.1865075865427
  },
  {
    "time": 27000.0,
    "opt": "ClusterLLGAOptimizer",
    "elapsed_time": 179.1806101538241,
    "valid": true,
    "overall_deadline_violation": 0.3370274406538875,
    "weighted_overall_deadline_violation": 187.21725291123013,
    "max_deadline_violation": 0.010200879974006684,
    "avg_deadline_violation": 0.0027853507492056843,
    "avg_only_violated_deadline": 0.008425686016347194,
    "weighted_avg_deadline_violation": 0.0017802063057475274,
    "weighted_avg_only_violated_deadline": 0.009535541500173736,
    "deadline_satisfaction": 0.6694214876033058,
    "weighted_deadline_satisfaction": 0.8133083154517138,
    "overall_cost": 350.20352950198674,
    "max_cost": 138.27932703006462,
    "avg_cost": 20.600207617763925,
    "overall_migration_cost": 0.0,
    "max_migration_cost": 0.0,
    "avg_migration_cost": 0.0,
    "migration_rate": 0.0,
    "weighted_migration_rate": 0.0,
    "overall_response_time": 6.955389585136366,
    "weighted_overall_response_time": 2800.5721637604947,
    "max_response_time": 0.25100064848000053,
    "avg_response_time": 0.05748255855484597,
    "weighted_avg_response_time": 0.026630004169494847,
    "avg_unavailability": 0.018846364211199985,
    "overall_power_consumption": 954.9546319523088
  },
  {
    "time": 28800.0,
    "opt": "ClusterLLGAOptimizer",
    "elapsed_time": 195.81520672515035,
    "valid": true,
    "overall_deadline_violation": 0.34102709651268787,
    "weighted_overall_deadline_violation": 198.15524841165814,
    "max_deadline_violation": 0.010200879971467233,
    "avg_deadline_violation": 0.0029147615086554525,
    "avg_only_violated_deadline": 0.008525677412817198,
    "weighted_avg_deadline_violation": 0.0016012282709146936,
    "weighted_avg_only_violated_deadline": 0.009508281652396738,
    "deadline_satisfaction": 0.6581196581196581,
    "weighted_deadline_satisfaction": 0.8315964619631271,
    "overall_cost": 407.18502703814033,
    "max_cost": 154.74071882464267,
    "avg_cost": 23.95206041400826,
    "overall_migration_cost": 2.0460000000000003,
    "max_migration_cost": 1.3310000000000004,
    "avg_migration_cost": 1.0230000000000001,
    "migration_rate": 0.11764705882352941,
    "weighted_migration_rate": 0.0012118337514386754,
    "overall_response_time": 6.391195489365393,
    "weighted_overall_response_time": 3193.1748340785316,
    "max_response_time": 0.25100064848000053,
    "avg_response_time": 0.05462560247320849,
    "weighted_avg_response_time": 0.025803009808137222,
    "avg_unavailability": 0.018846364211199985,
    "overall_power_consumption": 957.3438526823459
  },
  {
    "time": 30600.0,
    "opt": "ClusterLLGAOptimizer",
    "elapsed_time": 180.06660198792815,
    "valid": true,
    "overall_deadline_violation": 0.30142101961179885,
    "weighted_overall_deadline_violation": 182.47832019905567,
    "max_deadline_violation": 0.010200879973333483,
    "avg_deadline_violation": 0.002554415420438972,
    "avg_only_violated_deadline": 0.008865324106229373,
    "weighted_avg_deadline_violation": 0.0014132106055598115,
    "weighted_avg_only_violated_deadline": 0.009513081882389396,
    "deadline_satisfaction": 0.711864406779661,
    "weighted_deadline_satisfaction": 0.8514455543396566,
    "overall_cost": 423.2512096135804,
    "max_cost": 169.97517813760157,
    "avg_cost": 24.897129977269437,
    "overall_migration_cost": 0.0,
    "max_migration_cost": 0.0,
    "avg_migration_cost": 0.0,
    "migration_rate": 0.0,
    "weighted_migration_rate": 0.0,
    "overall_response_time": 6.965421796752319,
    "weighted_overall_response_time": 3356.62462961489,
    "max_response_time": 0.25100064848000053,
    "avg_response_time": 0.05902899827756203,
    "weighted_avg_response_time": 0.025995512893150694,
    "avg_unavailability": 0.018846364211199985,
    "overall_power_consumption": 947.8263517571421
  },
  {
    "time": 32400.0,
    "opt": "ClusterLLGAOptimizer",
    "elapsed_time": 211.30404429789633,
    "valid": true,
    "overall_deadline_violation": 0.3298257300923103,
    "weighted_overall_deadline_violation": 212.04411007968184,
    "max_deadline_violation": 0.010200879970824844,
    "avg_deadline_violation": 0.0028932081587044753,
    "avg_only_violated_deadline": 0.008457070002366927,
    "weighted_avg_deadline_violation": 0.001715681840030865,
    "weighted_avg_only_violated_deadline": 0.00949974389329757,
    "deadline_satisfaction": 0.6578947368421053,
    "weighted_deadline_satisfaction": 0.8193970427727695,
    "overall_cost": 429.65724469293974,
    "max_cost": 180.1524301962937,
    "avg_cost": 16.52527864203614,
    "overall_migration_cost": 4324.497418441106,
    "max_migration_cost": 2320.455530906617,
    "avg_migration_cost": 360.3747848700921,
    "migration_rate": 0.46153846153846156,
    "weighted_migration_rate": 0.004891534619825801,
    "overall_response_time": 7.028581730737989,
    "weighted_overall_response_time": 3335.8192982736214,
    "max_response_time": 0.25100064848000053,
    "avg_response_time": 0.06165422570822794,
    "weighted_avg_response_time": 0.02699063222987845,
    "avg_unavailability": 0.008785083183558489,
    "overall_power_consumption": 997.3054369766601
  },
  {
    "time": 34200.0,
    "opt": "ClusterLLGAOptimizer",
    "elapsed_time": 197.87417285796255,
    "valid": true,
    "overall_deadline_violation": 0.2978266345250273,
    "weighted_overall_deadline_violation": 149.44936290051498,
    "max_deadline_violation": 0.010200879973814126,
    "avg_deadline_violation": 0.00238261307620022,
    "avg_only_violated_deadline": 0.007837543013816511,
    "weighted_avg_deadline_violation": 0.0012185812386221499,
    "weighted_avg_only_violated_deadline": 0.00922184543404208,
    "deadline_satisfaction": 0.696,
    "weighted_deadline_satisfaction": 0.8678592861550463,
    "overall_cost": 478.53249663976317,
    "max_cost": 158.5151693668752,
    "avg_cost": 17.72342580147271,
    "overall_migration_cost": 90.004,
    "max_migration_cost": 88.001,
    "avg_migration_cost": 22.501,
    "migration_rate": 0.14814814814814814,
    "weighted_migration_rate": 0.002942339759364563,
    "overall_response_time": 6.8796884886268215,
    "weighted_overall_response_time": 3025.7233747376054,
    "max_response_time": 0.2510006484800006,
    "avg_response_time": 0.055037507909014564,
    "weighted_avg_response_time": 0.0246711639725768,
    "avg_unavailability": 0.00802618511340703,
    "overall_power_consumption": 1182.698216721954
  },
  {
    "time": 36000.0,
    "opt": "ClusterLLGAOptimizer",
    "elapsed_time": 212.0091362465173,
    "valid": true,
    "overall_deadline_violation": 0.3144350804444384,
    "weighted_overall_deadline_violation": 196.6489095301498,
    "max_deadline_violation": 0.010200879975586375,
    "avg_deadline_violation": 0.0025986370284664345,
    "avg_only_violated_deadline": 0.00873430779012329,
    "weighted_avg_deadline_violation": 0.001520074813506125,
    "weighted_avg_only_violated_deadline": 0.00950178175901784,
    "deadline_satisfaction": 0.7024793388429752,
    "weighted_deadline_satisfaction": 0.840022129316592,
    "overall_cost": 423.59438193034873,
    "max_cost": 168.56048186306427,
    "avg_cost": 23.533021218352705,
    "overall_migration_cost": 4.65989514229696,
    "max_migration_cost": 3.884246062631098,
    "avg_migration_cost": 2.32994757114848,
    "migration_rate": 0.1111111111111111,
    "weighted_migration_rate": 0.0009928458464724473,
    "overall_response_time": 7.488919028475205,
    "weighted_overall_response_time": 3255.5037515244085,
    "max_response_time": 0.25100064848000053,
    "avg_response_time": 0.061891892797315703,
    "weighted_avg_response_time": 0.025164692089015863,
    "avg_unavailability": 0.027071907664481455,
    "overall_power_consumption": 944.6823631690396
  },
  {
    "time": 37800.0,
    "opt": "ClusterLLGAOptimizer",
    "elapsed_time": 197.45047044940293,
    "valid": true,
    "overall_deadline_violation": 0.2700209145616579,
    "weighted_overall_deadline_violation": 202.02377115095828,
    "max_deadline_violation": 0.010200879970884182,
    "avg_deadline_violation": 0.0023078710646295556,
    "avg_only_violated_deadline": 0.009000697152055263,
    "weighted_avg_deadline_violation": 0.001566227614343331,
    "weighted_avg_only_violated_deadline": 0.009684376065116003,
    "deadline_satisfaction": 0.7435897435897436,
    "weighted_deadline_satisfaction": 0.8382727391199705,
    "overall_cost": 418.1658890333936,
    "max_cost": 159.17637338455228,
    "avg_cost": 23.23143827963298,
    "overall_migration_cost": 1.0280048575861676,
    "max_migration_cost": 0.6270048575861676,
    "avg_migration_cost": 0.5140024287930838,
    "migration_rate": 0.1111111111111111,
    "weighted_migration_rate": 0.0009784836760997916,
    "overall_response_time": 6.561305597125926,
    "weighted_overall_response_time": 3262.218165565521,
    "max_response_time": 0.25100064848000053,
    "avg_response_time": 0.056079535018170326,
    "weighted_avg_response_time": 0.025290965245388295,
    "avg_unavailability": 0.027071907664481455,
    "overall_power_consumption": 943.0107307398669
  },
  {
    "time": 39600.0,
    "opt": "ClusterLLGAOptimizer",
    "elapsed_time": 217.8227671571076,
    "valid": true,
    "overall_deadline_violation": 0.27701931176176203,
    "weighted_overall_deadline_violation": 201.79801939920046,
    "max_deadline_violation": 0.010200879971149386,
    "avg_deadline_violation": 0.002473386712158589,
    "avg_only_violated_deadline": 0.0092339770587254,
    "weighted_avg_deadline_violation": 0.0017557879587032249,
    "weighted_avg_only_violated_deadline": 0.009683699904347495,
    "deadline_satisfaction": 0.7321428571428571,
    "weighted_deadline_satisfaction": 0.8186862484333116,
    "overall_cost": 393.50412145832286,
    "max_cost": 151.63613789860997,
    "avg_cost": 17.886550975378313,
    "overall_migration_cost": 9622.824456578719,
    "max_migration_cost": 6965.717037470628,
    "avg_migration_cost": 1202.8530570723397,
    "migration_rate": 0.36363636363636365,
    "weighted_migration_rate": 0.004785449498008862,
    "overall_response_time": 6.523292891118778,
    "weighted_overall_response_time": 3080.5564819514157,
    "max_response_time": 0.24198626462593575,
    "avg_response_time": 0.058243686527846186,
    "weighted_avg_response_time": 0.026803057796200028,
    "avg_unavailability": 0.009726269164946559,
    "overall_power_consumption": 975.564760610607
  },
  {
    "time": 41400.0,
    "opt": "ClusterLLGAOptimizer",
    "elapsed_time": 196.43053241539747,
    "valid": true,
    "overall_deadline_violation": 0.28502472483902574,
    "weighted_overall_deadline_violation": 179.3120164546042,
    "max_deadline_violation": 0.010200879975174649,
    "avg_deadline_violation": 0.0022985864906373043,
    "avg_only_violated_deadline": 0.008383080142324287,
    "weighted_avg_deadline_violation": 0.0016048690690223953,
    "weighted_avg_only_violated_deadline": 0.009386740971996274,
    "deadline_satisfaction": 0.7258064516129032,
    "weighted_deadline_satisfaction": 0.8290280861259249,
    "overall_cost": 419.39729677545733,
    "max_cost": 141.71544499338572,
    "avg_cost": 19.063513489793515,
    "overall_migration_cost": 0.6270000000000002,
    "max_migration_cost": 0.6270000000000002,
    "avg_migration_cost": 0.6270000000000002,
    "migration_rate": 0.045454545454545456,
    "weighted_migration_rate": 0.0003047208270960856,
    "overall_response_time": 6.616302796340825,
    "weighted_overall_response_time": 2868.737650028338,
    "max_response_time": 0.2510006484800006,
    "avg_response_time": 0.053357280615651835,
    "weighted_avg_response_time": 0.025675626278153195,
    "avg_unavailability": 0.009726269164946559,
    "overall_power_consumption": 1133.7339871541467
  },
  {
    "time": 43200.0,
    "opt": "ClusterLLGAOptimizer",
    "elapsed_time": 205.98521480802447,
    "valid": true,
    "overall_deadline_violation": 0.26762102276229754,
    "weighted_overall_deadline_violation": 217.68112949043763,
    "max_deadline_violation": 0.010200879971626532,
    "avg_deadline_violation": 0.0022873591689085257,
    "avg_only_violated_deadline": 0.009228311129734396,
    "weighted_avg_deadline_violation": 0.0018438879983790123,
    "weighted_avg_only_violated_deadline": 0.009676316681192449,
    "deadline_satisfaction": 0.7521367521367521,
    "weighted_deadline_satisfaction": 0.8094431942308257,
    "overall_cost": 406.0810475061931,
    "max_cost": 144.4618098573035,
    "avg_cost": 20.304052375309656,
    "overall_migration_cost": 12.957895583048627,
    "max_migration_cost": 12.456895583048626,
    "avg_migration_cost": 4.319298527682875,
    "migration_rate": 0.15,
    "weighted_migration_rate": 0.0009291775042521364,
    "overall_response_time": 6.568750953612235,
    "weighted_overall_response_time": 2995.0639945102575,
    "max_response_time": 0.25100064848000053,
    "avg_response_time": 0.05614317054369433,
    "weighted_avg_response_time": 0.025369964621104954,
    "avg_unavailability": 0.009885507467712393,
    "overall_power_consumption": 1013.3393928405616
  },
  {
    "time": 45000.0,
    "opt": "ClusterLLGAOptimizer",
    "elapsed_time": 205.78996280115098,
    "valid": true,
    "overall_deadline_violation": 0.2778226416459613,
    "weighted_overall_deadline_violation": 220.03469968420723,
    "max_deadline_violation": 0.01020087997238667,
    "avg_deadline_violation": 0.0025029066814951464,
    "avg_only_violated_deadline": 0.009260754721532044,
    "weighted_avg_deadline_violation": 0.0018433631473600315,
    "weighted_avg_only_violated_deadline": 0.00967349514492848,
    "deadline_satisfaction": 0.7297297297297297,
    "weighted_deadline_satisfaction": 0.8094418697954844,
    "overall_cost": 408.13233636577866,
    "max_cost": 154.6949845286168,
    "avg_cost": 20.40661681828893,
    "overall_migration_cost": 0.715,
    "max_migration_cost": 0.715,
    "avg_migration_cost": 0.715,
    "migration_rate": 0.05,
    "weighted_migration_rate": 0.00017020250753493465,
    "overall_response_time": 6.132915466696447,
    "weighted_overall_response_time": 3102.9175860897553,
    "max_response_time": 0.25100064848000053,
    "avg_response_time": 0.055251490690958985,
    "weighted_avg_response_time": 0.025995008676823417,
    "avg_unavailability": 0.009885507467712393,
    "overall_power_consumption": 1034.4531516585575
  },
  {
    "time": 46800.0,
    "opt": "ClusterLLGAOptimizer",
    "elapsed_time": 214.22096830699593,
    "valid": true,
    "overall_deadline_violation": 0.30542440284551403,
    "weighted_overall_deadline_violation": 200.1854812318226,
    "max_deadline_violation": 0.010200879969573154,
    "avg_deadline_violation": 0.0025452033570459503,
    "avg_only_violated_deadline": 0.008983070671926881,
    "weighted_avg_deadline_violation": 0.0016195634466362337,
    "weighted_avg_only_violated_deadline": 0.00968901441909674,
    "deadline_satisfaction": 0.7166666666666667,
    "weighted_deadline_satisfaction": 0.8328453879226224,
    "overall_cost": 408.26408652110825,
    "max_cost": 164.36060398585883,
    "avg_cost": 22.681338140061573,
    "overall_migration_cost": 0.0,
    "max_migration_cost": 0.0,
    "avg_migration_cost": 0.0,
    "migration_rate": 0.0,
    "weighted_migration_rate": 0.0,
    "overall_response_time": 6.4289485935952175,
    "weighted_overall_response_time": 3268.8221904192037,
    "max_response_time": 0.250987695901454,
    "avg_response_time": 0.053574571613293494,
    "weighted_avg_response_time": 0.026445798669213153,
    "avg_unavailability": 0.019393820013523595,
    "overall_power_consumption": 977.3786806576961
  },
  {
    "time": 48600.0,
    "opt": "ClusterLLGAOptimizer",
    "elapsed_time": 213.4058578517288,
    "valid": true,
    "overall_deadline_violation": 0.28142308048855397,
    "weighted_overall_deadline_violation": 224.31314761931495,
    "max_deadline_violation": 0.010200879970101034,
    "avg_deadline_violation": 0.0023849413600724907,
    "avg_only_violated_deadline": 0.009380769349618465,
    "weighted_avg_deadline_violation": 0.0016528910296086843,
    "weighted_avg_only_violated_deadline": 0.009678055825181464,
    "deadline_satisfaction": 0.7457627118644068,
    "weighted_deadline_satisfaction": 0.8292124927293756,
    "overall_cost": 442.3971112344475,
    "max_cost": 171.41039372215945,
    "avg_cost": 24.577617290802632,
    "overall_migration_cost": 0.0,
    "max_migration_cost": 0.0,
    "avg_migration_cost": 0.0,
    "migration_rate": 0.0,
    "weighted_migration_rate": 0.0,
    "overall_response_time": 6.886052461962384,
    "weighted_overall_response_time": 3549.8799942699693,
    "max_response_time": 0.25098557496213747,
    "avg_response_time": 0.0583563767962914,
    "weighted_avg_response_time": 0.02615791745151775,
    "avg_unavailability": 0.019393820013523595,
    "overall_power_consumption": 975.7266328689515
  },
  {
    "time": 50400.0,
    "opt": "ClusterLLGAOptimizer",
    "elapsed_time": 228.97986684180796,
    "valid": true,
    "overall_deadline_violation": 0.29042298073257283,
    "weighted_overall_deadline_violation": 212.30724295704044,
    "max_deadline_violation": 0.010200879967570783,
    "avg_deadline_violation": 0.002482247698568998,
    "avg_only_violated_deadline": 0.0090757181478929,
    "weighted_avg_deadline_violation": 0.0017547004445950592,
    "weighted_avg_only_violated_deadline": 0.009689460159561304,
    "deadline_satisfaction": 0.7264957264957265,
    "weighted_deadline_satisfaction": 0.8189062738584494,
    "overall_cost": 399.5714536769077,
    "max_cost": 162.17943286785257,
    "avg_cost": 23.50420315746516,
    "overall_migration_cost": 2.010800288334959,
    "max_migration_cost": 1.2009999999999998,
    "avg_migration_cost": 1.0054001441674796,
    "migration_rate": 0.11764705882352941,
    "weighted_migration_rate": 0.001981177514116627,
    "overall_response_time": 6.952499520197053,
    "weighted_overall_response_time": 2968.922949318797,
    "max_response_time": 0.25100064646570963,
    "avg_response_time": 0.05942307282219703,
    "weighted_avg_response_time": 0.02453788361894137,
    "avg_unavailability": 0.027576434379523587,
    "overall_power_consumption": 956.392644395881
  },
  {
    "time": 52200.0,
    "opt": "ClusterLLGAOptimizer",
    "elapsed_time": 198.63259566389024,
    "valid": true,
    "overall_deadline_violation": 0.3136252212971499,
    "weighted_overall_deadline_violation": 206.47858358518613,
    "max_deadline_violation": 0.010200879966826004,
    "avg_deadline_violation": 0.0027271758373665195,
    "avg_only_violated_deadline": 0.008960720608489995,
    "weighted_avg_deadline_violation": 0.0017777184198587066,
    "weighted_avg_only_violated_deadline": 0.00969410759733829,
    "deadline_satisfaction": 0.6956521739130435,
    "weighted_deadline_satisfaction": 0.8166186622122066,
    "overall_cost": 382.54234466684727,
    "max_cost": 137.56176709939055,
    "avg_cost": 22.50249086275572,
    "overall_migration_cost": 0.0,
    "max_migration_cost": 0.0,
    "avg_migration_cost": 0.0,
    "migration_rate": 0.0,
    "weighted_migration_rate": 0.0,
    "overall_response_time": 6.0514497258610795,
    "weighted_overall_response_time": 2933.347910594825,
    "max_response_time": 0.2510006484799897,
    "avg_response_time": 0.05262130196400939,
    "weighted_avg_response_time": 0.025255242078736324,
    "avg_unavailability": 0.027576434379523587,
    "overall_power_consumption": 954.8049366702846
  },
  {
    "time": 54000.0,
    "opt": "ClusterLLGAOptimizer",
    "elapsed_time": 219.45691085327417,
    "valid": true,
    "overall_deadline_violation": 0.30842335079266336,
    "weighted_overall_deadline_violation": 199.4553206074201,
    "max_deadline_violation": 0.010200879972326878,
    "avg_deadline_violation": 0.002636097015321909,
    "avg_only_violated_deadline": 0.009071275023313627,
    "weighted_avg_deadline_violation": 0.0015065385056142247,
    "weighted_avg_only_violated_deadline": 0.009681224323233225,
    "deadline_satisfaction": 0.7094017094017094,
    "weighted_deadline_satisfaction": 0.8443855389241629,
    "overall_cost": 433.3181068774888,
    "max_cost": 169.19086480237232,
    "avg_cost": 24.073228159860488,
    "overall_migration_cost": 2686.293430062531,
    "max_migration_cost": 2152.792735700814,
    "avg_migration_cost": 671.5733575156328,
    "migration_rate": 0.2222222222222222,
    "weighted_migration_rate": 0.0020621594943043176,
    "overall_response_time": 6.485739740611236,
    "weighted_overall_response_time": 3450.9925402083354,
    "max_response_time": 0.25100064848000053,
    "avg_response_time": 0.05543367299667723,
    "weighted_avg_response_time": 0.026066254480342436,
    "avg_unavailability": 0.010651774482009992,
    "overall_power_consumption": 964.0531755116959
  },
  {
    "time": 55800.0,
    "opt": "ClusterLLGAOptimizer",
    "elapsed_time": 201.9795021750033,
    "valid": true,
    "overall_deadline_violation": 0.2778228625222905,
    "weighted_overall_deadline_violation": 211.99832959243963,
    "max_deadline_violation": 0.010200879972083722,
    "avg_deadline_violation": 0.0024370426537043016,
    "avg_only_violated_deadline": 0.00926076208407635,
    "weighted_avg_deadline_violation": 0.0017194356926277389,
    "weighted_avg_only_violated_deadline": 0.009677097314214851,
    "deadline_satisfaction": 0.7368421052631579,
    "weighted_deadline_satisfaction": 0.8223190656456426,
    "overall_cost": 411.83562695548045,
    "max_cost": 159.44975768811622,
    "avg_cost": 22.879757053082248,
    "overall_migration_cost": 0.6270000000000002,
    "max_migration_cost": 0.6270000000000002,
    "avg_migration_cost": 0.6270000000000002,
    "migration_rate": 0.05555555555555555,
    "weighted_migration_rate": 0.00029164713102915884,
    "overall_response_time": 6.204855841319621,
    "weighted_overall_response_time": 3112.960352644173,
    "max_response_time": 0.25100064848000053,
    "avg_response_time": 0.05442856001157566,
    "weighted_avg_response_time": 0.02524800620062198,
    "avg_unavailability": 0.010651774482009992,
    "overall_power_consumption": 995.9869828628186
  },
  {
    "time": 57600.0,
    "opt": "ClusterLLGAOptimizer",
    "elapsed_time": 236.92836663406342,
    "valid": true,
    "overall_deadline_violation": 0.33242463677965167,
    "weighted_overall_deadline_violation": 234.72120782684993,
    "max_deadline_violation": 0.010200879973147225,
    "avg_deadline_violation": 0.002968077114104032,
    "avg_only_violated_deadline": 0.008748016757359253,
    "weighted_avg_deadline_violation": 0.0018393273776282281,
    "weighted_avg_only_violated_deadline": 0.009513013560188688,
    "deadline_satisfaction": 0.6607142857142857,
    "weighted_deadline_satisfaction": 0.8066514500383257,
    "overall_cost": 440.9721293369768,
    "max_cost": 157.39722255572173,
    "avg_cost": 19.172701275520733,
    "overall_migration_cost": 29.301799349634422,
    "max_migration_cost": 7.543899674817212,
    "avg_migration_cost": 3.255755483292714,
    "migration_rate": 0.391304347826087,
    "weighted_migration_rate": 0.002846632096603603,
    "overall_response_time": 6.716203693091199,
    "weighted_overall_response_time": 3120.6056764405575,
    "max_response_time": 0.2510006484800006,
    "avg_response_time": 0.05996610440259997,
    "weighted_avg_response_time": 0.024453757325981994,
    "avg_unavailability": 0.008793044954537492,
    "overall_power_consumption": 1014.2694049945719
  },
  {
    "time": 59400.0,
    "opt": "ClusterLLGAOptimizer",
    "elapsed_time": 228.72265873942524,
    "valid": true,
    "overall_deadline_violation": 0.3462292027902548,
    "weighted_overall_deadline_violation": 236.44492306110087,
    "max_deadline_violation": 0.010200879978011737,
    "avg_deadline_violation": 0.002769833622322037,
    "avg_only_violated_deadline": 0.008051841925354759,
    "weighted_avg_deadline_violation": 0.0017968015512138478,
    "weighted_avg_only_violated_deadline": 0.009396190024294943,
    "deadline_satisfaction": 0.656,
    "weighted_deadline_satisfaction": 0.8087733914950623,
    "overall_cost": 480.7019872532994,
    "max_cost": 158.73562424050166,
    "avg_cost": 17.167928116189266,
    "overall_migration_cost": 16.322000000000003,
    "max_migration_cost": 12.802000000000001,
    "avg_migration_cost": 2.331714285714286,
    "migration_rate": 0.25,
    "weighted_migration_rate": 0.002416284967739725,
    "overall_response_time": 6.427664059852431,
    "weighted_overall_response_time": 3200.020571022464,
    "max_response_time": 0.25100064848000053,
    "avg_response_time": 0.05142131247881945,
    "weighted_avg_response_time": 0.02431772207874201,
    "avg_unavailability": 0.008724546838389979,
    "overall_power_consumption": 1137.0945120272092
  },
  {
    "time": 61200.0,
    "opt": "ClusterLLGAOptimizer",
    "elapsed_time": 231.00665035191923,
    "valid": true,
    "overall_deadline_violation": 0.31982489786521257,
    "weighted_overall_deadline_violation": 251.91826989035016,
    "max_deadline_violation": 0.010200879974522549,
    "avg_deadline_violation": 0.002687604183741282,
    "avg_only_violated_deadline": 0.008643916158519258,
    "weighted_avg_deadline_violation": 0.0019155825189413277,
    "weighted_avg_only_violated_deadline": 0.009519260796152609,
    "deadline_satisfaction": 0.6890756302521008,
    "weighted_deadline_satisfaction": 0.7987677236749787,
    "overall_cost": 443.22154215285207,
    "max_cost": 149.9826046690595,
    "avg_cost": 20.14643373422055,
    "overall_migration_cost": 0.802,
    "max_migration_cost": 0.401,
    "avg_migration_cost": 0.401,
    "migration_rate": 0.09090909090909091,
    "weighted_migration_rate": 0.0008065820332924535,
    "overall_response_time": 6.820030702121735,
    "weighted_overall_response_time": 3242.851321476344,
    "max_response_time": 0.25100064848000053,
    "avg_response_time": 0.057311182370770895,
    "weighted_avg_response_time": 0.02465858988968794,
    "avg_unavailability": 0.016954770225015025,
    "overall_power_consumption": 1022.0371039994205
  },
  {
    "time": 63000.0,
    "opt": "ClusterLLGAOptimizer",
    "elapsed_time": 219.67120880447328,
    "valid": true,
    "overall_deadline_violation": 0.30962327343699003,
    "weighted_overall_deadline_violation": 233.47788911594154,
    "max_deadline_violation": 0.010200879977629043,
    "avg_deadline_violation": 0.002537895683909754,
    "avg_only_violated_deadline": 0.008600646484360834,
    "weighted_avg_deadline_violation": 0.0019133050597227484,
    "weighted_avg_only_violated_deadline": 0.009503194994650655,
    "deadline_satisfaction": 0.7049180327868853,
    "weighted_deadline_satisfaction": 0.7986671786909827,
    "overall_cost": 427.7504694559014,
    "max_cost": 148.5497063073352,
    "avg_cost": 17.822936227329222,
    "overall_migration_cost": 0.802,
    "max_migration_cost": 0.401,
    "avg_migration_cost": 0.401,
    "migration_rate": 0.08333333333333333,
    "weighted_migration_rate": 0.000872092353239747,
    "overall_response_time": 7.061462197923757,
    "weighted_overall_response_time": 2980.1702132509336,
    "max_response_time": 0.25100064848000053,
    "avg_response_time": 0.05788083768789968,
    "weighted_avg_response_time": 0.024421904658460045,
    "avg_unavailability": 0.016949654521387823,
    "overall_power_consumption": 1046.0889267680686
  },
  {
    "time": 64800.0,
    "opt": "ClusterLLGAOptimizer",
    "elapsed_time": 240.859899090603,
    "valid": true,
    "overall_deadline_violation": 0.2722218726854797,
    "weighted_overall_deadline_violation": 199.18916995063995,
    "max_deadline_violation": 0.01020087997402113,
    "avg_deadline_violation": 0.0021953376829474173,
    "avg_only_violated_deadline": 0.009074062422849326,
    "weighted_avg_deadline_violation": 0.0016074758506371847,
    "weighted_avg_only_violated_deadline": 0.009550608655716816,
    "deadline_satisfaction": 0.7580645161290323,
    "weighted_deadline_satisfaction": 0.8316886484847246,
    "overall_cost": 462.9796101385447,
    "max_cost": 154.48246721998194,
    "avg_cost": 19.290817089106028,
    "overall_migration_cost": 240.50969251687846,
    "max_migration_cost": 211.33430642111932,
    "avg_migration_cost": 40.08494875281308,
    "migration_rate": 0.25,
    "weighted_migration_rate": 0.002287276763559832,
    "overall_response_time": 7.598923227840646,
    "weighted_overall_response_time": 3021.4398923894114,
    "max_response_time": 0.25100064848000053,
    "avg_response_time": 0.06128163893419875,
    "weighted_avg_response_time": 0.02438331191586047,
    "avg_unavailability": 0.00974797011180251,
    "overall_power_consumption": 1095.3077932258507
  },
  {
    "time": 66600.0,
    "opt": "ClusterLLGAOptimizer",
    "elapsed_time": 219.51803134940565,
    "valid": true,
    "overall_deadline_violation": 0.2734466102264788,
    "weighted_overall_deadline_violation": 151.30897337708757,
    "max_deadline_violation": 0.010200879979214567,
    "avg_deadline_violation": 0.0021875728818118298,
    "avg_only_violated_deadline": 0.0073904489250399665,
    "weighted_avg_deadline_violation": 0.0012691523820048817,
    "weighted_avg_only_violated_deadline": 0.009140234783787993,
    "deadline_satisfaction": 0.704,
    "weighted_deadline_satisfaction": 0.8611466322226237,
    "overall_cost": 471.1236448493863,
    "max_cost": 156.9297555020059,
    "avg_cost": 16.245642925840905,
    "overall_migration_cost": 11.184008865328392,
    "max_migration_cost": 1.762,
    "avg_migration_cost": 1.1184008865328392,
    "migration_rate": 0.3448275862068966,
    "weighted_migration_rate": 0.004294114796607094,
    "overall_response_time": 6.76993630915092,
    "weighted_overall_response_time": 2900.507945770839,
    "max_response_time": 0.25100064848000053,
    "avg_response_time": 0.054159490473207346,
    "weighted_avg_response_time": 0.024328937578771394,
    "avg_unavailability": 0.009788510163553048,
    "overall_power_consumption": 1180.2069453670165
  },
  {
    "time": 68400.0,
    "opt": "ClusterLLGAOptimizer",
    "elapsed_time": 246.1865426003933,
    "valid": true,
    "overall_deadline_violation": 0.2855326897608268,
    "weighted_overall_deadline_violation": 239.7118507347724,
    "max_deadline_violation": 0.010200879972981438,
    "avg_deadline_violation": 0.0025723665744218616,
    "avg_only_violated_deadline": 0.008922896555025834,
    "weighted_avg_deadline_violation": 0.0018826554036780547,
    "weighted_avg_only_violated_deadline": 0.009493670274279989,
    "deadline_satisfaction": 0.7117117117117117,
    "weighted_deadline_satisfaction": 0.8016936180332174,
    "overall_cost": 462.55919680022316,
    "max_cost": 161.28997701800628,
    "avg_cost": 17.790738338470117,
    "overall_migration_cost": 175.51405868225558,
    "max_migration_cost": 130.02152908527916,
    "avg_migration_cost": 29.252343113709262,
    "migration_rate": 0.23076923076923078,
    "weighted_migration_rate": 0.002328068430902818,
    "overall_response_time": 6.220224795929635,
    "weighted_overall_response_time": 3071.449207708582,
    "max_response_time": 0.25100064848000053,
    "avg_response_time": 0.05603806122459133,
    "weighted_avg_response_time": 0.02412263069301996,
    "avg_unavailability": 0.0170014588856037,
    "overall_power_consumption": 1070.5762637661906
  },
  {
    "time": 70200.0,
    "opt": "ClusterLLGAOptimizer",
    "elapsed_time": 219.1702810227871,
    "valid": true,
    "overall_deadline_violation": 0.24242642982221682,
    "weighted_overall_deadline_violation": 158.4753967398175,
    "max_deadline_violation": 0.010200879974913677,
    "avg_deadline_violation": 0.0020202202485184737,
    "avg_only_violated_deadline": 0.007820207413619898,
    "weighted_avg_deadline_violation": 0.0011967962914367829,
    "weighted_avg_only_violated_deadline": 0.009194979724391133,
    "deadline_satisfaction": 0.7416666666666667,
    "weighted_deadline_satisfaction": 0.8698424219183328,
    "overall_cost": 499.28035126670204,
    "max_cost": 169.97111264334424,
    "avg_cost": 21.707841359421824,
    "overall_migration_cost": 1.331,
    "max_migration_cost": 1.331,
    "avg_migration_cost": 1.331,
    "migration_rate": 0.043478260869565216,
    "weighted_migration_rate": 0.00013383601301749723,
    "overall_response_time": 6.652050029099069,
    "weighted_overall_response_time": 3276.7716194714158,
    "max_response_time": 0.2510006484800006,
    "avg_response_time": 0.05543375024249222,
    "weighted_avg_response_time": 0.024745974471401148,
    "avg_unavailability": 0.01701132193946417,
    "overall_power_consumption": 1155.2971671561565
  },
  {
    "time": 72000.0,
    "opt": "ClusterLLGAOptimizer",
    "elapsed_time": 248.86459907423705,
    "valid": true,
    "overall_deadline_violation": 0.2904247023430179,
    "weighted_overall_deadline_violation": 207.66228714469295,
    "max_deadline_violation": 0.010200879975969801,
    "avg_deadline_violation": 0.0024202058528584825,
    "avg_only_violated_deadline": 0.008800748555849027,
    "weighted_avg_deadline_violation": 0.0016558052131935743,
    "weighted_avg_only_violated_deadline": 0.009667012943357667,
    "deadline_satisfaction": 0.725,
    "weighted_deadline_satisfaction": 0.8287159412224331,
    "overall_cost": 440.366326712027,
    "max_cost": 182.68333734526627,
    "avg_cost": 20.969825081525098,
    "overall_migration_cost": 2814.505312421852,
    "max_migration_cost": 2659.4810142414326,
    "avg_migration_cost": 562.9010624843704,
    "migration_rate": 0.23809523809523808,
    "weighted_migration_rate": 0.003150780180911357,
    "overall_response_time": 7.2833585703729735,
    "weighted_overall_response_time": 3003.1376391645244,
    "max_response_time": 0.25100064848000053,
    "avg_response_time": 0.06069465475310812,
    "weighted_avg_response_time": 0.023945662099934862,
    "avg_unavailability": 0.009093295654338692,
    "overall_power_consumption": 1016.5698267815196
  },
  {
    "time": 73800.0,
    "opt": "ClusterLLGAOptimizer",
    "elapsed_time": 219.46766860224307,
    "valid": true,
    "overall_deadline_violation": 0.246623138160649,
    "weighted_overall_deadline_violation": 181.254770014031,
    "max_deadline_violation": 0.010200879974497121,
    "avg_deadline_violation": 0.0020900265945817723,
    "avg_only_violated_deadline": 0.008504246143470657,
    "weighted_avg_deadline_violation": 0.001490870078173938,
    "weighted_avg_only_violated_deadline": 0.009508398090009513,
    "deadline_satisfaction": 0.7542372881355932,
    "weighted_deadline_satisfaction": 0.8432049159005661,
    "overall_cost": 456.5061059882201,
    "max_cost": 177.29788589056403,
    "avg_cost": 21.73838599943905,
    "overall_migration_cost": 2.0460000000000003,
    "max_migration_cost": 1.3310000000000004,
    "avg_migration_cost": 1.0230000000000001,
    "migration_rate": 0.09523809523809523,
    "weighted_migration_rate": 0.0011019958399508443,
    "overall_response_time": 5.928061142246265,
    "weighted_overall_response_time": 2948.4203144085036,
    "max_response_time": 0.25100064848000053,
    "avg_response_time": 0.05023780629022258,
    "weighted_avg_response_time": 0.02425156383079772,
    "avg_unavailability": 0.009093295654338692,
    "overall_power_consumption": 1123.1801773754446
  },
  {
    "time": 75600.0,
    "opt": "ClusterLLGAOptimizer",
    "elapsed_time": 241.7398469094187,
    "valid": true,
    "overall_deadline_violation": 0.3128267816965986,
    "weighted_overall_deadline_violation": 194.11738499357998,
    "max_deadline_violation": 0.010200879979492067,
    "avg_deadline_violation": 0.0024439592320046766,
    "avg_only_violated_deadline": 0.008937908048474247,
    "weighted_avg_deadline_violation": 0.001552415019448152,
    "weighted_avg_only_violated_deadline": 0.009661881471834296,
    "deadline_satisfaction": 0.7265625,
    "weighted_deadline_satisfaction": 0.8393258058512048,
    "overall_cost": 427.95061892215324,
    "max_cost": 151.66212663204254,
    "avg_cost": 22.52371678537649,
    "overall_migration_cost": 128.62005177744172,
    "max_migration_cost": 127.28905177744173,
    "avg_migration_cost": 64.31002588872086,
    "migration_rate": 0.10526315789473684,
    "weighted_migration_rate": 0.0016786893346299758,
    "overall_response_time": 7.52541451695384,
    "weighted_overall_response_time": 3140.656424538028,
    "max_response_time": 0.25100064847868353,
    "avg_response_time": 0.0587923009137019,
    "weighted_avg_response_time": 0.025116772537093563,
    "avg_unavailability": 0.017770163290146086,
    "overall_power_consumption": 1015.3975995351768
  },
  {
    "time": 77400.0,
    "opt": "ClusterLLGAOptimizer",
    "elapsed_time": 225.75079452153295,
    "valid": true,
    "overall_deadline_violation": 0.27262077124005696,
    "weighted_overall_deadline_violation": 214.35784700722073,
    "max_deadline_violation": 0.010200879972472515,
    "avg_deadline_violation": 0.002412573196814664,
    "avg_only_violated_deadline": 0.009400716249657139,
    "weighted_avg_deadline_violation": 0.001419570839166098,
    "weighted_avg_only_violated_deadline": 0.009675178903301409,
    "deadline_satisfaction": 0.7433628318584071,
    "weighted_deadline_satisfaction": 0.8532770449669201,
    "overall_cost": 501.9727599363564,
    "max_cost": 198.28931562201,
    "avg_cost": 26.41961894401875,
    "overall_migration_cost": 0.0,
    "max_migration_cost": 0.0,
    "avg_migration_cost": 0.0,
    "migration_rate": 0.0,
    "weighted_migration_rate": 0.0,
    "overall_response_time": 6.643808261894159,
    "weighted_overall_response_time": 3730.1144883581337,
    "max_response_time": 0.25100064848000053,
    "avg_response_time": 0.05879476337959429,
    "weighted_avg_response_time": 0.024702439534419307,
    "avg_unavailability": 0.017770163290146086,
    "overall_power_consumption": 1002.9331173658347
  },
  {
    "time": 79200.0,
    "opt": "ClusterLLGAOptimizer",
    "elapsed_time": 253.63090369012207,
    "valid": true,
    "overall_deadline_violation": 0.31422379534505257,
    "weighted_overall_deadline_violation": 218.17197620135667,
    "max_deadline_violation": 0.010200879971072666,
    "avg_deadline_violation": 0.0027807415517261303,
    "avg_only_violated_deadline": 0.008728438759584796,
    "weighted_avg_deadline_violation": 0.0015314912973304453,
    "weighted_avg_only_violated_deadline": 0.009497996500708044,
    "deadline_satisfaction": 0.6814159292035398,
    "weighted_deadline_satisfaction": 0.8387563843368153,
    "overall_cost": 484.52399558319587,
    "max_cost": 178.19761495247178,
    "avg_cost": 25.50126292543136,
    "overall_migration_cost": 17.912204205206635,
    "max_migration_cost": 7.674602102603315,
    "avg_migration_cost": 2.985367367534439,
    "migration_rate": 0.3157894736842105,
    "weighted_migration_rate": 0.0020097829112763416,
    "overall_response_time": 6.008337576837438,
    "weighted_overall_response_time": 3602.050726295429,
    "max_response_time": 0.2421711935261174,
    "avg_response_time": 0.05317112899856136,
    "weighted_avg_response_time": 0.0252851417304527,
    "avg_unavailability": 0.01883526980543617,
    "overall_power_consumption": 1015.0641707066682
  },
  {
    "time": 81000.0,
    "opt": "ClusterLLGAOptimizer",
    "elapsed_time": 227.56115467939526,
    "valid": true,
    "overall_deadline_violation": 0.3158331931619186,
    "weighted_overall_deadline_violation": 168.79212788713116,
    "max_deadline_violation": 0.010200879973915788,
    "avg_deadline_violation": 0.002467446821577489,
    "avg_only_violated_deadline": 0.007344957980509735,
    "weighted_avg_deadline_violation": 0.0011390032775748387,
    "weighted_avg_only_violated_deadline": 0.009111782727144765,
    "deadline_satisfaction": 0.6640625,
    "weighted_deadline_satisfaction": 0.874996659634821,
    "overall_cost": 517.5180694255694,
    "max_cost": 212.69711003059666,
    "avg_cost": 27.237793127661547,
    "overall_migration_cost": 0.0,
    "max_migration_cost": 0.0,
    "avg_migration_cost": 0.0,
    "migration_rate": 0.0,
    "weighted_migration_rate": 0.0,
    "overall_response_time": 6.574213722547437,
    "weighted_overall_response_time": 3738.0997572004953,
    "max_response_time": 0.2419874634550952,
    "avg_response_time": 0.051361044707401854,
    "weighted_avg_response_time": 0.025224564253376425,
    "avg_unavailability": 0.01883526980543617,
    "overall_power_consumption": 1042.1251557242983
  },
  {
    "time": 82800.0,
    "opt": "ClusterLLGAOptimizer",
    "elapsed_time": 233.5242740996182,
    "valid": true,
    "overall_deadline_violation": 0.3000244652905246,
    "weighted_overall_deadline_violation": 200.64770984971196,
    "max_deadline_violation": 0.010200879974998488,
    "avg_deadline_violation": 0.002479541035458883,
    "avg_only_violated_deadline": 0.008108769332176346,
    "weighted_avg_deadline_violation": 0.0014076329597517746,
    "weighted_avg_only_violated_deadline": 0.009188769191189008,
    "deadline_satisfaction": 0.6942148760330579,
    "weighted_deadline_satisfaction": 0.8468094115258076,
    "overall_cost": 495.25759347520756,
    "max_cost": 175.6599719149073,
    "avg_cost": 24.762879673760374,
    "overall_migration_cost": 54.81657739442659,
    "max_migration_cost": 54.81657739442659,
    "avg_migration_cost": 54.81657739442659,
    "migration_rate": 0.05,
    "weighted_migration_rate": 0.0006485739121977861,
    "overall_response_time": 6.174432434978438,
    "weighted_overall_response_time": 3669.8896715605,
    "max_response_time": 0.25100064848000053,
    "avg_response_time": 0.05102836723122678,
    "weighted_avg_response_time": 0.02574590890775917,
    "avg_unavailability": 0.01785436878833617,
    "overall_power_consumption": 1055.475775741322
  },
  {
    "time": 84600.0,
    "opt": "ClusterLLGAOptimizer",
    "elapsed_time": 229.70354452636093,
    "valid": true,
    "overall_deadline_violation": 0.26602035687242853,
    "weighted_overall_deadline_violation": 200.16765596495412,
    "max_deadline_violation": 0.010200879974998488,
    "avg_deadline_violation": 0.002198515346053127,
    "avg_only_violated_deadline": 0.008313136152263388,
    "weighted_avg_deadline_violation": 0.0014042651818198721,
    "weighted_avg_only_violated_deadline": 0.009365447086078263,
    "deadline_satisfaction": 0.7355371900826446,
    "weighted_deadline_satisfaction": 0.8500589273621213,
    "overall_cost": 495.34687778840424,
    "max_cost": 175.660039544408,
    "avg_cost": 24.76734388942021,
    "overall_migration_cost": 0.0,
    "max_migration_cost": 0.0,
    "avg_migration_cost": 0.0,
    "migration_rate": 0.0,
    "weighted_migration_rate": 0.0,
    "overall_response_time": 6.323847720835832,
    "weighted_overall_response_time": 3669.2467735974355,
    "max_response_time": 0.25100064848000053,
    "avg_response_time": 0.05226320430442835,
    "weighted_avg_response_time": 0.025741398942943687,
    "avg_unavailability": 0.01785436878833617,
    "overall_power_consumption": 1055.9556284892894
  }
]