[
  {
    "time": 0.0,
    "opt": "ClusterLLGAOptimizer",
    "elapsed_time": 136.47915953211486,
    "valid": true,
    "overall_deadline_violation": 0.026003519976374997,
    "weighted_overall_deadline_violation": 1.6203217185421874e-15,
    "max_deadline_violation": 0.006501099993249999,
    "avg_deadline_violation": 0.0002737212629092105,
    "avg_only_violated_deadline": 0.006500879994093749,
    "weighted_avg_deadline_violation": 1.6122093259116503e-20,
    "weighted_avg_only_violated_deadline": 0.006501095212546409,
    "deadline_satisfaction": 0.9578947368421052,
    "weighted_deadline_satisfaction": 1.0,
    "overall_cost": 389.2468149290941,
    "max_cost": 95.51973232135227,
    "avg_cost": 18.53556261567115,
    "overall_migration_cost": 0.0,
    "max_migration_cost": 0.0,
    "avg_migration_cost": 0.0,
    "migration_rate": 0.0,
    "weighted_migration_rate": 0.0,
    "overall_response_time": 1.6883549926209753,
    "weighted_overall_response_time": 2163.155961398015,
    "max_response_time": 0.036005205247432864,
    "avg_response_time": 0.0177721578170629,
    "weighted_avg_response_time": 0.02152325784724375,
    "avg_unavailability": 0.029465185062422895,
    "overall_power_consumption": 1050.3789059896085
  },
  {
    "time": 1800.0,
    "opt": "ClusterLLGAOptimizer",
    "elapsed_time": 113.9768979777582,
    "valid": true,
    "overall_deadline_violation": 0.19971697397808325,
    "weighted_overall_deadline_violation": 43.08187029433092,
    "max_deadline_violation": 0.00960032886941129,
    "avg_deadline_violation": 0.0016370243768695344,
    "avg_only_violated_deadline": 0.008321540582420133,
    "weighted_avg_deadline_violation": 0.00041152823574398323,
    "weighted_avg_only_violated_deadline": 0.008425650360212799,
    "deadline_satisfaction": 0.8032786885245902,
    "weighted_deadline_satisfaction": 0.9511576889438372,
    "overall_cost": 405.30585616102746,
    "max_cost": 93.68325498373713,
    "avg_cost": 20.26529280805137,
    "overall_migration_cost": 0.0,
    "max_migration_cost": 0.0,
    "avg_migration_cost": 0.0,
    "migration_rate": 0.0,
    "weighted_migration_rate": 0.0,
    "overall_response_time": 1.9940421384987235,
    "weighted_overall_response_time": 2333.8493232042492,
    "max_response_time": 0.03600516073112184,
    "avg_response_time": 0.016344607692612485,
    "weighted_avg_response_time": 0.02229348187320731,
    "avg_unavailability": 0.03505753270242289,
    "overall_power_consumption": 1048.0610293008792
  },
  {
    "time": 3600.0,
    "opt": "ClusterLLGAOptimizer",
    "elapsed_time": 164.14132529916242,
    "valid": true,
    "overall_deadline_violation": 0.2171199085446175,
    "weighted_overall_deadline_violation": 40.95080782901063,
    "max_deadline_violation": 0.009600329415452072,
    "avg_deadline_violation": 0.0016701531426509036,
    "avg_only_violated_deadline": 0.00804147809424509,
    "weighted_avg_deadline_violation": 0.00039818958719855624,
    "weighted_avg_only_violated_deadline": 0.007432494902669881,
    "deadline_satisfaction": 0.7923076923076923,
    "weighted_deadline_satisfaction": 0.9464258512904568,
    "overall_cost": 385.3557201281991,
    "max_cost": 91.90780942145719,
    "avg_cost": 21.40865111823328,
    "overall_migration_cost": 17.128464947068217,
    "max_migration_cost": 17.128464947068217,
    "avg_migration_cost": 17.128464947068217,
    "migration_rate": 0.05555555555555555,
    "weighted_migration_rate": 0.0001280638059339365,
    "overall_response_time": 2.072081007307725,
    "weighted_overall_response_time": 2301.2922754103356,
    "max_response_time": 0.036005153906721,
    "avg_response_time": 0.015939084671597898,
    "weighted_avg_response_time": 0.02237686311330104,
    "avg_unavailability": 0.03506662036567418,
    "overall_power_consumption": 992.7239104352356
  },
  {
    "time": 5400.0,
    "opt": "ClusterLLGAOptimizer",
    "elapsed_time": 121.65839635115117,
    "valid": true,
    "overall_deadline_violation": 0.17001525038891588,
    "weighted_overall_deadline_violation": 24.128985676402333,
    "max_deadline_violation": 0.009600329423856154,
    "avg_deadline_violation": 0.0013822378080399667,
    "avg_only_violated_deadline": 0.00809596430423409,
    "weighted_avg_deadline_violation": 0.00023271409138297272,
    "weighted_avg_only_violated_deadline": 0.008214524701879427,
    "deadline_satisfaction": 0.8292682926829268,
    "weighted_deadline_satisfaction": 0.9716704131001361,
    "overall_cost": 397.78544962696975,
    "max_cost": 84.96929347838568,
    "avg_cost": 22.09919164594277,
    "overall_migration_cost": 0.0,
    "max_migration_cost": 0.0,
    "avg_migration_cost": 0.0,
    "migration_rate": 0.0,
    "weighted_migration_rate": 0.0,
    "overall_response_time": 1.975352931608272,
    "weighted_overall_response_time": 2300.5742707680793,
    "max_response_time": 0.03600499467156368,
    "avg_response_time": 0.01605977993177455,
    "weighted_avg_response_time": 0.022188087732358582,
    "avg_unavailability": 0.03506662036567418,
    "overall_power_consumption": 1031.7103704886754
  },
  {
    "time": 7200.0,
    "opt": "ClusterLLGAOptimizer",
    "elapsed_time": 170.81478002574295,
    "valid": true,
    "overall_deadline_violation": 0.169916151838586,
    "weighted_overall_deadline_violation": 31.028753985636346,
    "max_deadline_violation": 0.00960032976618466,
    "avg_deadline_violation": 0.0014042657176742642,
    "avg_only_violated_deadline": 0.00809124532564695,
    "weighted_avg_deadline_violation": 0.0003180853713222867,
    "weighted_avg_only_violated_deadline": 0.006973058158126243,
    "deadline_satisfaction": 0.8264462809917356,
    "weighted_deadline_satisfaction": 0.9543836629339455,
    "overall_cost": 361.2289283434627,
    "max_cost": 93.45235491824069,
    "avg_cost": 20.06827379685904,
    "overall_migration_cost": 10.524441547111353,
    "max_migration_cost": 10.330477087023247,
    "avg_migration_cost": 5.2622207735556765,
    "migration_rate": 0.1111111111111111,
    "weighted_migration_rate": 0.0005853930858449248,
    "overall_response_time": 1.9674751876945042,
    "weighted_overall_response_time": 2143.890544836267,
    "max_response_time": 0.03600497606785619,
    "avg_response_time": 0.016260125518136395,
    "weighted_avg_response_time": 0.0219776862565691,
    "avg_unavailability": 0.03506644130131508,
    "overall_power_consumption": 982.9105729464761
  },
  {
    "time": 9000.0,
    "opt": "ClusterLLGAOptimizer",
    "elapsed_time": 141.33080465206876,
    "valid": true,
    "overall_deadline_violation": 0.18201596634866798,
    "weighted_overall_deadline_violation": 21.403758152848315,
    "max_deadline_violation": 0.009600329513422875,
    "avg_deadline_violation": 0.0014331965854225818,
    "avg_only_violated_deadline": 0.007913737667333389,
    "weighted_avg_deadline_violation": 0.00022641574259211475,
    "weighted_avg_only_violated_deadline": 0.008122980843825608,
    "deadline_satisfaction": 0.8188976377952756,
    "weighted_deadline_satisfaction": 0.9721265201844941,
    "overall_cost": 362.8759345871291,
    "max_cost": 89.5764631918535,
    "avg_cost": 19.098733399322583,
    "overall_migration_cost": 1133.1141994316488,
    "max_migration_cost": 1133.1141994316488,
    "avg_migration_cost": 1133.1141994316488,
    "migration_rate": 0.05263157894736842,
    "weighted_migration_rate": 0.0010350878943457625,
    "overall_response_time": 2.005939924413168,
    "weighted_overall_response_time": 2083.1326409236335,
    "max_response_time": 0.0360049797801341,
    "avg_response_time": 0.015794802554434387,
    "weighted_avg_response_time": 0.02203603780440922,
    "avg_unavailability": 0.029474093661315082,
    "overall_power_consumption": 1009.2930692426922
  },
  {
    "time": 10800.0,
    "opt": "ClusterLLGAOptimizer",
    "elapsed_time": 180.1292677409947,
    "valid": true,
    "overall_deadline_violation": 0.19441784728696576,
    "weighted_overall_deadline_violation": 25.663821725597607,
    "max_deadline_violation": 0.009600329412423262,
    "avg_deadline_violation": 0.0015071150952477976,
    "avg_only_violated_deadline": 0.00810074363695691,
    "weighted_avg_deadline_violation": 0.00026503587953020024,
    "weighted_avg_only_violated_deadline": 0.008133461356331168,
    "deadline_satisfaction": 0.813953488372093,
    "weighted_deadline_satisfaction": 0.967414134288117,
    "overall_cost": 373.86311067150183,
    "max_cost": 92.48333744431757,
    "avg_cost": 19.677005824815883,
    "overall_migration_cost": 72.001,
    "max_migration_cost": 72.001,
    "avg_migration_cost": 72.001,
    "migration_rate": 0.05263157894736842,
    "weighted_migration_rate": 0.0010141401614521131,
    "overall_response_time": 2.038621967862689,
    "weighted_overall_response_time": 2158.716999072147,
    "max_response_time": 0.03600497511452437,
    "avg_response_time": 0.015803271068703013,
    "weighted_avg_response_time": 0.022293540869449673,
    "avg_unavailability": 0.029096862669959183,
    "overall_power_consumption": 1015.4463031039719
  },
  {
    "time": 12600.0,
    "opt": "ClusterLLGAOptimizer",
    "elapsed_time": 146.5541825243272,
    "valid": true,
    "overall_deadline_violation": 0.18091570842595028,
    "weighted_overall_deadline_violation": 20.421817483225094,
    "max_deadline_violation": 0.009600329637924088,
    "avg_deadline_violation": 0.0014473256674076016,
    "avg_only_violated_deadline": 0.007865900366345662,
    "weighted_avg_deadline_violation": 0.00025104282616977136,
    "weighted_avg_only_violated_deadline": 0.007705876815523313,
    "deadline_satisfaction": 0.816,
    "weighted_deadline_satisfaction": 0.9674218999109802,
    "overall_cost": 324.97151976453483,
    "max_cost": 68.77719566575321,
    "avg_cost": 17.103764198133412,
    "overall_migration_cost": 0.0,
    "max_migration_cost": 0.0,
    "avg_migration_cost": 0.0,
    "migration_rate": 0.0,
    "weighted_migration_rate": 0.0,
    "overall_response_time": 1.9746341185974863,
    "weighted_overall_response_time": 1809.8679659169493,
    "max_response_time": 0.036005012956327395,
    "avg_response_time": 0.015797072948779904,
    "weighted_avg_response_time": 0.022248478595558032,
    "avg_unavailability": 0.029096862669959183,
    "overall_power_consumption": 1027.5967434796985
  },
  {
    "time": 14400.0,
    "opt": "ClusterLLGAOptimizer",
    "elapsed_time": 209.10532072093338,
    "valid": true,
    "overall_deadline_violation": 0.21391982960881456,
    "weighted_overall_deadline_violation": 18.606114026821757,
    "max_deadline_violation": 0.009600329629470626,
    "avg_deadline_violation": 0.0016582932527815072,
    "avg_only_violated_deadline": 0.007922956652178311,
    "weighted_avg_deadline_violation": 0.000252489503300019,
    "weighted_avg_only_violated_deadline": 0.007877367519110862,
    "deadline_satisfaction": 0.7906976744186046,
    "weighted_deadline_satisfaction": 0.9679474770362728,
    "overall_cost": 291.73848085292167,
    "max_cost": 60.657058501219254,
    "avg_cost": 15.354656886995878,
    "overall_migration_cost": 54.074319004608114,
    "max_migration_cost": 54.074319004608114,
    "avg_migration_cost": 54.074319004608114,
    "migration_rate": 0.05263157894736842,
    "weighted_migration_rate": 0.0001379072791198423,
    "overall_response_time": 1.9864818621770957,
    "weighted_overall_response_time": 1645.921825559348,
    "max_response_time": 0.0360050758008027,
    "avg_response_time": 0.015399084202923196,
    "weighted_avg_response_time": 0.022335560429601886,
    "avg_unavailability": 0.02477353684617518,
    "overall_power_consumption": 998.4985206549189
  },
  {
    "time": 16200.0,
    "opt": "ClusterLLGAOptimizer",
    "elapsed_time": 163.5580671010539,
    "valid": true,
    "overall_deadline_violation": 0.17551554413698187,
    "weighted_overall_deadline_violation": 17.52724509093993,
    "max_deadline_violation": 0.009600329677394416,
    "avg_deadline_violation": 0.0013605856134649755,
    "avg_only_violated_deadline": 0.007977979278953719,
    "weighted_avg_deadline_violation": 0.00024150130304799079,
    "weighted_avg_only_violated_deadline": 0.0077673201941974605,
    "deadline_satisfaction": 0.8294573643410853,
    "weighted_deadline_satisfaction": 0.9689080278641786,
    "overall_cost": 301.44191017766127,
    "max_cost": 56.81901635239825,
    "avg_cost": 15.865363693561122,
    "overall_migration_cost": 0.0,
    "max_migration_cost": 0.0,
    "avg_migration_cost": 0.0,
    "migration_rate": 0.0,
    "weighted_migration_rate": 0.0,
    "overall_response_time": 1.8342462206123256,
    "weighted_overall_response_time": 1543.433251598115,
    "max_response_time": 0.03600505950366923,
    "avg_response_time": 0.014218962950483149,
    "weighted_avg_response_time": 0.02126638496207355,
    "avg_unavailability": 0.02477353684617518,
    "overall_power_consumption": 1042.3667080453565
  },
  {
    "time": 18000.0,
    "opt": "ClusterLLGAOptimizer",
    "elapsed_time": 196.5484218886122,
    "valid": true,
    "overall_deadline_violation": 0.17011464283298922,
    "weighted_overall_deadline_violation": 50.24371334668726,
    "max_deadline_violation": 0.009600328931445018,
    "avg_deadline_violation": 0.00133948537663771,
    "avg_only_violated_deadline": 0.00810069727776139,
    "weighted_avg_deadline_violation": 0.0006413532228773117,
    "weighted_avg_only_violated_deadline": 0.007967143517078083,
    "deadline_satisfaction": 0.8346456692913385,
    "weighted_deadline_satisfaction": 0.9195002297244264,
    "overall_cost": 305.69826913056966,
    "max_cost": 88.62484263025806,
    "avg_cost": 15.284913456528482,
    "overall_migration_cost": 1279.7496616479116,
    "max_migration_cost": 1270.1101879031858,
    "avg_migration_cost": 639.8748308239558,
    "migration_rate": 0.1,
    "weighted_migration_rate": 0.0018286288757556075,
    "overall_response_time": 1.8458290490234608,
    "weighted_overall_response_time": 1654.8282414783748,
    "max_response_time": 0.03600507329244997,
    "avg_response_time": 0.014534087000184732,
    "weighted_avg_response_time": 0.021123626326287982,
    "avg_unavailability": 0.018320074336175184,
    "overall_power_consumption": 978.2313923743724
  },
  {
    "time": 19800.0,
    "opt": "ClusterLLGAOptimizer",
    "elapsed_time": 152.31582222972065,
    "valid": true,
    "overall_deadline_violation": 0.15651356186233845,
    "weighted_overall_deadline_violation": 27.41450596373058,
    "max_deadline_violation": 0.00960032916942029,
    "avg_deadline_violation": 0.0012227622020495191,
    "avg_only_violated_deadline": 0.007825678093116925,
    "weighted_avg_deadline_violation": 0.00039259786330764153,
    "weighted_avg_only_violated_deadline": 0.008815328632132193,
    "deadline_satisfaction": 0.84375,
    "weighted_deadline_satisfaction": 0.9554641829373658,
    "overall_cost": 298.8982772995036,
    "max_cost": 72.64293540340132,
    "avg_cost": 14.944913864975181,
    "overall_migration_cost": 0.0,
    "max_migration_cost": 0.0,
    "avg_migration_cost": 0.0,
    "migration_rate": 0.0,
    "weighted_migration_rate": 0.0,
    "overall_response_time": 1.8758551904641072,
    "weighted_overall_response_time": 1401.4682965326247,
    "max_response_time": 0.03600518571409674,
    "avg_response_time": 0.014655118675500832,
    "weighted_avg_response_time": 0.020070157727446983,
    "avg_unavailability": 0.018320074336175184,
    "overall_power_consumption": 1066.5887804209283
  },
  {
    "time": 21600.0,
    "opt": "ClusterLLGAOptimizer",
    "elapsed_time": 206.33540973067284,
    "valid": true,
    "overall_deadline_violation": 0.17083504720629863,
    "weighted_overall_deadline_violation": 41.338138397523714,
    "max_deadline_violation": 0.009600329139311511,
    "avg_deadline_violation": 0.0013777019935991828,
    "avg_only_violated_deadline": 0.007427610748099941,
    "weighted_avg_deadline_violation": 0.0005100388397871569,
    "weighted_avg_only_violated_deadline": 0.006632418534110183,
    "deadline_satisfaction": 0.8145161290322581,
    "weighted_deadline_satisfaction": 0.9230991172882034,
    "overall_cost": 321.1858284193101,
    "max_cost": 68.53614274415747,
    "avg_cost": 15.294563258062388,
    "overall_migration_cost": 20.389253119742907,
    "max_migration_cost": 9.640979392310873,
    "avg_migration_cost": 6.796417706580969,
    "migration_rate": 0.14285714285714285,
    "weighted_migration_rate": 0.005438746869730484,
    "overall_response_time": 1.879242445066635,
    "weighted_overall_response_time": 1742.3242749554968,
    "max_response_time": 0.036005188021168755,
    "avg_response_time": 0.015155181008601885,
    "weighted_avg_response_time": 0.021497171526827494,
    "avg_unavailability": 0.018039743968550185,
    "overall_power_consumption": 1039.7170110005266
  },
  {
    "time": 23400.0,
    "opt": "ClusterLLGAOptimizer",
    "elapsed_time": 174.09503502491862,
    "valid": true,
    "overall_deadline_violation": 0.21411935061221907,
    "weighted_overall_deadline_violation": 42.403050455960155,
    "max_deadline_violation": 0.00960032878734008,
    "avg_deadline_violation": 0.0016221162925168112,
    "avg_only_violated_deadline": 0.007930346318971078,
    "weighted_avg_deadline_violation": 0.0005527653941652181,
    "weighted_avg_only_violated_deadline": 0.008637432298845572,
    "deadline_satisfaction": 0.7954545454545454,
    "weighted_deadline_satisfaction": 0.9360035048565187,
    "overall_cost": 304.73790351372634,
    "max_cost": 58.69524862624477,
    "avg_cost": 14.511328738748873,
    "overall_migration_cost": 0.0,
    "max_migration_cost": 0.0,
    "avg_migration_cost": 0.0,
    "migration_rate": 0.0,
    "weighted_migration_rate": 0.0,
    "overall_response_time": 1.9693067698144517,
    "weighted_overall_response_time": 1609.538698286237,
    "max_response_time": 0.036005032569994794,
    "avg_response_time": 0.014918990680412504,
    "weighted_avg_response_time": 0.02098191718320842,
    "avg_unavailability": 0.018039743968550185,
    "overall_power_consumption": 1045.5560415906725
  },
  {
    "time": 25200.0,
    "opt": "ClusterLLGAOptimizer",
    "elapsed_time": 216.2493235198781,
    "valid": true,
    "overall_deadline_violation": 0.13754043488296894,
    "weighted_overall_deadline_violation": 20.12830108416636,
    "max_deadline_violation": 0.009600329802056821,
    "avg_deadline_violation": 0.0011273806137948273,
    "avg_only_violated_deadline": 0.007238970256998365,
    "weighted_avg_deadline_violation": 0.0002592031340499615,
    "weighted_avg_only_violated_deadline": 0.006713470447636971,
    "deadline_satisfaction": 0.8442622950819673,
    "weighted_deadline_satisfaction": 0.9613905898489216,
    "overall_cost": 313.70243878215257,
    "max_cost": 73.83998765171185,
    "avg_cost": 13.070934949256356,
    "overall_migration_cost": 34.288376679518464,
    "max_migration_cost": 11.28388471919905,
    "avg_migration_cost": 8.572094169879616,
    "migration_rate": 0.16666666666666666,
    "weighted_migration_rate": 0.0008050391294055164,
    "overall_response_time": 1.9336264287964848,
    "weighted_overall_response_time": 1617.163061922431,
    "max_response_time": 0.03600525462097784,
    "avg_response_time": 0.015849396957348237,
    "weighted_avg_response_time": 0.020825092598096274,
    "avg_unavailability": 0.01801119393723241,
    "overall_power_consumption": 1045.737805281717
  },
  {
    "time": 27000.0,
    "opt": "ClusterLLGAOptimizer",
    "elapsed_time": 179.95945464633405,
    "valid": true,
    "overall_deadline_violation": 0.14351211612664616,
    "weighted_overall_deadline_violation": 15.721558464245883,
    "max_deadline_violation": 0.00960032950651702,
    "avg_deadline_violation": 0.001138985048624176,
    "avg_only_violated_deadline": 0.007972895340369232,
    "weighted_avg_deadline_violation": 0.00018366457274647085,
    "weighted_avg_only_violated_deadline": 0.008949985647043694,
    "deadline_satisfaction": 0.8571428571428571,
    "weighted_deadline_satisfaction": 0.9794787857780376,
    "overall_cost": 350.7646421487663,
    "max_cost": 65.06763412538781,
    "avg_cost": 14.615193422865264,
    "overall_migration_cost": 0.0,
    "max_migration_cost": 0.0,
    "avg_migration_cost": 0.0,
    "migration_rate": 0.0,
    "weighted_migration_rate": 0.0,
    "overall_response_time": 1.8296958049384993,
    "weighted_overall_response_time": 1847.9834857039841,
    "max_response_time": 0.03600492554258161,
    "avg_response_time": 0.014521395277289685,
    "weighted_avg_response_time": 0.021588769212431688,
    "avg_unavailability": 0.01801119393723241,
    "overall_power_consumption": 1096.259842585697
  },
  {
    "time": 28800.0,
    "opt": "ClusterLLGAOptimizer",
    "elapsed_time": 208.11805123090744,
    "valid": true,
    "overall_deadline_violation": 0.17311302940680529,
    "weighted_overall_deadline_violation": 10.634116953692565,
    "max_deadline_violation": 0.009600329692505755,
    "avg_deadline_violation": 0.0013960728177968167,
    "avg_only_violated_deadline": 0.008243477590800252,
    "weighted_avg_deadline_violation": 0.00012150816348953897,
    "weighted_avg_only_violated_deadline": 0.008675945150542354,
    "deadline_satisfaction": 0.8306451612903226,
    "weighted_deadline_satisfaction": 0.9859948211542182,
    "overall_cost": 343.91439141938156,
    "max_cost": 71.70206550673794,
    "avg_cost": 16.376875781875313,
    "overall_migration_cost": 10.650638028893027,
    "max_migration_cost": 7.073626643724822,
    "avg_migration_cost": 3.5502126762976762,
    "migration_rate": 0.14285714285714285,
    "weighted_migration_rate": 0.00244731316838281,
    "overall_response_time": 1.9532067296948623,
    "weighted_overall_response_time": 1847.9520552591082,
    "max_response_time": 0.03600487857239407,
    "avg_response_time": 0.01575166717495856,
    "weighted_avg_response_time": 0.021115176881074647,
    "avg_unavailability": 0.023624410160676495,
    "overall_power_consumption": 1067.4954853232662
  },
  {
    "time": 30600.0,
    "opt": "ClusterLLGAOptimizer",
    "elapsed_time": 176.20781830791384,
    "valid": true,
    "overall_deadline_violation": 0.17001568455679048,
    "weighted_overall_deadline_violation": 23.99119465960631,
    "max_deadline_violation": 0.009600329445374823,
    "avg_deadline_violation": 0.0012879976102787153,
    "avg_only_violated_deadline": 0.008095984978894785,
    "weighted_avg_deadline_violation": 0.0002529952454619577,
    "weighted_avg_only_violated_deadline": 0.008152906534079142,
    "deadline_satisfaction": 0.8409090909090909,
    "weighted_deadline_satisfaction": 0.9689687052826575,
    "overall_cost": 382.21289779365503,
    "max_cost": 66.7097513120272,
    "avg_cost": 17.373313536075226,
    "overall_migration_cost": 1.442,
    "max_migration_cost": 1.442,
    "avg_migration_cost": 1.442,
    "migration_rate": 0.045454545454545456,
    "weighted_migration_rate": 0.0040061990396125825,
    "overall_response_time": 2.017188361702961,
    "weighted_overall_response_time": 2076.5260910560824,
    "max_response_time": 0.03600470459244065,
    "avg_response_time": 0.015281730012901232,
    "weighted_avg_response_time": 0.02189766852250258,
    "avg_unavailability": 0.023623417721092513,
    "overall_power_consumption": 1102.2171057532441
  },
  {
    "time": 32400.0,
    "opt": "ClusterLLGAOptimizer",
    "elapsed_time": 214.1373659730889,
    "valid": true,
    "overall_deadline_violation": 0.16711491424570415,
    "weighted_overall_deadline_violation": 20.970866383963422,
    "max_deadline_violation": 0.009600329534729503,
    "avg_deadline_violation": 0.001315865466501608,
    "avg_only_violated_deadline": 0.007957853059319245,
    "weighted_avg_deadline_violation": 0.0002188594303952318,
    "weighted_avg_only_violated_deadline": 0.008062078944335844,
    "deadline_satisfaction": 0.8346456692913385,
    "weighted_deadline_satisfaction": 0.9728532265801002,
    "overall_cost": 382.2575505696515,
    "max_cost": 79.00070362914146,
    "avg_cost": 19.112877528482574,
    "overall_migration_cost": 13.00849971668003,
    "max_migration_cost": 9.952262615681695,
    "avg_migration_cost": 6.504249858340015,
    "migration_rate": 0.1,
    "weighted_migration_rate": 0.0011972149091675679,
    "overall_response_time": 1.916423544891273,
    "weighted_overall_response_time": 2034.8581409348724,
    "max_response_time": 0.036004645727489196,
    "avg_response_time": 0.015089949172372243,
    "weighted_avg_response_time": 0.021236504277222772,
    "avg_unavailability": 0.02362441051738554,
    "overall_power_consumption": 1100.357863979872
  },
  {
    "time": 34200.0,
    "opt": "ClusterLLGAOptimizer",
    "elapsed_time": 184.02906813425943,
    "valid": true,
    "overall_deadline_violation": 0.19741806410086832,
    "weighted_overall_deadline_violation": 21.61314783980732,
    "max_deadline_violation": 0.00960032960534787,
    "avg_deadline_violation": 0.0014623560303768024,
    "avg_only_violated_deadline": 0.008225752670869514,
    "weighted_avg_deadline_violation": 0.00025411305064639375,
    "weighted_avg_only_violated_deadline": 0.007766885405643528,
    "deadline_satisfaction": 0.8222222222222222,
    "weighted_deadline_satisfaction": 0.9672825029114307,
    "overall_cost": 353.2402037811252,
    "max_cost": 62.458343266877115,
    "avg_cost": 17.66201018905626,
    "overall_migration_cost": 0.0,
    "max_migration_cost": 0.0,
    "avg_migration_cost": 0.0,
    "migration_rate": 0.0,
    "weighted_migration_rate": 0.0,
    "overall_response_time": 2.0138977439766736,
    "weighted_overall_response_time": 1838.434426872422,
    "max_response_time": 0.03600493156121898,
    "avg_response_time": 0.014917761066493881,
    "weighted_avg_response_time": 0.021615092076752784,
    "avg_unavailability": 0.02362441051738554,
    "overall_power_consumption": 1106.9751671069694
  },
  {
    "time": 36000.0,
    "opt": "ClusterLLGAOptimizer",
    "elapsed_time": 232.29450079100206,
    "valid": true,
    "overall_deadline_violation": 0.17571351985508324,
    "weighted_overall_deadline_violation": 26.606263794742276,
    "max_deadline_violation": 0.009600329064816737,
    "avg_deadline_violation": 0.0013211542846246855,
    "avg_only_violated_deadline": 0.00878567599275416,
    "weighted_avg_deadline_violation": 0.00028142851442237136,
    "weighted_avg_only_violated_deadline": 0.00937878871455048,
    "deadline_satisfaction": 0.849624060150376,
    "weighted_deadline_satisfaction": 0.9699930851426735,
    "overall_cost": 378.43805758628133,
    "max_cost": 71.02631303992047,
    "avg_cost": 18.92190287931407,
    "overall_migration_cost": 0.0,
    "max_migration_cost": 0.0,
    "avg_migration_cost": 0.0,
    "migration_rate": 0.0,
    "weighted_migration_rate": 0.0,
    "overall_response_time": 1.9819701112158927,
    "weighted_overall_response_time": 1949.8203708948536,
    "max_response_time": 0.03600505760342249,
    "avg_response_time": 0.014902030911397685,
    "weighted_avg_response_time": 0.020624280605676497,
    "avg_unavailability": 0.02362441051738554,
    "overall_power_consumption": 1118.663565109623
  },
  {
    "time": 37800.0,
    "opt": "ClusterLLGAOptimizer",
    "elapsed_time": 187.38305169017985,
    "valid": true,
    "overall_deadline_violation": 0.19101686627421513,
    "weighted_overall_deadline_violation": 33.23918637421091,
    "max_deadline_violation": 0.009600329056878885,
    "avg_deadline_violation": 0.001447097471774357,
    "avg_only_violated_deadline": 0.008305081142357179,
    "weighted_avg_deadline_violation": 0.0003590575907879911,
    "weighted_avg_only_violated_deadline": 0.008636848692057697,
    "deadline_satisfaction": 0.8257575757575758,
    "weighted_deadline_satisfaction": 0.9584272454468057,
    "overall_cost": 374.5643269019071,
    "max_cost": 77.46672898275732,
    "avg_cost": 18.728216345095355,
    "overall_migration_cost": 0.0,
    "max_migration_cost": 0.0,
    "avg_migration_cost": 0.0,
    "migration_rate": 0.0,
    "weighted_migration_rate": 0.0,
    "overall_response_time": 1.9366435706449132,
    "weighted_overall_response_time": 1830.3705595240021,
    "max_response_time": 0.036005317491175144,
    "avg_response_time": 0.0146715422018554,
    "weighted_avg_response_time": 0.01977209778702224,
    "avg_unavailability": 0.02362441051738554,
    "overall_power_consumption": 1117.3382550019737
  },
  {
    "time": 39600.0,
    "opt": "ClusterLLGAOptimizer",
    "elapsed_time": 223.185706990771,
    "valid": true,
    "overall_deadline_violation": 0.17331464417160083,
    "weighted_overall_deadline_violation": 33.06608915727039,
    "max_deadline_violation": 0.009600329332869468,
    "avg_deadline_violation": 0.001354020657590631,
    "avg_only_violated_deadline": 0.008253078293885751,
    "weighted_avg_deadline_violation": 0.00033303043920439714,
    "weighted_avg_only_violated_deadline": 0.007882646517185087,
    "deadline_satisfaction": 0.8359375,
    "weighted_deadline_satisfaction": 0.9577514431887372,
    "overall_cost": 397.31722176785684,
    "max_cost": 73.38542729987977,
    "avg_cost": 19.865861088392837,
    "overall_migration_cost": 10.214827438806122,
    "max_migration_cost": 10.214827438806122,
    "avg_migration_cost": 10.214827438806122,
    "migration_rate": 0.05,
    "weighted_migration_rate": 0.00013918167018654615,
    "overall_response_time": 1.9398382244927115,
    "weighted_overall_response_time": 2162.9951451474653,
    "max_response_time": 0.036004882911731234,
    "avg_response_time": 0.015154986128849312,
    "weighted_avg_response_time": 0.021784953756076517,
    "avg_unavailability": 0.02362441051738554,
    "overall_power_consumption": 1091.5415377045601
  },
  {
    "time": 41400.0,
    "opt": "ClusterLLGAOptimizer",
    "elapsed_time": 199.46546463342384,
    "valid": true,
    "overall_deadline_violation": 0.21812017210003576,
    "weighted_overall_deadline_violation": 30.338506743834188,
    "max_deadline_violation": 0.009600329268614486,
    "avg_deadline_violation": 0.0016157049785187837,
    "avg_only_violated_deadline": 0.008078524892593919,
    "weighted_avg_deadline_violation": 0.000327534661377416,
    "weighted_avg_only_violated_deadline": 0.008245285686159126,
    "deadline_satisfaction": 0.8,
    "weighted_deadline_satisfaction": 0.9602761294339105,
    "overall_cost": 379.76564739256605,
    "max_cost": 68.29111722266542,
    "avg_cost": 18.988282369628305,
    "overall_migration_cost": 0.0,
    "max_migration_cost": 0.0,
    "avg_migration_cost": 0.0,
    "migration_rate": 0.0,
    "weighted_migration_rate": 0.0,
    "overall_response_time": 1.9852098897205233,
    "weighted_overall_response_time": 1947.7242139724237,
    "max_response_time": 0.036005289767229796,
    "avg_response_time": 0.014705258442374252,
    "weighted_avg_response_time": 0.02102763976706613,
    "avg_unavailability": 0.02362441051738554,
    "overall_power_consumption": 1111.5479511023439
  },
  {
    "time": 43200.0,
    "opt": "ClusterLLGAOptimizer",
    "elapsed_time": 243.76878726715222,
    "valid": true,
    "overall_deadline_violation": 0.15041383969006297,
    "weighted_overall_deadline_violation": 6.056714346580757,
    "max_deadline_violation": 0.009600329971122607,
    "avg_deadline_violation": 0.001213014836210185,
    "avg_only_violated_deadline": 0.008356324427225718,
    "weighted_avg_deadline_violation": 7.691076157539141e-05,
    "weighted_avg_only_violated_deadline": 0.0068680604423378925,
    "deadline_satisfaction": 0.8548387096774194,
    "weighted_deadline_satisfaction": 0.9888016766565888,
    "overall_cost": 324.66249655367494,
    "max_cost": 64.49571593967092,
    "avg_cost": 16.233124827683746,
    "overall_migration_cost": 3.0006475586858157,
    "max_migration_cost": 3.0006475586858157,
    "avg_migration_cost": 3.0006475586858157,
    "migration_rate": 0.05,
    "weighted_migration_rate": 0.0011869251566084317,
    "overall_response_time": 1.8624126818380526,
    "weighted_overall_response_time": 1606.993203293074,
    "max_response_time": 0.036005402773285525,
    "avg_response_time": 0.015019457111597209,
    "weighted_avg_response_time": 0.020406290282044118,
    "avg_unavailability": 0.02362441051738554,
    "overall_power_consumption": 1076.857704599422
  },
  {
    "time": 45000.0,
    "opt": "ClusterLLGAOptimizer",
    "elapsed_time": 197.64481231197715,
    "valid": true,
    "overall_deadline_violation": 0.15061271788152997,
    "weighted_overall_deadline_violation": 42.81935765832397,
    "max_deadline_violation": 0.009600328760749099,
    "avg_deadline_violation": 0.0012146186925929836,
    "avg_only_violated_deadline": 0.008367373215640553,
    "weighted_avg_deadline_violation": 0.0004892013364569796,
    "weighted_avg_only_violated_deadline": 0.008688898470576413,
    "deadline_satisfaction": 0.8548387096774194,
    "weighted_deadline_satisfaction": 0.9436981179934852,
    "overall_cost": 358.11461114001264,
    "max_cost": 74.33125498732512,
    "avg_cost": 17.905730557000638,
    "overall_migration_cost": 0.0,
    "max_migration_cost": 0.0,
    "avg_migration_cost": 0.0,
    "migration_rate": 0.0,
    "weighted_migration_rate": 0.0,
    "overall_response_time": 1.8415861465967904,
    "weighted_overall_response_time": 1816.229713674781,
    "max_response_time": 0.03600513317983539,
    "avg_response_time": 0.014851501182232186,
    "weighted_avg_response_time": 0.020750007749587473,
    "avg_unavailability": 0.02362441051738554,
    "overall_power_consumption": 1087.3724475012095
  },
  {
    "time": 46800.0,
    "opt": "ClusterLLGAOptimizer",
    "elapsed_time": 238.14247471559793,
    "valid": true,
    "overall_deadline_violation": 0.16001540983356713,
    "weighted_overall_deadline_violation": 29.944919416777264,
    "max_deadline_violation": 0.009600329716162192,
    "avg_deadline_violation": 0.0012501203893247428,
    "avg_only_violated_deadline": 0.0076197814206460535,
    "weighted_avg_deadline_violation": 0.0003113744885572449,
    "weighted_avg_only_violated_deadline": 0.0070848512410625125,
    "deadline_satisfaction": 0.8359375,
    "weighted_deadline_satisfaction": 0.9560506667024178,
    "overall_cost": 378.36035993915976,
    "max_cost": 81.84370027142992,
    "avg_cost": 18.918017996957992,
    "overall_migration_cost": 27.35069620750031,
    "max_migration_cost": 17.192740364167893,
    "avg_migration_cost": 13.675348103750155,
    "migration_rate": 0.1,
    "weighted_migration_rate": 0.00024258844767443045,
    "overall_response_time": 1.980534979522333,
    "weighted_overall_response_time": 2114.5803793427976,
    "max_response_time": 0.03600498057767999,
    "avg_response_time": 0.015472929527518197,
    "weighted_avg_response_time": 0.021987916379636378,
    "avg_unavailability": 0.02362441051738554,
    "overall_power_consumption": 1062.9943950568036
  },
  {
    "time": 48600.0,
    "opt": "ClusterLLGAOptimizer",
    "elapsed_time": 213.97871990920976,
    "valid": true,
    "overall_deadline_violation": 0.18281550406842137,
    "weighted_overall_deadline_violation": 80.86668522030708,
    "max_deadline_violation": 0.009600327584094435,
    "avg_deadline_violation": 0.001384965939912284,
    "avg_only_violated_deadline": 0.0083097956394737,
    "weighted_avg_deadline_violation": 0.0007184113494165514,
    "weighted_avg_only_violated_deadline": 0.0087685947262336,
    "deadline_satisfaction": 0.8333333333333334,
    "weighted_deadline_satisfaction": 0.9180699562648014,
    "overall_cost": 439.92904244135997,
    "max_cost": 96.78405039511716,
    "avg_cost": 21.996452122068,
    "overall_migration_cost": 0.0,
    "max_migration_cost": 0.0,
    "avg_migration_cost": 0.0,
    "migration_rate": 0.0,
    "weighted_migration_rate": 0.0,
    "overall_response_time": 1.9571596524860972,
    "weighted_overall_response_time": 2432.8175861327313,
    "max_response_time": 0.03600488393331573,
    "avg_response_time": 0.01482696706428861,
    "weighted_avg_response_time": 0.021612902274607368,
    "avg_unavailability": 0.02362441051738554,
    "overall_power_consumption": 1089.4987801314132
  },
  {
    "time": 50400.0,
    "opt": "ClusterLLGAOptimizer",
    "elapsed_time": 249.26869724318385,
    "valid": true,
    "overall_deadline_violation": 0.17961559247369058,
    "weighted_overall_deadline_violation": 20.115851945973137,
    "max_deadline_violation": 0.009600329462986276,
    "avg_deadline_violation": 0.0013711113929289363,
    "avg_only_violated_deadline": 0.00816434511244048,
    "weighted_avg_deadline_violation": 0.00019790822124542362,
    "weighted_avg_only_violated_deadline": 0.008487162456457243,
    "deadline_satisfaction": 0.8320610687022901,
    "weighted_deadline_satisfaction": 0.9766814618830761,
    "overall_cost": 402.4172351662227,
    "max_cost": 88.94206891789523,
    "avg_cost": 21.179854482432773,
    "overall_migration_cost": 0.0,
    "max_migration_cost": 0.0,
    "avg_migration_cost": 0.0,
    "migration_rate": 0.0,
    "weighted_migration_rate": 0.0,
    "overall_response_time": 1.9525894826416208,
    "weighted_overall_response_time": 2204.6784839503916,
    "max_response_time": 0.03600498192664492,
    "avg_response_time": 0.014905263226271904,
    "weighted_avg_response_time": 0.021690555207333595,
    "avg_unavailability": 0.030077873027385536,
    "overall_power_consumption": 1065.2211434099834
  },
  {
    "time": 52200.0,
    "opt": "ClusterLLGAOptimizer",
    "elapsed_time": 209.25958825694397,
    "valid": true,
    "overall_deadline_violation": 0.1602126382377362,
    "weighted_overall_deadline_violation": 24.998056088909603,
    "max_deadline_violation": 0.009600329134455748,
    "avg_deadline_violation": 0.0012516612362323141,
    "avg_only_violated_deadline": 0.00843224411777559,
    "weighted_avg_deadline_violation": 0.00026880210778918064,
    "weighted_avg_only_violated_deadline": 0.009290244497017186,
    "deadline_satisfaction": 0.8515625,
    "weighted_deadline_satisfaction": 0.971066196602739,
    "overall_cost": 376.49332837476504,
    "max_cost": 83.12408583563227,
    "avg_cost": 19.815438335513953,
    "overall_migration_cost": 0.0,
    "max_migration_cost": 0.0,
    "avg_migration_cost": 0.0,
    "migration_rate": 0.0,
    "weighted_migration_rate": 0.0,
    "overall_response_time": 1.874104553704987,
    "weighted_overall_response_time": 1965.9575871627455,
    "max_response_time": 0.036005213287512765,
    "avg_response_time": 0.01464144182582022,
    "weighted_avg_response_time": 0.0211397854846772,
    "avg_unavailability": 0.030077873027385536,
    "overall_power_consumption": 1063.800176145371
  },
  {
    "time": 54000.0,
    "opt": "ClusterLLGAOptimizer",
    "elapsed_time": 250.56045448593795,
    "valid": true,
    "overall_deadline_violation": 0.1606150990869838,
    "weighted_overall_deadline_violation": 28.559769974771,
    "max_deadline_violation": 0.009600329371829926,
    "avg_deadline_violation": 0.0012355007622075677,
    "avg_only_violated_deadline": 0.00803075495434919,
    "weighted_avg_deadline_violation": 0.0003082458805771477,
    "weighted_avg_only_violated_deadline": 0.008035636123303042,
    "deadline_satisfaction": 0.8461538461538461,
    "weighted_deadline_satisfaction": 0.9616401395176115,
    "overall_cost": 364.610846384707,
    "max_cost": 76.63918770078497,
    "avg_cost": 19.190044546563527,
    "overall_migration_cost": 0.0,
    "max_migration_cost": 0.0,
    "avg_migration_cost": 0.0,
    "migration_rate": 0.0,
    "weighted_migration_rate": 0.0,
    "overall_response_time": 2.001667378973866,
    "weighted_overall_response_time": 1916.9118087218717,
    "max_response_time": 0.0360050313676183,
    "avg_response_time": 0.015397441376722032,
    "weighted_avg_response_time": 0.020689248162368785,
    "avg_unavailability": 0.030077873027385536,
    "overall_power_consumption": 1062.7418586531626
  },
  {
    "time": 55800.0,
    "opt": "ClusterLLGAOptimizer",
    "elapsed_time": 205.55232458701357,
    "valid": true,
    "overall_deadline_violation": 0.17191564606951315,
    "weighted_overall_deadline_violation": 24.78898118834335,
    "max_deadline_violation": 0.00960032948544775,
    "avg_deadline_violation": 0.0013864165005605898,
    "avg_only_violated_deadline": 0.008186459336643484,
    "weighted_avg_deadline_violation": 0.00027019151717186054,
    "weighted_avg_only_violated_deadline": 0.007955263949287292,
    "deadline_satisfaction": 0.8306451612903226,
    "weighted_deadline_satisfaction": 0.9660361342006673,
    "overall_cost": 365.46455928416094,
    "max_cost": 71.07927397629301,
    "avg_cost": 19.23497680442952,
    "overall_migration_cost": 0.0,
    "max_migration_cost": 0.0,
    "avg_migration_cost": 0.0,
    "migration_rate": 0.0,
    "weighted_migration_rate": 0.0,
    "overall_response_time": 1.8286145269318905,
    "weighted_overall_response_time": 2011.0683848712254,
    "max_response_time": 0.03600483650497502,
    "avg_response_time": 0.014746891346224917,
    "weighted_avg_response_time": 0.02191996572655567,
    "avg_unavailability": 0.030077873027385536,
    "overall_power_consumption": 1051.0592286641645
  },
  {
    "time": 57600.0,
    "opt": "ClusterLLGAOptimizer",
    "elapsed_time": 264.93209088686854,
    "valid": true,
    "overall_deadline_violation": 0.18531600626228945,
    "weighted_overall_deadline_violation": 48.01600545467895,
    "max_deadline_violation": 0.009600329206607023,
    "avg_deadline_violation": 0.0014707619544626143,
    "avg_only_violated_deadline": 0.0080572176635778,
    "weighted_avg_deadline_violation": 0.000507748074224474,
    "weighted_avg_only_violated_deadline": 0.007591967085121074,
    "deadline_satisfaction": 0.8174603174603174,
    "weighted_deadline_satisfaction": 0.9331203535879957,
    "overall_cost": 364.67969328958486,
    "max_cost": 82.11622706515566,
    "avg_cost": 19.19366806787289,
    "overall_migration_cost": 16.44203585409284,
    "max_migration_cost": 12.606225160193393,
    "avg_migration_cost": 5.480678618030947,
    "migration_rate": 0.15789473684210525,
    "weighted_migration_rate": 0.003065492316541728,
    "overall_response_time": 1.9129239925689197,
    "weighted_overall_response_time": 2087.2834398524633,
    "max_response_time": 0.03600485337789853,
    "avg_response_time": 0.015181936448959682,
    "weighted_avg_response_time": 0.022072101519274745,
    "avg_unavailability": 0.030077873027385536,
    "overall_power_consumption": 1002.4053083447279
  },
  {
    "time": 59400.0,
    "opt": "ClusterLLGAOptimizer",
    "elapsed_time": 199.12501210300252,
    "valid": true,
    "overall_deadline_violation": 0.192215698426985,
    "weighted_overall_deadline_violation": 22.475453151419522,
    "max_deadline_violation": 0.009600329458365713,
    "avg_deadline_violation": 0.0015135094364329528,
    "avg_only_violated_deadline": 0.008357204279434127,
    "weighted_avg_deadline_violation": 0.0002500387665968068,
    "weighted_avg_only_violated_deadline": 0.008231968712051257,
    "deadline_satisfaction": 0.8188976377952756,
    "weighted_deadline_satisfaction": 0.9696258847253928,
    "overall_cost": 365.9409916886083,
    "max_cost": 82.17805888866965,
    "avg_cost": 19.26005219413728,
    "overall_migration_cost": 0.0,
    "max_migration_cost": 0.0,
    "avg_migration_cost": 0.0,
    "migration_rate": 0.0,
    "weighted_migration_rate": 0.0,
    "overall_response_time": 1.8539895488824716,
    "weighted_overall_response_time": 2000.674033074854,
    "max_response_time": 0.036004836790461334,
    "avg_response_time": 0.014598342904586392,
    "weighted_avg_response_time": 0.022257440783155055,
    "avg_unavailability": 0.030077873027385536,
    "overall_power_consumption": 1035.60447247145
  },
  {
    "time": 61200.0,
    "opt": "ClusterLLGAOptimizer",
    "elapsed_time": 271.69428710173815,
    "valid": true,
    "overall_deadline_violation": 0.18611747343219592,
    "weighted_overall_deadline_violation": 29.307891546321706,
    "max_deadline_violation": 0.009600329566966945,
    "avg_deadline_violation": 0.0014771228050174281,
    "avg_only_violated_deadline": 0.008092064062269389,
    "weighted_avg_deadline_violation": 0.0003116403880082933,
    "weighted_avg_only_violated_deadline": 0.007464696051685517,
    "deadline_satisfaction": 0.8174603174603174,
    "weighted_deadline_satisfaction": 0.9582514296830713,
    "overall_cost": 362.534683091998,
    "max_cost": 82.79173368627339,
    "avg_cost": 17.263556337714192,
    "overall_migration_cost": 2695.5615242406034,
    "max_migration_cost": 2296.393896872342,
    "avg_migration_cost": 539.1123048481207,
    "migration_rate": 0.23809523809523808,
    "weighted_migration_rate": 0.0034702547734499086,
    "overall_response_time": 1.9557220424510664,
    "weighted_overall_response_time": 2121.84282638356,
    "max_response_time": 0.036004795994498365,
    "avg_response_time": 0.015521603511516387,
    "weighted_avg_response_time": 0.022562248146089408,
    "avg_unavailability": 0.018308980287120413,
    "overall_power_consumption": 996.6602798678744
  },
  {
    "time": 63000.0,
    "opt": "ClusterLLGAOptimizer",
    "elapsed_time": 231.26212147902697,
    "valid": true,
    "overall_deadline_violation": 0.1967165821274699,
    "weighted_overall_deadline_violation": 20.12603108022989,
    "max_deadline_violation": 0.009600329411378486,
    "avg_deadline_violation": 0.001468034194981118,
    "avg_only_violated_deadline": 0.008196524255311243,
    "weighted_avg_deadline_violation": 0.00025423132648037426,
    "weighted_avg_only_violated_deadline": 0.008737575830890555,
    "deadline_satisfaction": 0.8208955223880597,
    "weighted_deadline_satisfaction": 0.9709036772440278,
    "overall_cost": 339.184924855018,
    "max_cost": 67.51866012500666,
    "avg_cost": 15.417496584318995,
    "overall_migration_cost": 618.1454946883423,
    "max_migration_cost": 618.1454946883423,
    "avg_migration_cost": 618.1454946883423,
    "migration_rate": 0.045454545454545456,
    "weighted_migration_rate": 0.0025486755014380662,
    "overall_response_time": 1.962793726871662,
    "weighted_overall_response_time": 1759.7261049993917,
    "max_response_time": 0.03600503805960535,
    "avg_response_time": 0.01464771437963926,
    "weighted_avg_response_time": 0.022228799117556944,
    "avg_unavailability": 0.012716632647120415,
    "overall_power_consumption": 1089.1701714998142
  },
  {
    "time": 64800.0,
    "opt": "ClusterLLGAOptimizer",
    "elapsed_time": 241.38377862004563,
    "valid": true,
    "overall_deadline_violation": 0.1690146565325563,
    "weighted_overall_deadline_violation": 22.717450876018443,
    "max_deadline_violation": 0.00960032942014073,
    "avg_deadline_violation": 0.0013413861629567967,
    "avg_only_violated_deadline": 0.008048316977740775,
    "weighted_avg_deadline_violation": 0.0002635690444573323,
    "weighted_avg_only_violated_deadline": 0.008351808294508675,
    "deadline_satisfaction": 0.8333333333333334,
    "weighted_deadline_satisfaction": 0.9684416793150498,
    "overall_cost": 353.9219949194114,
    "max_cost": 86.65531385392899,
    "avg_cost": 17.696099745970574,
    "overall_migration_cost": 23.72931958277504,
    "max_migration_cost": 23.72931958277504,
    "avg_migration_cost": 23.72931958277504,
    "migration_rate": 0.05,
    "weighted_migration_rate": 0.0001080610169909589,
    "overall_response_time": 1.8837105985149338,
    "weighted_overall_response_time": 1816.646484987887,
    "max_response_time": 0.03600520690306094,
    "avg_response_time": 0.014950084115197895,
    "weighted_avg_response_time": 0.02107682683141549,
    "avg_unavailability": 0.02362121403039913,
    "overall_power_consumption": 1069.0828244825525
  },
  {
    "time": 66600.0,
    "opt": "ClusterLLGAOptimizer",
    "elapsed_time": 206.55111974477768,
    "valid": true,
    "overall_deadline_violation": 0.14441381106680584,
    "weighted_overall_deadline_violation": 25.16055064963092,
    "max_deadline_violation": 0.00960032942582937,
    "avg_deadline_violation": 0.001155310488534447,
    "avg_only_violated_deadline": 0.008022989503711437,
    "weighted_avg_deadline_violation": 0.00033479803473017384,
    "weighted_avg_only_violated_deadline": 0.008124642819755756,
    "deadline_satisfaction": 0.856,
    "weighted_deadline_satisfaction": 0.9587922765150877,
    "overall_cost": 312.1755676683843,
    "max_cost": 63.285796129942334,
    "avg_cost": 15.608778383419212,
    "overall_migration_cost": 0.0,
    "max_migration_cost": 0.0,
    "avg_migration_cost": 0.0,
    "migration_rate": 0.0,
    "weighted_migration_rate": 0.0,
    "overall_response_time": 1.8492764529826113,
    "weighted_overall_response_time": 1559.0424429664438,
    "max_response_time": 0.03600524648562806,
    "avg_response_time": 0.014794211623860899,
    "weighted_avg_response_time": 0.0207453466831717,
    "avg_unavailability": 0.02362121403039913,
    "overall_power_consumption": 1073.5893502411918
  },
  {
    "time": 68400.0,
    "opt": "ClusterLLGAOptimizer",
    "elapsed_time": 230.80018514906988,
    "valid": true,
    "overall_deadline_violation": 0.1606142508105569,
    "weighted_overall_deadline_violation": 27.92294678887977,
    "max_deadline_violation": 0.009600329296813806,
    "avg_deadline_violation": 0.0013384520900879746,
    "avg_only_violated_deadline": 0.008030712540527845,
    "weighted_avg_deadline_violation": 0.00033408757983244275,
    "weighted_avg_only_violated_deadline": 0.008321378345365602,
    "deadline_satisfaction": 0.8333333333333334,
    "weighted_deadline_satisfaction": 0.9598518940052154,
    "overall_cost": 337.4802497304612,
    "max_cost": 80.79986827824175,
    "avg_cost": 16.07048808240291,
    "overall_migration_cost": 401.4904988304109,
    "max_migration_cost": 401.4904988304109,
    "avg_migration_cost": 401.4904988304109,
    "migration_rate": 0.047619047619047616,
    "weighted_migration_rate": 0.002408933091273645,
    "overall_response_time": 1.8588518064321446,
    "weighted_overall_response_time": 1855.9270394619718,
    "max_response_time": 0.036005218895376945,
    "avg_response_time": 0.015490431720267869,
    "weighted_avg_response_time": 0.02220547056324193,
    "avg_unavailability": 0.01802886639039913,
    "overall_power_consumption": 1051.929332844423
  },
  {
    "time": 70200.0,
    "opt": "ClusterLLGAOptimizer",
    "elapsed_time": 207.46372193237767,
    "valid": true,
    "overall_deadline_violation": 0.20721729196132602,
    "weighted_overall_deadline_violation": 45.71360047819449,
    "max_deadline_violation": 0.009600328656833636,
    "avg_deadline_violation": 0.0016445816822327464,
    "avg_only_violated_deadline": 0.008288691678453041,
    "weighted_avg_deadline_violation": 0.0005571969117994033,
    "weighted_avg_only_violated_deadline": 0.008719680541129836,
    "deadline_satisfaction": 0.8015873015873016,
    "weighted_deadline_satisfaction": 0.9360989305547193,
    "overall_cost": 333.03986976893873,
    "max_cost": 72.54376815479085,
    "avg_cost": 15.85904141756851,
    "overall_migration_cost": 0.0,
    "max_migration_cost": 0.0,
    "avg_migration_cost": 0.0,
    "migration_rate": 0.0,
    "weighted_migration_rate": 0.0,
    "overall_response_time": 1.9434491571669463,
    "weighted_overall_response_time": 1734.2478673071796,
    "max_response_time": 0.03600540763503807,
    "avg_response_time": 0.01542419966005513,
    "weighted_avg_response_time": 0.021138513393168357,
    "avg_unavailability": 0.01802886639039913,
    "overall_power_consumption": 1079.0089754385408
  },
  {
    "time": 72000.0,
    "opt": "ClusterLLGAOptimizer",
    "elapsed_time": 247.42711167270318,
    "valid": true,
    "overall_deadline_violation": 0.16601483795737865,
    "weighted_overall_deadline_violation": 35.56014511014375,
    "max_deadline_violation": 0.00960032916447228,
    "avg_deadline_violation": 0.0013388293383659567,
    "avg_only_violated_deadline": 0.007905468474160888,
    "weighted_avg_deadline_violation": 0.0004259012561744828,
    "weighted_avg_only_violated_deadline": 0.008164232953946849,
    "deadline_satisfaction": 0.8306451612903226,
    "weighted_deadline_satisfaction": 0.9478332797977563,
    "overall_cost": 323.12766808512856,
    "max_cost": 80.93384417202456,
    "avg_cost": 16.156383404256424,
    "overall_migration_cost": 442.9838087770959,
    "max_migration_cost": 429.3228118394301,
    "avg_migration_cost": 147.6612695923653,
    "migration_rate": 0.15,
    "weighted_migration_rate": 0.0029139599209113826,
    "overall_response_time": 1.9050820174934768,
    "weighted_overall_response_time": 1767.4670083286928,
    "max_response_time": 0.03600539178738495,
    "avg_response_time": 0.015363564657205467,
    "weighted_avg_response_time": 0.021168823039459814,
    "avg_unavailability": 0.02478191307678526,
    "overall_power_consumption": 1022.2160257453986
  },
  {
    "time": 73800.0,
    "opt": "ClusterLLGAOptimizer",
    "elapsed_time": 204.46148976078257,
    "valid": true,
    "overall_deadline_violation": 0.12181171836745519,
    "weighted_overall_deadline_violation": 28.76684439780721,
    "max_deadline_violation": 0.009600329397962341,
    "avg_deadline_violation": 0.0010150976530621265,
    "avg_only_violated_deadline": 0.008120781224497014,
    "weighted_avg_deadline_violation": 0.0003716083163408238,
    "weighted_avg_only_violated_deadline": 0.007944571726055514,
    "deadline_satisfaction": 0.875,
    "weighted_deadline_satisfaction": 0.9532248774188703,
    "overall_cost": 308.2942915817512,
    "max_cost": 66.28044115774193,
    "avg_cost": 15.414714579087562,
    "overall_migration_cost": 0.0,
    "max_migration_cost": 0.0,
    "avg_migration_cost": 0.0,
    "migration_rate": 0.0,
    "weighted_migration_rate": 0.0,
    "overall_response_time": 1.839943754604874,
    "weighted_overall_response_time": 1597.9913979885605,
    "max_response_time": 0.036005461181586214,
    "avg_response_time": 0.015332864621707291,
    "weighted_avg_response_time": 0.02064275402341014,
    "avg_unavailability": 0.02478191307678526,
    "overall_power_consumption": 1047.6933832035609
  },
  {
    "time": 75600.0,
    "opt": "ClusterLLGAOptimizer",
    "elapsed_time": 239.12983372900635,
    "valid": true,
    "overall_deadline_violation": 0.17011470378638932,
    "weighted_overall_deadline_violation": 28.891217498766334,
    "max_deadline_violation": 0.009600329189647913,
    "avg_deadline_violation": 0.001360917630291115,
    "avg_only_violated_deadline": 0.008100700180304255,
    "weighted_avg_deadline_violation": 0.0003236061004050682,
    "weighted_avg_only_violated_deadline": 0.008584777103314173,
    "deadline_satisfaction": 0.832,
    "weighted_deadline_satisfaction": 0.9623046589899066,
    "overall_cost": 350.4305935360362,
    "max_cost": 67.16045232449575,
    "avg_cost": 19.46836630755757,
    "overall_migration_cost": 1.86682369323609,
    "max_migration_cost": 1.86682369323609,
    "avg_migration_cost": 1.86682369323609,
    "migration_rate": 0.05555555555555555,
    "weighted_migration_rate": 0.0013332506146378497,
    "overall_response_time": 1.9268114166761776,
    "weighted_overall_response_time": 1917.3278279251624,
    "max_response_time": 0.03600500156528264,
    "avg_response_time": 0.015414491333409417,
    "weighted_avg_response_time": 0.021475695221894867,
    "avg_unavailability": 0.03037488269517518,
    "overall_power_consumption": 1059.6936734055807
  },
  {
    "time": 77400.0,
    "opt": "ClusterLLGAOptimizer",
    "elapsed_time": 196.54763002926484,
    "valid": true,
    "overall_deadline_violation": 0.1861166747173291,
    "weighted_overall_deadline_violation": 34.23044211349677,
    "max_deadline_violation": 0.009600329018837185,
    "avg_deadline_violation": 0.0014771164660105482,
    "avg_only_violated_deadline": 0.008092029335536047,
    "weighted_avg_deadline_violation": 0.00034700104663252845,
    "weighted_avg_only_violated_deadline": 0.008661532290629248,
    "deadline_satisfaction": 0.8174603174603174,
    "weighted_deadline_satisfaction": 0.959937683658128,
    "overall_cost": 390.6448072747618,
    "max_cost": 75.53564519033733,
    "avg_cost": 21.702489293042323,
    "overall_migration_cost": 0.0,
    "max_migration_cost": 0.0,
    "avg_migration_cost": 0.0,
    "migration_rate": 0.0,
    "weighted_migration_rate": 0.0,
    "overall_response_time": 1.9101171129651295,
    "weighted_overall_response_time": 2169.325912620417,
    "max_response_time": 0.03600496825610956,
    "avg_response_time": 0.015159659626707383,
    "weighted_avg_response_time": 0.02199090387645164,
    "avg_unavailability": 0.03037488269517518,
    "overall_power_consumption": 1064.7443623199697
  },
  {
    "time": 79200.0,
    "opt": "ClusterLLGAOptimizer",
    "elapsed_time": 232.20605400577188,
    "valid": true,
    "overall_deadline_violation": 0.15621254866897952,
    "weighted_overall_deadline_violation": 27.38778138462866,
    "max_deadline_violation": 0.009600329124137597,
    "avg_deadline_violation": 0.0012910127989171861,
    "avg_only_violated_deadline": 0.008221713087841026,
    "weighted_avg_deadline_violation": 0.0003161512252875059,
    "weighted_avg_only_violated_deadline": 0.008989383066184022,
    "deadline_satisfaction": 0.8429752066115702,
    "weighted_deadline_satisfaction": 0.9648305981667646,
    "overall_cost": 335.87386998863997,
    "max_cost": 75.23035017537357,
    "avg_cost": 18.659659443813332,
    "overall_migration_cost": 0.0,
    "max_migration_cost": 0.0,
    "avg_migration_cost": 0.0,
    "migration_rate": 0.0,
    "weighted_migration_rate": 0.0,
    "overall_response_time": 1.845880795476271,
    "weighted_overall_response_time": 1780.4496213414936,
    "max_response_time": 0.036005273085633116,
    "avg_response_time": 0.015255213185754304,
    "weighted_avg_response_time": 0.020552644314070317,
    "avg_unavailability": 0.03037488269517518,
    "overall_power_consumption": 1059.081581159448
  },
  {
    "time": 81000.0,
    "opt": "ClusterLLGAOptimizer",
    "elapsed_time": 206.37495867395774,
    "valid": true,
    "overall_deadline_violation": 0.1911172172925663,
    "weighted_overall_deadline_violation": 45.715810958017485,
    "max_deadline_violation": 0.009600328780525661,
    "avg_deadline_violation": 0.0015412678813916643,
    "avg_only_violated_deadline": 0.008309444230111582,
    "weighted_avg_deadline_violation": 0.0004795351739242316,
    "weighted_avg_only_violated_deadline": 0.00846547469547125,
    "deadline_satisfaction": 0.8145161290322581,
    "weighted_deadline_satisfaction": 0.9433540124831078,
    "overall_cost": 372.7512597180036,
    "max_cost": 87.3690467355942,
    "avg_cost": 20.708403317666868,
    "overall_migration_cost": 0.0,
    "max_migration_cost": 0.0,
    "avg_migration_cost": 0.0,
    "migration_rate": 0.0,
    "weighted_migration_rate": 0.0,
    "overall_response_time": 1.8531565983457787,
    "weighted_overall_response_time": 2009.573334564343,
    "max_response_time": 0.0360052258375647,
    "avg_response_time": 0.014944811276982085,
    "weighted_avg_response_time": 0.021079383222333634,
    "avg_unavailability": 0.03037488269517518,
    "overall_power_consumption": 1065.1065405762247
  },
  {
    "time": 82800.0,
    "opt": "ClusterLLGAOptimizer",
    "elapsed_time": 238.44749807706103,
    "valid": true,
    "overall_deadline_violation": 0.15101391408447704,
    "weighted_overall_deadline_violation": 22.74695210507731,
    "max_deadline_violation": 0.00960032954259723,
    "avg_deadline_violation": 0.0013018440869351467,
    "avg_only_violated_deadline": 0.007948100741288263,
    "weighted_avg_deadline_violation": 0.00025409061283240435,
    "weighted_avg_only_violated_deadline": 0.00787719576896531,
    "deadline_satisfaction": 0.8362068965517241,
    "weighted_deadline_satisfaction": 0.9677435193583134,
    "overall_cost": 344.40179673320006,
    "max_cost": 81.08259114672698,
    "avg_cost": 17.220089836660005,
    "overall_migration_cost": 53.11062355406832,
    "max_migration_cost": 34.70016036610339,
    "avg_migration_cost": 17.703541184689442,
    "migration_rate": 0.15,
    "weighted_migration_rate": 0.000746531307996209,
    "overall_response_time": 1.8434744206936913,
    "weighted_overall_response_time": 1931.3657086017954,
    "max_response_time": 0.036005244314824186,
    "avg_response_time": 0.015892020868049066,
    "weighted_avg_response_time": 0.021573962710924398,
    "avg_unavailability": 0.03007485524804918,
    "overall_power_consumption": 1029.1460189649954
  },
  {
    "time": 84600.0,
    "opt": "ClusterLLGAOptimizer",
    "elapsed_time": 199.12736723059788,
    "valid": true,
    "overall_deadline_violation": 0.15751505312732686,
    "weighted_overall_deadline_violation": 14.833107872325229,
    "max_deadline_violation": 0.009600329542597437,
    "avg_deadline_violation": 0.0013017772985729498,
    "avg_only_violated_deadline": 0.007875752656366346,
    "weighted_avg_deadline_violation": 0.0001656904995458165,
    "weighted_avg_only_violated_deadline": 0.008880048585446903,
    "deadline_satisfaction": 0.8347107438016529,
    "weighted_deadline_satisfaction": 0.9813412620492459,
    "overall_cost": 359.6032283699885,
    "max_cost": 81.08252130441174,
    "avg_cost": 17.12396325571374,
    "overall_migration_cost": 1.442,
    "max_migration_cost": 1.442,
    "avg_migration_cost": 1.442,
    "migration_rate": 0.047619047619047616,
    "weighted_migration_rate": 0.0012225422069071991,
    "overall_response_time": 1.869291030222146,
    "weighted_overall_response_time": 1882.757853700684,
    "max_response_time": 0.036005244315081106,
    "avg_response_time": 0.015448686200183004,
    "weighted_avg_response_time": 0.021030999840937165,
    "avg_unavailability": 0.030058175591175493,
    "overall_power_consumption": 1084.3403938525746
  }
]