[
  {
    "time": 0.0,
    "elapsed_time": 6.65786287910305,
    "id": -1,
    "type": "global"
  },
  {
    "time": 0.0,
    "elapsed_time": 3.0196591319981962,
    "id": 11,
    "type": "cluster"
  },
  {
    "time": 0.0,
    "elapsed_time": 6.719122922047973,
    "id": 12,
    "type": "cluster"
  },
  {
    "time": 0.0,
    "elapsed_time": 6.616696272045374,
    "id": 13,
    "type": "cluster"
  },
  {
    "time": 0.0,
    "elapsed_time": 6.730009365826845,
    "id": 14,
    "type": "cluster"
  },
  {
    "time": 0.0,
    "elapsed_time": 6.537834476912394,
    "id": 15,
    "type": "cluster"
  },
  {
    "time": 0.0,
    "elapsed_time": 2.8093780390918255,
    "id": 16,
    "type": "cluster"
  },
  {
    "time": 0.0,
    "elapsed_time": 2.7008862260263413,
    "id": 17,
    "type": "cluster"
  },
  {
    "time": 0.0,
    "elapsed_time": 3.0156395761296153,
    "id": 11,
    "type": "cluster"
  },
  {
    "time": 0.0,
    "elapsed_time": 6.644794635940343,
    "id": 12,
    "type": "cluster"
  },
  {
    "time": 0.0,
    "elapsed_time": 6.053480525035411,
    "id": 13,
    "type": "cluster"
  },
  {
    "time": 0.0,
    "elapsed_time": 5.0403810639400035,
    "id": 14,
    "type": "cluster"
  },
  {
    "time": 0.0,
    "elapsed_time": 6.64851336996071,
    "id": 15,
    "type": "cluster"
  },
  {
    "time": 0.0,
    "elapsed_time": 2.994426508899778,
    "id": 16,
    "type": "cluster"
  },
  {
    "time": 0.0,
    "elapsed_time": 4.138364311074838,
    "id": 17,
    "type": "cluster"
  },
  {
    "time": 0.0,
    "elapsed_time": 69.74204498506151,
    "id": -2,
    "type": "all_clusters"
  },
  {
    "time": 1800.0,
    "elapsed_time": 4.074022762943059,
    "id": 11,
    "type": "cluster"
  },
  {
    "time": 1800.0,
    "elapsed_time": 6.793338190997019,
    "id": 12,
    "type": "cluster"
  },
  {
    "time": 1800.0,
    "elapsed_time": 6.697096562944353,
    "id": 13,
    "type": "cluster"
  },
  {
    "time": 1800.0,
    "elapsed_time": 6.690942817134783,
    "id": 14,
    "type": "cluster"
  },
  {
    "time": 1800.0,
    "elapsed_time": 6.352670028107241,
    "id": 15,
    "type": "cluster"
  },
  {
    "time": 1800.0,
    "elapsed_time": 3.1206205140333623,
    "id": 16,
    "type": "cluster"
  },
  {
    "time": 1800.0,
    "elapsed_time": 2.8665114280302078,
    "id": 17,
    "type": "cluster"
  },
  {
    "time": 1800.0,
    "elapsed_time": 2.9950303649529815,
    "id": 11,
    "type": "cluster"
  },
  {
    "time": 1800.0,
    "elapsed_time": 6.8402345480863005,
    "id": 12,
    "type": "cluster"
  },
  {
    "time": 1800.0,
    "elapsed_time": 6.685963171068579,
    "id": 13,
    "type": "cluster"
  },
  {
    "time": 1800.0,
    "elapsed_time": 3.6373277101665735,
    "id": 14,
    "type": "cluster"
  },
  {
    "time": 1800.0,
    "elapsed_time": 6.689072454813868,
    "id": 15,
    "type": "cluster"
  },
  {
    "time": 1800.0,
    "elapsed_time": 3.101022721035406,
    "id": 16,
    "type": "cluster"
  },
  {
    "time": 1800.0,
    "elapsed_time": 3.2944167628884315,
    "id": 17,
    "type": "cluster"
  },
  {
    "time": 1800.0,
    "elapsed_time": 73.24413915001787,
    "id": -2,
    "type": "all_clusters"
  },
  {
    "time": 3600.0,
    "elapsed_time": 6.719339215895161,
    "id": -1,
    "type": "global"
  },
  {
    "time": 3600.0,
    "elapsed_time": 3.1630062060430646,
    "id": 11,
    "type": "cluster"
  },
  {
    "time": 3600.0,
    "elapsed_time": 5.848965408978984,
    "id": 12,
    "type": "cluster"
  },
  {
    "time": 3600.0,
    "elapsed_time": 6.988661420997232,
    "id": 13,
    "type": "cluster"
  },
  {
    "time": 3600.0,
    "elapsed_time": 5.627187652979046,
    "id": 14,
    "type": "cluster"
  },
  {
    "time": 3600.0,
    "elapsed_time": 6.85727064195089,
    "id": 15,
    "type": "cluster"
  },
  {
    "time": 3600.0,
    "elapsed_time": 3.2781245331279933,
    "id": 16,
    "type": "cluster"
  },
  {
    "time": 3600.0,
    "elapsed_time": 3.027591946069151,
    "id": 17,
    "type": "cluster"
  },
  {
    "time": 3600.0,
    "elapsed_time": 3.252281615976244,
    "id": 11,
    "type": "cluster"
  },
  {
    "time": 3600.0,
    "elapsed_time": 6.90349772805348,
    "id": 12,
    "type": "cluster"
  },
  {
    "time": 3600.0,
    "elapsed_time": 6.789891256019473,
    "id": 13,
    "type": "cluster"
  },
  {
    "time": 3600.0,
    "elapsed_time": 5.240744474111125,
    "id": 14,
    "type": "cluster"
  },
  {
    "time": 3600.0,
    "elapsed_time": 3.2087467059027404,
    "id": 15,
    "type": "cluster"
  },
  {
    "time": 3600.0,
    "elapsed_time": 3.3124739341437817,
    "id": 16,
    "type": "cluster"
  },
  {
    "time": 3600.0,
    "elapsed_time": 6.528656869195402,
    "id": 17,
    "type": "cluster"
  },
  {
    "time": 3600.0,
    "elapsed_time": 84.96294242888689,
    "id": -2,
    "type": "all_clusters"
  },
  {
    "time": 5400.0,
    "elapsed_time": 3.213050392922014,
    "id": 11,
    "type": "cluster"
  },
  {
    "time": 5400.0,
    "elapsed_time": 6.836019249167293,
    "id": 12,
    "type": "cluster"
  },
  {
    "time": 5400.0,
    "elapsed_time": 7.041337141999975,
    "id": 13,
    "type": "cluster"
  },
  {
    "time": 5400.0,
    "elapsed_time": 6.791045436169952,
    "id": 14,
    "type": "cluster"
  },
  {
    "time": 5400.0,
    "elapsed_time": 6.9175457721576095,
    "id": 15,
    "type": "cluster"
  },
  {
    "time": 5400.0,
    "elapsed_time": 3.1184518728405237,
    "id": 16,
    "type": "cluster"
  },
  {
    "time": 5400.0,
    "elapsed_time": 2.8879120140336454,
    "id": 17,
    "type": "cluster"
  },
  {
    "time": 5400.0,
    "elapsed_time": 2.972865341929719,
    "id": 11,
    "type": "cluster"
  },
  {
    "time": 5400.0,
    "elapsed_time": 7.057184177916497,
    "id": 12,
    "type": "cluster"
  },
  {
    "time": 5400.0,
    "elapsed_time": 6.7563902859110385,
    "id": 13,
    "type": "cluster"
  },
  {
    "time": 5400.0,
    "elapsed_time": 7.057505514007062,
    "id": 14,
    "type": "cluster"
  },
  {
    "time": 5400.0,
    "elapsed_time": 5.522525381995365,
    "id": 15,
    "type": "cluster"
  },
  {
    "time": 5400.0,
    "elapsed_time": 3.086313563864678,
    "id": 16,
    "type": "cluster"
  },
  {
    "time": 5400.0,
    "elapsed_time": 3.0973414650652558,
    "id": 17,
    "type": "cluster"
  },
  {
    "time": 5400.0,
    "elapsed_time": 82.12576307915151,
    "id": -2,
    "type": "all_clusters"
  },
  {
    "time": 7200.0,
    "elapsed_time": 6.966483206953853,
    "id": -1,
    "type": "global"
  },
  {
    "time": 7200.0,
    "elapsed_time": 4.289977207081392,
    "id": 11,
    "type": "cluster"
  },
  {
    "time": 7200.0,
    "elapsed_time": 6.738797418074682,
    "id": 12,
    "type": "cluster"
  },
  {
    "time": 7200.0,
    "elapsed_time": 5.122998134000227,
    "id": 13,
    "type": "cluster"
  },
  {
    "time": 7200.0,
    "elapsed_time": 6.86346724210307,
    "id": 14,
    "type": "cluster"
  },
  {
    "time": 7200.0,
    "elapsed_time": 5.546480856835842,
    "id": 15,
    "type": "cluster"
  },
  {
    "time": 7200.0,
    "elapsed_time": 5.785244207130745,
    "id": 16,
    "type": "cluster"
  },
  {
    "time": 7200.0,
    "elapsed_time": 2.811896394006908,
    "id": 17,
    "type": "cluster"
  },
  {
    "time": 7200.0,
    "elapsed_time": 3.1156080721411854,
    "id": 11,
    "type": "cluster"
  },
  {
    "time": 7200.0,
    "elapsed_time": 3.1417380480561405,
    "id": 12,
    "type": "cluster"
  },
  {
    "time": 7200.0,
    "elapsed_time": 4.966769182123244,
    "id": 13,
    "type": "cluster"
  },
  {
    "time": 7200.0,
    "elapsed_time": 4.438591509126127,
    "id": 14,
    "type": "cluster"
  },
  {
    "time": 7200.0,
    "elapsed_time": 7.816768368007615,
    "id": 15,
    "type": "cluster"
  },
  {
    "time": 7200.0,
    "elapsed_time": 3.1514331290964037,
    "id": 16,
    "type": "cluster"
  },
  {
    "time": 7200.0,
    "elapsed_time": 4.1126499669626355,
    "id": 17,
    "type": "cluster"
  },
  {
    "time": 7200.0,
    "elapsed_time": 83.75185887189582,
    "id": -2,
    "type": "all_clusters"
  },
  {
    "time": 9000.0,
    "elapsed_time": 3.2367545161396265,
    "id": 11,
    "type": "cluster"
  },
  {
    "time": 9000.0,
    "elapsed_time": 3.320400861091912,
    "id": 12,
    "type": "cluster"
  },
  {
    "time": 9000.0,
    "elapsed_time": 6.808216135948896,
    "id": 13,
    "type": "cluster"
  },
  {
    "time": 9000.0,
    "elapsed_time": 6.765473022125661,
    "id": 14,
    "type": "cluster"
  },
  {
    "time": 9000.0,
    "elapsed_time": 4.317546017933637,
    "id": 15,
    "type": "cluster"
  },
  {
    "time": 9000.0,
    "elapsed_time": 4.110829895129427,
    "id": 16,
    "type": "cluster"
  },
  {
    "time": 9000.0,
    "elapsed_time": 2.7999124221969396,
    "id": 17,
    "type": "cluster"
  },
  {
    "time": 9000.0,
    "elapsed_time": 3.3072804568801075,
    "id": 11,
    "type": "cluster"
  },
  {
    "time": 9000.0,
    "elapsed_time": 6.668868976878002,
    "id": 12,
    "type": "cluster"
  },
  {
    "time": 9000.0,
    "elapsed_time": 3.60841279104352,
    "id": 13,
    "type": "cluster"
  },
  {
    "time": 9000.0,
    "elapsed_time": 4.174667265033349,
    "id": 14,
    "type": "cluster"
  },
  {
    "time": 9000.0,
    "elapsed_time": 3.0594552140682936,
    "id": 15,
    "type": "cluster"
  },
  {
    "time": 9000.0,
    "elapsed_time": 2.8955699692014605,
    "id": 16,
    "type": "cluster"
  },
  {
    "time": 9000.0,
    "elapsed_time": 4.284942691912875,
    "id": 17,
    "type": "cluster"
  },
  {
    "time": 9000.0,
    "elapsed_time": 80.33574958215468,
    "id": -2,
    "type": "all_clusters"
  },
  {
    "time": 10800.0,
    "elapsed_time": 4.381990029010922,
    "id": -1,
    "type": "global"
  },
  {
    "time": 10800.0,
    "elapsed_time": 3.3547498600091785,
    "id": 11,
    "type": "cluster"
  },
  {
    "time": 10800.0,
    "elapsed_time": 8.23249536100775,
    "id": 12,
    "type": "cluster"
  },
  {
    "time": 10800.0,
    "elapsed_time": 8.902585840085521,
    "id": 13,
    "type": "cluster"
  },
  {
    "time": 10800.0,
    "elapsed_time": 8.34717800305225,
    "id": 14,
    "type": "cluster"
  },
  {
    "time": 10800.0,
    "elapsed_time": 6.8824153419118375,
    "id": 15,
    "type": "cluster"
  },
  {
    "time": 10800.0,
    "elapsed_time": 2.9350453400984406,
    "id": 16,
    "type": "cluster"
  },
  {
    "time": 10800.0,
    "elapsed_time": 2.8355066638905555,
    "id": 17,
    "type": "cluster"
  },
  {
    "time": 10800.0,
    "elapsed_time": 2.9400034558493644,
    "id": 11,
    "type": "cluster"
  },
  {
    "time": 10800.0,
    "elapsed_time": 7.772329682018608,
    "id": 12,
    "type": "cluster"
  },
  {
    "time": 10800.0,
    "elapsed_time": 8.319254270987585,
    "id": 13,
    "type": "cluster"
  },
  {
    "time": 10800.0,
    "elapsed_time": 6.828496009809896,
    "id": 14,
    "type": "cluster"
  },
  {
    "time": 10800.0,
    "elapsed_time": 6.809548977995291,
    "id": 15,
    "type": "cluster"
  },
  {
    "time": 10800.0,
    "elapsed_time": 3.137999825878069,
    "id": 16,
    "type": "cluster"
  },
  {
    "time": 10800.0,
    "elapsed_time": 6.735000069020316,
    "id": 17,
    "type": "cluster"
  },
  {
    "time": 10800.0,
    "elapsed_time": 104.61744830920361,
    "id": -2,
    "type": "all_clusters"
  },
  {
    "time": 12600.0,
    "elapsed_time": 2.9658712001983076,
    "id": 11,
    "type": "cluster"
  },
  {
    "time": 12600.0,
    "elapsed_time": 7.531476502073929,
    "id": 12,
    "type": "cluster"
  },
  {
    "time": 12600.0,
    "elapsed_time": 8.671423660125583,
    "id": 13,
    "type": "cluster"
  },
  {
    "time": 12600.0,
    "elapsed_time": 7.113302855053917,
    "id": 14,
    "type": "cluster"
  },
  {
    "time": 12600.0,
    "elapsed_time": 6.859378417022526,
    "id": 15,
    "type": "cluster"
  },
  {
    "time": 12600.0,
    "elapsed_time": 3.8045682599768043,
    "id": 16,
    "type": "cluster"
  },
  {
    "time": 12600.0,
    "elapsed_time": 2.8163244631141424,
    "id": 17,
    "type": "cluster"
  },
  {
    "time": 12600.0,
    "elapsed_time": 3.2281198429409415,
    "id": 11,
    "type": "cluster"
  },
  {
    "time": 12600.0,
    "elapsed_time": 7.0718565559946,
    "id": 12,
    "type": "cluster"
  },
  {
    "time": 12600.0,
    "elapsed_time": 8.08011103514582,
    "id": 13,
    "type": "cluster"
  },
  {
    "time": 12600.0,
    "elapsed_time": 6.825379686895758,
    "id": 14,
    "type": "cluster"
  },
  {
    "time": 12600.0,
    "elapsed_time": 6.810652239015326,
    "id": 15,
    "type": "cluster"
  },
  {
    "time": 12600.0,
    "elapsed_time": 2.9266261840239167,
    "id": 16,
    "type": "cluster"
  },
  {
    "time": 12600.0,
    "elapsed_time": 3.253014897927642,
    "id": 17,
    "type": "cluster"
  },
  {
    "time": 12600.0,
    "elapsed_time": 99.546458307188,
    "id": -2,
    "type": "all_clusters"
  },
  {
    "time": 14400.0,
    "elapsed_time": 8.731797873042524,
    "id": -1,
    "type": "global"
  },
  {
    "time": 14400.0,
    "elapsed_time": 3.2155870371498168,
    "id": 11,
    "type": "cluster"
  },
  {
    "time": 14400.0,
    "elapsed_time": 6.896285688038915,
    "id": 12,
    "type": "cluster"
  },
  {
    "time": 14400.0,
    "elapsed_time": 7.3479295710567385,
    "id": 13,
    "type": "cluster"
  },
  {
    "time": 14400.0,
    "elapsed_time": 6.851902102120221,
    "id": 14,
    "type": "cluster"
  },
  {
    "time": 14400.0,
    "elapsed_time": 6.785831596003845,
    "id": 15,
    "type": "cluster"
  },
  {
    "time": 14400.0,
    "elapsed_time": 3.069244406884536,
    "id": 16,
    "type": "cluster"
  },
  {
    "time": 14400.0,
    "elapsed_time": 3.038665216881782,
    "id": 17,
    "type": "cluster"
  },
  {
    "time": 14400.0,
    "elapsed_time": 3.1175514068454504,
    "id": 11,
    "type": "cluster"
  },
  {
    "time": 14400.0,
    "elapsed_time": 6.677367347059771,
    "id": 12,
    "type": "cluster"
  },
  {
    "time": 14400.0,
    "elapsed_time": 6.866400202969089,
    "id": 13,
    "type": "cluster"
  },
  {
    "time": 14400.0,
    "elapsed_time": 6.849295913940296,
    "id": 14,
    "type": "cluster"
  },
  {
    "time": 14400.0,
    "elapsed_time": 7.09683237480931,
    "id": 15,
    "type": "cluster"
  },
  {
    "time": 14400.0,
    "elapsed_time": 3.07455249177292,
    "id": 16,
    "type": "cluster"
  },
  {
    "time": 14400.0,
    "elapsed_time": 3.248011749004945,
    "id": 17,
    "type": "cluster"
  },
  {
    "time": 14400.0,
    "elapsed_time": 100.2651270988863,
    "id": -2,
    "type": "all_clusters"
  },
  {
    "time": 16200.0,
    "elapsed_time": 3.014962051063776,
    "id": 11,
    "type": "cluster"
  },
  {
    "time": 16200.0,
    "elapsed_time": 6.700429267017171,
    "id": 12,
    "type": "cluster"
  },
  {
    "time": 16200.0,
    "elapsed_time": 8.392162192845717,
    "id": 13,
    "type": "cluster"
  },
  {
    "time": 16200.0,
    "elapsed_time": 6.984037891030312,
    "id": 14,
    "type": "cluster"
  },
  {
    "time": 16200.0,
    "elapsed_time": 6.782259586034343,
    "id": 15,
    "type": "cluster"
  },
  {
    "time": 16200.0,
    "elapsed_time": 3.23852705094032,
    "id": 16,
    "type": "cluster"
  },
  {
    "time": 16200.0,
    "elapsed_time": 2.873158761067316,
    "id": 17,
    "type": "cluster"
  },
  {
    "time": 16200.0,
    "elapsed_time": 3.0315424071159214,
    "id": 11,
    "type": "cluster"
  },
  {
    "time": 16200.0,
    "elapsed_time": 6.90835485002026,
    "id": 12,
    "type": "cluster"
  },
  {
    "time": 16200.0,
    "elapsed_time": 7.102689094142988,
    "id": 13,
    "type": "cluster"
  },
  {
    "time": 16200.0,
    "elapsed_time": 6.888540626037866,
    "id": 14,
    "type": "cluster"
  },
  {
    "time": 16200.0,
    "elapsed_time": 6.907788485987112,
    "id": 15,
    "type": "cluster"
  },
  {
    "time": 16200.0,
    "elapsed_time": 3.0763279809616506,
    "id": 16,
    "type": "cluster"
  },
  {
    "time": 16200.0,
    "elapsed_time": 5.565882355906069,
    "id": 17,
    "type": "cluster"
  },
  {
    "time": 16200.0,
    "elapsed_time": 113.02464624983259,
    "id": -2,
    "type": "all_clusters"
  },
  {
    "time": 18000.0,
    "elapsed_time": 6.08897125790827,
    "id": -1,
    "type": "global"
  },
  {
    "time": 18000.0,
    "elapsed_time": 4.789460300002247,
    "id": 11,
    "type": "cluster"
  },
  {
    "time": 18000.0,
    "elapsed_time": 6.645845837891102,
    "id": 12,
    "type": "cluster"
  },
  {
    "time": 18000.0,
    "elapsed_time": 6.963427111040801,
    "id": 13,
    "type": "cluster"
  },
  {
    "time": 18000.0,
    "elapsed_time": 6.805997082963586,
    "id": 14,
    "type": "cluster"
  },
  {
    "time": 18000.0,
    "elapsed_time": 6.7913664458319545,
    "id": 15,
    "type": "cluster"
  },
  {
    "time": 18000.0,
    "elapsed_time": 3.0487788929603994,
    "id": 16,
    "type": "cluster"
  },
  {
    "time": 18000.0,
    "elapsed_time": 2.813043731963262,
    "id": 17,
    "type": "cluster"
  },
  {
    "time": 18000.0,
    "elapsed_time": 3.3355238751973957,
    "id": 11,
    "type": "cluster"
  },
  {
    "time": 18000.0,
    "elapsed_time": 6.874577573966235,
    "id": 12,
    "type": "cluster"
  },
  {
    "time": 18000.0,
    "elapsed_time": 7.007135296007618,
    "id": 13,
    "type": "cluster"
  },
  {
    "time": 18000.0,
    "elapsed_time": 6.761327608022839,
    "id": 14,
    "type": "cluster"
  },
  {
    "time": 18000.0,
    "elapsed_time": 6.831716003827751,
    "id": 15,
    "type": "cluster"
  },
  {
    "time": 18000.0,
    "elapsed_time": 3.2538410460110754,
    "id": 16,
    "type": "cluster"
  },
  {
    "time": 18000.0,
    "elapsed_time": 3.8747353851795197,
    "id": 17,
    "type": "cluster"
  },
  {
    "time": 18000.0,
    "elapsed_time": 106.51606809184887,
    "id": -2,
    "type": "all_clusters"
  },
  {
    "time": 19800.0,
    "elapsed_time": 3.2359255249612033,
    "id": 11,
    "type": "cluster"
  },
  {
    "time": 19800.0,
    "elapsed_time": 6.8076718871016055,
    "id": 12,
    "type": "cluster"
  },
  {
    "time": 19800.0,
    "elapsed_time": 7.504416413139552,
    "id": 13,
    "type": "cluster"
  },
  {
    "time": 19800.0,
    "elapsed_time": 6.865444405004382,
    "id": 14,
    "type": "cluster"
  },
  {
    "time": 19800.0,
    "elapsed_time": 7.156564300879836,
    "id": 15,
    "type": "cluster"
  },
  {
    "time": 19800.0,
    "elapsed_time": 3.2487027631141245,
    "id": 16,
    "type": "cluster"
  },
  {
    "time": 19800.0,
    "elapsed_time": 2.869930794928223,
    "id": 17,
    "type": "cluster"
  },
  {
    "time": 19800.0,
    "elapsed_time": 3.1086761890910566,
    "id": 11,
    "type": "cluster"
  },
  {
    "time": 19800.0,
    "elapsed_time": 6.874813277972862,
    "id": 12,
    "type": "cluster"
  },
  {
    "time": 19800.0,
    "elapsed_time": 6.061604222981259,
    "id": 13,
    "type": "cluster"
  },
  {
    "time": 19800.0,
    "elapsed_time": 6.872410390991718,
    "id": 14,
    "type": "cluster"
  },
  {
    "time": 19800.0,
    "elapsed_time": 6.963803581194952,
    "id": 15,
    "type": "cluster"
  },
  {
    "time": 19800.0,
    "elapsed_time": 2.8344336971640587,
    "id": 16,
    "type": "cluster"
  },
  {
    "time": 19800.0,
    "elapsed_time": 3.303508552024141,
    "id": 17,
    "type": "cluster"
  },
  {
    "time": 19800.0,
    "elapsed_time": 104.28173690196127,
    "id": -2,
    "type": "all_clusters"
  },
  {
    "time": 21600.0,
    "elapsed_time": 6.92284146300517,
    "id": -1,
    "type": "global"
  },
  {
    "time": 21600.0,
    "elapsed_time": 3.0785304598975927,
    "id": 11,
    "type": "cluster"
  },
  {
    "time": 21600.0,
    "elapsed_time": 7.994121681898832,
    "id": 12,
    "type": "cluster"
  },
  {
    "time": 21600.0,
    "elapsed_time": 8.111354517983273,
    "id": 13,
    "type": "cluster"
  },
  {
    "time": 21600.0,
    "elapsed_time": 6.846751959063113,
    "id": 14,
    "type": "cluster"
  },
  {
    "time": 21600.0,
    "elapsed_time": 7.246208257973194,
    "id": 15,
    "type": "cluster"
  },
  {
    "time": 21600.0,
    "elapsed_time": 3.80894838180393,
    "id": 16,
    "type": "cluster"
  },
  {
    "time": 21600.0,
    "elapsed_time": 2.8186592299025506,
    "id": 17,
    "type": "cluster"
  },
  {
    "time": 21600.0,
    "elapsed_time": 3.1077747570816427,
    "id": 11,
    "type": "cluster"
  },
  {
    "time": 21600.0,
    "elapsed_time": 4.041869970969856,
    "id": 12,
    "type": "cluster"
  },
  {
    "time": 21600.0,
    "elapsed_time": 3.8575980961322784,
    "id": 13,
    "type": "cluster"
  },
  {
    "time": 21600.0,
    "elapsed_time": 6.740266421111301,
    "id": 14,
    "type": "cluster"
  },
  {
    "time": 21600.0,
    "elapsed_time": 6.744168701115996,
    "id": 15,
    "type": "cluster"
  },
  {
    "time": 21600.0,
    "elapsed_time": 3.5440680040046573,
    "id": 16,
    "type": "cluster"
  },
  {
    "time": 21600.0,
    "elapsed_time": 3.2286171831656247,
    "id": 17,
    "type": "cluster"
  },
  {
    "time": 21600.0,
    "elapsed_time": 104.85428474284708,
    "id": -2,
    "type": "all_clusters"
  },
  {
    "time": 23400.0,
    "elapsed_time": 3.3834091348107904,
    "id": 11,
    "type": "cluster"
  },
  {
    "time": 23400.0,
    "elapsed_time": 7.953680416103452,
    "id": 12,
    "type": "cluster"
  },
  {
    "time": 23400.0,
    "elapsed_time": 7.15358150890097,
    "id": 13,
    "type": "cluster"
  },
  {
    "time": 23400.0,
    "elapsed_time": 8.369280231185257,
    "id": 14,
    "type": "cluster"
  },
  {
    "time": 23400.0,
    "elapsed_time": 6.797578351804987,
    "id": 15,
    "type": "cluster"
  },
  {
    "time": 23400.0,
    "elapsed_time": 3.5921072291675955,
    "id": 16,
    "type": "cluster"
  },
  {
    "time": 23400.0,
    "elapsed_time": 3.0379040299449116,
    "id": 17,
    "type": "cluster"
  },
  {
    "time": 23400.0,
    "elapsed_time": 3.088133990066126,
    "id": 11,
    "type": "cluster"
  },
  {
    "time": 23400.0,
    "elapsed_time": 7.441264840075746,
    "id": 12,
    "type": "cluster"
  },
  {
    "time": 23400.0,
    "elapsed_time": 7.644590104930103,
    "id": 13,
    "type": "cluster"
  },
  {
    "time": 23400.0,
    "elapsed_time": 8.085372442845255,
    "id": 14,
    "type": "cluster"
  },
  {
    "time": 23400.0,
    "elapsed_time": 5.203614169964567,
    "id": 15,
    "type": "cluster"
  },
  {
    "time": 23400.0,
    "elapsed_time": 3.225781209068373,
    "id": 16,
    "type": "cluster"
  },
  {
    "time": 23400.0,
    "elapsed_time": 3.3400829050224274,
    "id": 17,
    "type": "cluster"
  },
  {
    "time": 23400.0,
    "elapsed_time": 113.61310478812084,
    "id": -2,
    "type": "all_clusters"
  },
  {
    "time": 25200.0,
    "elapsed_time": 5.611435687867925,
    "id": -1,
    "type": "global"
  },
  {
    "time": 25200.0,
    "elapsed_time": 3.2536131138913333,
    "id": 11,
    "type": "cluster"
  },
  {
    "time": 25200.0,
    "elapsed_time": 5.067586409160867,
    "id": 12,
    "type": "cluster"
  },
  {
    "time": 25200.0,
    "elapsed_time": 4.753800582140684,
    "id": 13,
    "type": "cluster"
  },
  {
    "time": 25200.0,
    "elapsed_time": 7.6907617000397295,
    "id": 14,
    "type": "cluster"
  },
  {
    "time": 25200.0,
    "elapsed_time": 7.114216946065426,
    "id": 15,
    "type": "cluster"
  },
  {
    "time": 25200.0,
    "elapsed_time": 3.0622062489856035,
    "id": 16,
    "type": "cluster"
  },
  {
    "time": 25200.0,
    "elapsed_time": 3.044104180065915,
    "id": 17,
    "type": "cluster"
  },
  {
    "time": 25200.0,
    "elapsed_time": 3.2641086902003735,
    "id": 11,
    "type": "cluster"
  },
  {
    "time": 25200.0,
    "elapsed_time": 6.46634294395335,
    "id": 12,
    "type": "cluster"
  },
  {
    "time": 25200.0,
    "elapsed_time": 6.576610032003373,
    "id": 13,
    "type": "cluster"
  },
  {
    "time": 25200.0,
    "elapsed_time": 7.276713617844507,
    "id": 14,
    "type": "cluster"
  },
  {
    "time": 25200.0,
    "elapsed_time": 7.31827061297372,
    "id": 15,
    "type": "cluster"
  },
  {
    "time": 25200.0,
    "elapsed_time": 3.303780938964337,
    "id": 16,
    "type": "cluster"
  },
  {
    "time": 25200.0,
    "elapsed_time": 4.211318826070055,
    "id": 17,
    "type": "cluster"
  },
  {
    "time": 25200.0,
    "elapsed_time": 106.48614748194814,
    "id": -2,
    "type": "all_clusters"
  },
  {
    "time": 27000.0,
    "elapsed_time": 4.263465121155605,
    "id": 11,
    "type": "cluster"
  },
  {
    "time": 27000.0,
    "elapsed_time": 7.3980634768959135,
    "id": 12,
    "type": "cluster"
  },
  {
    "time": 27000.0,
    "elapsed_time": 7.466167544014752,
    "id": 13,
    "type": "cluster"
  },
  {
    "time": 27000.0,
    "elapsed_time": 7.0890079089440405,
    "id": 14,
    "type": "cluster"
  },
  {
    "time": 27000.0,
    "elapsed_time": 8.747276078211144,
    "id": 15,
    "type": "cluster"
  },
  {
    "time": 27000.0,
    "elapsed_time": 3.1004637151490897,
    "id": 16,
    "type": "cluster"
  },
  {
    "time": 27000.0,
    "elapsed_time": 2.919150487985462,
    "id": 17,
    "type": "cluster"
  },
  {
    "time": 27000.0,
    "elapsed_time": 3.2577288621105254,
    "id": 11,
    "type": "cluster"
  },
  {
    "time": 27000.0,
    "elapsed_time": 3.623794059967622,
    "id": 12,
    "type": "cluster"
  },
  {
    "time": 27000.0,
    "elapsed_time": 7.3228453600313514,
    "id": 13,
    "type": "cluster"
  },
  {
    "time": 27000.0,
    "elapsed_time": 6.874615360982716,
    "id": 14,
    "type": "cluster"
  },
  {
    "time": 27000.0,
    "elapsed_time": 6.86662521911785,
    "id": 15,
    "type": "cluster"
  },
  {
    "time": 27000.0,
    "elapsed_time": 3.01453569997102,
    "id": 16,
    "type": "cluster"
  },
  {
    "time": 27000.0,
    "elapsed_time": 3.3904564790427685,
    "id": 17,
    "type": "cluster"
  },
  {
    "time": 27000.0,
    "elapsed_time": 112.17454051505774,
    "id": -2,
    "type": "all_clusters"
  },
  {
    "time": 28800.0,
    "elapsed_time": 4.894396199844778,
    "id": -1,
    "type": "global"
  },
  {
    "time": 28800.0,
    "elapsed_time": 3.114842534996569,
    "id": 11,
    "type": "cluster"
  },
  {
    "time": 28800.0,
    "elapsed_time": 6.942274844041094,
    "id": 12,
    "type": "cluster"
  },
  {
    "time": 28800.0,
    "elapsed_time": 5.169973010895774,
    "id": 13,
    "type": "cluster"
  },
  {
    "time": 28800.0,
    "elapsed_time": 6.810801395913586,
    "id": 14,
    "type": "cluster"
  },
  {
    "time": 28800.0,
    "elapsed_time": 7.896088341018185,
    "id": 15,
    "type": "cluster"
  },
  {
    "time": 28800.0,
    "elapsed_time": 3.4516592889558524,
    "id": 16,
    "type": "cluster"
  },
  {
    "time": 28800.0,
    "elapsed_time": 2.846812206087634,
    "id": 17,
    "type": "cluster"
  },
  {
    "time": 28800.0,
    "elapsed_time": 4.427164803957567,
    "id": 11,
    "type": "cluster"
  },
  {
    "time": 28800.0,
    "elapsed_time": 5.5725217731669545,
    "id": 12,
    "type": "cluster"
  },
  {
    "time": 28800.0,
    "elapsed_time": 6.278289357898757,
    "id": 13,
    "type": "cluster"
  },
  {
    "time": 28800.0,
    "elapsed_time": 3.1227307540830225,
    "id": 14,
    "type": "cluster"
  },
  {
    "time": 28800.0,
    "elapsed_time": 3.8772071681451052,
    "id": 15,
    "type": "cluster"
  },
  {
    "time": 28800.0,
    "elapsed_time": 4.775152983143926,
    "id": 16,
    "type": "cluster"
  },
  {
    "time": 28800.0,
    "elapsed_time": 5.358179348986596,
    "id": 17,
    "type": "cluster"
  },
  {
    "time": 28800.0,
    "elapsed_time": 109.05329954996705,
    "id": -2,
    "type": "all_clusters"
  },
  {
    "time": 30600.0,
    "elapsed_time": 6.7408027339261025,
    "id": 11,
    "type": "cluster"
  },
  {
    "time": 30600.0,
    "elapsed_time": 6.9654729650355875,
    "id": 12,
    "type": "cluster"
  },
  {
    "time": 30600.0,
    "elapsed_time": 6.20846085390076,
    "id": 13,
    "type": "cluster"
  },
  {
    "time": 30600.0,
    "elapsed_time": 6.251434752019122,
    "id": 14,
    "type": "cluster"
  },
  {
    "time": 30600.0,
    "elapsed_time": 6.848361477022991,
    "id": 15,
    "type": "cluster"
  },
  {
    "time": 30600.0,
    "elapsed_time": 3.4734601150266826,
    "id": 16,
    "type": "cluster"
  },
  {
    "time": 30600.0,
    "elapsed_time": 3.0495594260282815,
    "id": 17,
    "type": "cluster"
  },
  {
    "time": 30600.0,
    "elapsed_time": 6.836291254032403,
    "id": 11,
    "type": "cluster"
  },
  {
    "time": 30600.0,
    "elapsed_time": 6.909861686872318,
    "id": 12,
    "type": "cluster"
  },
  {
    "time": 30600.0,
    "elapsed_time": 3.3812237549573183,
    "id": 13,
    "type": "cluster"
  },
  {
    "time": 30600.0,
    "elapsed_time": 6.630735747050494,
    "id": 14,
    "type": "cluster"
  },
  {
    "time": 30600.0,
    "elapsed_time": 5.1605894670356065,
    "id": 15,
    "type": "cluster"
  },
  {
    "time": 30600.0,
    "elapsed_time": 3.1574844350107014,
    "id": 16,
    "type": "cluster"
  },
  {
    "time": 30600.0,
    "elapsed_time": 3.353942546993494,
    "id": 17,
    "type": "cluster"
  },
  {
    "time": 30600.0,
    "elapsed_time": 114.35199948097579,
    "id": -2,
    "type": "all_clusters"
  },
  {
    "time": 32400.0,
    "elapsed_time": 6.949077872093767,
    "id": -1,
    "type": "global"
  },
  {
    "time": 32400.0,
    "elapsed_time": 8.129091360839084,
    "id": 11,
    "type": "cluster"
  },
  {
    "time": 32400.0,
    "elapsed_time": 6.852586115011945,
    "id": 12,
    "type": "cluster"
  },
  {
    "time": 32400.0,
    "elapsed_time": 7.786795816151425,
    "id": 13,
    "type": "cluster"
  },
  {
    "time": 32400.0,
    "elapsed_time": 5.518213708186522,
    "id": 14,
    "type": "cluster"
  },
  {
    "time": 32400.0,
    "elapsed_time": 4.9454852738417685,
    "id": 15,
    "type": "cluster"
  },
  {
    "time": 32400.0,
    "elapsed_time": 5.145643241005018,
    "id": 16,
    "type": "cluster"
  },
  {
    "time": 32400.0,
    "elapsed_time": 3.020104797091335,
    "id": 17,
    "type": "cluster"
  },
  {
    "time": 32400.0,
    "elapsed_time": 3.632442023139447,
    "id": 11,
    "type": "cluster"
  },
  {
    "time": 32400.0,
    "elapsed_time": 6.844795824028552,
    "id": 12,
    "type": "cluster"
  },
  {
    "time": 32400.0,
    "elapsed_time": 3.501911235973239,
    "id": 13,
    "type": "cluster"
  },
  {
    "time": 32400.0,
    "elapsed_time": 6.866326384944841,
    "id": 14,
    "type": "cluster"
  },
  {
    "time": 32400.0,
    "elapsed_time": 4.958020230056718,
    "id": 15,
    "type": "cluster"
  },
  {
    "time": 32400.0,
    "elapsed_time": 5.795763117959723,
    "id": 16,
    "type": "cluster"
  },
  {
    "time": 32400.0,
    "elapsed_time": 6.393377068918198,
    "id": 17,
    "type": "cluster"
  },
  {
    "time": 32400.0,
    "elapsed_time": 122.57342446711846,
    "id": -2,
    "type": "all_clusters"
  },
  {
    "time": 34200.0,
    "elapsed_time": 7.5815360439009964,
    "id": 11,
    "type": "cluster"
  },
  {
    "time": 34200.0,
    "elapsed_time": 6.779187653912231,
    "id": 12,
    "type": "cluster"
  },
  {
    "time": 34200.0,
    "elapsed_time": 4.922041309997439,
    "id": 13,
    "type": "cluster"
  },
  {
    "time": 34200.0,
    "elapsed_time": 5.699344058055431,
    "id": 14,
    "type": "cluster"
  },
  {
    "time": 34200.0,
    "elapsed_time": 7.659118850948289,
    "id": 15,
    "type": "cluster"
  },
  {
    "time": 34200.0,
    "elapsed_time": 3.0449588501360267,
    "id": 16,
    "type": "cluster"
  },
  {
    "time": 34200.0,
    "elapsed_time": 2.8989581710193306,
    "id": 17,
    "type": "cluster"
  },
  {
    "time": 34200.0,
    "elapsed_time": 3.488181179156527,
    "id": 11,
    "type": "cluster"
  },
  {
    "time": 34200.0,
    "elapsed_time": 6.987981020938605,
    "id": 12,
    "type": "cluster"
  },
  {
    "time": 34200.0,
    "elapsed_time": 3.7517444530967623,
    "id": 13,
    "type": "cluster"
  },
  {
    "time": 34200.0,
    "elapsed_time": 6.987225172109902,
    "id": 14,
    "type": "cluster"
  },
  {
    "time": 34200.0,
    "elapsed_time": 3.349434884963557,
    "id": 15,
    "type": "cluster"
  },
  {
    "time": 34200.0,
    "elapsed_time": 3.1381522892042994,
    "id": 16,
    "type": "cluster"
  },
  {
    "time": 34200.0,
    "elapsed_time": 4.474573296960443,
    "id": 17,
    "type": "cluster"
  },
  {
    "time": 34200.0,
    "elapsed_time": 115.15936329914257,
    "id": -2,
    "type": "all_clusters"
  },
  {
    "time": 36000.0,
    "elapsed_time": 6.9133857330307364,
    "id": -1,
    "type": "global"
  },
  {
    "time": 36000.0,
    "elapsed_time": 3.4920840880367905,
    "id": 11,
    "type": "cluster"
  },
  {
    "time": 36000.0,
    "elapsed_time": 6.990913284011185,
    "id": 12,
    "type": "cluster"
  },
  {
    "time": 36000.0,
    "elapsed_time": 7.454688006080687,
    "id": 13,
    "type": "cluster"
  },
  {
    "time": 36000.0,
    "elapsed_time": 7.000277708051726,
    "id": 14,
    "type": "cluster"
  },
  {
    "time": 36000.0,
    "elapsed_time": 7.590283850906417,
    "id": 15,
    "type": "cluster"
  },
  {
    "time": 36000.0,
    "elapsed_time": 3.112126915017143,
    "id": 16,
    "type": "cluster"
  },
  {
    "time": 36000.0,
    "elapsed_time": 2.830588025972247,
    "id": 17,
    "type": "cluster"
  },
  {
    "time": 36000.0,
    "elapsed_time": 3.297982442891225,
    "id": 11,
    "type": "cluster"
  },
  {
    "time": 36000.0,
    "elapsed_time": 6.795247259782627,
    "id": 12,
    "type": "cluster"
  },
  {
    "time": 36000.0,
    "elapsed_time": 3.175249065971002,
    "id": 13,
    "type": "cluster"
  },
  {
    "time": 36000.0,
    "elapsed_time": 6.85607509710826,
    "id": 14,
    "type": "cluster"
  },
  {
    "time": 36000.0,
    "elapsed_time": 5.289907407946885,
    "id": 15,
    "type": "cluster"
  },
  {
    "time": 36000.0,
    "elapsed_time": 4.280554014956579,
    "id": 16,
    "type": "cluster"
  },
  {
    "time": 36000.0,
    "elapsed_time": 3.638539977837354,
    "id": 17,
    "type": "cluster"
  },
  {
    "time": 36000.0,
    "elapsed_time": 116.51858349493705,
    "id": -2,
    "type": "all_clusters"
  },
  {
    "time": 37800.0,
    "elapsed_time": 3.2319779661484063,
    "id": 11,
    "type": "cluster"
  },
  {
    "time": 37800.0,
    "elapsed_time": 6.947867423994467,
    "id": 12,
    "type": "cluster"
  },
  {
    "time": 37800.0,
    "elapsed_time": 7.661257231840864,
    "id": 13,
    "type": "cluster"
  },
  {
    "time": 37800.0,
    "elapsed_time": 8.114227504003793,
    "id": 14,
    "type": "cluster"
  },
  {
    "time": 37800.0,
    "elapsed_time": 7.720595228020102,
    "id": 15,
    "type": "cluster"
  },
  {
    "time": 37800.0,
    "elapsed_time": 3.2915081640239805,
    "id": 16,
    "type": "cluster"
  },
  {
    "time": 37800.0,
    "elapsed_time": 3.029297861037776,
    "id": 17,
    "type": "cluster"
  },
  {
    "time": 37800.0,
    "elapsed_time": 3.2620257909875363,
    "id": 11,
    "type": "cluster"
  },
  {
    "time": 37800.0,
    "elapsed_time": 7.099670178955421,
    "id": 12,
    "type": "cluster"
  },
  {
    "time": 37800.0,
    "elapsed_time": 7.0102675661910325,
    "id": 13,
    "type": "cluster"
  },
  {
    "time": 37800.0,
    "elapsed_time": 7.73241296201013,
    "id": 14,
    "type": "cluster"
  },
  {
    "time": 37800.0,
    "elapsed_time": 6.955792068969458,
    "id": 15,
    "type": "cluster"
  },
  {
    "time": 37800.0,
    "elapsed_time": 3.1289439229294658,
    "id": 16,
    "type": "cluster"
  },
  {
    "time": 37800.0,
    "elapsed_time": 3.115533195901662,
    "id": 17,
    "type": "cluster"
  },
  {
    "time": 37800.0,
    "elapsed_time": 127.09953891206533,
    "id": -2,
    "type": "all_clusters"
  },
  {
    "time": 39600.0,
    "elapsed_time": 6.840435913065448,
    "id": -1,
    "type": "global"
  },
  {
    "time": 39600.0,
    "elapsed_time": 3.02240118291229,
    "id": 11,
    "type": "cluster"
  },
  {
    "time": 39600.0,
    "elapsed_time": 4.538205228978768,
    "id": 12,
    "type": "cluster"
  },
  {
    "time": 39600.0,
    "elapsed_time": 4.458942754892632,
    "id": 13,
    "type": "cluster"
  },
  {
    "time": 39600.0,
    "elapsed_time": 8.061410684837028,
    "id": 14,
    "type": "cluster"
  },
  {
    "time": 39600.0,
    "elapsed_time": 3.9048568471334875,
    "id": 15,
    "type": "cluster"
  },
  {
    "time": 39600.0,
    "elapsed_time": 5.554298215080053,
    "id": 16,
    "type": "cluster"
  },
  {
    "time": 39600.0,
    "elapsed_time": 2.9950248431414366,
    "id": 17,
    "type": "cluster"
  },
  {
    "time": 39600.0,
    "elapsed_time": 3.176456834189594,
    "id": 11,
    "type": "cluster"
  },
  {
    "time": 39600.0,
    "elapsed_time": 5.311471651075408,
    "id": 12,
    "type": "cluster"
  },
  {
    "time": 39600.0,
    "elapsed_time": 3.404311003861949,
    "id": 13,
    "type": "cluster"
  },
  {
    "time": 39600.0,
    "elapsed_time": 4.785532654961571,
    "id": 14,
    "type": "cluster"
  },
  {
    "time": 39600.0,
    "elapsed_time": 6.177668966818601,
    "id": 15,
    "type": "cluster"
  },
  {
    "time": 39600.0,
    "elapsed_time": 3.1232772758230567,
    "id": 16,
    "type": "cluster"
  },
  {
    "time": 39600.0,
    "elapsed_time": 6.893196574877948,
    "id": 17,
    "type": "cluster"
  },
  {
    "time": 39600.0,
    "elapsed_time": 111.59540294879116,
    "id": -2,
    "type": "all_clusters"
  },
  {
    "time": 41400.0,
    "elapsed_time": 3.105412998003885,
    "id": 11,
    "type": "cluster"
  },
  {
    "time": 41400.0,
    "elapsed_time": 7.139852619962767,
    "id": 12,
    "type": "cluster"
  },
  {
    "time": 41400.0,
    "elapsed_time": 5.761131160194054,
    "id": 13,
    "type": "cluster"
  },
  {
    "time": 41400.0,
    "elapsed_time": 7.7985230619087815,
    "id": 14,
    "type": "cluster"
  },
  {
    "time": 41400.0,
    "elapsed_time": 6.09971849899739,
    "id": 15,
    "type": "cluster"
  },
  {
    "time": 41400.0,
    "elapsed_time": 3.3455749680288136,
    "id": 16,
    "type": "cluster"
  },
  {
    "time": 41400.0,
    "elapsed_time": 2.849145774031058,
    "id": 17,
    "type": "cluster"
  },
  {
    "time": 41400.0,
    "elapsed_time": 3.239110526163131,
    "id": 11,
    "type": "cluster"
  },
  {
    "time": 41400.0,
    "elapsed_time": 4.184233350912109,
    "id": 12,
    "type": "cluster"
  },
  {
    "time": 41400.0,
    "elapsed_time": 4.478596061002463,
    "id": 13,
    "type": "cluster"
  },
  {
    "time": 41400.0,
    "elapsed_time": 7.421935447026044,
    "id": 14,
    "type": "cluster"
  },
  {
    "time": 41400.0,
    "elapsed_time": 5.746340109035373,
    "id": 15,
    "type": "cluster"
  },
  {
    "time": 41400.0,
    "elapsed_time": 3.052725553046912,
    "id": 16,
    "type": "cluster"
  },
  {
    "time": 41400.0,
    "elapsed_time": 5.585773299913853,
    "id": 17,
    "type": "cluster"
  },
  {
    "time": 41400.0,
    "elapsed_time": 114.09126961394213,
    "id": -2,
    "type": "all_clusters"
  },
  {
    "time": 43200.0,
    "elapsed_time": 6.811468607978895,
    "id": -1,
    "type": "global"
  },
  {
    "time": 43200.0,
    "elapsed_time": 3.3554749651812017,
    "id": 11,
    "type": "cluster"
  },
  {
    "time": 43200.0,
    "elapsed_time": 6.422366656828672,
    "id": 12,
    "type": "cluster"
  },
  {
    "time": 43200.0,
    "elapsed_time": 7.061153844930232,
    "id": 13,
    "type": "cluster"
  },
  {
    "time": 43200.0,
    "elapsed_time": 7.167261567898095,
    "id": 14,
    "type": "cluster"
  },
  {
    "time": 43200.0,
    "elapsed_time": 7.619507018011063,
    "id": 15,
    "type": "cluster"
  },
  {
    "time": 43200.0,
    "elapsed_time": 4.603322474984452,
    "id": 16,
    "type": "cluster"
  },
  {
    "time": 43200.0,
    "elapsed_time": 3.0365604830440134,
    "id": 17,
    "type": "cluster"
  },
  {
    "time": 43200.0,
    "elapsed_time": 3.3158743779640645,
    "id": 11,
    "type": "cluster"
  },
  {
    "time": 43200.0,
    "elapsed_time": 5.80030405591242,
    "id": 12,
    "type": "cluster"
  },
  {
    "time": 43200.0,
    "elapsed_time": 7.216426630038768,
    "id": 13,
    "type": "cluster"
  },
  {
    "time": 43200.0,
    "elapsed_time": 7.0121713150292635,
    "id": 14,
    "type": "cluster"
  },
  {
    "time": 43200.0,
    "elapsed_time": 4.585747672012076,
    "id": 15,
    "type": "cluster"
  },
  {
    "time": 43200.0,
    "elapsed_time": 3.48840399319306,
    "id": 16,
    "type": "cluster"
  },
  {
    "time": 43200.0,
    "elapsed_time": 5.324620105093345,
    "id": 17,
    "type": "cluster"
  },
  {
    "time": 43200.0,
    "elapsed_time": 124.63127726991661,
    "id": -2,
    "type": "all_clusters"
  },
  {
    "time": 45000.0,
    "elapsed_time": 3.2942285139579326,
    "id": 11,
    "type": "cluster"
  },
  {
    "time": 45000.0,
    "elapsed_time": 9.148862845962867,
    "id": 12,
    "type": "cluster"
  },
  {
    "time": 45000.0,
    "elapsed_time": 6.860510505968705,
    "id": 13,
    "type": "cluster"
  },
  {
    "time": 45000.0,
    "elapsed_time": 6.866445820080116,
    "id": 14,
    "type": "cluster"
  },
  {
    "time": 45000.0,
    "elapsed_time": 8.307259616907686,
    "id": 15,
    "type": "cluster"
  },
  {
    "time": 45000.0,
    "elapsed_time": 3.905301870079711,
    "id": 16,
    "type": "cluster"
  },
  {
    "time": 45000.0,
    "elapsed_time": 3.042566352058202,
    "id": 17,
    "type": "cluster"
  },
  {
    "time": 45000.0,
    "elapsed_time": 3.2518459889106452,
    "id": 11,
    "type": "cluster"
  },
  {
    "time": 45000.0,
    "elapsed_time": 8.03593441285193,
    "id": 12,
    "type": "cluster"
  },
  {
    "time": 45000.0,
    "elapsed_time": 7.155435449909419,
    "id": 13,
    "type": "cluster"
  },
  {
    "time": 45000.0,
    "elapsed_time": 6.853302167961374,
    "id": 14,
    "type": "cluster"
  },
  {
    "time": 45000.0,
    "elapsed_time": 7.700963003095239,
    "id": 15,
    "type": "cluster"
  },
  {
    "time": 45000.0,
    "elapsed_time": 3.0998710091225803,
    "id": 16,
    "type": "cluster"
  },
  {
    "time": 45000.0,
    "elapsed_time": 3.48611316899769,
    "id": 17,
    "type": "cluster"
  },
  {
    "time": 45000.0,
    "elapsed_time": 128.441254862817,
    "id": -2,
    "type": "all_clusters"
  },
  {
    "time": 46800.0,
    "elapsed_time": 7.025798775954172,
    "id": -1,
    "type": "global"
  },
  {
    "time": 46800.0,
    "elapsed_time": 3.544098576065153,
    "id": 11,
    "type": "cluster"
  },
  {
    "time": 46800.0,
    "elapsed_time": 6.017336988123134,
    "id": 12,
    "type": "cluster"
  },
  {
    "time": 46800.0,
    "elapsed_time": 4.344563104910776,
    "id": 13,
    "type": "cluster"
  },
  {
    "time": 46800.0,
    "elapsed_time": 8.389442358864471,
    "id": 14,
    "type": "cluster"
  },
  {
    "time": 46800.0,
    "elapsed_time": 4.524775563972071,
    "id": 15,
    "type": "cluster"
  },
  {
    "time": 46800.0,
    "elapsed_time": 4.135214420966804,
    "id": 16,
    "type": "cluster"
  },
  {
    "time": 46800.0,
    "elapsed_time": 2.8585278841201216,
    "id": 17,
    "type": "cluster"
  },
  {
    "time": 46800.0,
    "elapsed_time": 2.8560442449525,
    "id": 11,
    "type": "cluster"
  },
  {
    "time": 46800.0,
    "elapsed_time": 6.773444036953151,
    "id": 12,
    "type": "cluster"
  },
  {
    "time": 46800.0,
    "elapsed_time": 4.269537370186299,
    "id": 13,
    "type": "cluster"
  },
  {
    "time": 46800.0,
    "elapsed_time": 6.386618442833424,
    "id": 14,
    "type": "cluster"
  },
  {
    "time": 46800.0,
    "elapsed_time": 6.074883827008307,
    "id": 15,
    "type": "cluster"
  },
  {
    "time": 46800.0,
    "elapsed_time": 5.301300810882822,
    "id": 16,
    "type": "cluster"
  },
  {
    "time": 46800.0,
    "elapsed_time": 6.789656453998759,
    "id": 17,
    "type": "cluster"
  },
  {
    "time": 46800.0,
    "elapsed_time": 123.31176013289951,
    "id": -2,
    "type": "all_clusters"
  },
  {
    "time": 48600.0,
    "elapsed_time": 3.7587919807992876,
    "id": 11,
    "type": "cluster"
  },
  {
    "time": 48600.0,
    "elapsed_time": 6.62994633289054,
    "id": 12,
    "type": "cluster"
  },
  {
    "time": 48600.0,
    "elapsed_time": 6.638912316877395,
    "id": 13,
    "type": "cluster"
  },
  {
    "time": 48600.0,
    "elapsed_time": 5.243097591912374,
    "id": 14,
    "type": "cluster"
  },
  {
    "time": 48600.0,
    "elapsed_time": 5.270874093985185,
    "id": 15,
    "type": "cluster"
  },
  {
    "time": 48600.0,
    "elapsed_time": 4.553687562001869,
    "id": 16,
    "type": "cluster"
  },
  {
    "time": 48600.0,
    "elapsed_time": 2.8577899059746414,
    "id": 17,
    "type": "cluster"
  },
  {
    "time": 48600.0,
    "elapsed_time": 3.448050477076322,
    "id": 11,
    "type": "cluster"
  },
  {
    "time": 48600.0,
    "elapsed_time": 8.012587833916768,
    "id": 12,
    "type": "cluster"
  },
  {
    "time": 48600.0,
    "elapsed_time": 5.6310765410307795,
    "id": 13,
    "type": "cluster"
  },
  {
    "time": 48600.0,
    "elapsed_time": 5.172726540826261,
    "id": 14,
    "type": "cluster"
  },
  {
    "time": 48600.0,
    "elapsed_time": 7.415426474995911,
    "id": 15,
    "type": "cluster"
  },
  {
    "time": 48600.0,
    "elapsed_time": 3.313605475006625,
    "id": 16,
    "type": "cluster"
  },
  {
    "time": 48600.0,
    "elapsed_time": 3.1402576758991927,
    "id": 17,
    "type": "cluster"
  },
  {
    "time": 48600.0,
    "elapsed_time": 122.83223649603315,
    "id": -2,
    "type": "all_clusters"
  },
  {
    "time": 50400.0,
    "elapsed_time": 5.130264244042337,
    "id": -1,
    "type": "global"
  },
  {
    "time": 50400.0,
    "elapsed_time": 2.934619951993227,
    "id": 11,
    "type": "cluster"
  },
  {
    "time": 50400.0,
    "elapsed_time": 9.100332559086382,
    "id": 12,
    "type": "cluster"
  },
  {
    "time": 50400.0,
    "elapsed_time": 6.585510087898001,
    "id": 13,
    "type": "cluster"
  },
  {
    "time": 50400.0,
    "elapsed_time": 4.789177594939247,
    "id": 14,
    "type": "cluster"
  },
  {
    "time": 50400.0,
    "elapsed_time": 4.365779032930732,
    "id": 15,
    "type": "cluster"
  },
  {
    "time": 50400.0,
    "elapsed_time": 4.399085770128295,
    "id": 16,
    "type": "cluster"
  },
  {
    "time": 50400.0,
    "elapsed_time": 2.814402274088934,
    "id": 17,
    "type": "cluster"
  },
  {
    "time": 50400.0,
    "elapsed_time": 3.1965146029833704,
    "id": 11,
    "type": "cluster"
  },
  {
    "time": 50400.0,
    "elapsed_time": 5.8249441150110215,
    "id": 12,
    "type": "cluster"
  },
  {
    "time": 50400.0,
    "elapsed_time": 4.208095991052687,
    "id": 13,
    "type": "cluster"
  },
  {
    "time": 50400.0,
    "elapsed_time": 4.432092453818768,
    "id": 14,
    "type": "cluster"
  },
  {
    "time": 50400.0,
    "elapsed_time": 4.537618469214067,
    "id": 15,
    "type": "cluster"
  },
  {
    "time": 50400.0,
    "elapsed_time": 3.006066473899409,
    "id": 16,
    "type": "cluster"
  },
  {
    "time": 50400.0,
    "elapsed_time": 3.2592626169789582,
    "id": 17,
    "type": "cluster"
  },
  {
    "time": 50400.0,
    "elapsed_time": 114.26296874298714,
    "id": -2,
    "type": "all_clusters"
  },
  {
    "time": 52200.0,
    "elapsed_time": 5.545455750077963,
    "id": 11,
    "type": "cluster"
  },
  {
    "time": 52200.0,
    "elapsed_time": 5.037211332004517,
    "id": 12,
    "type": "cluster"
  },
  {
    "time": 52200.0,
    "elapsed_time": 5.368164117913693,
    "id": 13,
    "type": "cluster"
  },
  {
    "time": 52200.0,
    "elapsed_time": 4.434645648114383,
    "id": 14,
    "type": "cluster"
  },
  {
    "time": 52200.0,
    "elapsed_time": 6.851650792872533,
    "id": 15,
    "type": "cluster"
  },
  {
    "time": 52200.0,
    "elapsed_time": 3.366845733951777,
    "id": 16,
    "type": "cluster"
  },
  {
    "time": 52200.0,
    "elapsed_time": 3.0245513811241835,
    "id": 17,
    "type": "cluster"
  },
  {
    "time": 52200.0,
    "elapsed_time": 3.075506078079343,
    "id": 11,
    "type": "cluster"
  },
  {
    "time": 52200.0,
    "elapsed_time": 7.476241233060136,
    "id": 12,
    "type": "cluster"
  },
  {
    "time": 52200.0,
    "elapsed_time": 5.022881215205416,
    "id": 13,
    "type": "cluster"
  },
  {
    "time": 52200.0,
    "elapsed_time": 5.827411491889507,
    "id": 14,
    "type": "cluster"
  },
  {
    "time": 52200.0,
    "elapsed_time": 5.727570079965517,
    "id": 15,
    "type": "cluster"
  },
  {
    "time": 52200.0,
    "elapsed_time": 3.096057388931513,
    "id": 16,
    "type": "cluster"
  },
  {
    "time": 52200.0,
    "elapsed_time": 4.360959907993674,
    "id": 17,
    "type": "cluster"
  },
  {
    "time": 52200.0,
    "elapsed_time": 124.83193040313199,
    "id": -2,
    "type": "all_clusters"
  },
  {
    "time": 54000.0,
    "elapsed_time": 5.933333046035841,
    "id": -1,
    "type": "global"
  },
  {
    "time": 54000.0,
    "elapsed_time": 3.1993431840091944,
    "id": 11,
    "type": "cluster"
  },
  {
    "time": 54000.0,
    "elapsed_time": 7.140404189936817,
    "id": 12,
    "type": "cluster"
  },
  {
    "time": 54000.0,
    "elapsed_time": 6.990886650048196,
    "id": 13,
    "type": "cluster"
  },
  {
    "time": 54000.0,
    "elapsed_time": 7.718593538971618,
    "id": 14,
    "type": "cluster"
  },
  {
    "time": 54000.0,
    "elapsed_time": 6.669716902077198,
    "id": 15,
    "type": "cluster"
  },
  {
    "time": 54000.0,
    "elapsed_time": 3.304375611944124,
    "id": 16,
    "type": "cluster"
  },
  {
    "time": 54000.0,
    "elapsed_time": 2.9469153119716793,
    "id": 17,
    "type": "cluster"
  },
  {
    "time": 54000.0,
    "elapsed_time": 3.2483237660489976,
    "id": 11,
    "type": "cluster"
  },
  {
    "time": 54000.0,
    "elapsed_time": 7.024871787056327,
    "id": 12,
    "type": "cluster"
  },
  {
    "time": 54000.0,
    "elapsed_time": 6.73658129805699,
    "id": 13,
    "type": "cluster"
  },
  {
    "time": 54000.0,
    "elapsed_time": 6.301572042051703,
    "id": 14,
    "type": "cluster"
  },
  {
    "time": 54000.0,
    "elapsed_time": 3.3161570080555975,
    "id": 15,
    "type": "cluster"
  },
  {
    "time": 54000.0,
    "elapsed_time": 3.289743104018271,
    "id": 16,
    "type": "cluster"
  },
  {
    "time": 54000.0,
    "elapsed_time": 3.4406637100037187,
    "id": 17,
    "type": "cluster"
  },
  {
    "time": 54000.0,
    "elapsed_time": 121.92644382501021,
    "id": -2,
    "type": "all_clusters"
  },
  {
    "time": 55800.0,
    "elapsed_time": 5.290393294999376,
    "id": 11,
    "type": "cluster"
  },
  {
    "time": 55800.0,
    "elapsed_time": 8.253832529997453,
    "id": 12,
    "type": "cluster"
  },
  {
    "time": 55800.0,
    "elapsed_time": 4.199650201015174,
    "id": 13,
    "type": "cluster"
  },
  {
    "time": 55800.0,
    "elapsed_time": 5.643293362110853,
    "id": 14,
    "type": "cluster"
  },
  {
    "time": 55800.0,
    "elapsed_time": 5.685401505092159,
    "id": 15,
    "type": "cluster"
  },
  {
    "time": 55800.0,
    "elapsed_time": 5.400243971962482,
    "id": 16,
    "type": "cluster"
  },
  {
    "time": 55800.0,
    "elapsed_time": 2.889284994918853,
    "id": 17,
    "type": "cluster"
  },
  {
    "time": 55800.0,
    "elapsed_time": 3.2878208979964256,
    "id": 11,
    "type": "cluster"
  },
  {
    "time": 55800.0,
    "elapsed_time": 7.014239588053897,
    "id": 12,
    "type": "cluster"
  },
  {
    "time": 55800.0,
    "elapsed_time": 5.665513616986573,
    "id": 13,
    "type": "cluster"
  },
  {
    "time": 55800.0,
    "elapsed_time": 4.316140786046162,
    "id": 14,
    "type": "cluster"
  },
  {
    "time": 55800.0,
    "elapsed_time": 6.768705590162426,
    "id": 15,
    "type": "cluster"
  },
  {
    "time": 55800.0,
    "elapsed_time": 3.5005833220202476,
    "id": 16,
    "type": "cluster"
  },
  {
    "time": 55800.0,
    "elapsed_time": 5.694300857838243,
    "id": 17,
    "type": "cluster"
  },
  {
    "time": 55800.0,
    "elapsed_time": 128.36014085402712,
    "id": -2,
    "type": "all_clusters"
  },
  {
    "time": 57600.0,
    "elapsed_time": 4.945298908045515,
    "id": -1,
    "type": "global"
  },
  {
    "time": 57600.0,
    "elapsed_time": 4.458724382100627,
    "id": 11,
    "type": "cluster"
  },
  {
    "time": 57600.0,
    "elapsed_time": 6.78030149708502,
    "id": 12,
    "type": "cluster"
  },
  {
    "time": 57600.0,
    "elapsed_time": 7.5991125490982085,
    "id": 13,
    "type": "cluster"
  },
  {
    "time": 57600.0,
    "elapsed_time": 7.446916229091585,
    "id": 14,
    "type": "cluster"
  },
  {
    "time": 57600.0,
    "elapsed_time": 9.054030505940318,
    "id": 15,
    "type": "cluster"
  },
  {
    "time": 57600.0,
    "elapsed_time": 3.249041781993583,
    "id": 16,
    "type": "cluster"
  },
  {
    "time": 57600.0,
    "elapsed_time": 2.8419932469259948,
    "id": 17,
    "type": "cluster"
  },
  {
    "time": 57600.0,
    "elapsed_time": 3.313528071856126,
    "id": 11,
    "type": "cluster"
  },
  {
    "time": 57600.0,
    "elapsed_time": 5.203959383070469,
    "id": 12,
    "type": "cluster"
  },
  {
    "time": 57600.0,
    "elapsed_time": 4.939699515001848,
    "id": 13,
    "type": "cluster"
  },
  {
    "time": 57600.0,
    "elapsed_time": 7.203806285979226,
    "id": 14,
    "type": "cluster"
  },
  {
    "time": 57600.0,
    "elapsed_time": 8.058984718983993,
    "id": 15,
    "type": "cluster"
  },
  {
    "time": 57600.0,
    "elapsed_time": 3.170298219891265,
    "id": 16,
    "type": "cluster"
  },
  {
    "time": 57600.0,
    "elapsed_time": 3.6704232189804316,
    "id": 17,
    "type": "cluster"
  },
  {
    "time": 57600.0,
    "elapsed_time": 131.72293899813667,
    "id": -2,
    "type": "all_clusters"
  },
  {
    "time": 59400.0,
    "elapsed_time": 3.2662305019330233,
    "id": 11,
    "type": "cluster"
  },
  {
    "time": 59400.0,
    "elapsed_time": 6.69351493800059,
    "id": 12,
    "type": "cluster"
  },
  {
    "time": 59400.0,
    "elapsed_time": 8.11001188796945,
    "id": 13,
    "type": "cluster"
  },
  {
    "time": 59400.0,
    "elapsed_time": 6.846788138151169,
    "id": 14,
    "type": "cluster"
  },
  {
    "time": 59400.0,
    "elapsed_time": 7.681973022175953,
    "id": 15,
    "type": "cluster"
  },
  {
    "time": 59400.0,
    "elapsed_time": 3.0348006980493665,
    "id": 16,
    "type": "cluster"
  },
  {
    "time": 59400.0,
    "elapsed_time": 2.821510650916025,
    "id": 17,
    "type": "cluster"
  },
  {
    "time": 59400.0,
    "elapsed_time": 3.1773331849835813,
    "id": 11,
    "type": "cluster"
  },
  {
    "time": 59400.0,
    "elapsed_time": 6.78410406713374,
    "id": 12,
    "type": "cluster"
  },
  {
    "time": 59400.0,
    "elapsed_time": 7.45925333397463,
    "id": 13,
    "type": "cluster"
  },
  {
    "time": 59400.0,
    "elapsed_time": 6.817324623931199,
    "id": 14,
    "type": "cluster"
  },
  {
    "time": 59400.0,
    "elapsed_time": 6.951472503133118,
    "id": 15,
    "type": "cluster"
  },
  {
    "time": 59400.0,
    "elapsed_time": 3.1458469009958208,
    "id": 16,
    "type": "cluster"
  },
  {
    "time": 59400.0,
    "elapsed_time": 6.771059209946543,
    "id": 17,
    "type": "cluster"
  },
  {
    "time": 59400.0,
    "elapsed_time": 135.63905127509497,
    "id": -2,
    "type": "all_clusters"
  },
  {
    "time": 61200.0,
    "elapsed_time": 6.462954500922933,
    "id": -1,
    "type": "global"
  },
  {
    "time": 61200.0,
    "elapsed_time": 5.547459712950513,
    "id": 11,
    "type": "cluster"
  },
  {
    "time": 61200.0,
    "elapsed_time": 6.686105109052733,
    "id": 12,
    "type": "cluster"
  },
  {
    "time": 61200.0,
    "elapsed_time": 6.664536254946142,
    "id": 13,
    "type": "cluster"
  },
  {
    "time": 61200.0,
    "elapsed_time": 7.729582946980372,
    "id": 14,
    "type": "cluster"
  },
  {
    "time": 61200.0,
    "elapsed_time": 8.271908728871495,
    "id": 15,
    "type": "cluster"
  },
  {
    "time": 61200.0,
    "elapsed_time": 3.0894810101017356,
    "id": 16,
    "type": "cluster"
  },
  {
    "time": 61200.0,
    "elapsed_time": 2.855035552987829,
    "id": 17,
    "type": "cluster"
  },
  {
    "time": 61200.0,
    "elapsed_time": 3.139944722177461,
    "id": 11,
    "type": "cluster"
  },
  {
    "time": 61200.0,
    "elapsed_time": 6.019821997964755,
    "id": 12,
    "type": "cluster"
  },
  {
    "time": 61200.0,
    "elapsed_time": 5.449402833124623,
    "id": 13,
    "type": "cluster"
  },
  {
    "time": 61200.0,
    "elapsed_time": 3.592734480043873,
    "id": 14,
    "type": "cluster"
  },
  {
    "time": 61200.0,
    "elapsed_time": 6.075184620916843,
    "id": 15,
    "type": "cluster"
  },
  {
    "time": 61200.0,
    "elapsed_time": 3.0755849450360984,
    "id": 16,
    "type": "cluster"
  },
  {
    "time": 61200.0,
    "elapsed_time": 6.873907244997099,
    "id": 17,
    "type": "cluster"
  },
  {
    "time": 61200.0,
    "elapsed_time": 132.50306325801648,
    "id": -2,
    "type": "all_clusters"
  },
  {
    "time": 63000.0,
    "elapsed_time": 5.459786994149908,
    "id": 11,
    "type": "cluster"
  },
  {
    "time": 63000.0,
    "elapsed_time": 7.554402855923399,
    "id": 12,
    "type": "cluster"
  },
  {
    "time": 63000.0,
    "elapsed_time": 7.405899103963748,
    "id": 13,
    "type": "cluster"
  },
  {
    "time": 63000.0,
    "elapsed_time": 7.832777259172872,
    "id": 14,
    "type": "cluster"
  },
  {
    "time": 63000.0,
    "elapsed_time": 7.845363163156435,
    "id": 15,
    "type": "cluster"
  },
  {
    "time": 63000.0,
    "elapsed_time": 4.414328117854893,
    "id": 16,
    "type": "cluster"
  },
  {
    "time": 63000.0,
    "elapsed_time": 2.906815151218325,
    "id": 17,
    "type": "cluster"
  },
  {
    "time": 63000.0,
    "elapsed_time": 3.4183849070686847,
    "id": 11,
    "type": "cluster"
  },
  {
    "time": 63000.0,
    "elapsed_time": 4.620885175885633,
    "id": 12,
    "type": "cluster"
  },
  {
    "time": 63000.0,
    "elapsed_time": 6.685902744997293,
    "id": 13,
    "type": "cluster"
  },
  {
    "time": 63000.0,
    "elapsed_time": 5.843378172954544,
    "id": 14,
    "type": "cluster"
  },
  {
    "time": 63000.0,
    "elapsed_time": 4.886182487942278,
    "id": 15,
    "type": "cluster"
  },
  {
    "time": 63000.0,
    "elapsed_time": 3.1641246469225734,
    "id": 16,
    "type": "cluster"
  },
  {
    "time": 63000.0,
    "elapsed_time": 4.68182800989598,
    "id": 17,
    "type": "cluster"
  },
  {
    "time": 63000.0,
    "elapsed_time": 132.15657086391002,
    "id": -2,
    "type": "all_clusters"
  },
  {
    "time": 64800.0,
    "elapsed_time": 6.922011815011501,
    "id": -1,
    "type": "global"
  },
  {
    "time": 64800.0,
    "elapsed_time": 3.3161052621435374,
    "id": 11,
    "type": "cluster"
  },
  {
    "time": 64800.0,
    "elapsed_time": 7.965969194890931,
    "id": 12,
    "type": "cluster"
  },
  {
    "time": 64800.0,
    "elapsed_time": 7.187961221905425,
    "id": 13,
    "type": "cluster"
  },
  {
    "time": 64800.0,
    "elapsed_time": 8.596212773118168,
    "id": 14,
    "type": "cluster"
  },
  {
    "time": 64800.0,
    "elapsed_time": 7.949391450965777,
    "id": 15,
    "type": "cluster"
  },
  {
    "time": 64800.0,
    "elapsed_time": 3.220490014879033,
    "id": 16,
    "type": "cluster"
  },
  {
    "time": 64800.0,
    "elapsed_time": 2.8553199840243906,
    "id": 17,
    "type": "cluster"
  },
  {
    "time": 64800.0,
    "elapsed_time": 3.3274008468724787,
    "id": 11,
    "type": "cluster"
  },
  {
    "time": 64800.0,
    "elapsed_time": 6.745983632048592,
    "id": 12,
    "type": "cluster"
  },
  {
    "time": 64800.0,
    "elapsed_time": 6.87909267609939,
    "id": 13,
    "type": "cluster"
  },
  {
    "time": 64800.0,
    "elapsed_time": 7.925094712991267,
    "id": 14,
    "type": "cluster"
  },
  {
    "time": 64800.0,
    "elapsed_time": 7.470060247927904,
    "id": 15,
    "type": "cluster"
  },
  {
    "time": 64800.0,
    "elapsed_time": 4.139234103029594,
    "id": 16,
    "type": "cluster"
  },
  {
    "time": 64800.0,
    "elapsed_time": 6.862679281970486,
    "id": 17,
    "type": "cluster"
  },
  {
    "time": 64800.0,
    "elapsed_time": 140.84652506699786,
    "id": -2,
    "type": "all_clusters"
  },
  {
    "time": 66600.0,
    "elapsed_time": 3.4893599208444357,
    "id": 11,
    "type": "cluster"
  },
  {
    "time": 66600.0,
    "elapsed_time": 8.456826821202412,
    "id": 12,
    "type": "cluster"
  },
  {
    "time": 66600.0,
    "elapsed_time": 7.004227192141116,
    "id": 13,
    "type": "cluster"
  },
  {
    "time": 66600.0,
    "elapsed_time": 7.6302114960271865,
    "id": 14,
    "type": "cluster"
  },
  {
    "time": 66600.0,
    "elapsed_time": 8.669909240910783,
    "id": 15,
    "type": "cluster"
  },
  {
    "time": 66600.0,
    "elapsed_time": 4.567374650854617,
    "id": 16,
    "type": "cluster"
  },
  {
    "time": 66600.0,
    "elapsed_time": 2.9491090211085975,
    "id": 17,
    "type": "cluster"
  },
  {
    "time": 66600.0,
    "elapsed_time": 3.4137912010774016,
    "id": 11,
    "type": "cluster"
  },
  {
    "time": 66600.0,
    "elapsed_time": 7.920186725910753,
    "id": 12,
    "type": "cluster"
  },
  {
    "time": 66600.0,
    "elapsed_time": 6.971508577931672,
    "id": 13,
    "type": "cluster"
  },
  {
    "time": 66600.0,
    "elapsed_time": 7.723953317850828,
    "id": 14,
    "type": "cluster"
  },
  {
    "time": 66600.0,
    "elapsed_time": 3.5222857571206987,
    "id": 15,
    "type": "cluster"
  },
  {
    "time": 66600.0,
    "elapsed_time": 3.482947026146576,
    "id": 16,
    "type": "cluster"
  },
  {
    "time": 66600.0,
    "elapsed_time": 4.971928206039593,
    "id": 17,
    "type": "cluster"
  },
  {
    "time": 66600.0,
    "elapsed_time": 140.4153019359801,
    "id": -2,
    "type": "all_clusters"
  },
  {
    "time": 68400.0,
    "elapsed_time": 6.8800205800216645,
    "id": -1,
    "type": "global"
  },
  {
    "time": 68400.0,
    "elapsed_time": 3.3557592439465225,
    "id": 11,
    "type": "cluster"
  },
  {
    "time": 68400.0,
    "elapsed_time": 7.684285951079801,
    "id": 12,
    "type": "cluster"
  },
  {
    "time": 68400.0,
    "elapsed_time": 5.832794714951888,
    "id": 13,
    "type": "cluster"
  },
  {
    "time": 68400.0,
    "elapsed_time": 8.066473222104833,
    "id": 14,
    "type": "cluster"
  },
  {
    "time": 68400.0,
    "elapsed_time": 7.520456991158426,
    "id": 15,
    "type": "cluster"
  },
  {
    "time": 68400.0,
    "elapsed_time": 3.619093412067741,
    "id": 16,
    "type": "cluster"
  },
  {
    "time": 68400.0,
    "elapsed_time": 2.9669712590985,
    "id": 17,
    "type": "cluster"
  },
  {
    "time": 68400.0,
    "elapsed_time": 3.3438348858617246,
    "id": 11,
    "type": "cluster"
  },
  {
    "time": 68400.0,
    "elapsed_time": 6.984761134022847,
    "id": 12,
    "type": "cluster"
  },
  {
    "time": 68400.0,
    "elapsed_time": 5.873515020124614,
    "id": 13,
    "type": "cluster"
  },
  {
    "time": 68400.0,
    "elapsed_time": 5.540097550023347,
    "id": 14,
    "type": "cluster"
  },
  {
    "time": 68400.0,
    "elapsed_time": 7.557422775076702,
    "id": 15,
    "type": "cluster"
  },
  {
    "time": 68400.0,
    "elapsed_time": 3.6235446161590517,
    "id": 16,
    "type": "cluster"
  },
  {
    "time": 68400.0,
    "elapsed_time": 4.080552045023069,
    "id": 17,
    "type": "cluster"
  },
  {
    "time": 68400.0,
    "elapsed_time": 136.500143005047,
    "id": -2,
    "type": "all_clusters"
  },
  {
    "time": 70200.0,
    "elapsed_time": 3.319091792916879,
    "id": 11,
    "type": "cluster"
  },
  {
    "time": 70200.0,
    "elapsed_time": 8.418117947876453,
    "id": 12,
    "type": "cluster"
  },
  {
    "time": 70200.0,
    "elapsed_time": 6.915273798862472,
    "id": 13,
    "type": "cluster"
  },
  {
    "time": 70200.0,
    "elapsed_time": 7.827254181960598,
    "id": 14,
    "type": "cluster"
  },
  {
    "time": 70200.0,
    "elapsed_time": 6.74132734304294,
    "id": 15,
    "type": "cluster"
  },
  {
    "time": 70200.0,
    "elapsed_time": 3.0811506069730967,
    "id": 16,
    "type": "cluster"
  },
  {
    "time": 70200.0,
    "elapsed_time": 2.8878069040365517,
    "id": 17,
    "type": "cluster"
  },
  {
    "time": 70200.0,
    "elapsed_time": 3.2011961550451815,
    "id": 11,
    "type": "cluster"
  },
  {
    "time": 70200.0,
    "elapsed_time": 8.39322404190898,
    "id": 12,
    "type": "cluster"
  },
  {
    "time": 70200.0,
    "elapsed_time": 7.036480023991317,
    "id": 13,
    "type": "cluster"
  },
  {
    "time": 70200.0,
    "elapsed_time": 7.619161009090021,
    "id": 14,
    "type": "cluster"
  },
  {
    "time": 70200.0,
    "elapsed_time": 6.870724166976288,
    "id": 15,
    "type": "cluster"
  },
  {
    "time": 70200.0,
    "elapsed_time": 2.9686996159143746,
    "id": 16,
    "type": "cluster"
  },
  {
    "time": 70200.0,
    "elapsed_time": 3.338194245006889,
    "id": 17,
    "type": "cluster"
  },
  {
    "time": 70200.0,
    "elapsed_time": 140.89103453210555,
    "id": -2,
    "type": "all_clusters"
  },
  {
    "time": 72000.0,
    "elapsed_time": 6.759441988077015,
    "id": -1,
    "type": "global"
  },
  {
    "time": 72000.0,
    "elapsed_time": 3.3875852809287608,
    "id": 11,
    "type": "cluster"
  },
  {
    "time": 72000.0,
    "elapsed_time": 5.219670878956094,
    "id": 12,
    "type": "cluster"
  },
  {
    "time": 72000.0,
    "elapsed_time": 3.272066538920626,
    "id": 13,
    "type": "cluster"
  },
  {
    "time": 72000.0,
    "elapsed_time": 6.9213831960223615,
    "id": 14,
    "type": "cluster"
  },
  {
    "time": 72000.0,
    "elapsed_time": 3.2568278110120445,
    "id": 15,
    "type": "cluster"
  },
  {
    "time": 72000.0,
    "elapsed_time": 4.2187368960585445,
    "id": 16,
    "type": "cluster"
  },
  {
    "time": 72000.0,
    "elapsed_time": 2.9087397819384933,
    "id": 17,
    "type": "cluster"
  },
  {
    "time": 72000.0,
    "elapsed_time": 3.310636434936896,
    "id": 11,
    "type": "cluster"
  },
  {
    "time": 72000.0,
    "elapsed_time": 3.9541038980241865,
    "id": 12,
    "type": "cluster"
  },
  {
    "time": 72000.0,
    "elapsed_time": 4.369002257939428,
    "id": 13,
    "type": "cluster"
  },
  {
    "time": 72000.0,
    "elapsed_time": 4.835754641098902,
    "id": 14,
    "type": "cluster"
  },
  {
    "time": 72000.0,
    "elapsed_time": 4.480632374994457,
    "id": 15,
    "type": "cluster"
  },
  {
    "time": 72000.0,
    "elapsed_time": 3.3358229640871286,
    "id": 16,
    "type": "cluster"
  },
  {
    "time": 72000.0,
    "elapsed_time": 6.748694790992886,
    "id": 17,
    "type": "cluster"
  },
  {
    "time": 72000.0,
    "elapsed_time": 119.02962229587138,
    "id": -2,
    "type": "all_clusters"
  },
  {
    "time": 73800.0,
    "elapsed_time": 5.318292182171717,
    "id": 11,
    "type": "cluster"
  },
  {
    "time": 73800.0,
    "elapsed_time": 4.083052864065394,
    "id": 12,
    "type": "cluster"
  },
  {
    "time": 73800.0,
    "elapsed_time": 4.151899469085038,
    "id": 13,
    "type": "cluster"
  },
  {
    "time": 73800.0,
    "elapsed_time": 4.995443166932091,
    "id": 14,
    "type": "cluster"
  },
  {
    "time": 73800.0,
    "elapsed_time": 4.190241063944995,
    "id": 15,
    "type": "cluster"
  },
  {
    "time": 73800.0,
    "elapsed_time": 3.0899444320239127,
    "id": 16,
    "type": "cluster"
  },
  {
    "time": 73800.0,
    "elapsed_time": 2.846315481001511,
    "id": 17,
    "type": "cluster"
  },
  {
    "time": 73800.0,
    "elapsed_time": 3.088899160036817,
    "id": 11,
    "type": "cluster"
  },
  {
    "time": 73800.0,
    "elapsed_time": 3.5445428360253572,
    "id": 12,
    "type": "cluster"
  },
  {
    "time": 73800.0,
    "elapsed_time": 5.797145900083706,
    "id": 13,
    "type": "cluster"
  },
  {
    "time": 73800.0,
    "elapsed_time": 6.566210557939485,
    "id": 14,
    "type": "cluster"
  },
  {
    "time": 73800.0,
    "elapsed_time": 6.6481857530307025,
    "id": 15,
    "type": "cluster"
  },
  {
    "time": 73800.0,
    "elapsed_time": 2.9157088559586555,
    "id": 16,
    "type": "cluster"
  },
  {
    "time": 73800.0,
    "elapsed_time": 4.316323044011369,
    "id": 17,
    "type": "cluster"
  },
  {
    "time": 73800.0,
    "elapsed_time": 122.76471030316316,
    "id": -2,
    "type": "all_clusters"
  },
  {
    "time": 75600.0,
    "elapsed_time": 6.347835682099685,
    "id": -1,
    "type": "global"
  },
  {
    "time": 75600.0,
    "elapsed_time": 3.465049604186788,
    "id": 11,
    "type": "cluster"
  },
  {
    "time": 75600.0,
    "elapsed_time": 8.322441237978637,
    "id": 12,
    "type": "cluster"
  },
  {
    "time": 75600.0,
    "elapsed_time": 6.837828201940283,
    "id": 13,
    "type": "cluster"
  },
  {
    "time": 75600.0,
    "elapsed_time": 6.422919319942594,
    "id": 14,
    "type": "cluster"
  },
  {
    "time": 75600.0,
    "elapsed_time": 5.453440570039675,
    "id": 15,
    "type": "cluster"
  },
  {
    "time": 75600.0,
    "elapsed_time": 5.149662964977324,
    "id": 16,
    "type": "cluster"
  },
  {
    "time": 75600.0,
    "elapsed_time": 2.8367810260970145,
    "id": 17,
    "type": "cluster"
  },
  {
    "time": 75600.0,
    "elapsed_time": 3.296525820856914,
    "id": 11,
    "type": "cluster"
  },
  {
    "time": 75600.0,
    "elapsed_time": 6.3407547359820455,
    "id": 12,
    "type": "cluster"
  },
  {
    "time": 75600.0,
    "elapsed_time": 6.543348968029022,
    "id": 13,
    "type": "cluster"
  },
  {
    "time": 75600.0,
    "elapsed_time": 6.48795844707638,
    "id": 14,
    "type": "cluster"
  },
  {
    "time": 75600.0,
    "elapsed_time": 6.759774805977941,
    "id": 15,
    "type": "cluster"
  },
  {
    "time": 75600.0,
    "elapsed_time": 3.2356185999233276,
    "id": 16,
    "type": "cluster"
  },
  {
    "time": 75600.0,
    "elapsed_time": 4.364499295130372,
    "id": 17,
    "type": "cluster"
  },
  {
    "time": 75600.0,
    "elapsed_time": 139.4099416527897,
    "id": -2,
    "type": "all_clusters"
  },
  {
    "time": 77400.0,
    "elapsed_time": 4.030662568053231,
    "id": 11,
    "type": "cluster"
  },
  {
    "time": 77400.0,
    "elapsed_time": 5.289091316051781,
    "id": 12,
    "type": "cluster"
  },
  {
    "time": 77400.0,
    "elapsed_time": 6.421956821810454,
    "id": 13,
    "type": "cluster"
  },
  {
    "time": 77400.0,
    "elapsed_time": 7.940066880080849,
    "id": 14,
    "type": "cluster"
  },
  {
    "time": 77400.0,
    "elapsed_time": 4.210465717129409,
    "id": 15,
    "type": "cluster"
  },
  {
    "time": 77400.0,
    "elapsed_time": 3.081822876818478,
    "id": 16,
    "type": "cluster"
  },
  {
    "time": 77400.0,
    "elapsed_time": 2.861814806004986,
    "id": 17,
    "type": "cluster"
  },
  {
    "time": 77400.0,
    "elapsed_time": 3.26750385412015,
    "id": 11,
    "type": "cluster"
  },
  {
    "time": 77400.0,
    "elapsed_time": 4.495229430031031,
    "id": 12,
    "type": "cluster"
  },
  {
    "time": 77400.0,
    "elapsed_time": 6.668032564921305,
    "id": 13,
    "type": "cluster"
  },
  {
    "time": 77400.0,
    "elapsed_time": 4.632556000025943,
    "id": 14,
    "type": "cluster"
  },
  {
    "time": 77400.0,
    "elapsed_time": 4.34870519512333,
    "id": 15,
    "type": "cluster"
  },
  {
    "time": 77400.0,
    "elapsed_time": 3.352804003050551,
    "id": 16,
    "type": "cluster"
  },
  {
    "time": 77400.0,
    "elapsed_time": 4.488389769103378,
    "id": 17,
    "type": "cluster"
  },
  {
    "time": 77400.0,
    "elapsed_time": 124.8373760948889,
    "id": -2,
    "type": "all_clusters"
  },
  {
    "time": 79200.0,
    "elapsed_time": 6.968042446998879,
    "id": -1,
    "type": "global"
  },
  {
    "time": 79200.0,
    "elapsed_time": 2.9118483799975365,
    "id": 11,
    "type": "cluster"
  },
  {
    "time": 79200.0,
    "elapsed_time": 5.56106281792745,
    "id": 12,
    "type": "cluster"
  },
  {
    "time": 79200.0,
    "elapsed_time": 5.408274528803304,
    "id": 13,
    "type": "cluster"
  },
  {
    "time": 79200.0,
    "elapsed_time": 5.83671738486737,
    "id": 14,
    "type": "cluster"
  },
  {
    "time": 79200.0,
    "elapsed_time": 5.816831161966547,
    "id": 15,
    "type": "cluster"
  },
  {
    "time": 79200.0,
    "elapsed_time": 3.062087984988466,
    "id": 16,
    "type": "cluster"
  },
  {
    "time": 79200.0,
    "elapsed_time": 2.716991333058104,
    "id": 17,
    "type": "cluster"
  },
  {
    "time": 79200.0,
    "elapsed_time": 2.838445058092475,
    "id": 11,
    "type": "cluster"
  },
  {
    "time": 79200.0,
    "elapsed_time": 6.789992244914174,
    "id": 12,
    "type": "cluster"
  },
  {
    "time": 79200.0,
    "elapsed_time": 4.199477361980826,
    "id": 13,
    "type": "cluster"
  },
  {
    "time": 79200.0,
    "elapsed_time": 6.593929727096111,
    "id": 14,
    "type": "cluster"
  },
  {
    "time": 79200.0,
    "elapsed_time": 6.894912452204153,
    "id": 15,
    "type": "cluster"
  },
  {
    "time": 79200.0,
    "elapsed_time": 3.0368130221031606,
    "id": 16,
    "type": "cluster"
  },
  {
    "time": 79200.0,
    "elapsed_time": 5.481536561856046,
    "id": 17,
    "type": "cluster"
  },
  {
    "time": 79200.0,
    "elapsed_time": 133.11605142802,
    "id": -2,
    "type": "all_clusters"
  },
  {
    "time": 81000.0,
    "elapsed_time": 3.0246275679674,
    "id": 11,
    "type": "cluster"
  },
  {
    "time": 81000.0,
    "elapsed_time": 5.422842522151768,
    "id": 12,
    "type": "cluster"
  },
  {
    "time": 81000.0,
    "elapsed_time": 6.733543348032981,
    "id": 13,
    "type": "cluster"
  },
  {
    "time": 81000.0,
    "elapsed_time": 7.102618630044162,
    "id": 14,
    "type": "cluster"
  },
  {
    "time": 81000.0,
    "elapsed_time": 5.400678778067231,
    "id": 15,
    "type": "cluster"
  },
  {
    "time": 81000.0,
    "elapsed_time": 4.108104242943227,
    "id": 16,
    "type": "cluster"
  },
  {
    "time": 81000.0,
    "elapsed_time": 2.8053816840983927,
    "id": 17,
    "type": "cluster"
  },
  {
    "time": 81000.0,
    "elapsed_time": 3.0077358540147543,
    "id": 11,
    "type": "cluster"
  },
  {
    "time": 81000.0,
    "elapsed_time": 6.464438983006403,
    "id": 12,
    "type": "cluster"
  },
  {
    "time": 81000.0,
    "elapsed_time": 6.9905427161138505,
    "id": 13,
    "type": "cluster"
  },
  {
    "time": 81000.0,
    "elapsed_time": 4.175307797035202,
    "id": 14,
    "type": "cluster"
  },
  {
    "time": 81000.0,
    "elapsed_time": 5.47183370613493,
    "id": 15,
    "type": "cluster"
  },
  {
    "time": 81000.0,
    "elapsed_time": 3.3759356669615954,
    "id": 16,
    "type": "cluster"
  },
  {
    "time": 81000.0,
    "elapsed_time": 3.2486039521172643,
    "id": 17,
    "type": "cluster"
  },
  {
    "time": 81000.0,
    "elapsed_time": 130.52247549407184,
    "id": -2,
    "type": "all_clusters"
  },
  {
    "time": 82800.0,
    "elapsed_time": 6.938053988153115,
    "id": -1,
    "type": "global"
  },
  {
    "time": 82800.0,
    "elapsed_time": 3.334692085860297,
    "id": 11,
    "type": "cluster"
  },
  {
    "time": 82800.0,
    "elapsed_time": 3.282187332166359,
    "id": 12,
    "type": "cluster"
  },
  {
    "time": 82800.0,
    "elapsed_time": 4.673650368116796,
    "id": 13,
    "type": "cluster"
  },
  {
    "time": 82800.0,
    "elapsed_time": 6.548689190996811,
    "id": 14,
    "type": "cluster"
  },
  {
    "time": 82800.0,
    "elapsed_time": 6.5918464788701385,
    "id": 15,
    "type": "cluster"
  },
  {
    "time": 82800.0,
    "elapsed_time": 4.122032546903938,
    "id": 16,
    "type": "cluster"
  },
  {
    "time": 82800.0,
    "elapsed_time": 2.7873529898934066,
    "id": 17,
    "type": "cluster"
  },
  {
    "time": 82800.0,
    "elapsed_time": 3.1474774840753525,
    "id": 11,
    "type": "cluster"
  },
  {
    "time": 82800.0,
    "elapsed_time": 4.32233048020862,
    "id": 12,
    "type": "cluster"
  },
  {
    "time": 82800.0,
    "elapsed_time": 4.496622825972736,
    "id": 13,
    "type": "cluster"
  },
  {
    "time": 82800.0,
    "elapsed_time": 4.2320727470796555,
    "id": 14,
    "type": "cluster"
  },
  {
    "time": 82800.0,
    "elapsed_time": 4.157877471996471,
    "id": 15,
    "type": "cluster"
  },
  {
    "time": 82800.0,
    "elapsed_time": 5.3139411869924515,
    "id": 16,
    "type": "cluster"
  },
  {
    "time": 82800.0,
    "elapsed_time": 6.47915889788419,
    "id": 17,
    "type": "cluster"
  },
  {
    "time": 82800.0,
    "elapsed_time": 132.97990957298316,
    "id": -2,
    "type": "all_clusters"
  },
  {
    "time": 84600.0,
    "elapsed_time": 3.007761016022414,
    "id": 11,
    "type": "cluster"
  },
  {
    "time": 84600.0,
    "elapsed_time": 5.415287019917741,
    "id": 12,
    "type": "cluster"
  },
  {
    "time": 84600.0,
    "elapsed_time": 6.447839981876314,
    "id": 13,
    "type": "cluster"
  },
  {
    "time": 84600.0,
    "elapsed_time": 6.401768556796014,
    "id": 14,
    "type": "cluster"
  },
  {
    "time": 84600.0,
    "elapsed_time": 5.3726278599351645,
    "id": 15,
    "type": "cluster"
  },
  {
    "time": 84600.0,
    "elapsed_time": 3.0476170191541314,
    "id": 16,
    "type": "cluster"
  },
  {
    "time": 84600.0,
    "elapsed_time": 2.7332332571968436,
    "id": 17,
    "type": "cluster"
  },
  {
    "time": 84600.0,
    "elapsed_time": 3.0446948590688407,
    "id": 11,
    "type": "cluster"
  },
  {
    "time": 84600.0,
    "elapsed_time": 5.618274554843083,
    "id": 12,
    "type": "cluster"
  },
  {
    "time": 84600.0,
    "elapsed_time": 5.6931442390196025,
    "id": 13,
    "type": "cluster"
  },
  {
    "time": 84600.0,
    "elapsed_time": 6.697285508038476,
    "id": 14,
    "type": "cluster"
  },
  {
    "time": 84600.0,
    "elapsed_time": 4.350613000802696,
    "id": 15,
    "type": "cluster"
  },
  {
    "time": 84600.0,
    "elapsed_time": 4.262405129848048,
    "id": 16,
    "type": "cluster"
  },
  {
    "time": 84600.0,
    "elapsed_time": 3.3379100000020117,
    "id": 17,
    "type": "cluster"
  },
  {
    "time": 84600.0,
    "elapsed_time": 128.6658000468742,
    "id": -2,
    "type": "all_clusters"
  }
]