[
  {
    "time": 0.0,
    "opt": "ClusterLLGAOptimizer",
    "elapsed_time": 139.20093591185287,
    "valid": true,
    "overall_deadline_violation": 0.3266384453809566,
    "weighted_overall_deadline_violation": 357.27964002497384,
    "max_deadline_violation": 0.010301099851982645,
    "avg_deadline_violation": 0.0028906057113359004,
    "avg_only_violated_deadline": 0.00742360103138538,
    "weighted_avg_deadline_violation": 0.003053783558573772,
    "weighted_avg_only_violated_deadline": 0.00838195531148695,
    "deadline_satisfaction": 0.6106194690265486,
    "weighted_deadline_satisfaction": 0.6356716965087194,
    "overall_cost": 395.5246608977174,
    "max_cost": 81.53273029410269,
    "avg_cost": 19.77623304488587,
    "overall_migration_cost": 0.0,
    "max_migration_cost": 0.0,
    "avg_migration_cost": 0.0,
    "migration_rate": 0.0,
    "weighted_migration_rate": 0.0,
    "overall_response_time": 6.13085337266696,
    "weighted_overall_response_time": 2716.2164760219803,
    "max_response_time": 0.2610008675000007,
    "avg_response_time": 0.0542553395811236,
    "weighted_avg_response_time": 0.023216372518241758,
    "avg_unavailability": 0.012062099993800545,
    "overall_power_consumption": 1179.7705125695288
  },
  {
    "time": 1800.0,
    "opt": "ClusterLLGAOptimizer",
    "elapsed_time": 113.47256647190079,
    "valid": true,
    "overall_deadline_violation": 0.3269928420828192,
    "weighted_overall_deadline_violation": 392.49097522593047,
    "max_deadline_violation": 0.01030109980223547,
    "avg_deadline_violation": 0.0026584783909172276,
    "avg_only_violated_deadline": 0.007785543859114739,
    "weighted_avg_deadline_violation": 0.003301737825596874,
    "weighted_avg_only_violated_deadline": 0.008764570600505315,
    "deadline_satisfaction": 0.6585365853658537,
    "weighted_deadline_satisfaction": 0.6232858429588654,
    "overall_cost": 399.0066090496716,
    "max_cost": 85.6086892491211,
    "avg_cost": 19.95033045248358,
    "overall_migration_cost": 0.0,
    "max_migration_cost": 0.0,
    "avg_migration_cost": 0.0,
    "migration_rate": 0.0,
    "weighted_migration_rate": 0.0,
    "overall_response_time": 4.817280014317317,
    "weighted_overall_response_time": 2302.3365983972035,
    "max_response_time": 0.2609971816600083,
    "avg_response_time": 0.039164878165181445,
    "weighted_avg_response_time": 0.019367864012180904,
    "avg_unavailability": 0.012062099993800545,
    "overall_power_consumption": 1177.7795320140876
  },
  {
    "time": 3600.0,
    "opt": "ClusterLLGAOptimizer",
    "elapsed_time": 173.77509614499286,
    "valid": true,
    "overall_deadline_violation": 0.32754635764484585,
    "weighted_overall_deadline_violation": 421.2602335411768,
    "max_deadline_violation": 0.010301099778171199,
    "avg_deadline_violation": 0.002799541518332017,
    "avg_only_violated_deadline": 0.008398624554996048,
    "weighted_avg_deadline_violation": 0.003524117921495929,
    "weighted_avg_only_violated_deadline": 0.008975593712995231,
    "deadline_satisfaction": 0.6666666666666666,
    "weighted_deadline_satisfaction": 0.6073665949926447,
    "overall_cost": 380.20677647011536,
    "max_cost": 80.48773511714575,
    "avg_cost": 19.01033882350577,
    "overall_migration_cost": 520.5653856390043,
    "max_migration_cost": 291.4912633624312,
    "avg_migration_cost": 173.52179521300138,
    "migration_rate": 0.15,
    "weighted_migration_rate": 0.0024489411543625905,
    "overall_response_time": 4.757718009045059,
    "weighted_overall_response_time": 2320.1468643297558,
    "max_response_time": 0.2609929957174693,
    "avg_response_time": 0.04066425648756462,
    "weighted_avg_response_time": 0.01940954900099265,
    "avg_unavailability": 0.012062099993800545,
    "overall_power_consumption": 1106.1379436514528
  },
  {
    "time": 5400.0,
    "opt": "ClusterLLGAOptimizer",
    "elapsed_time": 140.17239777743816,
    "valid": true,
    "overall_deadline_violation": 0.30797269049133513,
    "weighted_overall_deadline_violation": 387.7616043011954,
    "max_deadline_violation": 0.010301099825902878,
    "avg_deadline_violation": 0.0024637815239306818,
    "avg_only_violated_deadline": 0.008323586229495547,
    "weighted_avg_deadline_violation": 0.0033276496313811538,
    "weighted_avg_only_violated_deadline": 0.008966831029307717,
    "deadline_satisfaction": 0.704,
    "weighted_deadline_satisfaction": 0.6288934607438385,
    "overall_cost": 394.6421884835234,
    "max_cost": 68.09421773202278,
    "avg_cost": 19.73210942417617,
    "overall_migration_cost": 0.0,
    "max_migration_cost": 0.0,
    "avg_migration_cost": 0.0,
    "migration_rate": 0.0,
    "weighted_migration_rate": 0.0,
    "overall_response_time": 4.877776449382339,
    "weighted_overall_response_time": 2264.6434865585866,
    "max_response_time": 0.2609926139486636,
    "avg_response_time": 0.03902221159505875,
    "weighted_avg_response_time": 0.01943446689838544,
    "avg_unavailability": 0.012062099993800545,
    "overall_power_consumption": 1188.8585308673455
  },
  {
    "time": 7200.0,
    "opt": "ClusterLLGAOptimizer",
    "elapsed_time": 167.3368037659675,
    "valid": true,
    "overall_deadline_violation": 0.3170269833221178,
    "weighted_overall_deadline_violation": 418.9453878937887,
    "max_deadline_violation": 0.010301099803806259,
    "avg_deadline_violation": 0.0028055485249744924,
    "avg_only_violated_deadline": 0.008568296846543724,
    "weighted_avg_deadline_violation": 0.0035748335417770047,
    "weighted_avg_only_violated_deadline": 0.008931913473061263,
    "deadline_satisfaction": 0.672566371681416,
    "weighted_deadline_satisfaction": 0.5997684535840236,
    "overall_cost": 370.5231628537988,
    "max_cost": 81.80714761480907,
    "avg_cost": 19.501219097568356,
    "overall_migration_cost": 35.55389710197671,
    "max_migration_cost": 25.154858265232896,
    "avg_migration_cost": 17.776948550988354,
    "migration_rate": 0.10526315789473684,
    "weighted_migration_rate": 0.00037583360036654386,
    "overall_response_time": 5.1848885375750715,
    "weighted_overall_response_time": 2661.533404506518,
    "max_response_time": 0.26097448736674117,
    "avg_response_time": 0.04588396935907139,
    "weighted_avg_response_time": 0.022710690132724365,
    "avg_unavailability": 0.012573859570843546,
    "overall_power_consumption": 1099.8033625668302
  },
  {
    "time": 9000.0,
    "opt": "ClusterLLGAOptimizer",
    "elapsed_time": 144.38552980590612,
    "valid": true,
    "overall_deadline_violation": 0.32616537248566335,
    "weighted_overall_deadline_violation": 394.58227655914817,
    "max_deadline_violation": 0.01030109979726121,
    "avg_deadline_violation": 0.0026734866597185507,
    "avg_only_violated_deadline": 0.008583299275938509,
    "weighted_avg_deadline_violation": 0.0034759111905618796,
    "weighted_avg_only_violated_deadline": 0.009073708047187299,
    "deadline_satisfaction": 0.6885245901639344,
    "weighted_deadline_satisfaction": 0.6169249470574101,
    "overall_cost": 368.10592604131483,
    "max_cost": 71.36165627032489,
    "avg_cost": 19.373996107437623,
    "overall_migration_cost": 0.0,
    "max_migration_cost": 0.0,
    "avg_migration_cost": 0.0,
    "migration_rate": 0.0,
    "weighted_migration_rate": 0.0,
    "overall_response_time": 5.299485572457409,
    "weighted_overall_response_time": 2511.366461814233,
    "max_response_time": 0.26098003842930895,
    "avg_response_time": 0.04343840633161805,
    "weighted_avg_response_time": 0.022122855756075404,
    "avg_unavailability": 0.012573859570843546,
    "overall_power_consumption": 1122.3623752562105
  },
  {
    "time": 10800.0,
    "opt": "ClusterLLGAOptimizer",
    "elapsed_time": 175.7873405776918,
    "valid": true,
    "overall_deadline_violation": 0.31628615425835754,
    "weighted_overall_deadline_violation": 390.941769210228,
    "max_deadline_violation": 0.010301099820511972,
    "avg_deadline_violation": 0.0027266047780892875,
    "avg_only_violated_deadline": 0.008109901391239932,
    "weighted_avg_deadline_violation": 0.0033064687673737482,
    "weighted_avg_only_violated_deadline": 0.008832671798961692,
    "deadline_satisfaction": 0.6637931034482759,
    "weighted_deadline_satisfaction": 0.6256547460800669,
    "overall_cost": 382.5495122052902,
    "max_cost": 95.85458214894479,
    "avg_cost": 21.25275067807168,
    "overall_migration_cost": 0.0,
    "max_migration_cost": 0.0,
    "avg_migration_cost": 0.0,
    "migration_rate": 0.0,
    "weighted_migration_rate": 0.0,
    "overall_response_time": 4.583875745303789,
    "weighted_overall_response_time": 2416.776358004177,
    "max_response_time": 0.26098501225509024,
    "avg_response_time": 0.039516170218136186,
    "weighted_avg_response_time": 0.02044037290159945,
    "avg_unavailability": 0.01986863893084354,
    "overall_power_consumption": 1138.3993856473217
  },
  {
    "time": 12600.0,
    "opt": "ClusterLLGAOptimizer",
    "elapsed_time": 139.80499716987833,
    "valid": true,
    "overall_deadline_violation": 0.3064988038898514,
    "weighted_overall_deadline_violation": 365.1082192417784,
    "max_deadline_violation": 0.010301099868493417,
    "avg_deadline_violation": 0.0027123787954854107,
    "avg_only_violated_deadline": 0.00828375145648247,
    "weighted_avg_deadline_violation": 0.003450297446678092,
    "weighted_avg_only_violated_deadline": 0.008892424227848287,
    "deadline_satisfaction": 0.672566371681416,
    "weighted_deadline_satisfaction": 0.6119958564422915,
    "overall_cost": 355.49403485258813,
    "max_cost": 78.49303076953889,
    "avg_cost": 19.749668602921563,
    "overall_migration_cost": 0.0,
    "max_migration_cost": 0.0,
    "avg_migration_cost": 0.0,
    "migration_rate": 0.0,
    "weighted_migration_rate": 0.0,
    "overall_response_time": 4.403461404259873,
    "weighted_overall_response_time": 2203.4060463069477,
    "max_response_time": 0.26098528460364573,
    "avg_response_time": 0.038968684993450194,
    "weighted_avg_response_time": 0.020822336652283197,
    "avg_unavailability": 0.01986863893084354,
    "overall_power_consumption": 1142.082146975701
  },
  {
    "time": 14400.0,
    "opt": "ClusterLLGAOptimizer",
    "elapsed_time": 212.35537745105103,
    "valid": true,
    "overall_deadline_violation": 0.3059371872014005,
    "weighted_overall_deadline_violation": 332.23815367164286,
    "max_deadline_violation": 0.010301099885207152,
    "avg_deadline_violation": 0.0026836595368543896,
    "avg_only_violated_deadline": 0.008050978610563172,
    "weighted_avg_deadline_violation": 0.0032282439747617526,
    "weighted_avg_only_violated_deadline": 0.008813519246130127,
    "deadline_satisfaction": 0.6666666666666666,
    "weighted_deadline_satisfaction": 0.6337168065776647,
    "overall_cost": 341.53425268129547,
    "max_cost": 77.50538115724923,
    "avg_cost": 17.97548698322608,
    "overall_migration_cost": 1123.142037185304,
    "max_migration_cost": 1123.142037185304,
    "avg_migration_cost": 1123.142037185304,
    "migration_rate": 0.05263157894736842,
    "weighted_migration_rate": 0.0018293467149644836,
    "overall_response_time": 4.982592975742613,
    "weighted_overall_response_time": 2335.6160621272925,
    "max_response_time": 0.2609815115581698,
    "avg_response_time": 0.04370695592756679,
    "weighted_avg_response_time": 0.022694378705737272,
    "avg_unavailability": 0.01935687935380054,
    "overall_power_consumption": 1115.4071584410776
  },
  {
    "time": 16200.0,
    "opt": "ClusterLLGAOptimizer",
    "elapsed_time": 162.3741847439669,
    "valid": true,
    "overall_deadline_violation": 0.29665248278460854,
    "weighted_overall_deadline_violation": 337.35964798171034,
    "max_deadline_violation": 0.01030109992096745,
    "avg_deadline_violation": 0.002648682882005434,
    "avg_only_violated_deadline": 0.008240346744016906,
    "weighted_avg_deadline_violation": 0.0033653202517102635,
    "weighted_avg_only_violated_deadline": 0.008782063421777817,
    "deadline_satisfaction": 0.6785714285714286,
    "weighted_deadline_satisfaction": 0.6167961798858206,
    "overall_cost": 334.1427781459333,
    "max_cost": 58.33606416013762,
    "avg_cost": 17.5864620076807,
    "overall_migration_cost": 0.0,
    "max_migration_cost": 0.0,
    "avg_migration_cost": 0.0,
    "migration_rate": 0.0,
    "weighted_migration_rate": 0.0,
    "overall_response_time": 5.081376191473736,
    "weighted_overall_response_time": 2324.88578782857,
    "max_response_time": 0.26097941205185976,
    "avg_response_time": 0.04536943028101558,
    "weighted_avg_response_time": 0.023191822944743604,
    "avg_unavailability": 0.01935687935380054,
    "overall_power_consumption": 1130.1598105793435
  },
  {
    "time": 18000.0,
    "opt": "ClusterLLGAOptimizer",
    "elapsed_time": 191.6980838738382,
    "valid": true,
    "overall_deadline_violation": 0.3159836606197593,
    "weighted_overall_deadline_violation": 337.11207286993204,
    "max_deadline_violation": 0.010301099895117072,
    "avg_deadline_violation": 0.0027476840053892115,
    "avg_only_violated_deadline": 0.008315359489993665,
    "weighted_avg_deadline_violation": 0.0033939306684184073,
    "weighted_avg_only_violated_deadline": 0.008600969069638267,
    "deadline_satisfaction": 0.6695652173913044,
    "weighted_deadline_satisfaction": 0.6054013633883294,
    "overall_cost": 322.19859340305294,
    "max_cost": 61.060058416673584,
    "avg_cost": 16.957820705423842,
    "overall_migration_cost": 25.661453689114925,
    "max_migration_cost": 25.661453689114925,
    "avg_migration_cost": 25.661453689114925,
    "migration_rate": 0.05263157894736842,
    "weighted_migration_rate": 0.0001779178576072944,
    "overall_response_time": 4.888260081310971,
    "weighted_overall_response_time": 2254.930395606694,
    "max_response_time": 0.2609803171382821,
    "avg_response_time": 0.042506609402704065,
    "weighted_avg_response_time": 0.022701878813314407,
    "avg_unavailability": 0.01935687935380054,
    "overall_power_consumption": 1087.8174892063803
  },
  {
    "time": 19800.0,
    "opt": "ClusterLLGAOptimizer",
    "elapsed_time": 159.15224978979677,
    "valid": true,
    "overall_deadline_violation": 0.31812718702676773,
    "weighted_overall_deadline_violation": 335.49634198761566,
    "max_deadline_violation": 0.01030109986789864,
    "avg_deadline_violation": 0.0026291503060063455,
    "avg_only_violated_deadline": 0.008598032081804532,
    "weighted_avg_deadline_violation": 0.0031807617346306673,
    "weighted_avg_only_violated_deadline": 0.008815488495030298,
    "deadline_satisfaction": 0.6942148760330579,
    "weighted_deadline_satisfaction": 0.6391848578301916,
    "overall_cost": 350.1444694434078,
    "max_cost": 79.42037468601035,
    "avg_cost": 18.428656286495148,
    "overall_migration_cost": 0.0,
    "max_migration_cost": 0.0,
    "avg_migration_cost": 0.0,
    "migration_rate": 0.0,
    "weighted_migration_rate": 0.0,
    "overall_response_time": 5.187152733378616,
    "weighted_overall_response_time": 2353.2479332547673,
    "max_response_time": 0.2609798550448844,
    "avg_response_time": 0.04286903085436871,
    "weighted_avg_response_time": 0.02231058894368443,
    "avg_unavailability": 0.01935687935380054,
    "overall_power_consumption": 1123.3497526691965
  },
  {
    "time": 21600.0,
    "opt": "ClusterLLGAOptimizer",
    "elapsed_time": 214.9079313161783,
    "valid": true,
    "overall_deadline_violation": 0.3176346645855149,
    "weighted_overall_deadline_violation": 358.663502060925,
    "max_deadline_violation": 0.010301099873546476,
    "avg_deadline_violation": 0.0026691988620631507,
    "avg_only_violated_deadline": 0.00814447857911577,
    "weighted_avg_deadline_violation": 0.0032801759161758337,
    "weighted_avg_only_violated_deadline": 0.008649928622030312,
    "deadline_satisfaction": 0.6722689075630253,
    "weighted_deadline_satisfaction": 0.6207857822292746,
    "overall_cost": 349.2380844057432,
    "max_cost": 77.36371685973148,
    "avg_cost": 17.461904220287163,
    "overall_migration_cost": 100.68703261330502,
    "max_migration_cost": 66.00522208912044,
    "avg_migration_cost": 33.56234420443501,
    "migration_rate": 0.15,
    "weighted_migration_rate": 0.00201093378822027,
    "overall_response_time": 4.486852795235634,
    "weighted_overall_response_time": 2336.4198496714685,
    "max_response_time": 0.26098915456313176,
    "avg_response_time": 0.03770464533811457,
    "weighted_avg_response_time": 0.021367850581199298,
    "avg_unavailability": 0.01907654898617554,
    "overall_power_consumption": 1094.964180369499
  },
  {
    "time": 23400.0,
    "opt": "ClusterLLGAOptimizer",
    "elapsed_time": 178.85593674937263,
    "valid": true,
    "overall_deadline_violation": 0.29700610690882245,
    "weighted_overall_deadline_violation": 337.1491094104032,
    "max_deadline_violation": 0.010301099869511457,
    "avg_deadline_violation": 0.0024958496378892645,
    "avg_only_violated_deadline": 0.008485888768823498,
    "weighted_avg_deadline_violation": 0.003058971339340538,
    "weighted_avg_only_violated_deadline": 0.008936940747018425,
    "deadline_satisfaction": 0.7058823529411765,
    "weighted_deadline_satisfaction": 0.6577160545278226,
    "overall_cost": 387.5504839461371,
    "max_cost": 86.86685713280554,
    "avg_cost": 19.37752419730685,
    "overall_migration_cost": 0.0,
    "max_migration_cost": 0.0,
    "avg_migration_cost": 0.0,
    "migration_rate": 0.0,
    "weighted_migration_rate": 0.0,
    "overall_response_time": 4.020214811267808,
    "weighted_overall_response_time": 2259.615373734374,
    "max_response_time": 0.26098788880408835,
    "avg_response_time": 0.033783317741746303,
    "weighted_avg_response_time": 0.020501607369731435,
    "avg_unavailability": 0.01907654898617554,
    "overall_power_consumption": 1196.4309551620954
  },
  {
    "time": 25200.0,
    "opt": "ClusterLLGAOptimizer",
    "elapsed_time": 219.82215054892004,
    "valid": true,
    "overall_deadline_violation": 0.30729561112020626,
    "weighted_overall_deadline_violation": 322.0409844332945,
    "max_deadline_violation": 0.010301099873380359,
    "avg_deadline_violation": 0.0025607967593350533,
    "avg_only_violated_deadline": 0.008305286787032604,
    "weighted_avg_deadline_violation": 0.0029012128051503594,
    "weighted_avg_only_violated_deadline": 0.008659801527323721,
    "deadline_satisfaction": 0.6916666666666667,
    "weighted_deadline_satisfaction": 0.6649792958884395,
    "overall_cost": 377.0917956576569,
    "max_cost": 84.98590787763472,
    "avg_cost": 17.14053616625713,
    "overall_migration_cost": 1569.5281077231946,
    "max_migration_cost": 1548.4733433796105,
    "avg_migration_cost": 523.1760359077315,
    "migration_rate": 0.13636363636363635,
    "weighted_migration_rate": 0.002169051699756937,
    "overall_response_time": 5.1036498904670085,
    "weighted_overall_response_time": 2387.7590709710394,
    "max_response_time": 0.26098475397464116,
    "avg_response_time": 0.04253041575389172,
    "weighted_avg_response_time": 0.02151091794886126,
    "avg_unavailability": 0.011270010049132547,
    "overall_power_consumption": 1157.2611058238776
  },
  {
    "time": 27000.0,
    "opt": "ClusterLLGAOptimizer",
    "elapsed_time": 181.5326621499844,
    "valid": true,
    "overall_deadline_violation": 0.31624458819587575,
    "weighted_overall_deadline_violation": 327.47656336762793,
    "max_deadline_violation": 0.010301099874956487,
    "avg_deadline_violation": 0.0025098776840942537,
    "avg_only_violated_deadline": 0.008322226005154629,
    "weighted_avg_deadline_violation": 0.0027728604289349334,
    "weighted_avg_only_violated_deadline": 0.00875896048136038,
    "deadline_satisfaction": 0.6984126984126984,
    "weighted_deadline_satisfaction": 0.6834258546050352,
    "overall_cost": 428.20727370171994,
    "max_cost": 93.77765465086678,
    "avg_cost": 18.617707552248692,
    "overall_migration_cost": 3.042,
    "max_migration_cost": 3.042,
    "avg_migration_cost": 3.042,
    "migration_rate": 0.043478260869565216,
    "weighted_migration_rate": 0.0025276934414520556,
    "overall_response_time": 3.733694262522605,
    "weighted_overall_response_time": 2188.395825558428,
    "max_response_time": 0.26099887202503547,
    "avg_response_time": 0.029632494147004855,
    "weighted_avg_response_time": 0.018529925088792507,
    "avg_unavailability": 0.011229427514673037,
    "overall_power_consumption": 1248.5318654801388
  },
  {
    "time": 28800.0,
    "opt": "ClusterLLGAOptimizer",
    "elapsed_time": 251.65180001733825,
    "valid": true,
    "overall_deadline_violation": 0.3068259759199196,
    "weighted_overall_deadline_violation": 338.17389633949125,
    "max_deadline_violation": 0.010301099842924513,
    "avg_deadline_violation": 0.002324439211514542,
    "avg_only_violated_deadline": 0.008292593943781608,
    "weighted_avg_deadline_violation": 0.00286249588560131,
    "weighted_avg_only_violated_deadline": 0.008673364910545735,
    "deadline_satisfaction": 0.7196969696969697,
    "weighted_deadline_satisfaction": 0.6699670871542751,
    "overall_cost": 423.3852417549632,
    "max_cost": 86.44492581759482,
    "avg_cost": 19.244783716134688,
    "overall_migration_cost": 0.0,
    "max_migration_cost": 0.0,
    "avg_migration_cost": 0.0,
    "migration_rate": 0.0,
    "weighted_migration_rate": 0.0,
    "overall_response_time": 4.879173172232195,
    "weighted_overall_response_time": 2253.497133792852,
    "max_response_time": 0.2609943930660427,
    "avg_response_time": 0.03696343312297124,
    "weighted_avg_response_time": 0.01907487935503049,
    "avg_unavailability": 0.011270010049132547,
    "overall_power_consumption": 1250.4185738135782
  },
  {
    "time": 30600.0,
    "opt": "ClusterLLGAOptimizer",
    "elapsed_time": 195.52437066379935,
    "valid": true,
    "overall_deadline_violation": 0.33679610238071755,
    "weighted_overall_deadline_violation": 366.2837236660501,
    "max_deadline_violation": 0.01030109982734563,
    "avg_deadline_violation": 0.0028066341865059805,
    "avg_only_violated_deadline": 0.008419902559517942,
    "weighted_avg_deadline_violation": 0.003131459159034983,
    "weighted_avg_only_violated_deadline": 0.008882150611717168,
    "deadline_satisfaction": 0.6666666666666666,
    "weighted_deadline_satisfaction": 0.6474435870402805,
    "overall_cost": 422.5621228808243,
    "max_cost": 80.82774309057508,
    "avg_cost": 19.207369221855654,
    "overall_migration_cost": 0.0,
    "max_migration_cost": 0.0,
    "avg_migration_cost": 0.0,
    "migration_rate": 0.0,
    "weighted_migration_rate": 0.0,
    "overall_response_time": 2.91146965586258,
    "weighted_overall_response_time": 2188.600656921898,
    "max_response_time": 0.26099700159818356,
    "avg_response_time": 0.024262247132188157,
    "weighted_avg_response_time": 0.01871094217344087,
    "avg_unavailability": 0.011270010049132547,
    "overall_power_consumption": 1238.2029015831458
  },
  {
    "time": 32400.0,
    "opt": "ClusterLLGAOptimizer",
    "elapsed_time": 204.55648726783693,
    "valid": true,
    "overall_deadline_violation": 0.2873214988447075,
    "weighted_overall_deadline_violation": 331.8152932754026,
    "max_deadline_violation": 0.01030109985882223,
    "avg_deadline_violation": 0.002498447816040935,
    "avg_only_violated_deadline": 0.008450632318961985,
    "weighted_avg_deadline_violation": 0.0029628153043525928,
    "weighted_avg_only_violated_deadline": 0.008758567545794349,
    "deadline_satisfaction": 0.7043478260869566,
    "weighted_deadline_satisfaction": 0.6617237591807734,
    "overall_cost": 370.8107963728012,
    "max_cost": 91.30736126884379,
    "avg_cost": 17.65765697013339,
    "overall_migration_cost": 588.0569650313182,
    "max_migration_cost": 444.6138773199891,
    "avg_migration_cost": 196.01898834377272,
    "migration_rate": 0.14285714285714285,
    "weighted_migration_rate": 0.0033927299532228975,
    "overall_response_time": 4.226182314725357,
    "weighted_overall_response_time": 2185.5563598423223,
    "max_response_time": 0.2609948473282761,
    "avg_response_time": 0.03674941143239444,
    "weighted_avg_response_time": 0.019515073484245565,
    "avg_unavailability": 0.011781769626175546,
    "overall_power_consumption": 1128.0063270684986
  },
  {
    "time": 34200.0,
    "opt": "ClusterLLGAOptimizer",
    "elapsed_time": 190.5186610892415,
    "valid": true,
    "overall_deadline_violation": 0.2881750351463285,
    "weighted_overall_deadline_violation": 319.68145659290917,
    "max_deadline_violation": 0.010301099853914267,
    "avg_deadline_violation": 0.0024421613147993944,
    "avg_only_violated_deadline": 0.00847573632783319,
    "weighted_avg_deadline_violation": 0.0032686210258351927,
    "weighted_avg_only_violated_deadline": 0.00898911529623732,
    "deadline_satisfaction": 0.711864406779661,
    "weighted_deadline_satisfaction": 0.6363801199431295,
    "overall_cost": 355.79524376202045,
    "max_cost": 74.77722098949943,
    "avg_cost": 16.94263065533431,
    "overall_migration_cost": 0.0,
    "max_migration_cost": 0.0,
    "avg_migration_cost": 0.0,
    "migration_rate": 0.0,
    "weighted_migration_rate": 0.0,
    "overall_response_time": 3.799033704731187,
    "weighted_overall_response_time": 1750.4045603376503,
    "max_response_time": 0.26099546248718386,
    "avg_response_time": 0.0321952008875524,
    "weighted_avg_response_time": 0.017897219346454753,
    "avg_unavailability": 0.011781769626175546,
    "overall_power_consumption": 1203.0836991663716
  },
  {
    "time": 36000.0,
    "opt": "ClusterLLGAOptimizer",
    "elapsed_time": 222.11789641994983,
    "valid": true,
    "overall_deadline_violation": 0.3162757648471619,
    "weighted_overall_deadline_violation": 321.5039367659361,
    "max_deadline_violation": 0.010301099861835007,
    "avg_deadline_violation": 0.00272651521419967,
    "avg_only_violated_deadline": 0.007906894121179042,
    "weighted_avg_deadline_violation": 0.003042373434651444,
    "weighted_avg_only_violated_deadline": 0.008476487867647178,
    "deadline_satisfaction": 0.6551724137931034,
    "weighted_deadline_satisfaction": 0.6410808955129295,
    "overall_cost": 348.53954577887276,
    "max_cost": 86.72192863725091,
    "avg_cost": 18.344186619940672,
    "overall_migration_cost": 943.9369936149346,
    "max_migration_cost": 688.8085680234183,
    "avg_migration_cost": 471.9684968074673,
    "migration_rate": 0.10526315789473684,
    "weighted_migration_rate": 0.0026057171302742684,
    "overall_response_time": 4.299403410400345,
    "weighted_overall_response_time": 2086.689834546672,
    "max_response_time": 0.2609933610256098,
    "avg_response_time": 0.03706382250345122,
    "weighted_avg_response_time": 0.01974622700686832,
    "avg_unavailability": 0.012573859570843546,
    "overall_power_consumption": 1101.3177676634996
  },
  {
    "time": 37800.0,
    "opt": "ClusterLLGAOptimizer",
    "elapsed_time": 193.5570329129696,
    "valid": true,
    "overall_deadline_violation": 0.31631443965581285,
    "weighted_overall_deadline_violation": 335.12566488345806,
    "max_deadline_violation": 0.010301099836171505,
    "avg_deadline_violation": 0.0026359536637984415,
    "avg_only_violated_deadline": 0.008324064201468761,
    "weighted_avg_deadline_violation": 0.0030172761571121455,
    "weighted_avg_only_violated_deadline": 0.00877629930834945,
    "deadline_satisfaction": 0.6833333333333333,
    "weighted_deadline_satisfaction": 0.6562017712589154,
    "overall_cost": 370.9398790658609,
    "max_cost": 92.42944716035497,
    "avg_cost": 20.607771059214492,
    "overall_migration_cost": 0.0,
    "max_migration_cost": 0.0,
    "avg_migration_cost": 0.0,
    "migration_rate": 0.0,
    "weighted_migration_rate": 0.0,
    "overall_response_time": 5.076768657058564,
    "weighted_overall_response_time": 2277.1089469077483,
    "max_response_time": 0.2609881788507281,
    "avg_response_time": 0.042306405475488015,
    "weighted_avg_response_time": 0.020501761734783304,
    "avg_unavailability": 0.015464074480843549,
    "overall_power_consumption": 1135.4104425383684
  },
  {
    "time": 39600.0,
    "opt": "ClusterLLGAOptimizer",
    "elapsed_time": 227.47296927124262,
    "valid": true,
    "overall_deadline_violation": 0.3351936585913993,
    "weighted_overall_deadline_violation": 373.1308944646953,
    "max_deadline_violation": 0.010301099810863194,
    "avg_deadline_violation": 0.0028649030648837544,
    "avg_only_violated_deadline": 0.008820885752405243,
    "weighted_avg_deadline_violation": 0.003267624650456013,
    "weighted_avg_only_violated_deadline": 0.008917261488424123,
    "deadline_satisfaction": 0.6752136752136753,
    "weighted_deadline_satisfaction": 0.6335618670936299,
    "overall_cost": 361.873597699896,
    "max_cost": 78.10920256275072,
    "avg_cost": 21.286682217640937,
    "overall_migration_cost": 0.0,
    "max_migration_cost": 0.0,
    "avg_migration_cost": 0.0,
    "migration_rate": 0.0,
    "weighted_migration_rate": 0.0,
    "overall_response_time": 4.8928045044807655,
    "weighted_overall_response_time": 2575.171434314533,
    "max_response_time": 0.2609724750993763,
    "avg_response_time": 0.04181884191863897,
    "weighted_avg_response_time": 0.022551586541737063,
    "avg_unavailability": 0.021917536990843547,
    "overall_power_consumption": 1097.4679848426981
  },
  {
    "time": 41400.0,
    "opt": "ClusterLLGAOptimizer",
    "elapsed_time": 193.5315530509688,
    "valid": true,
    "overall_deadline_violation": 0.3447514490355708,
    "weighted_overall_deadline_violation": 378.6303980026659,
    "max_deadline_violation": 0.010301099803837956,
    "avg_deadline_violation": 0.0028970710002989143,
    "avg_only_violated_deadline": 0.008618786225889269,
    "weighted_avg_deadline_violation": 0.0033350687581473865,
    "weighted_avg_only_violated_deadline": 0.008923200904399993,
    "deadline_satisfaction": 0.6638655462184874,
    "weighted_deadline_satisfaction": 0.6262474874343712,
    "overall_cost": 360.00609434542616,
    "max_cost": 84.36612462673072,
    "avg_cost": 21.176829079142717,
    "overall_migration_cost": 0.0,
    "max_migration_cost": 0.0,
    "avg_migration_cost": 0.0,
    "migration_rate": 0.0,
    "weighted_migration_rate": 0.0,
    "overall_response_time": 5.180931716968174,
    "weighted_overall_response_time": 2601.1961331990674,
    "max_response_time": 0.26096997565231805,
    "avg_response_time": 0.043537241319060345,
    "weighted_avg_response_time": 0.022911969042657052,
    "avg_unavailability": 0.021917536990843547,
    "overall_power_consumption": 1097.413742628427
  },
  {
    "time": 43200.0,
    "opt": "ClusterLLGAOptimizer",
    "elapsed_time": 246.6649984670803,
    "valid": true,
    "overall_deadline_violation": 0.32611618785067276,
    "weighted_overall_deadline_violation": 384.39060263772336,
    "max_deadline_violation": 0.010301099874701472,
    "avg_deadline_violation": 0.00299189163165755,
    "avg_only_violated_deadline": 0.008361953534632637,
    "weighted_avg_deadline_violation": 0.003693095581991757,
    "weighted_avg_only_violated_deadline": 0.008850020590018092,
    "deadline_satisfaction": 0.6422018348623854,
    "weighted_deadline_satisfaction": 0.5827020350486884,
    "overall_cost": 297.3265558001927,
    "max_cost": 68.84141467377205,
    "avg_cost": 17.489797400011337,
    "overall_migration_cost": 80.04219136310012,
    "max_migration_cost": 25.871648934366036,
    "avg_migration_cost": 20.01054784077503,
    "migration_rate": 0.23529411764705882,
    "weighted_migration_rate": 0.0007297585326438701,
    "overall_response_time": 4.968199695282345,
    "weighted_overall_response_time": 2542.7603919864146,
    "max_response_time": 0.2609698875323363,
    "avg_response_time": 0.045579813718186535,
    "weighted_avg_response_time": 0.024429986334913258,
    "avg_unavailability": 0.028090669133218543,
    "overall_power_consumption": 938.3440914041795
  },
  {
    "time": 45000.0,
    "opt": "ClusterLLGAOptimizer",
    "elapsed_time": 192.28153831791133,
    "valid": true,
    "overall_deadline_violation": 0.29626209667370146,
    "weighted_overall_deadline_violation": 361.9056418056336,
    "max_deadline_violation": 0.010301099823684857,
    "avg_deadline_violation": 0.0027180008869146927,
    "avg_only_violated_deadline": 0.008464631333534329,
    "weighted_avg_deadline_violation": 0.0034462980735160084,
    "weighted_avg_only_violated_deadline": 0.009090280440566778,
    "deadline_satisfaction": 0.6788990825688074,
    "weighted_deadline_satisfaction": 0.6208809952511065,
    "overall_cost": 325.25456331854815,
    "max_cost": 74.01018363183921,
    "avg_cost": 18.069697962141564,
    "overall_migration_cost": 735.0815242322006,
    "max_migration_cost": 735.0815242322006,
    "avg_migration_cost": 735.0815242322006,
    "migration_rate": 0.05555555555555555,
    "weighted_migration_rate": 0.0019220038528229384,
    "overall_response_time": 5.086495136664628,
    "weighted_overall_response_time": 2527.084198399903,
    "max_response_time": 0.26096927540464965,
    "avg_response_time": 0.04666509299692323,
    "weighted_avg_response_time": 0.024064519583355006,
    "avg_unavailability": 0.027439974814306545,
    "overall_power_consumption": 1050.97599526174
  },
  {
    "time": 46800.0,
    "opt": "ClusterLLGAOptimizer",
    "elapsed_time": 252.59806765709072,
    "valid": true,
    "overall_deadline_violation": 0.33683520387014415,
    "weighted_overall_deadline_violation": 325.1094963084532,
    "max_deadline_violation": 0.010301099822109517,
    "avg_deadline_violation": 0.0029037517575012423,
    "avg_only_violated_deadline": 0.008420880096753602,
    "weighted_avg_deadline_violation": 0.0031593713868756364,
    "weighted_avg_only_violated_deadline": 0.008890370689433966,
    "deadline_satisfaction": 0.6551724137931034,
    "weighted_deadline_satisfaction": 0.6446299600723638,
    "overall_cost": 331.08215444288965,
    "max_cost": 79.63772370587215,
    "avg_cost": 18.393453024604984,
    "overall_migration_cost": 37.01706344664134,
    "max_migration_cost": 35.04847236894531,
    "avg_migration_cost": 18.50853172332067,
    "migration_rate": 0.1111111111111111,
    "weighted_migration_rate": 0.0008237724781063946,
    "overall_response_time": 5.611004695955876,
    "weighted_overall_response_time": 2593.8228442765885,
    "max_response_time": 0.26096753143597745,
    "avg_response_time": 0.048370730137550604,
    "weighted_avg_response_time": 0.025206429741002814,
    "avg_unavailability": 0.021266842671931546,
    "overall_power_consumption": 1071.2010503860797
  },
  {
    "time": 48600.0,
    "opt": "ClusterLLGAOptimizer",
    "elapsed_time": 217.97560146078467,
    "valid": true,
    "overall_deadline_violation": 0.29889438189315165,
    "weighted_overall_deadline_violation": 382.9167981404206,
    "max_deadline_violation": 0.010301099747828897,
    "avg_deadline_violation": 0.0027675405730847374,
    "avg_only_violated_deadline": 0.008302621719254211,
    "weighted_avg_deadline_violation": 0.0032679390722868914,
    "weighted_avg_only_violated_deadline": 0.008936695824820123,
    "deadline_satisfaction": 0.6666666666666666,
    "weighted_deadline_satisfaction": 0.6343235647328671,
    "overall_cost": 369.52816157641433,
    "max_cost": 96.2801666052184,
    "avg_cost": 18.476408078820715,
    "overall_migration_cost": 31.41037199673194,
    "max_migration_cost": 16.20937199673194,
    "avg_migration_cost": 15.70518599836597,
    "migration_rate": 0.1,
    "weighted_migration_rate": 0.0003595743971764488,
    "overall_response_time": 5.0448508522190885,
    "weighted_overall_response_time": 2754.771285778015,
    "max_response_time": 0.2609727382279489,
    "avg_response_time": 0.046711581964991485,
    "weighted_avg_response_time": 0.023510132654735786,
    "avg_unavailability": 0.020474752727263547,
    "overall_power_consumption": 1084.2691509386782
  },
  {
    "time": 50400.0,
    "opt": "ClusterLLGAOptimizer",
    "elapsed_time": 259.26396421995014,
    "valid": true,
    "overall_deadline_violation": 0.3172004655923659,
    "weighted_overall_deadline_violation": 368.83993214230657,
    "max_deadline_violation": 0.010301099799444303,
    "avg_deadline_violation": 0.002711115090533042,
    "avg_only_violated_deadline": 0.00857298555655043,
    "weighted_avg_deadline_violation": 0.0033761021742165277,
    "weighted_avg_only_violated_deadline": 0.0088537807881532,
    "deadline_satisfaction": 0.6837606837606838,
    "weighted_deadline_satisfaction": 0.6186824301394582,
    "overall_cost": 343.09874202144726,
    "max_cost": 84.12401451748889,
    "avg_cost": 18.057828527444595,
    "overall_migration_cost": 28.833387858646276,
    "max_migration_cost": 25.791387858646278,
    "avg_migration_cost": 14.416693929323138,
    "migration_rate": 0.10526315789473684,
    "weighted_migration_rate": 0.000567597667569793,
    "overall_response_time": 4.318287849618406,
    "weighted_overall_response_time": 2237.3355718380144,
    "max_response_time": 0.2609876516239506,
    "avg_response_time": 0.03690844315913166,
    "weighted_avg_response_time": 0.020479001404923806,
    "avg_unavailability": 0.021125447046175548,
    "overall_power_consumption": 1061.7485030648168
  },
  {
    "time": 52200.0,
    "opt": "ClusterLLGAOptimizer",
    "elapsed_time": 221.84819852374494,
    "valid": true,
    "overall_deadline_violation": 0.31457138637713433,
    "weighted_overall_deadline_violation": 310.5558323843037,
    "max_deadline_violation": 0.010301099855304686,
    "avg_deadline_violation": 0.0026658592065858834,
    "avg_only_violated_deadline": 0.008738094066031508,
    "weighted_avg_deadline_violation": 0.002965694183604382,
    "weighted_avg_only_violated_deadline": 0.008947890359049332,
    "deadline_satisfaction": 0.6949152542372882,
    "weighted_deadline_satisfaction": 0.6685593961703984,
    "overall_cost": 353.78066399772337,
    "max_cost": 87.74039732492116,
    "avg_cost": 18.620034947248598,
    "overall_migration_cost": 0.0,
    "max_migration_cost": 0.0,
    "avg_migration_cost": 0.0,
    "migration_rate": 0.0,
    "weighted_migration_rate": 0.0,
    "overall_response_time": 4.593370190046412,
    "weighted_overall_response_time": 2228.6281497782775,
    "max_response_time": 0.26098607848662025,
    "avg_response_time": 0.03892686601734251,
    "weighted_avg_response_time": 0.02128258062477945,
    "avg_unavailability": 0.021125447046175548,
    "overall_power_consumption": 1103.7038318957339
  },
  {
    "time": 54000.0,
    "opt": "ClusterLLGAOptimizer",
    "elapsed_time": 269.27358552534133,
    "valid": true,
    "overall_deadline_violation": 0.3354918782441055,
    "weighted_overall_deadline_violation": 353.9553879161947,
    "max_deadline_violation": 0.010301099833817655,
    "avg_deadline_violation": 0.0030224493535504983,
    "avg_only_violated_deadline": 0.008602355852412959,
    "weighted_avg_deadline_violation": 0.0035266585802028083,
    "weighted_avg_only_violated_deadline": 0.008822318967271953,
    "deadline_satisfaction": 0.6486486486486487,
    "weighted_deadline_satisfaction": 0.6002571893755366,
    "overall_cost": 296.4560721193386,
    "max_cost": 74.3830626827861,
    "avg_cost": 17.438592477608154,
    "overall_migration_cost": 2007.9131737237858,
    "max_migration_cost": 1957.2638860562165,
    "avg_migration_cost": 669.3043912412619,
    "migration_rate": 0.17647058823529413,
    "weighted_migration_rate": 0.002139739124453902,
    "overall_response_time": 5.017595565679894,
    "weighted_overall_response_time": 2141.4276023426924,
    "max_response_time": 0.260989736876031,
    "avg_response_time": 0.04520356365477386,
    "weighted_avg_response_time": 0.021336259555605558,
    "avg_unavailability": 0.022758853840843543,
    "overall_power_consumption": 977.8467710004247
  },
  {
    "time": 55800.0,
    "opt": "ClusterLLGAOptimizer",
    "elapsed_time": 225.95824175793678,
    "valid": true,
    "overall_deadline_violation": 0.3354030290571197,
    "weighted_overall_deadline_violation": 295.5187466837388,
    "max_deadline_violation": 0.01030109983185008,
    "avg_deadline_violation": 0.0028666925560437576,
    "avg_only_violated_deadline": 0.008600077668131272,
    "weighted_avg_deadline_violation": 0.0026794117365795626,
    "weighted_avg_only_violated_deadline": 0.008931712692782855,
    "deadline_satisfaction": 0.6666666666666666,
    "weighted_deadline_satisfaction": 0.7000114279599898,
    "overall_cost": 373.1978445459804,
    "max_cost": 97.08912384421949,
    "avg_cost": 20.7332135858878,
    "overall_migration_cost": 1077.590324566024,
    "max_migration_cost": 1077.590324566024,
    "avg_migration_cost": 1077.590324566024,
    "migration_rate": 0.05555555555555555,
    "weighted_migration_rate": 0.0015680813741422643,
    "overall_response_time": 5.379721909408817,
    "weighted_overall_response_time": 2436.8030821003895,
    "max_response_time": 0.26098790041084863,
    "avg_response_time": 0.04598052914024638,
    "weighted_avg_response_time": 0.02209402567919158,
    "avg_unavailability": 0.015464074480843549,
    "overall_power_consumption": 1095.6329141123833
  },
  {
    "time": 57600.0,
    "opt": "ClusterLLGAOptimizer",
    "elapsed_time": 249.47771708481014,
    "valid": true,
    "overall_deadline_violation": 0.2976007639146562,
    "weighted_overall_deadline_violation": 274.54662888949764,
    "max_deadline_violation": 0.010301099864203592,
    "avg_deadline_violation": 0.0025878327296926643,
    "avg_only_violated_deadline": 0.008502878968990182,
    "weighted_avg_deadline_violation": 0.0027976857151879027,
    "weighted_avg_only_violated_deadline": 0.00864248307285336,
    "deadline_satisfaction": 0.6956521739130435,
    "weighted_deadline_satisfaction": 0.6762868157676091,
    "overall_cost": 319.97110589192357,
    "max_cost": 71.51702697518833,
    "avg_cost": 18.821829758348443,
    "overall_migration_cost": 2.7697986003214563,
    "max_migration_cost": 2.7697986003214563,
    "avg_migration_cost": 2.7697986003214563,
    "migration_rate": 0.058823529411764705,
    "weighted_migration_rate": 0.00033957843822687346,
    "overall_response_time": 4.566594127543971,
    "weighted_overall_response_time": 2131.084303580609,
    "max_response_time": 0.26098738835226676,
    "avg_response_time": 0.039709514152556316,
    "weighted_avg_response_time": 0.02171618037382028,
    "avg_unavailability": 0.02893198598321854,
    "overall_power_consumption": 1050.867997750544
  },
  {
    "time": 59400.0,
    "opt": "ClusterLLGAOptimizer",
    "elapsed_time": 209.23239140585065,
    "valid": true,
    "overall_deadline_violation": 0.3264673142024696,
    "weighted_overall_deadline_violation": 268.32443948227206,
    "max_deadline_violation": 0.01030109985846453,
    "avg_deadline_violation": 0.00276667215425822,
    "avg_only_violated_deadline": 0.008370956774422303,
    "weighted_avg_deadline_violation": 0.002584767352275661,
    "weighted_avg_only_violated_deadline": 0.00864587767746317,
    "deadline_satisfaction": 0.6694915254237288,
    "weighted_deadline_satisfaction": 0.7010404901964715,
    "overall_cost": 341.6684557552759,
    "max_cost": 74.5814585007217,
    "avg_cost": 20.098144456192703,
    "overall_migration_cost": 0.0,
    "max_migration_cost": 0.0,
    "avg_migration_cost": 0.0,
    "migration_rate": 0.0,
    "weighted_migration_rate": 0.0,
    "overall_response_time": 4.971764892717715,
    "weighted_overall_response_time": 2290.98416270672,
    "max_response_time": 0.26098573497129307,
    "avg_response_time": 0.042133600785743346,
    "weighted_avg_response_time": 0.022069033591463668,
    "avg_unavailability": 0.02893198598321854,
    "overall_power_consumption": 1047.5819962340806
  },
  {
    "time": 61200.0,
    "opt": "ClusterLLGAOptimizer",
    "elapsed_time": 252.0368360420689,
    "valid": true,
    "overall_deadline_violation": 0.3457876734408914,
    "weighted_overall_deadline_violation": 316.83103754062256,
    "max_deadline_violation": 0.010301099828182482,
    "avg_deadline_violation": 0.003033225205621854,
    "avg_only_violated_deadline": 0.008644691836022284,
    "weighted_avg_deadline_violation": 0.0029349376733619377,
    "weighted_avg_only_violated_deadline": 0.008763805323889186,
    "deadline_satisfaction": 0.6491228070175439,
    "weighted_deadline_satisfaction": 0.665106929593516,
    "overall_cost": 331.2882897003776,
    "max_cost": 80.85382416808461,
    "avg_cost": 20.7055181062736,
    "overall_migration_cost": 23.50727670848812,
    "max_migration_cost": 23.50727670848812,
    "avg_migration_cost": 23.50727670848812,
    "migration_rate": 0.0625,
    "weighted_migration_rate": 0.00014281790650182423,
    "overall_response_time": 5.047519987541023,
    "weighted_overall_response_time": 2734.0364053988974,
    "max_response_time": 0.2609648090429608,
    "avg_response_time": 0.04427649111878086,
    "weighted_avg_response_time": 0.025326516331340965,
    "avg_unavailability": 0.035385448493218535,
    "overall_power_consumption": 990.6003495187006
  },
  {
    "time": 63000.0,
    "opt": "ClusterLLGAOptimizer",
    "elapsed_time": 214.12707554595545,
    "valid": true,
    "overall_deadline_violation": 0.2961248841729333,
    "weighted_overall_deadline_violation": 243.51240991837156,
    "max_deadline_violation": 0.010301099874414448,
    "avg_deadline_violation": 0.0026677917493057044,
    "avg_only_violated_deadline": 0.008225691227025924,
    "weighted_avg_deadline_violation": 0.0024103165607417838,
    "weighted_avg_only_violated_deadline": 0.008574890824532217,
    "deadline_satisfaction": 0.6756756756756757,
    "weighted_deadline_satisfaction": 0.7189099418215309,
    "overall_cost": 332.3167986226099,
    "max_cost": 79.14211917798255,
    "avg_cost": 20.76979991391312,
    "overall_migration_cost": 0.0,
    "max_migration_cost": 0.0,
    "avg_migration_cost": 0.0,
    "migration_rate": 0.0,
    "weighted_migration_rate": 0.0,
    "overall_response_time": 4.720418281942317,
    "weighted_overall_response_time": 2459.5562155935763,
    "max_response_time": 0.2609715897576167,
    "avg_response_time": 0.042526290828309145,
    "weighted_avg_response_time": 0.02434499777858479,
    "avg_unavailability": 0.035385448493218535,
    "overall_power_consumption": 1027.3891579554456
  },
  {
    "time": 64800.0,
    "opt": "ClusterLLGAOptimizer",
    "elapsed_time": 261.72233327897266,
    "valid": true,
    "overall_deadline_violation": 0.3366811199684633,
    "weighted_overall_deadline_violation": 265.931095595345,
    "max_deadline_violation": 0.0103010998667694,
    "avg_deadline_violation": 0.003033163242959128,
    "avg_only_violated_deadline": 0.008417027999211579,
    "weighted_avg_deadline_violation": 0.0026349574946470545,
    "weighted_avg_only_violated_deadline": 0.008737115566940828,
    "deadline_satisfaction": 0.6396396396396397,
    "weighted_deadline_satisfaction": 0.6984179189963896,
    "overall_cost": 324.93530079140794,
    "max_cost": 76.49751775028626,
    "avg_cost": 18.051961155078224,
    "overall_migration_cost": 670.2876752090247,
    "max_migration_cost": 637.6837549857454,
    "avg_migration_cost": 335.1438376045123,
    "migration_rate": 0.1111111111111111,
    "weighted_migration_rate": 0.0011364767827084436,
    "overall_response_time": 4.732589081864959,
    "weighted_overall_response_time": 2485.110254000569,
    "max_response_time": 0.2609678324731083,
    "avg_response_time": 0.04263593767445912,
    "weighted_avg_response_time": 0.024623520894175802,
    "avg_unavailability": 0.026041771073218537,
    "overall_power_consumption": 1031.35897139013
  },
  {
    "time": 66600.0,
    "opt": "ClusterLLGAOptimizer",
    "elapsed_time": 205.31847032113,
    "valid": true,
    "overall_deadline_violation": 0.30635418114899127,
    "weighted_overall_deadline_violation": 291.16148502762127,
    "max_deadline_violation": 0.010301099862700207,
    "avg_deadline_violation": 0.0025744048836049685,
    "avg_only_violated_deadline": 0.007855235414076704,
    "weighted_avg_deadline_violation": 0.0028307494137796226,
    "weighted_avg_only_violated_deadline": 0.008655577816834294,
    "deadline_satisfaction": 0.6722689075630253,
    "weighted_deadline_satisfaction": 0.6729566213044634,
    "overall_cost": 346.1718524652612,
    "max_cost": 73.57186887635807,
    "avg_cost": 18.21957118238217,
    "overall_migration_cost": 3.042,
    "max_migration_cost": 3.042,
    "avg_migration_cost": 3.042,
    "migration_rate": 0.05263157894736842,
    "weighted_migration_rate": 0.002433829137389103,
    "overall_response_time": 3.941959791474008,
    "weighted_overall_response_time": 2067.986875382121,
    "max_response_time": 0.2609891028960639,
    "avg_response_time": 0.03312571253339501,
    "weighted_avg_response_time": 0.02010551853943372,
    "avg_unavailability": 0.025530011496175536,
    "overall_power_consumption": 1096.5104589265666
  },
  {
    "time": 68400.0,
    "opt": "ClusterLLGAOptimizer",
    "elapsed_time": 262.55090445419773,
    "valid": true,
    "overall_deadline_violation": 0.3067583138824093,
    "weighted_overall_deadline_violation": 319.9195498895194,
    "max_deadline_violation": 0.01030109984671778,
    "avg_deadline_violation": 0.002690862402477274,
    "avg_only_violated_deadline": 0.00852106427451137,
    "weighted_avg_deadline_violation": 0.0030154027942558524,
    "weighted_avg_only_violated_deadline": 0.008777162469252022,
    "deadline_satisfaction": 0.6842105263157895,
    "weighted_deadline_satisfaction": 0.6564490170007277,
    "overall_cost": 336.82708585667217,
    "max_cost": 76.47570212708442,
    "avg_cost": 17.727741360877484,
    "overall_migration_cost": 2282.2426298209834,
    "max_migration_cost": 2251.6228855871354,
    "avg_migration_cost": 570.5606574552459,
    "migration_rate": 0.21052631578947367,
    "weighted_migration_rate": 0.004332031904314637,
    "overall_response_time": 4.996374211994602,
    "weighted_overall_response_time": 2169.8143958428363,
    "max_response_time": 0.2609923735424552,
    "avg_response_time": 0.0438278439648649,
    "weighted_avg_response_time": 0.02045159289108955,
    "avg_unavailability": 0.022461843816344855,
    "overall_power_consumption": 1038.2726804742617
  },
  {
    "time": 70200.0,
    "opt": "ClusterLLGAOptimizer",
    "elapsed_time": 214.96372245717794,
    "valid": true,
    "overall_deadline_violation": 0.3148814810347288,
    "weighted_overall_deadline_violation": 298.6351829146325,
    "max_deadline_violation": 0.010301099863875507,
    "avg_deadline_violation": 0.002624012341956074,
    "avg_only_violated_deadline": 0.008510310298235913,
    "weighted_avg_deadline_violation": 0.002830467188359349,
    "weighted_avg_only_violated_deadline": 0.008811794980797769,
    "deadline_satisfaction": 0.6916666666666667,
    "weighted_deadline_satisfaction": 0.6787865361680159,
    "overall_cost": 355.27533807246255,
    "max_cost": 66.8566178059071,
    "avg_cost": 17.763766903623125,
    "overall_migration_cost": 2.247259634177272,
    "max_migration_cost": 2.247259634177272,
    "avg_migration_cost": 2.247259634177272,
    "migration_rate": 0.05,
    "weighted_migration_rate": 0.00014922396708086594,
    "overall_response_time": 4.483075318872231,
    "weighted_overall_response_time": 2153.947334865647,
    "max_response_time": 0.2609891068431194,
    "avg_response_time": 0.037358960990601896,
    "weighted_avg_response_time": 0.02041513393461771,
    "avg_unavailability": 0.022460851376760873,
    "overall_power_consumption": 1108.4799703943067
  },
  {
    "time": 72000.0,
    "opt": "ClusterLLGAOptimizer",
    "elapsed_time": 266.74671408487484,
    "valid": true,
    "overall_deadline_violation": 0.3359730023467156,
    "weighted_overall_deadline_violation": 356.93010513334264,
    "max_deadline_violation": 0.010301099860436376,
    "avg_deadline_violation": 0.0028715641226215024,
    "avg_only_violated_deadline": 0.008194463471871118,
    "weighted_avg_deadline_violation": 0.0031316344976277132,
    "weighted_avg_only_violated_deadline": 0.008815859692930986,
    "deadline_satisfaction": 0.6495726495726496,
    "weighted_deadline_satisfaction": 0.644772647625186,
    "overall_cost": 360.82143853957666,
    "max_cost": 87.79063670661242,
    "avg_cost": 20.045635474420926,
    "overall_migration_cost": 52.521685498121144,
    "max_migration_cost": 25.29984274906057,
    "avg_migration_cost": 17.507228499373714,
    "migration_rate": 0.16666666666666666,
    "weighted_migration_rate": 0.0014018241552774804,
    "overall_response_time": 4.949567545326917,
    "weighted_overall_response_time": 2399.4568262261446,
    "max_response_time": 0.26099026767701095,
    "avg_response_time": 0.04230399611390527,
    "weighted_avg_response_time": 0.02105236197370049,
    "avg_unavailability": 0.022478523473218544,
    "overall_power_consumption": 1027.5058233583254
  },
  {
    "time": 73800.0,
    "opt": "ClusterLLGAOptimizer",
    "elapsed_time": 214.60525604197755,
    "valid": true,
    "overall_deadline_violation": 0.29646233148272016,
    "weighted_overall_deadline_violation": 306.2505606799062,
    "max_deadline_violation": 0.010301099841569336,
    "avg_deadline_violation": 0.002512392639684068,
    "avg_only_violated_deadline": 0.008470352328077716,
    "weighted_avg_deadline_violation": 0.0029084948034015182,
    "weighted_avg_only_violated_deadline": 0.008760518780505844,
    "deadline_satisfaction": 0.7033898305084746,
    "weighted_deadline_satisfaction": 0.6679997068354463,
    "overall_cost": 354.80423210248887,
    "max_cost": 76.65736930594154,
    "avg_cost": 18.67390695276257,
    "overall_migration_cost": 262.35097695783566,
    "max_migration_cost": 262.35097695783566,
    "avg_migration_cost": 262.35097695783566,
    "migration_rate": 0.05263157894736842,
    "weighted_migration_rate": 0.001608796681858502,
    "overall_response_time": 4.7836168860988675,
    "weighted_overall_response_time": 2091.6681740892313,
    "max_response_time": 0.2609909891210595,
    "avg_response_time": 0.04053912615338025,
    "weighted_avg_response_time": 0.01986479959831803,
    "avg_unavailability": 0.021966763896175544,
    "overall_power_consumption": 1107.5549950437662
  },
  {
    "time": 75600.0,
    "opt": "ClusterLLGAOptimizer",
    "elapsed_time": 274.79641910502687,
    "valid": true,
    "overall_deadline_violation": 0.3265191856410593,
    "weighted_overall_deadline_violation": 341.072954108389,
    "max_deadline_violation": 0.01030109981786469,
    "avg_deadline_violation": 0.0026546275255370662,
    "avg_only_violated_deadline": 0.00816297964102648,
    "weighted_avg_deadline_violation": 0.00308423163289797,
    "weighted_avg_only_violated_deadline": 0.008751802651920493,
    "deadline_satisfaction": 0.6747967479674797,
    "weighted_deadline_satisfaction": 0.6475889875988956,
    "overall_cost": 363.0388360978955,
    "max_cost": 86.89918690292964,
    "avg_cost": 16.501765277177064,
    "overall_migration_cost": 1267.7336048087352,
    "max_migration_cost": 1130.8156234036305,
    "avg_migration_cost": 316.9334012021838,
    "migration_rate": 0.18181818181818182,
    "weighted_migration_rate": 0.004990511115624804,
    "overall_response_time": 4.847333036667302,
    "weighted_overall_response_time": 2312.002288173306,
    "max_response_time": 0.26098633941729316,
    "avg_response_time": 0.03940921168022197,
    "weighted_avg_response_time": 0.020906819220413864,
    "avg_unavailability": 0.01411964242467304,
    "overall_power_consumption": 1098.9851584414723
  },
  {
    "time": 77400.0,
    "opt": "ClusterLLGAOptimizer",
    "elapsed_time": 228.38737550610676,
    "valid": true,
    "overall_deadline_violation": 0.326267478016046,
    "weighted_overall_deadline_violation": 369.8725306037813,
    "max_deadline_violation": 0.010301099793896398,
    "avg_deadline_violation": 0.0025894244286987778,
    "avg_only_violated_deadline": 0.008585986263580155,
    "weighted_avg_deadline_violation": 0.0032522344618776,
    "weighted_avg_only_violated_deadline": 0.008970626142242198,
    "deadline_satisfaction": 0.6984126984126984,
    "weighted_deadline_satisfaction": 0.6374573624729492,
    "overall_cost": 397.71255045268,
    "max_cost": 84.09038731198845,
    "avg_cost": 18.077843202394543,
    "overall_migration_cost": 0.0,
    "max_migration_cost": 0.0,
    "avg_migration_cost": 0.0,
    "migration_rate": 0.0,
    "weighted_migration_rate": 0.0,
    "overall_response_time": 4.61180500163861,
    "weighted_overall_response_time": 2164.0308923586185,
    "max_response_time": 0.26099521674863935,
    "avg_response_time": 0.03660162699713182,
    "weighted_avg_response_time": 0.01902800360223475,
    "avg_unavailability": 0.01411964242467304,
    "overall_power_consumption": 1175.109838850999
  },
  {
    "time": 79200.0,
    "opt": "ClusterLLGAOptimizer",
    "elapsed_time": 267.16022996325046,
    "valid": true,
    "overall_deadline_violation": 0.3185557600983432,
    "weighted_overall_deadline_violation": 332.98445267156706,
    "max_deadline_violation": 0.010301099820622373,
    "avg_deadline_violation": 0.0026546313341528588,
    "avg_only_violated_deadline": 0.007963894002458578,
    "weighted_avg_deadline_violation": 0.003081229009249512,
    "weighted_avg_only_violated_deadline": 0.008775108615890198,
    "deadline_satisfaction": 0.6666666666666666,
    "weighted_deadline_satisfaction": 0.6488671372488841,
    "overall_cost": 353.9509412589486,
    "max_cost": 77.56168911289733,
    "avg_cost": 17.697547062947432,
    "overall_migration_cost": 543.0690053994433,
    "max_migration_cost": 538.0155116732013,
    "avg_migration_cost": 271.53450269972166,
    "migration_rate": 0.1,
    "weighted_migration_rate": 0.0021803738453530963,
    "overall_response_time": 3.8232081085388425,
    "weighted_overall_response_time": 1939.148840699705,
    "max_response_time": 0.2609992572767865,
    "avg_response_time": 0.03186006757115698,
    "weighted_avg_response_time": 0.017943665577412966,
    "avg_unavailability": 0.01907654898617554,
    "overall_power_consumption": 1107.411060774007
  },
  {
    "time": 81000.0,
    "opt": "ClusterLLGAOptimizer",
    "elapsed_time": 206.1842613411136,
    "valid": true,
    "overall_deadline_violation": 0.2987946976842749,
    "weighted_overall_deadline_violation": 358.4228954069831,
    "max_deadline_violation": 0.010301099820009735,
    "avg_deadline_violation": 0.0025108798124728994,
    "avg_only_violated_deadline": 0.00829985271345208,
    "weighted_avg_deadline_violation": 0.0033923159210431397,
    "weighted_avg_only_violated_deadline": 0.008948540545914261,
    "deadline_satisfaction": 0.6974789915966386,
    "weighted_deadline_satisfaction": 0.6209084706453044,
    "overall_cost": 359.82220780707235,
    "max_cost": 76.35616184930284,
    "avg_cost": 17.99111039035362,
    "overall_migration_cost": 0.0,
    "max_migration_cost": 0.0,
    "avg_migration_cost": 0.0,
    "migration_rate": 0.0,
    "weighted_migration_rate": 0.0,
    "overall_response_time": 3.5307873651672077,
    "weighted_overall_response_time": 1926.8350109677683,
    "max_response_time": 0.2609968247068576,
    "avg_response_time": 0.029670482060228657,
    "weighted_avg_response_time": 0.018236650528441506,
    "avg_unavailability": 0.01907654898617554,
    "overall_power_consumption": 1146.6347308386653
  },
  {
    "time": 82800.0,
    "opt": "ClusterLLGAOptimizer",
    "elapsed_time": 254.74947326257825,
    "valid": true,
    "overall_deadline_violation": 0.29838738468872655,
    "weighted_overall_deadline_violation": 368.90148626586415,
    "max_deadline_violation": 0.010301099772721676,
    "avg_deadline_violation": 0.002737498942098408,
    "avg_only_violated_deadline": 0.008288538463575738,
    "weighted_avg_deadline_violation": 0.003410728277539531,
    "weighted_avg_only_violated_deadline": 0.008932519950401962,
    "deadline_satisfaction": 0.6697247706422018,
    "weighted_deadline_satisfaction": 0.6181672924910683,
    "overall_cost": 335.66816569045045,
    "max_cost": 81.33244508813969,
    "avg_cost": 17.666745562655283,
    "overall_migration_cost": 1094.1382372596524,
    "max_migration_cost": 1084.4666186042036,
    "avg_migration_cost": 364.71274575321746,
    "migration_rate": 0.15789473684210525,
    "weighted_migration_rate": 0.0031582898496424414,
    "overall_response_time": 3.937830247015122,
    "weighted_overall_response_time": 2049.1539615681295,
    "max_response_time": 0.2609919947253074,
    "avg_response_time": 0.03612688300013878,
    "weighted_avg_response_time": 0.018945728390792067,
    "avg_unavailability": 0.021125447046175548,
    "overall_power_consumption": 1063.4906995213646
  },
  {
    "time": 84600.0,
    "opt": "ClusterLLGAOptimizer",
    "elapsed_time": 200.65632336307317,
    "valid": true,
    "overall_deadline_violation": 0.28918650920531275,
    "weighted_overall_deadline_violation": 368.90148809555376,
    "max_deadline_violation": 0.010301099772721669,
    "avg_deadline_violation": 0.0026530872404157144,
    "avg_only_violated_deadline": 0.008262471691580365,
    "weighted_avg_deadline_violation": 0.003410726517603258,
    "weighted_avg_only_violated_deadline": 0.008932519951694196,
    "deadline_satisfaction": 0.6788990825688074,
    "weighted_deadline_satisfaction": 0.6181674895720377,
    "overall_cost": 347.8908095133522,
    "max_cost": 81.33247273193616,
    "avg_cost": 18.310042605965908,
    "overall_migration_cost": 0.0,
    "max_migration_cost": 0.0,
    "avg_migration_cost": 0.0,
    "migration_rate": 0.0,
    "weighted_migration_rate": 0.0,
    "overall_response_time": 3.991360800911938,
    "weighted_overall_response_time": 2037.1562670324086,
    "max_response_time": 0.2609970687629977,
    "avg_response_time": 0.036617988999192136,
    "weighted_avg_response_time": 0.018834792281101794,
    "avg_unavailability": 0.021125447046175548,
    "overall_power_consumption": 1101.5183862445167
  }
]