[
  {
    "max_cost": 43.564120273745985,
    "avg_only_violated_deadline": 0.0007501945998224795,
    "max_deadline_violation": 0.0019960555436440153,
    "migration_rate": 0.0,
    "weighted_avg_only_violated_deadline": 0.0008525885868934141,
    "avg_response_time": 0.2719100160110842,
    "avg_unavailability": 0.014040483059429966,
    "overall_response_time": 23.65617139296434,
    "time": 0.0,
    "weighted_avg_deadline_violation": 0.0003032294536453936,
    "overall_cost": 232.33633715372798,
    "deadline_satisfaction": 0.7011494252873564,
    "weighted_overall_response_time": 3023.794155535121,
    "max_migration_cost": 0.0,
    "max_response_time": 0.7010001579326794,
    "avg_cost": 4.005798916443585,
    "overall_migration_cost": 0.0,
    "elapsed_time": 35.69795335829258,
    "opt": "LLCOptimizer",
    "overall_power_consumption": 1155.2707135489218,
    "valid": true,
    "weighted_deadline_satisfaction": 0.6443425840940776,
    "weighted_overall_deadline_violation": 16.712002011872865,
    "weighted_migration_rate": 0.0,
    "overall_deadline_violation": 0.019505059595384462,
    "avg_deadline_violation": 0.00022419608730326967,
    "avg_migration_cost": 0.0,
    "weighted_avg_response_time": 0.05486496764825933
  },
  {
    "max_cost": 64.93396211541932,
    "avg_only_violated_deadline": 0.0006991309121336652,
    "max_deadline_violation": 0.0010042343146060007,
    "migration_rate": 0.06666666666666667,
    "weighted_avg_only_violated_deadline": 0.000880929478313814,
    "avg_response_time": 0.25890100255548,
    "avg_unavailability": 0.014018629329393885,
    "overall_response_time": 24.077793237659634,
    "time": 1800.0,
    "weighted_avg_deadline_violation": 0.0003835131917365203,
    "overall_cost": 252.84628570716293,
    "deadline_satisfaction": 0.7419354838709677,
    "weighted_overall_response_time": 3594.280825759169,
    "max_migration_cost": 71.18196786869045,
    "max_response_time": 0.700993262329157,
    "avg_cost": 4.21410476178605,
    "overall_migration_cost": 97.18056449557078,
    "elapsed_time": 36.75339898467064,
    "opt": "LLCOptimizer",
    "overall_power_consumption": 1133.4080854006538,
    "valid": true,
    "weighted_deadline_satisfaction": 0.5646493832053363,
    "weighted_overall_deadline_violation": 24.321741354992227,
    "weighted_migration_rate": 0.002647216983013661,
    "overall_deadline_violation": 0.016779141891207966,
    "avg_deadline_violation": 0.00018042088055062334,
    "avg_migration_cost": 24.295141123892694,
    "weighted_avg_response_time": 0.05667579847038117
  },
  {
    "max_cost": 44.71156461646439,
    "avg_only_violated_deadline": 0.0007268686513787094,
    "max_deadline_violation": 0.0015005999246603765,
    "migration_rate": 0.07142857142857142,
    "weighted_avg_only_violated_deadline": 0.0008193765996572224,
    "avg_response_time": 0.2353607442758474,
    "avg_unavailability": 0.014019068899250847,
    "overall_response_time": 25.418960381791507,
    "time": 3600.0,
    "weighted_avg_deadline_violation": 0.0002586716935399144,
    "overall_cost": 251.3311600264796,
    "deadline_satisfaction": 0.6944444444444444,
    "weighted_overall_response_time": 3283.7753777038843,
    "max_migration_cost": 1.1210002140984572,
    "max_response_time": 0.7009928488680239,
    "avg_cost": 4.488056429044279,
    "overall_migration_cost": 2.0960002140984573,
    "elapsed_time": 40.41007295995951,
    "opt": "LLCOptimizer",
    "overall_power_consumption": 1197.4466925098814,
    "valid": true,
    "weighted_deadline_satisfaction": 0.6843067111653827,
    "weighted_overall_deadline_violation": 15.55739593376192,
    "weighted_migration_rate": 0.002638876525612799,
    "overall_deadline_violation": 0.023986665495497415,
    "avg_deadline_violation": 0.00022209875458793898,
    "avg_migration_cost": 0.5240000535246143,
    "weighted_avg_response_time": 0.05459909497526936
  },
  {
    "max_cost": 66.44785145326179,
    "avg_only_violated_deadline": 0.0006846454799716626,
    "max_deadline_violation": 0.0019975009591908233,
    "migration_rate": 0.11864406779661017,
    "weighted_avg_only_violated_deadline": 0.0008384533294417119,
    "avg_response_time": 0.23508130769115454,
    "avg_unavailability": 0.014019045836163951,
    "overall_response_time": 24.918618615262382,
    "time": 5400.0,
    "weighted_avg_deadline_violation": 0.0003378094325510228,
    "overall_cost": 286.0823200979741,
    "deadline_satisfaction": 0.6698113207547169,
    "weighted_overall_response_time": 3945.546215166146,
    "max_migration_cost": 1.4508944284950664,
    "max_response_time": 0.7009958112865486,
    "avg_cost": 4.848852883016511,
    "overall_migration_cost": 6.713500543099215,
    "elapsed_time": 41.5868950560689,
    "opt": "LLCOptimizer",
    "overall_power_consumption": 1200.6986762678757,
    "valid": true,
    "weighted_deadline_satisfaction": 0.5971040716411076,
    "weighted_overall_deadline_violation": 24.80737393908304,
    "weighted_migration_rate": 0.001554239300610561,
    "overall_deadline_violation": 0.02396259179900819,
    "avg_deadline_violation": 0.0002260621867830962,
    "avg_migration_cost": 0.9590715061570307,
    "weighted_avg_response_time": 0.05372768320105298
  },
  {
    "max_cost": 52.978226612689745,
    "avg_only_violated_deadline": 0.000730470568665534,
    "max_deadline_violation": 0.0019920603019737415,
    "migration_rate": 0.03508771929824561,
    "weighted_avg_only_violated_deadline": 0.0007397510739574252,
    "avg_response_time": 0.23555511641653354,
    "avg_unavailability": 0.014019045836451156,
    "overall_response_time": 24.968842340152573,
    "time": 7200.0,
    "weighted_avg_deadline_violation": 0.0002149240394983504,
    "overall_cost": 258.9437084191544,
    "deadline_satisfaction": 0.6981132075471698,
    "weighted_overall_response_time": 3555.9282583725035,
    "max_migration_cost": 1.2429999999999999,
    "max_response_time": 0.7009932731755543,
    "avg_cost": 4.542872077529024,
    "overall_migration_cost": 1.978303909764961,
    "elapsed_time": 41.84496936202049,
    "opt": "LLCOptimizer",
    "overall_power_consumption": 1205.4058940180807,
    "valid": true,
    "weighted_deadline_satisfaction": 0.7094643765117129,
    "weighted_overall_deadline_violation": 13.766271093709996,
    "weighted_migration_rate": 0.0005014190893194838,
    "overall_deadline_violation": 0.023375058197297092,
    "avg_deadline_violation": 0.00022051941695563288,
    "avg_migration_cost": 0.9891519548824805,
    "weighted_avg_response_time": 0.05551644742816022
  },
  {
    "max_cost": 53.019724954001695,
    "avg_only_violated_deadline": 0.0007376249541410131,
    "max_deadline_violation": 0.001034755660632103,
    "migration_rate": 0.16666666666666666,
    "weighted_avg_only_violated_deadline": 0.0007095554821418273,
    "avg_response_time": 0.24528621346884352,
    "avg_unavailability": 0.005019157781594773,
    "overall_response_time": 26.00033862769742,
    "time": 9000.0,
    "weighted_avg_deadline_violation": 0.00022805027459338358,
    "overall_cost": 265.97266303065504,
    "deadline_satisfaction": 0.6132075471698113,
    "weighted_overall_response_time": 3672.6764533733785,
    "max_migration_cost": 576.4844159182733,
    "max_response_time": 0.7009982476958767,
    "avg_cost": 4.92541968575287,
    "overall_migration_cost": 1800.6863740649742,
    "elapsed_time": 43.365606628358364,
    "opt": "LLCOptimizer",
    "overall_power_consumption": 1204.430509035109,
    "valid": true,
    "weighted_deadline_satisfaction": 0.6786012083156583,
    "weighted_overall_deadline_violation": 15.33605525728964,
    "weighted_migration_rate": 0.01734717188258025,
    "overall_deadline_violation": 0.03024262311978153,
    "avg_deadline_violation": 0.0002853077652809579,
    "avg_migration_cost": 200.0762637849971,
    "weighted_avg_response_time": 0.05461344913232112
  },
  {
    "max_cost": 55.45189711025452,
    "avg_only_violated_deadline": 0.0007275619846736484,
    "max_deadline_violation": 0.0019858170974325073,
    "migration_rate": 0.14035087719298245,
    "weighted_avg_only_violated_deadline": 0.0007919493987248015,
    "avg_response_time": 0.24994102823417222,
    "avg_unavailability": 0.01401904675348584,
    "overall_response_time": 25.99386693635392,
    "time": 10800.0,
    "weighted_avg_deadline_violation": 0.0002233324208605929,
    "overall_cost": 273.69030930745924,
    "deadline_satisfaction": 0.6730769230769231,
    "weighted_overall_response_time": 3718.8276632950274,
    "max_migration_cost": 1.4534559068831303,
    "max_response_time": 0.7019858170974326,
    "avg_cost": 4.801584373815074,
    "overall_migration_cost": 6.739206677512771,
    "elapsed_time": 43.38660851866007,
    "opt": "LLCOptimizer",
    "overall_power_consumption": 1218.778387721273,
    "valid": true,
    "weighted_deadline_satisfaction": 0.7179966027877498,
    "weighted_overall_deadline_violation": 15.48248475553206,
    "weighted_migration_rate": 0.00521517221691187,
    "overall_deadline_violation": 0.024737107478904043,
    "avg_deadline_violation": 0.0002378568026817697,
    "avg_migration_cost": 0.8424008346890963,
    "weighted_avg_response_time": 0.05364350735176804
  },
  {
    "max_cost": 67.94924713459592,
    "avg_only_violated_deadline": 0.0006820120489904365,
    "max_deadline_violation": 0.0015005999312803983,
    "migration_rate": 0.06779661016949153,
    "weighted_avg_only_violated_deadline": 0.0008080435015458337,
    "avg_response_time": 0.24115487266048916,
    "avg_unavailability": 0.0059027469333386325,
    "overall_response_time": 25.562416502011843,
    "time": 12600.0,
    "weighted_avg_deadline_violation": 0.00030446098024134176,
    "overall_cost": 310.19067742640505,
    "deadline_satisfaction": 0.6698113207547169,
    "weighted_overall_response_time": 4499.7805759132325,
    "max_migration_cost": 668.6051420342579,
    "max_response_time": 0.7009946436911568,
    "avg_cost": 5.25746910892212,
    "overall_migration_cost": 671.8832957749204,
    "elapsed_time": 43.21906288713217,
    "opt": "LLCOptimizer",
    "overall_power_consumption": 1215.0908158349748,
    "valid": true,
    "weighted_deadline_satisfaction": 0.6232121418476972,
    "weighted_overall_deadline_violation": 25.36384683851775,
    "weighted_migration_rate": 0.00366118301520265,
    "overall_deadline_violation": 0.023870421714665278,
    "avg_deadline_violation": 0.00022519265768552148,
    "avg_migration_cost": 167.9708239437301,
    "weighted_avg_response_time": 0.05401418853125177
  },
  {
    "max_cost": 55.29941478491031,
    "avg_only_violated_deadline": 0.0005807375505443386,
    "max_deadline_violation": 0.0010024802296681665,
    "migration_rate": 0.08196721311475409,
    "weighted_avg_only_violated_deadline": 0.0007928590531895509,
    "avg_response_time": 0.24566469062186858,
    "avg_unavailability": 0.005098421800320766,
    "overall_response_time": 25.303463134052464,
    "time": 14400.0,
    "weighted_avg_deadline_violation": 0.00027393312951880233,
    "overall_cost": 286.3425661217822,
    "deadline_satisfaction": 0.7184466019417476,
    "weighted_overall_response_time": 4038.938984853231,
    "max_migration_cost": 160.001,
    "max_response_time": 0.7009957295915441,
    "avg_cost": 4.694140428225938,
    "overall_migration_cost": 194.64200000000002,
    "elapsed_time": 43.76823913305998,
    "opt": "LLCOptimizer",
    "overall_power_consumption": 1211.0017666132476,
    "valid": true,
    "weighted_deadline_satisfaction": 0.6544995880203281,
    "weighted_overall_deadline_violation": 20.33341305611096,
    "weighted_migration_rate": 0.007520441831145082,
    "overall_deadline_violation": 0.01684138896578582,
    "avg_deadline_violation": 0.00016350863073578468,
    "avg_migration_cost": 38.9284,
    "weighted_avg_response_time": 0.05441286187435345
  },
  {
    "max_cost": 71.49960814862011,
    "avg_only_violated_deadline": 0.0006089268846000306,
    "max_deadline_violation": 0.0010029993079100283,
    "migration_rate": 0.06666666666666667,
    "weighted_avg_only_violated_deadline": 0.0007755526952832542,
    "avg_response_time": 0.2394473768713303,
    "avg_unavailability": 0.009307614656583463,
    "overall_response_time": 25.860316702103702,
    "time": 16200.0,
    "weighted_avg_deadline_violation": 0.00023120313194218757,
    "overall_cost": 294.53468796739344,
    "deadline_satisfaction": 0.7314814814814815,
    "weighted_overall_response_time": 4268.995943950604,
    "max_migration_cost": 1523.6180896697067,
    "max_response_time": 0.7009911524314746,
    "avg_cost": 4.908911466123226,
    "overall_migration_cost": 1525.7860896697068,
    "elapsed_time": 45.93127650022507,
    "opt": "LLCOptimizer",
    "overall_power_consumption": 1215.8940086919906,
    "valid": true,
    "weighted_deadline_satisfaction": 0.7018859797041314,
    "weighted_overall_deadline_violation": 17.87433556914356,
    "weighted_migration_rate": 0.002886630733554537,
    "overall_deadline_violation": 0.017658879653400888,
    "avg_deadline_violation": 0.0001635081449388971,
    "avg_migration_cost": 381.44652241742665,
    "weighted_avg_response_time": 0.055219128491340426
  },
  {
    "max_cost": 66.13608157922961,
    "avg_only_violated_deadline": 0.0006697320419161821,
    "max_deadline_violation": 0.0010013639516536707,
    "migration_rate": 0.19117647058823528,
    "weighted_avg_only_violated_deadline": 0.0008149455557430329,
    "avg_response_time": 0.261913361552223,
    "avg_unavailability": 0.005009518652881061,
    "overall_response_time": 24.881769347461205,
    "time": 18000.0,
    "weighted_avg_deadline_violation": 0.0003132525469045664,
    "overall_cost": 274.54938922150694,
    "deadline_satisfaction": 0.7263157894736842,
    "weighted_overall_response_time": 4261.247180711919,
    "max_migration_cost": 603.2254281307448,
    "max_response_time": 0.7009925600878084,
    "avg_cost": 4.037491017963337,
    "overall_migration_cost": 5050.190036203877,
    "elapsed_time": 46.19010257720947,
    "opt": "LLCOptimizer",
    "overall_power_consumption": 1129.7203058918644,
    "valid": true,
    "weighted_deadline_satisfaction": 0.6156153687850281,
    "weighted_overall_deadline_violation": 24.36970371455133,
    "weighted_migration_rate": 0.027364067114537396,
    "overall_deadline_violation": 0.017413033089820732,
    "avg_deadline_violation": 0.00018329508515600772,
    "avg_migration_cost": 388.47615663106745,
    "weighted_avg_response_time": 0.0547748363288826
  },
  {
    "max_cost": 64.94056532268111,
    "avg_only_violated_deadline": 0.0006694993812037961,
    "max_deadline_violation": 0.001500599933152917,
    "migration_rate": 0.06779661016949153,
    "weighted_avg_only_violated_deadline": 0.0007812623357627215,
    "avg_response_time": 0.24487763212169922,
    "avg_unavailability": 0.0058285315962822845,
    "overall_response_time": 25.46727374065671,
    "time": 19800.0,
    "weighted_avg_deadline_violation": 0.0002562962737894773,
    "overall_cost": 299.7921641509673,
    "deadline_satisfaction": 0.6730769230769231,
    "weighted_overall_response_time": 4157.831064354773,
    "max_migration_cost": 16.001,
    "max_response_time": 0.700993171478379,
    "avg_cost": 5.081223121202838,
    "overall_migration_cost": 16.97943544581436,
    "elapsed_time": 46.275803945958614,
    "opt": "LLCOptimizer",
    "overall_power_consumption": 1227.422957883905,
    "valid": true,
    "weighted_deadline_satisfaction": 0.671945949449536,
    "weighted_overall_deadline_violation": 19.831054094923918,
    "weighted_migration_rate": 0.0037366019953564847,
    "overall_deadline_violation": 0.022762978960929076,
    "avg_deadline_violation": 0.000218874797701241,
    "avg_migration_cost": 4.24485886145359,
    "weighted_avg_response_time": 0.053735752206587585
  },
  {
    "max_cost": 90.64560252753118,
    "avg_only_violated_deadline": 0.0006704334917263142,
    "max_deadline_violation": 0.000999136332141666,
    "migration_rate": 0.04918032786885246,
    "weighted_avg_only_violated_deadline": 0.000843580375521838,
    "avg_response_time": 0.24818597171643517,
    "avg_unavailability": 0.005828535851689898,
    "overall_response_time": 24.81859717164351,
    "time": 21600.0,
    "weighted_avg_deadline_violation": 0.00036226966945639567,
    "overall_cost": 329.67029294811584,
    "deadline_satisfaction": 0.7,
    "weighted_overall_response_time": 4898.817228573598,
    "max_migration_cost": 1.4866071592946601,
    "max_response_time": 0.7009958294851052,
    "avg_cost": 5.4044310319363245,
    "overall_migration_cost": 3.5326071592946597,
    "elapsed_time": 44.55778104811907,
    "opt": "LLCOptimizer",
    "overall_power_consumption": 1194.5047545356679,
    "valid": true,
    "weighted_deadline_satisfaction": 0.5705570210398788,
    "weighted_overall_deadline_violation": 33.206199498372754,
    "weighted_migration_rate": 0.0005576469821477373,
    "overall_deadline_violation": 0.020113004751789426,
    "avg_deadline_violation": 0.00020113004751789426,
    "avg_migration_cost": 1.1775357197648866,
    "weighted_avg_response_time": 0.05344462554980499
  },
  {
    "max_cost": 74.78256665433433,
    "avg_only_violated_deadline": 0.0006496844268162396,
    "max_deadline_violation": 0.00100057806223134,
    "migration_rate": 0.0,
    "weighted_avg_only_violated_deadline": 0.0008093373847301455,
    "avg_response_time": 0.24414865232543811,
    "avg_unavailability": 0.014019050995284353,
    "overall_response_time": 26.1239057988219,
    "time": 23400.0,
    "weighted_avg_deadline_violation": 0.0003348845961817229,
    "overall_cost": 307.76794094228313,
    "deadline_satisfaction": 0.6915887850467289,
    "weighted_overall_response_time": 4344.347421934805,
    "max_migration_cost": 0.0,
    "max_response_time": 0.700990441489402,
    "avg_cost": 5.30634380934971,
    "overall_migration_cost": 0.0,
    "elapsed_time": 46.59291110932827,
    "opt": "LLCOptimizer",
    "overall_power_consumption": 1206.589446070248,
    "valid": true,
    "weighted_deadline_satisfaction": 0.5862237399383414,
    "weighted_overall_deadline_violation": 28.178967272099555,
    "weighted_migration_rate": 0.0,
    "overall_deadline_violation": 0.021439586084935906,
    "avg_deadline_violation": 0.00020036996341061598,
    "avg_migration_cost": 0.0,
    "weighted_avg_response_time": 0.051629111103309366
  },
  {
    "max_cost": 70.68203328902791,
    "avg_only_violated_deadline": 0.0007025992405370452,
    "max_deadline_violation": 0.0015005999145541356,
    "migration_rate": 0.034482758620689655,
    "weighted_avg_only_violated_deadline": 0.000778635094896327,
    "avg_response_time": 0.23612728082085557,
    "avg_unavailability": 0.005924186095545738,
    "overall_response_time": 25.029491767010708,
    "time": 25200.0,
    "weighted_avg_deadline_violation": 0.00026715198360870916,
    "overall_cost": 304.6471989812238,
    "deadline_satisfaction": 0.6981132075471698,
    "weighted_overall_response_time": 4551.454455427411,
    "max_migration_cost": 501.32002893628515,
    "max_response_time": 0.7009952484517366,
    "avg_cost": 5.252537913469376,
    "overall_migration_cost": 537.0726697448702,
    "elapsed_time": 46.06090035289526,
    "opt": "LLCOptimizer",
    "overall_power_consumption": 1195.8982080623018,
    "valid": true,
    "weighted_deadline_satisfaction": 0.6568970685244034,
    "weighted_overall_deadline_violation": 22.91398007288809,
    "weighted_migration_rate": 0.004554533495772405,
    "overall_deadline_violation": 0.022483175697185442,
    "avg_deadline_violation": 0.00021210543110552305,
    "avg_migration_cost": 268.5363348724351,
    "weighted_avg_response_time": 0.05306498836973434
  },
  {
    "max_cost": 76.78237050598466,
    "avg_only_violated_deadline": 0.0006952999541953815,
    "max_deadline_violation": 0.0019933933531728343,
    "migration_rate": 0.10526315789473684,
    "weighted_avg_only_violated_deadline": 0.000748070912599221,
    "avg_response_time": 0.24815645378396461,
    "avg_unavailability": 0.005924193090723329,
    "overall_response_time": 25.808271193532335,
    "time": 27000.0,
    "weighted_avg_deadline_violation": 0.0002483574387513966,
    "overall_cost": 298.4426693756893,
    "deadline_satisfaction": 0.6634615384615384,
    "weighted_overall_response_time": 4532.511572373934,
    "max_migration_cost": 32.002,
    "max_response_time": 0.7009931942191111,
    "avg_cost": 5.2358363048366545,
    "overall_migration_cost": 52.16827566578398,
    "elapsed_time": 44.71916564553976,
    "opt": "LLCOptimizer",
    "overall_power_consumption": 1181.7459739171745,
    "valid": true,
    "weighted_deadline_satisfaction": 0.6680028128771075,
    "weighted_overall_deadline_violation": 21.10244910780187,
    "weighted_migration_rate": 0.005287339896359464,
    "overall_deadline_violation": 0.024335498396838354,
    "avg_deadline_violation": 0.00023399517689267642,
    "avg_migration_cost": 8.694712610963997,
    "weighted_avg_response_time": 0.05334371188269682
  },
  {
    "max_cost": 67.25395863257853,
    "avg_only_violated_deadline": 0.0007406388999791555,
    "max_deadline_violation": 0.0019921830202440094,
    "migration_rate": 0.02,
    "weighted_avg_only_violated_deadline": 0.0007213984496359082,
    "avg_response_time": 0.2508665072038234,
    "avg_unavailability": 0.01404126377607431,
    "overall_response_time": 26.09011674919765,
    "time": 28800.0,
    "weighted_avg_deadline_violation": 0.00021851117161200204,
    "overall_cost": 283.54878943324763,
    "deadline_satisfaction": 0.6346153846153846,
    "weighted_overall_response_time": 4243.998785028363,
    "max_migration_cost": 0.715,
    "max_response_time": 0.7009942009516005,
    "avg_cost": 5.6709757886649514,
    "overall_migration_cost": 0.715,
    "elapsed_time": 45.14537738263607,
    "opt": "LLCOptimizer",
    "overall_power_consumption": 1185.25816755783,
    "valid": true,
    "weighted_deadline_satisfaction": 0.6971005805151296,
    "weighted_overall_deadline_violation": 16.938341019481552,
    "weighted_migration_rate": 0.000463633390342354,
    "overall_deadline_violation": 0.028144278199207912,
    "avg_deadline_violation": 0.0002706180596077683,
    "avg_migration_cost": 0.715,
    "weighted_avg_response_time": 0.054749231094701714
  },
  {
    "max_cost": 78.50643771754002,
    "avg_only_violated_deadline": 0.0007776923604889811,
    "max_deadline_violation": 0.001992481897472642,
    "migration_rate": 0.16666666666666666,
    "weighted_avg_only_violated_deadline": 0.0005762570749723824,
    "avg_response_time": 0.22935785716681167,
    "avg_unavailability": 0.014040491300503423,
    "overall_response_time": 25.917437859849723,
    "time": 30600.0,
    "weighted_avg_deadline_violation": 0.0001309731098768706,
    "overall_cost": 275.82059866653884,
    "deadline_satisfaction": 0.6106194690265486,
    "weighted_overall_response_time": 4019.173820768471,
    "max_migration_cost": 2.436407207940445,
    "max_response_time": 0.7017574116635995,
    "avg_cost": 5.107788864195162,
    "overall_migration_cost": 10.986219668275055,
    "elapsed_time": 47.01116131991148,
    "opt": "LLCOptimizer",
    "overall_power_consumption": 1205.4577114961496,
    "valid": true,
    "weighted_deadline_satisfaction": 0.7727175672712611,
    "weighted_overall_deadline_violation": 9.731395904428897,
    "weighted_migration_rate": 0.002594356720080535,
    "overall_deadline_violation": 0.03421846386151517,
    "avg_deadline_violation": 0.0003028182642611962,
    "avg_migration_cost": 1.2206910742527837,
    "weighted_avg_response_time": 0.054093338675305275
  },
  {
    "max_cost": 79.44525417917451,
    "avg_only_violated_deadline": 0.0007424872937917761,
    "max_deadline_violation": 0.001995303902890433,
    "migration_rate": 0.06896551724137931,
    "weighted_avg_only_violated_deadline": 0.0007890073370601338,
    "avg_response_time": 0.23931893116731773,
    "avg_unavailability": 0.01404049129546382,
    "overall_response_time": 24.889168841401034,
    "time": 32400.0,
    "weighted_avg_deadline_violation": 0.0003259415072102969,
    "overall_cost": 324.088362195879,
    "deadline_satisfaction": 0.6730769230769231,
    "weighted_overall_response_time": 4932.331214300409,
    "max_migration_cost": 2.8819999999999997,
    "max_response_time": 0.7009948105784685,
    "avg_cost": 5.587730382687566,
    "overall_migration_cost": 6.808999999999999,
    "elapsed_time": 45.87229871749878,
    "opt": "LLCOptimizer",
    "overall_power_consumption": 1196.4818693400794,
    "valid": true,
    "weighted_deadline_satisfaction": 0.5868967347949319,
    "weighted_overall_deadline_violation": 30.01583064092469,
    "weighted_migration_rate": 0.0008738606434861903,
    "overall_deadline_violation": 0.025244567988920392,
    "avg_deadline_violation": 0.000242736230662696,
    "avg_migration_cost": 1.7022499999999998,
    "weighted_avg_response_time": 0.05356011930109765
  },
  {
    "max_cost": 78.96957592447012,
    "avg_only_violated_deadline": 0.0007382464710028154,
    "max_deadline_violation": 0.0016971133347665757,
    "migration_rate": 0.019230769230769232,
    "weighted_avg_only_violated_deadline": 0.000745049910938347,
    "avg_response_time": 0.23162994677795792,
    "avg_unavailability": 0.014040910842696265,
    "overall_response_time": 25.01603425201944,
    "time": 34200.0,
    "weighted_avg_deadline_violation": 0.00023743597282704663,
    "overall_cost": 309.48176235247536,
    "deadline_satisfaction": 0.6481481481481481,
    "weighted_overall_response_time": 4736.969966848676,
    "max_migration_cost": 1.1634453314843327,
    "max_response_time": 0.7009982803001616,
    "avg_cost": 5.951572352932217,
    "overall_migration_cost": 1.1634453314843327,
    "elapsed_time": 45.08298645913601,
    "opt": "LLCOptimizer",
    "overall_power_consumption": 1201.498678784625,
    "valid": true,
    "weighted_deadline_satisfaction": 0.68131534633967,
    "weighted_overall_deadline_violation": 20.532585197875125,
    "weighted_migration_rate": 0.00023168454476826288,
    "overall_deadline_violation": 0.028053365898106985,
    "avg_deadline_violation": 0.0002597533879454351,
    "avg_migration_cost": 1.1634453314843327,
    "weighted_avg_response_time": 0.05477766494048758
  },
  {
    "max_cost": 80.99681541901721,
    "avg_only_violated_deadline": 0.0007139902309046436,
    "max_deadline_violation": 0.0010028443038755316,
    "migration_rate": 0.10909090909090909,
    "weighted_avg_only_violated_deadline": 0.0007128808934704426,
    "avg_response_time": 0.2455294376471912,
    "avg_unavailability": 0.014040484275432088,
    "overall_response_time": 26.51717926589667,
    "time": 36000.0,
    "weighted_avg_deadline_violation": 0.00022406300436476258,
    "overall_cost": 310.58028235393675,
    "deadline_satisfaction": 0.6203703703703703,
    "weighted_overall_response_time": 4744.410245171627,
    "max_migration_cost": 1.4409999999999998,
    "max_response_time": 0.7010008514216663,
    "avg_cost": 5.646914224617032,
    "overall_migration_cost": 6.22944524178693,
    "elapsed_time": 44.93520484119654,
    "opt": "LLCOptimizer",
    "overall_power_consumption": 1209.6547744618433,
    "valid": true,
    "weighted_deadline_satisfaction": 0.6856936321101552,
    "weighted_overall_deadline_violation": 19.54922407592802,
    "weighted_migration_rate": 0.0013503170525242993,
    "overall_deadline_violation": 0.029273599467090374,
    "avg_deadline_violation": 0.00027105184691750354,
    "avg_migration_cost": 1.038240873631155,
    "weighted_avg_response_time": 0.0543779543036237
  },
  {
    "max_cost": 72.00986092845922,
    "avg_only_violated_deadline": 0.0007357748783053397,
    "max_deadline_violation": 0.001500599906382015,
    "migration_rate": 0.07547169811320754,
    "weighted_avg_only_violated_deadline": 0.0007115595791233788,
    "avg_response_time": 0.2381054995207796,
    "avg_unavailability": 0.014040484334951335,
    "overall_response_time": 26.667815946327323,
    "time": 37800.0,
    "weighted_avg_deadline_violation": 0.0002203966999338427,
    "overall_cost": 303.07673111683545,
    "deadline_satisfaction": 0.625,
    "weighted_overall_response_time": 4525.336229902469,
    "max_migration_cost": 1.4702500082768775,
    "max_response_time": 0.7009968118534795,
    "avg_cost": 5.718428888996895,
    "overall_migration_cost": 4.207482462586997,
    "elapsed_time": 45.36635655909777,
    "opt": "LLCOptimizer",
    "overall_power_consumption": 1217.964145505036,
    "valid": true,
    "weighted_deadline_satisfaction": 0.6902624792074824,
    "weighted_overall_deadline_violation": 18.293191362249562,
    "weighted_migration_rate": 0.0010007986804426961,
    "overall_deadline_violation": 0.030902544888824265,
    "avg_deadline_violation": 0.00027591557936450245,
    "avg_migration_cost": 1.0518706156467492,
    "weighted_avg_response_time": 0.05452133263197399
  },
  {
    "max_cost": 61.26860615498605,
    "avg_only_violated_deadline": 0.0006468389894282759,
    "max_deadline_violation": 0.0010050497954508034,
    "migration_rate": 0.09090909090909091,
    "weighted_avg_only_violated_deadline": 0.0005751429577869506,
    "avg_response_time": 0.2301092768532893,
    "avg_unavailability": 0.014040484275395905,
    "overall_response_time": 24.851801900155245,
    "time": 39600.0,
    "weighted_avg_deadline_violation": 0.0001488976105095299,
    "overall_cost": 270.96036110383307,
    "deadline_satisfaction": 0.6481481481481481,
    "weighted_overall_response_time": 3941.9680937256467,
    "max_migration_cost": 1.5949999999999998,
    "max_response_time": 0.7009978355086292,
    "avg_cost": 4.926552020069691,
    "overall_migration_cost": 6.039,
    "elapsed_time": 44.91378801316023,
    "opt": "LLCOptimizer",
    "overall_power_consumption": 1211.85756282311,
    "valid": true,
    "weighted_deadline_satisfaction": 0.741111999210663,
    "weighted_overall_deadline_violation": 10.573973329504394,
    "weighted_migration_rate": 0.00186899679705679,
    "overall_deadline_violation": 0.024579881598274483,
    "avg_deadline_violation": 0.0002275914962803193,
    "avg_migration_cost": 1.2077999999999998,
    "weighted_avg_response_time": 0.055508900161758364
  },
  {
    "max_cost": 63.66376744401239,
    "avg_only_violated_deadline": 0.000635573202823322,
    "max_deadline_violation": 0.0010052423921936768,
    "migration_rate": 0.06896551724137931,
    "weighted_avg_only_violated_deadline": 0.0005698656517189031,
    "avg_response_time": 0.23407369291242744,
    "avg_unavailability": 0.014040480008307939,
    "overall_response_time": 24.343664062892454,
    "time": 41400.0,
    "weighted_avg_deadline_violation": 0.00013892855845099318,
    "overall_cost": 267.7915164809183,
    "deadline_satisfaction": 0.7019230769230769,
    "weighted_overall_response_time": 3942.4877929827826,
    "max_migration_cost": 1.5949999999999998,
    "max_response_time": 0.7009940227314452,
    "avg_cost": 4.61709511173997,
    "overall_migration_cost": 4.601368797949467,
    "elapsed_time": 43.91694601625204,
    "opt": "LLCOptimizer",
    "overall_power_consumption": 1204.0540623015986,
    "valid": true,
    "weighted_deadline_satisfaction": 0.7562082255143144,
    "weighted_overall_deadline_violation": 9.95178145830837,
    "weighted_migration_rate": 0.0013381795116988657,
    "overall_deadline_violation": 0.019702769287522983,
    "avg_deadline_violation": 0.0001894497046877209,
    "avg_migration_cost": 1.1503421994873668,
    "weighted_avg_response_time": 0.05503779881866894
  },
  {
    "max_cost": 82.97646615267814,
    "avg_only_violated_deadline": 0.0007908124567297872,
    "max_deadline_violation": 0.001999746580896883,
    "migration_rate": 0.06,
    "weighted_avg_only_violated_deadline": 0.0007761857529316957,
    "avg_response_time": 0.2490272027981525,
    "avg_unavailability": 0.014040698168053752,
    "overall_response_time": 27.143965104998642,
    "time": 43200.0,
    "weighted_avg_deadline_violation": 0.00025630298476124274,
    "overall_cost": 324.9903994024951,
    "deadline_satisfaction": 0.5688073394495413,
    "weighted_overall_response_time": 5190.408761647822,
    "max_migration_cost": 81.70333015415945,
    "max_response_time": 0.701035430222,
    "avg_cost": 6.499807988049898,
    "overall_migration_cost": 81.907331291526,
    "elapsed_time": 45.288799837231636,
    "opt": "LLCOptimizer",
    "overall_power_consumption": 1199.9449281094185,
    "valid": true,
    "weighted_deadline_satisfaction": 0.6697916912373454,
    "weighted_overall_deadline_violation": 24.035301480393812,
    "weighted_migration_rate": 0.0017940776706974221,
    "overall_deadline_violation": 0.0371681854663,
    "avg_deadline_violation": 0.0003409925272137614,
    "avg_migration_cost": 27.302443763842,
    "weighted_avg_response_time": 0.055348473944727285
  },
  {
    "max_cost": 55.35110418642831,
    "avg_only_violated_deadline": 0.0009417247701983133,
    "max_deadline_violation": 0.0020000213001694633,
    "migration_rate": 0.125,
    "weighted_avg_only_violated_deadline": 0.0005531183322290671,
    "avg_response_time": 0.2551296975413006,
    "avg_unavailability": 0.005926184689819856,
    "overall_response_time": 28.06426672954307,
    "time": 45000.0,
    "weighted_avg_deadline_violation": 0.00013741403121367927,
    "overall_cost": 261.1875997419837,
    "deadline_satisfaction": 0.5636363636363636,
    "weighted_overall_response_time": 3671.1636851586763,
    "max_migration_cost": 839.3203551980145,
    "max_response_time": 0.7019779362970753,
    "avg_cost": 5.441408327957994,
    "overall_migration_cost": 843.7027551980286,
    "elapsed_time": 45.415962137281895,
    "opt": "LLCOptimizer",
    "overall_power_consumption": 1208.9656793837955,
    "valid": true,
    "weighted_deadline_satisfaction": 0.7515648583551725,
    "weighted_overall_deadline_violation": 9.397359115202763,
    "weighted_migration_rate": 0.005866279911120027,
    "overall_deadline_violation": 0.04520278896951904,
    "avg_deadline_violation": 0.0004109344451774459,
    "avg_migration_cost": 140.61712586633809,
    "weighted_avg_response_time": 0.05368203928769782
  },
  {
    "max_cost": 77.13633419306258,
    "avg_only_violated_deadline": 0.0008685067748407352,
    "max_deadline_violation": 0.0019697017959053875,
    "migration_rate": 0.16326530612244897,
    "weighted_avg_only_violated_deadline": 0.0006651407981413421,
    "avg_response_time": 0.23916085181582944,
    "avg_unavailability": 0.005158101093293158,
    "overall_response_time": 25.590211144293743,
    "time": 46800.0,
    "weighted_avg_deadline_violation": 0.00017247762439956985,
    "overall_cost": 300.795480453937,
    "deadline_satisfaction": 0.5233644859813084,
    "weighted_overall_response_time": 4313.773306005329,
    "max_migration_cost": 183.82738651848598,
    "max_response_time": 0.7019697017959055,
    "avg_cost": 6.138683274570142,
    "overall_migration_cost": 348.81190966453,
    "elapsed_time": 47.19203655421734,
    "opt": "LLCOptimizer",
    "overall_power_consumption": 1221.9289210515653,
    "valid": true,
    "weighted_deadline_satisfaction": 0.7406900540734558,
    "weighted_overall_deadline_violation": 14.092211530382256,
    "weighted_migration_rate": 0.006587448100492999,
    "overall_deadline_violation": 0.04429384551687751,
    "avg_deadline_violation": 0.00041396117305492983,
    "avg_migration_cost": 43.60148870806624,
    "weighted_avg_response_time": 0.05279720435745513
  },
  {
    "max_cost": 64.88552688586003,
    "avg_only_violated_deadline": 0.0007622984265232973,
    "max_deadline_violation": 0.002038777954858351,
    "migration_rate": 0.3157894736842105,
    "weighted_avg_only_violated_deadline": 0.0007251800639188064,
    "avg_response_time": 0.24523951743112338,
    "avg_unavailability": 0.005828561251198341,
    "overall_response_time": 25.995388847699083,
    "time": 48600.0,
    "weighted_avg_deadline_violation": 0.0002215001340080807,
    "overall_cost": 287.3074165317504,
    "deadline_satisfaction": 0.5188679245283019,
    "weighted_overall_response_time": 4113.891578995471,
    "max_migration_cost": 16.001,
    "max_response_time": 0.7010370321206266,
    "avg_cost": 5.0404809917850955,
    "overall_migration_cost": 35.17715519487656,
    "elapsed_time": 46.190905533730984,
    "opt": "LLCOptimizer",
    "overall_power_consumption": 1201.0861542456366,
    "valid": true,
    "weighted_deadline_satisfaction": 0.6945584344788596,
    "weighted_overall_deadline_violation": 17.135099642988525,
    "weighted_migration_rate": 0.010612681902348792,
    "overall_deadline_violation": 0.03887721975268815,
    "avg_deadline_violation": 0.0003667662240819637,
    "avg_migration_cost": 1.954286399715365,
    "weighted_avg_response_time": 0.05317900420935542
  },
  {
    "max_cost": 68.65328297764952,
    "avg_only_violated_deadline": 0.0006809387041673485,
    "max_deadline_violation": 0.00150059995468974,
    "migration_rate": 0.125,
    "weighted_avg_only_violated_deadline": 0.0007308044469660865,
    "avg_response_time": 0.24560080130254705,
    "avg_unavailability": 0.005902773027435635,
    "overall_response_time": 25.788084136767438,
    "time": 50400.0,
    "weighted_avg_deadline_violation": 0.00026385293409052457,
    "overall_cost": 286.765678971721,
    "deadline_satisfaction": 0.6476190476190476,
    "weighted_overall_response_time": 4130.906162571082,
    "max_migration_cost": 16.001,
    "max_response_time": 0.701002472653753,
    "avg_cost": 5.120815695923589,
    "overall_migration_cost": 17.983155863878014,
    "elapsed_time": 45.8444002494216,
    "opt": "LLCOptimizer",
    "overall_power_consumption": 1189.8042777856144,
    "valid": true,
    "weighted_deadline_satisfaction": 0.6389554891381651,
    "weighted_overall_deadline_violation": 20.73359496132249,
    "weighted_migration_rate": 0.005512093238216127,
    "overall_deadline_violation": 0.025194732054191895,
    "avg_deadline_violation": 0.00023994982908754188,
    "avg_migration_cost": 2.569022266268288,
    "weighted_avg_response_time": 0.05256935487937622
  },
  {
    "max_cost": 78.0919114846998,
    "avg_only_violated_deadline": 0.0007404842219456174,
    "max_deadline_violation": 0.001004004612149556,
    "migration_rate": 0.0784313725490196,
    "weighted_avg_only_violated_deadline": 0.0007584502680025421,
    "avg_response_time": 0.2538558538279814,
    "avg_unavailability": 0.014019477593663347,
    "overall_response_time": 27.416432213422,
    "time": 52200.0,
    "weighted_avg_deadline_violation": 0.0002701769042441327,
    "overall_cost": 320.52820142913066,
    "deadline_satisfaction": 0.5740740740740741,
    "weighted_overall_response_time": 4727.765154091741,
    "max_migration_cost": 150.8124116486389,
    "max_response_time": 0.7010040046121496,
    "avg_cost": 6.284866694688836,
    "overall_migration_cost": 153.0975951486335,
    "elapsed_time": 45.194338746368885,
    "opt": "LLCOptimizer",
    "overall_power_consumption": 1210.507592087973,
    "valid": true,
    "weighted_deadline_satisfaction": 0.6437776929584691,
    "weighted_overall_deadline_violation": 24.389956617307966,
    "weighted_migration_rate": 0.002245307863703669,
    "overall_deadline_violation": 0.0340622742094984,
    "avg_deadline_violation": 0.00031539142786572586,
    "avg_migration_cost": 38.27439878715838,
    "weighted_avg_response_time": 0.05237126795130712
  },
  {
    "max_cost": 54.99495341048549,
    "avg_only_violated_deadline": 0.0008078311080578328,
    "max_deadline_violation": 0.0015005999078653463,
    "migration_rate": 0.043478260869565216,
    "weighted_avg_only_violated_deadline": 0.0007808511147746961,
    "avg_response_time": 0.2566555886538924,
    "avg_unavailability": 0.014019654430677849,
    "overall_response_time": 26.94883680865868,
    "time": 54000.0,
    "weighted_avg_deadline_violation": 0.00029785314335174746,
    "overall_cost": 294.06886940565545,
    "deadline_satisfaction": 0.5714285714285714,
    "weighted_overall_response_time": 4044.490332621425,
    "max_migration_cost": 0.715,
    "max_response_time": 0.7010004360172875,
    "avg_cost": 6.392801508818596,
    "overall_migration_cost": 0.7889999999999999,
    "elapsed_time": 45.71959122270346,
    "opt": "LLCOptimizer",
    "overall_power_consumption": 1234.9052849848213,
    "valid": true,
    "weighted_deadline_satisfaction": 0.6185532200492682,
    "weighted_overall_deadline_violation": 22.86289347336527,
    "weighted_migration_rate": 0.000630256296110296,
    "overall_deadline_violation": 0.03635239986260248,
    "avg_deadline_violation": 0.00034621333202478554,
    "avg_migration_cost": 0.39449999999999996,
    "weighted_avg_response_time": 0.05269080049865301
  },
  {
    "max_cost": 65.8919522447654,
    "avg_only_violated_deadline": 0.0006513042480151671,
    "max_deadline_violation": 0.0010053109893133974,
    "migration_rate": 0.1320754716981132,
    "weighted_avg_only_violated_deadline": 0.0005556828148270964,
    "avg_response_time": 0.24417169709760347,
    "avg_unavailability": 0.005829396521282427,
    "overall_response_time": 25.149684801053166,
    "time": 55800.0,
    "weighted_avg_deadline_violation": 0.00013512169416872127,
    "overall_cost": 268.1896577589031,
    "deadline_satisfaction": 0.6407766990291263,
    "weighted_overall_response_time": 3730.9827292730747,
    "max_migration_cost": 162.82819179602504,
    "max_response_time": 0.7010024508031798,
    "avg_cost": 5.060182221866096,
    "overall_migration_cost": 229.57864200291027,
    "elapsed_time": 44.596513487398624,
    "opt": "LLCOptimizer",
    "overall_power_consumption": 1209.3144439243588,
    "valid": true,
    "weighted_deadline_satisfaction": 0.7568366511194607,
    "weighted_overall_deadline_violation": 9.46536424946644,
    "weighted_migration_rate": 0.0082712028458884,
    "overall_deadline_violation": 0.02409825717656118,
    "avg_deadline_violation": 0.00023396366190836098,
    "avg_migration_cost": 32.79694885755861,
    "weighted_avg_response_time": 0.05326120516936635
  },
  {
    "max_cost": 72.87413290300196,
    "avg_only_violated_deadline": 0.0007280918882975094,
    "max_deadline_violation": 0.0019956003854338933,
    "migration_rate": 0.1724137931034483,
    "weighted_avg_only_violated_deadline": 0.0006922762685065601,
    "avg_response_time": 0.23808521690406467,
    "avg_unavailability": 0.005902752103162359,
    "overall_response_time": 24.522777341118676,
    "time": 57600.0,
    "weighted_avg_deadline_violation": 0.00020428969052662405,
    "overall_cost": 283.4808851974997,
    "deadline_satisfaction": 0.6504854368932039,
    "weighted_overall_response_time": 3895.5015250712618,
    "max_migration_cost": 88.001,
    "max_response_time": 0.7019876858621659,
    "avg_cost": 4.887601468922407,
    "overall_migration_cost": 112.84029125562344,
    "elapsed_time": 45.62724789977074,
    "opt": "LLCOptimizer",
    "overall_power_consumption": 1216.8595623844694,
    "valid": true,
    "weighted_deadline_satisfaction": 0.7049014969596806,
    "weighted_overall_deadline_violation": 15.340249145514756,
    "weighted_migration_rate": 0.007723233413131012,
    "overall_deadline_violation": 0.02621130797871034,
    "avg_deadline_violation": 0.00025447871823990623,
    "avg_migration_cost": 11.284029125562343,
    "weighted_avg_response_time": 0.05187730612807435
  },
  {
    "max_cost": 66.8012228225979,
    "avg_only_violated_deadline": 0.0006009791130100468,
    "max_deadline_violation": 0.0010379699491128713,
    "migration_rate": 0.017543859649122806,
    "weighted_avg_only_violated_deadline": 0.0007792803047386612,
    "avg_response_time": 0.24000668780304413,
    "avg_unavailability": 0.014019050995323723,
    "overall_response_time": 24.72068884371354,
    "time": 59400.0,
    "weighted_avg_deadline_violation": 0.0003115574889296563,
    "overall_cost": 284.54146732646126,
    "deadline_satisfaction": 0.7087378640776699,
    "weighted_overall_response_time": 4188.02794742033,
    "max_migration_cost": 0.122,
    "max_response_time": 0.7010014834006258,
    "avg_cost": 4.991955567130901,
    "overall_migration_cost": 0.122,
    "elapsed_time": 45.02231373637915,
    "opt": "LLCOptimizer",
    "overall_power_consumption": 1157.597195072796,
    "valid": true,
    "weighted_deadline_satisfaction": 0.6001984304811353,
    "weighted_overall_deadline_violation": 24.754333843024828,
    "weighted_migration_rate": 0.00022270797271494122,
    "overall_deadline_violation": 0.018029373390301404,
    "avg_deadline_violation": 0.00017504246010001363,
    "avg_migration_cost": 0.122,
    "weighted_avg_response_time": 0.05271042554163361
  },
  {
    "max_cost": 60.04789610820613,
    "avg_only_violated_deadline": 0.0006514693843133945,
    "max_deadline_violation": 0.001048999363351455,
    "migration_rate": 0.06896551724137931,
    "weighted_avg_only_violated_deadline": 0.000749680024897164,
    "avg_response_time": 0.23499026370491158,
    "avg_unavailability": 0.005902752805311316,
    "overall_response_time": 24.90896795272063,
    "time": 61200.0,
    "weighted_avg_deadline_violation": 0.00027212493680978274,
    "overall_cost": 280.55308950488813,
    "deadline_satisfaction": 0.6886792452830188,
    "weighted_overall_response_time": 3851.672139822539,
    "max_migration_cost": 654.6715802952891,
    "max_response_time": 0.7010489993633515,
    "avg_cost": 4.8371222328429,
    "overall_migration_cost": 744.4215802952891,
    "elapsed_time": 44.74847198277712,
    "opt": "LLCOptimizer",
    "overall_power_consumption": 1193.1106299874796,
    "valid": true,
    "weighted_deadline_satisfaction": 0.6370118880423535,
    "weighted_overall_deadline_violation": 20.226531632717553,
    "weighted_migration_rate": 0.005802813873926989,
    "overall_deadline_violation": 0.021498489682342012,
    "avg_deadline_violation": 0.000202815940399453,
    "avg_migration_cost": 186.10539507382228,
    "weighted_avg_response_time": 0.05181986000831649
  },
  {
    "max_cost": 73.19107055840573,
    "avg_only_violated_deadline": 0.0006228344535299784,
    "max_deadline_violation": 0.0010022845168890307,
    "migration_rate": 0.017857142857142856,
    "weighted_avg_only_violated_deadline": 0.0007660553820644062,
    "avg_response_time": 0.2400477283809052,
    "avg_unavailability": 0.014040485880321309,
    "overall_response_time": 25.205011479995033,
    "time": 63000.0,
    "weighted_avg_deadline_violation": 0.0002558136889218981,
    "overall_cost": 286.10977783303736,
    "deadline_satisfaction": 0.6952380952380952,
    "weighted_overall_response_time": 4282.198258824346,
    "max_migration_cost": 1.4444037096675533,
    "max_response_time": 0.7009923907334655,
    "avg_cost": 5.109103175589955,
    "overall_migration_cost": 1.4444037096675533,
    "elapsed_time": 44.60842003673315,
    "opt": "LLCOptimizer",
    "overall_power_consumption": 1163.669667043399,
    "valid": true,
    "weighted_deadline_satisfaction": 0.6660637143067674,
    "weighted_overall_deadline_violation": 20.5507732387248,
    "weighted_migration_rate": 0.0002752761302322103,
    "overall_deadline_violation": 0.01993070251295932,
    "avg_deadline_violation": 0.0001898162144091363,
    "avg_migration_cost": 1.4444037096675533,
    "weighted_avg_response_time": 0.05330431709599065
  },
  {
    "max_cost": 53.739863892282806,
    "avg_only_violated_deadline": 0.000658735192469317,
    "max_deadline_violation": 0.001060947581091598,
    "migration_rate": 0.1206896551724138,
    "weighted_avg_only_violated_deadline": 0.0007392981836666805,
    "avg_response_time": 0.2434714085256381,
    "avg_unavailability": 0.009329056547094372,
    "overall_response_time": 25.564497895192005,
    "time": 64800.0,
    "weighted_avg_deadline_violation": 0.00029214691189697256,
    "overall_cost": 259.1001553199011,
    "deadline_satisfaction": 0.6476190476190476,
    "weighted_overall_response_time": 3585.2502112061898,
    "max_migration_cost": 2013.0599204948348,
    "max_response_time": 0.7010002550000858,
    "avg_cost": 4.467244057239673,
    "overall_migration_cost": 2239.037859511859,
    "elapsed_time": 46.175700314342976,
    "opt": "LLCOptimizer",
    "overall_power_consumption": 1179.00629802174,
    "valid": true,
    "weighted_deadline_satisfaction": 0.6048320983990275,
    "weighted_overall_deadline_violation": 19.71828094214125,
    "weighted_migration_rate": 0.00601778047036538,
    "overall_deadline_violation": 0.024373202121364727,
    "avg_deadline_violation": 0.0002321257344891878,
    "avg_migration_cost": 319.86255135883704,
    "weighted_avg_response_time": 0.053119223762723974
  },
  {
    "max_cost": 56.041662047752915,
    "avg_only_violated_deadline": 0.0006896386189458652,
    "max_deadline_violation": 0.0016659361780664295,
    "migration_rate": 0.07272727272727272,
    "weighted_avg_only_violated_deadline": 0.0007529011020553665,
    "avg_response_time": 0.2503033261043369,
    "avg_unavailability": 0.015117613799039975,
    "overall_response_time": 26.782455893164062,
    "time": 66600.0,
    "weighted_avg_deadline_violation": 0.00030633752714810555,
    "overall_cost": 257.17852142224325,
    "deadline_satisfaction": 0.6635514018691588,
    "weighted_overall_response_time": 3626.285429003078,
    "max_migration_cost": 1.6705644522752534,
    "max_response_time": 0.70098951942598,
    "avg_cost": 4.675973116768059,
    "overall_migration_cost": 5.420259433904115,
    "elapsed_time": 46.04026071727276,
    "opt": "LLCOptimizer",
    "overall_power_consumption": 1164.9501242479273,
    "valid": true,
    "weighted_deadline_satisfaction": 0.5931238162464822,
    "weighted_overall_deadline_violation": 20.48773264691348,
    "weighted_migration_rate": 0.001020935389000812,
    "overall_deadline_violation": 0.024826990282051146,
    "avg_deadline_violation": 0.00023202794656122566,
    "avg_migration_cost": 1.355064858476029,
    "weighted_avg_response_time": 0.05422109562823505
  },
  {
    "max_cost": 65.60074335756943,
    "avg_only_violated_deadline": 0.0006546799667474915,
    "max_deadline_violation": 0.0019977054621821977,
    "migration_rate": 0.06896551724137931,
    "weighted_avg_only_violated_deadline": 0.0007457935500690352,
    "avg_response_time": 0.25677376544542396,
    "avg_unavailability": 0.010406185933297797,
    "overall_response_time": 26.704471606324123,
    "time": 68400.0,
    "weighted_avg_deadline_violation": 0.0002508074101139628,
    "overall_cost": 259.09499115127693,
    "deadline_satisfaction": 0.6923076923076923,
    "weighted_overall_response_time": 3866.3851332224235,
    "max_migration_cost": 1543.9229101877045,
    "max_response_time": 0.7009849330068537,
    "avg_cost": 4.467155019849603,
    "overall_migration_cost": 1546.6540492003396,
    "elapsed_time": 45.914611496031284,
    "opt": "LLCOptimizer",
    "overall_power_consumption": 1130.7045721719282,
    "valid": true,
    "weighted_deadline_satisfaction": 0.6637039699649502,
    "weighted_overall_deadline_violation": 17.471093791298625,
    "weighted_migration_rate": 0.0030845321106785523,
    "overall_deadline_violation": 0.020949758935919736,
    "avg_deadline_violation": 0.00020143998976845893,
    "avg_migration_cost": 386.66351230008485,
    "weighted_avg_response_time": 0.05550414034464213
  },
  {
    "max_cost": 55.694309741743055,
    "avg_only_violated_deadline": 0.0007102965193780983,
    "max_deadline_violation": 0.0016906632177565162,
    "migration_rate": 0.15789473684210525,
    "weighted_avg_only_violated_deadline": 0.0005989125914330017,
    "avg_response_time": 0.2595786164497131,
    "avg_unavailability": 0.0014051228491029453,
    "overall_response_time": 26.217440261421014,
    "time": 70200.0,
    "weighted_avg_deadline_violation": 0.00019156120367625151,
    "overall_cost": 233.73103482260794,
    "deadline_satisfaction": 0.6732673267326733,
    "weighted_overall_response_time": 3248.2569550876415,
    "max_migration_cost": 458.33514966897917,
    "max_response_time": 0.7010002550000858,
    "avg_cost": 4.1005444705720695,
    "overall_migration_cost": 985.3702342777074,
    "elapsed_time": 47.98551966995001,
    "opt": "LLCOptimizer",
    "overall_power_consumption": 1172.200098967286,
    "valid": true,
    "weighted_deadline_satisfaction": 0.6801516508145065,
    "weighted_overall_deadline_violation": 11.31651575654543,
    "weighted_migration_rate": 0.020573095605500972,
    "overall_deadline_violation": 0.02343978513947724,
    "avg_deadline_violation": 0.00023207708058888357,
    "avg_migration_cost": 109.48558158641194,
    "weighted_avg_response_time": 0.054985123120289296
  },
  {
    "max_cost": 55.570178016157584,
    "avg_only_violated_deadline": 0.0006461986961319395,
    "max_deadline_violation": 0.001002324341265591,
    "migration_rate": 0.1935483870967742,
    "weighted_avg_only_violated_deadline": 0.0007526254216579435,
    "avg_response_time": 0.2533439243055696,
    "avg_unavailability": 0.001100714871427782,
    "overall_response_time": 26.34776812777922,
    "time": 72000.0,
    "weighted_avg_deadline_violation": 0.00032911175915688545,
    "overall_cost": 245.73617468098237,
    "deadline_satisfaction": 0.6730769230769231,
    "weighted_overall_response_time": 3387.0556171683647,
    "max_migration_cost": 22.401999999999997,
    "max_response_time": 0.7009992030351248,
    "avg_cost": 3.9634866884029405,
    "overall_migration_cost": 110.34387934168242,
    "elapsed_time": 49.930626191198826,
    "opt": "LLCOptimizer",
    "overall_power_consumption": 1159.8760149965613,
    "valid": true,
    "weighted_deadline_satisfaction": 0.5627150642455158,
    "weighted_overall_deadline_violation": 21.13299874808933,
    "weighted_migration_rate": 0.01984658940724472,
    "overall_deadline_violation": 0.02197075566848594,
    "avg_deadline_violation": 0.0002112572660431341,
    "avg_migration_cost": 9.195323278473534,
    "weighted_avg_response_time": 0.052747830339472015
  },
  {
    "max_cost": 61.064566791488446,
    "avg_only_violated_deadline": 0.0007335203169835668,
    "max_deadline_violation": 0.001002532447359282,
    "migration_rate": 0.1836734693877551,
    "weighted_avg_only_violated_deadline": 0.0008067581161870541,
    "avg_response_time": 0.2452076132780817,
    "avg_unavailability": 0.007001797541449555,
    "overall_response_time": 26.23721462075473,
    "time": 73800.0,
    "weighted_avg_deadline_violation": 0.00030457461349499217,
    "overall_cost": 253.5712837946503,
    "deadline_satisfaction": 0.5981308411214953,
    "weighted_overall_response_time": 3779.8117159124167,
    "max_migration_cost": 29.1086612101346,
    "max_response_time": 0.7009948376856224,
    "avg_cost": 5.1749241590744965,
    "overall_migration_cost": 44.276420177450134,
    "elapsed_time": 47.15678200870752,
    "opt": "LLCOptimizer",
    "overall_power_consumption": 1120.2468901413927,
    "valid": true,
    "weighted_deadline_satisfaction": 0.6224709644887239,
    "weighted_overall_deadline_violation": 20.582173131969334,
    "weighted_migration_rate": 0.00497977132223183,
    "overall_deadline_violation": 0.03154137363029337,
    "avg_deadline_violation": 0.0002947791928064801,
    "avg_migration_cost": 4.919602241938904,
    "weighted_avg_response_time": 0.055933583158413326
  },
  {
    "max_cost": 48.03938695486734,
    "avg_only_violated_deadline": 0.0006567837734878695,
    "max_deadline_violation": 0.0010036508642296896,
    "migration_rate": 0.18518518518518517,
    "weighted_avg_only_violated_deadline": 0.0006963916136719819,
    "avg_response_time": 0.24526997937491932,
    "avg_unavailability": 0.015117611388944113,
    "overall_response_time": 27.224967710616042,
    "time": 75600.0,
    "weighted_avg_deadline_violation": 0.0002631361614474827,
    "overall_cost": 239.54746647203777,
    "deadline_satisfaction": 0.6126126126126126,
    "weighted_overall_response_time": 3362.11152084063,
    "max_migration_cost": 1.5293364474119782,
    "max_response_time": 0.7009735507157825,
    "avg_cost": 4.436064193926626,
    "overall_migration_cost": 10.554787661475473,
    "elapsed_time": 47.87358529120684,
    "opt": "LLCOptimizer",
    "overall_power_consumption": 1154.8577922069608,
    "valid": true,
    "weighted_deadline_satisfaction": 0.6221434085628916,
    "weighted_overall_deadline_violation": 16.028203767972407,
    "weighted_migration_rate": 0.004045589912833106,
    "overall_deadline_violation": 0.02824170225997838,
    "avg_deadline_violation": 0.00025442975008989533,
    "avg_migration_cost": 1.0554787661475469,
    "weighted_avg_response_time": 0.05519602400614331
  },
  {
    "max_cost": 66.33739142888714,
    "avg_only_violated_deadline": 0.0007224514727987945,
    "max_deadline_violation": 0.0015385408085961966,
    "migration_rate": 0.07407407407407407,
    "weighted_avg_only_violated_deadline": 0.000828760757804073,
    "avg_response_time": 0.2475993729881649,
    "avg_unavailability": 0.01040660546703881,
    "overall_response_time": 27.235931028698143,
    "time": 77400.0,
    "weighted_avg_deadline_violation": 0.0003587148180451687,
    "overall_cost": 269.59895987674884,
    "deadline_satisfaction": 0.6363636363636364,
    "weighted_overall_response_time": 3788.2934765203504,
    "max_migration_cost": 1325.0137034707761,
    "max_response_time": 0.7009957903533512,
    "avg_cost": 4.992573331050903,
    "overall_migration_cost": 1327.7788273597168,
    "elapsed_time": 47.62231767177582,
    "opt": "LLCOptimizer",
    "overall_power_consumption": 1159.6421434394006,
    "valid": true,
    "weighted_deadline_satisfaction": 0.5671672256832745,
    "weighted_overall_deadline_violation": 25.171495923544736,
    "weighted_migration_rate": 0.004795138310462656,
    "overall_deadline_violation": 0.028898058911951782,
    "avg_deadline_violation": 0.00026270962647228894,
    "avg_migration_cost": 331.9447068399292,
    "weighted_avg_response_time": 0.05398634269728096
  },
  {
    "max_cost": 54.57462918387143,
    "avg_only_violated_deadline": 0.0006939164175057185,
    "max_deadline_violation": 0.0010024148342265074,
    "migration_rate": 0.1320754716981132,
    "weighted_avg_only_violated_deadline": 0.0007500496163768814,
    "avg_response_time": 0.24471754158379902,
    "avg_unavailability": 0.015118037878550388,
    "overall_response_time": 26.67421203263409,
    "time": 79200.0,
    "weighted_avg_deadline_violation": 0.00032356526742144886,
    "overall_cost": 252.18231759990113,
    "deadline_satisfaction": 0.6238532110091743,
    "weighted_overall_response_time": 3469.361989023855,
    "max_migration_cost": 1.5604542916914865,
    "max_response_time": 0.7009983797984148,
    "avg_cost": 4.7581569358471905,
    "overall_migration_cost": 7.486274511340835,
    "elapsed_time": 47.08326208591461,
    "opt": "LLCOptimizer",
    "overall_power_consumption": 1180.3374192848148,
    "valid": true,
    "weighted_deadline_satisfaction": 0.5686081822367531,
    "weighted_overall_deadline_violation": 20.93947263214466,
    "weighted_migration_rate": 0.004666836625541959,
    "overall_deadline_violation": 0.02845057311773446,
    "avg_deadline_violation": 0.0002610144322727932,
    "avg_migration_cost": 1.0694677873344052,
    "weighted_avg_response_time": 0.053609995795072626
  },
  {
    "max_cost": 47.25804578906,
    "avg_only_violated_deadline": 0.0006826824096245415,
    "max_deadline_violation": 0.0010037598576092335,
    "migration_rate": 0.08,
    "weighted_avg_only_violated_deadline": 0.000745408904292935,
    "avg_response_time": 0.2571963891988336,
    "avg_unavailability": 0.015118042371721006,
    "overall_response_time": 27.262817255076346,
    "time": 81000.0,
    "weighted_avg_deadline_violation": 0.00024752158607762085,
    "overall_cost": 241.15657124526288,
    "deadline_satisfaction": 0.660377358490566,
    "weighted_overall_response_time": 3530.07195663726,
    "max_migration_cost": 1.5949999999999998,
    "max_response_time": 0.7009924788860753,
    "avg_cost": 4.823131424905258,
    "overall_migration_cost": 3.297001325718477,
    "elapsed_time": 47.41744934767485,
    "opt": "LLCOptimizer",
    "overall_power_consumption": 1160.9356891821865,
    "valid": true,
    "weighted_deadline_satisfaction": 0.6679385171654073,
    "weighted_overall_deadline_violation": 15.57897941949387,
    "weighted_migration_rate": 0.0024042082777704673,
    "overall_deadline_violation": 0.024576566746483494,
    "avg_deadline_violation": 0.00023185440326871213,
    "avg_migration_cost": 0.8242503314296192,
    "weighted_avg_response_time": 0.056086408881293195
  },
  {
    "max_cost": 55.53890944132137,
    "avg_only_violated_deadline": 0.0007572322638465447,
    "max_deadline_violation": 0.001002327183498082,
    "migration_rate": 0.08888888888888889,
    "weighted_avg_only_violated_deadline": 0.0007880798179403354,
    "avg_response_time": 0.2487017685584033,
    "avg_unavailability": 0.015117993560266087,
    "overall_response_time": 26.113685698632345,
    "time": 82800.0,
    "weighted_avg_deadline_violation": 0.00031518379818159045,
    "overall_cost": 253.18435092267535,
    "deadline_satisfaction": 0.5714285714285714,
    "weighted_overall_response_time": 3645.8474275708136,
    "max_migration_cost": 0.8029999999999999,
    "max_response_time": 0.7009947651299013,
    "avg_cost": 5.6263189093927855,
    "overall_migration_cost": 1.2057215614047938,
    "elapsed_time": 48.02040362358093,
    "opt": "LLCOptimizer",
    "overall_power_consumption": 1162.1166146887908,
    "valid": true,
    "weighted_deadline_satisfaction": 0.6000610712182294,
    "weighted_overall_deadline_violation": 20.96228635829982,
    "weighted_migration_rate": 0.0008708059373667596,
    "overall_deadline_violation": 0.03407545187309451,
    "avg_deadline_violation": 0.00032452811307709064,
    "avg_migration_cost": 0.30143039035119845,
    "weighted_avg_response_time": 0.05481806803757213
  },
  {
    "max_cost": 66.18008266484547,
    "avg_only_violated_deadline": 0.0006795423947919001,
    "max_deadline_violation": 0.0010013599522661273,
    "migration_rate": 0.29310344827586204,
    "weighted_avg_only_violated_deadline": 0.0008445941146683736,
    "avg_response_time": 0.24914652112599578,
    "avg_unavailability": 0.014040479494436668,
    "overall_response_time": 25.41294515485157,
    "time": 84600.0,
    "weighted_avg_deadline_violation": 0.00040791503736208176,
    "overall_cost": 249.72200832330853,
    "deadline_satisfaction": 0.5784313725490197,
    "weighted_overall_response_time": 3413.9921548288366,
    "max_migration_cost": 228.46041137409196,
    "max_response_time": 0.7009707370416134,
    "avg_cost": 4.305551867643251,
    "overall_migration_cost": 257.31803003465933,
    "elapsed_time": 46.246606320142746,
    "opt": "LLCOptimizer",
    "overall_power_consumption": 1142.6776331105507,
    "valid": true,
    "weighted_deadline_satisfaction": 0.5170283213230203,
    "weighted_overall_deadline_violation": 25.60386912212603,
    "weighted_migration_rate": 0.006076878804213331,
    "overall_deadline_violation": 0.029220322976051705,
    "avg_deadline_violation": 0.00028647375466717357,
    "avg_migration_cost": 15.136354707921136,
    "weighted_avg_response_time": 0.054390948912772054
  }
]