[
  {
    "time": 0.0,
    "elapsed_time": 6.409968532156199,
    "id": -1,
    "type": "global"
  },
  {
    "time": 0.0,
    "elapsed_time": 2.774024866055697,
    "id": 11,
    "type": "cluster"
  },
  {
    "time": 0.0,
    "elapsed_time": 3.0178845191840082,
    "id": 12,
    "type": "cluster"
  },
  {
    "time": 0.0,
    "elapsed_time": 5.365178619977087,
    "id": 13,
    "type": "cluster"
  },
  {
    "time": 0.0,
    "elapsed_time": 6.428999003954232,
    "id": 14,
    "type": "cluster"
  },
  {
    "time": 0.0,
    "elapsed_time": 3.072476139990613,
    "id": 15,
    "type": "cluster"
  },
  {
    "time": 0.0,
    "elapsed_time": 2.719689643010497,
    "id": 16,
    "type": "cluster"
  },
  {
    "time": 0.0,
    "elapsed_time": 2.601456404896453,
    "id": 17,
    "type": "cluster"
  },
  {
    "time": 0.0,
    "elapsed_time": 26.01772955409251,
    "id": -2,
    "type": "all_clusters"
  },
  {
    "time": 1800.0,
    "elapsed_time": 4.12679124600254,
    "id": 11,
    "type": "cluster"
  },
  {
    "time": 1800.0,
    "elapsed_time": 3.264593035914004,
    "id": 12,
    "type": "cluster"
  },
  {
    "time": 1800.0,
    "elapsed_time": 4.092801311984658,
    "id": 13,
    "type": "cluster"
  },
  {
    "time": 1800.0,
    "elapsed_time": 3.124553209869191,
    "id": 14,
    "type": "cluster"
  },
  {
    "time": 1800.0,
    "elapsed_time": 3.09349704394117,
    "id": 15,
    "type": "cluster"
  },
  {
    "time": 1800.0,
    "elapsed_time": 2.8800474698655307,
    "id": 16,
    "type": "cluster"
  },
  {
    "time": 1800.0,
    "elapsed_time": 2.9765001330524683,
    "id": 17,
    "type": "cluster"
  },
  {
    "time": 1800.0,
    "elapsed_time": 26.95540176704526,
    "id": -2,
    "type": "all_clusters"
  },
  {
    "time": 3600.0,
    "elapsed_time": 6.765003886073828,
    "id": -1,
    "type": "global"
  },
  {
    "time": 3600.0,
    "elapsed_time": 4.167201068950817,
    "id": 11,
    "type": "cluster"
  },
  {
    "time": 3600.0,
    "elapsed_time": 3.215483507141471,
    "id": 12,
    "type": "cluster"
  },
  {
    "time": 3600.0,
    "elapsed_time": 3.2249754020012915,
    "id": 13,
    "type": "cluster"
  },
  {
    "time": 3600.0,
    "elapsed_time": 6.727657502982765,
    "id": 14,
    "type": "cluster"
  },
  {
    "time": 3600.0,
    "elapsed_time": 3.4605275120120496,
    "id": 15,
    "type": "cluster"
  },
  {
    "time": 3600.0,
    "elapsed_time": 2.782543352805078,
    "id": 16,
    "type": "cluster"
  },
  {
    "time": 3600.0,
    "elapsed_time": 3.102272531017661,
    "id": 17,
    "type": "cluster"
  },
  {
    "time": 3600.0,
    "elapsed_time": 42.35289894021116,
    "id": -2,
    "type": "all_clusters"
  },
  {
    "time": 5400.0,
    "elapsed_time": 3.219224950997159,
    "id": 11,
    "type": "cluster"
  },
  {
    "time": 5400.0,
    "elapsed_time": 3.125379214063287,
    "id": 12,
    "type": "cluster"
  },
  {
    "time": 5400.0,
    "elapsed_time": 3.302170484093949,
    "id": 13,
    "type": "cluster"
  },
  {
    "time": 5400.0,
    "elapsed_time": 4.600566596956924,
    "id": 14,
    "type": "cluster"
  },
  {
    "time": 5400.0,
    "elapsed_time": 3.39522647485137,
    "id": 15,
    "type": "cluster"
  },
  {
    "time": 5400.0,
    "elapsed_time": 2.7849238249473274,
    "id": 16,
    "type": "cluster"
  },
  {
    "time": 5400.0,
    "elapsed_time": 3.236527706962079,
    "id": 17,
    "type": "cluster"
  },
  {
    "time": 5400.0,
    "elapsed_time": 33.52544667921029,
    "id": -2,
    "type": "all_clusters"
  },
  {
    "time": 7200.0,
    "elapsed_time": 7.029408904956654,
    "id": -1,
    "type": "global"
  },
  {
    "time": 7200.0,
    "elapsed_time": 3.1146649019792676,
    "id": 11,
    "type": "cluster"
  },
  {
    "time": 7200.0,
    "elapsed_time": 3.291126317810267,
    "id": 12,
    "type": "cluster"
  },
  {
    "time": 7200.0,
    "elapsed_time": 5.425486195133999,
    "id": 13,
    "type": "cluster"
  },
  {
    "time": 7200.0,
    "elapsed_time": 4.178742517950013,
    "id": 14,
    "type": "cluster"
  },
  {
    "time": 7200.0,
    "elapsed_time": 3.1745130689814687,
    "id": 15,
    "type": "cluster"
  },
  {
    "time": 7200.0,
    "elapsed_time": 2.7478167950175703,
    "id": 16,
    "type": "cluster"
  },
  {
    "time": 7200.0,
    "elapsed_time": 3.0259292139671743,
    "id": 17,
    "type": "cluster"
  },
  {
    "time": 7200.0,
    "elapsed_time": 40.60911507392302,
    "id": -2,
    "type": "all_clusters"
  },
  {
    "time": 9000.0,
    "elapsed_time": 3.0966341600287706,
    "id": 11,
    "type": "cluster"
  },
  {
    "time": 9000.0,
    "elapsed_time": 3.3294056539889425,
    "id": 12,
    "type": "cluster"
  },
  {
    "time": 9000.0,
    "elapsed_time": 3.2863189538475126,
    "id": 13,
    "type": "cluster"
  },
  {
    "time": 9000.0,
    "elapsed_time": 3.4478677650913596,
    "id": 14,
    "type": "cluster"
  },
  {
    "time": 9000.0,
    "elapsed_time": 3.302327351178974,
    "id": 15,
    "type": "cluster"
  },
  {
    "time": 9000.0,
    "elapsed_time": 2.7979969431180507,
    "id": 16,
    "type": "cluster"
  },
  {
    "time": 9000.0,
    "elapsed_time": 3.03077200287953,
    "id": 17,
    "type": "cluster"
  },
  {
    "time": 9000.0,
    "elapsed_time": 44.893712983932346,
    "id": -2,
    "type": "all_clusters"
  },
  {
    "time": 10800.0,
    "elapsed_time": 7.962679286953062,
    "id": -1,
    "type": "global"
  },
  {
    "time": 10800.0,
    "elapsed_time": 2.895642732968554,
    "id": 11,
    "type": "cluster"
  },
  {
    "time": 10800.0,
    "elapsed_time": 3.395645432174206,
    "id": 12,
    "type": "cluster"
  },
  {
    "time": 10800.0,
    "elapsed_time": 4.376432999968529,
    "id": 13,
    "type": "cluster"
  },
  {
    "time": 10800.0,
    "elapsed_time": 5.6709691090509295,
    "id": 14,
    "type": "cluster"
  },
  {
    "time": 10800.0,
    "elapsed_time": 4.707415587035939,
    "id": 15,
    "type": "cluster"
  },
  {
    "time": 10800.0,
    "elapsed_time": 2.9095753231085837,
    "id": 16,
    "type": "cluster"
  },
  {
    "time": 10800.0,
    "elapsed_time": 2.9927022599149495,
    "id": 17,
    "type": "cluster"
  },
  {
    "time": 10800.0,
    "elapsed_time": 47.688425708096474,
    "id": -2,
    "type": "all_clusters"
  },
  {
    "time": 12600.0,
    "elapsed_time": 2.9598185040522367,
    "id": 11,
    "type": "cluster"
  },
  {
    "time": 12600.0,
    "elapsed_time": 3.103757906006649,
    "id": 12,
    "type": "cluster"
  },
  {
    "time": 12600.0,
    "elapsed_time": 4.243913448881358,
    "id": 13,
    "type": "cluster"
  },
  {
    "time": 12600.0,
    "elapsed_time": 4.24212205898948,
    "id": 14,
    "type": "cluster"
  },
  {
    "time": 12600.0,
    "elapsed_time": 3.1284384939353913,
    "id": 15,
    "type": "cluster"
  },
  {
    "time": 12600.0,
    "elapsed_time": 2.79682683898136,
    "id": 16,
    "type": "cluster"
  },
  {
    "time": 12600.0,
    "elapsed_time": 3.33226664387621,
    "id": 17,
    "type": "cluster"
  },
  {
    "time": 12600.0,
    "elapsed_time": 43.156238968949765,
    "id": -2,
    "type": "all_clusters"
  },
  {
    "time": 14400.0,
    "elapsed_time": 9.585497519001365,
    "id": -1,
    "type": "global"
  },
  {
    "time": 14400.0,
    "elapsed_time": 3.128048236016184,
    "id": 11,
    "type": "cluster"
  },
  {
    "time": 14400.0,
    "elapsed_time": 4.151777075836435,
    "id": 12,
    "type": "cluster"
  },
  {
    "time": 14400.0,
    "elapsed_time": 3.9655920090153813,
    "id": 13,
    "type": "cluster"
  },
  {
    "time": 14400.0,
    "elapsed_time": 5.603581192903221,
    "id": 14,
    "type": "cluster"
  },
  {
    "time": 14400.0,
    "elapsed_time": 4.610785249155015,
    "id": 15,
    "type": "cluster"
  },
  {
    "time": 14400.0,
    "elapsed_time": 2.8322122180834413,
    "id": 16,
    "type": "cluster"
  },
  {
    "time": 14400.0,
    "elapsed_time": 3.1675000111572444,
    "id": 17,
    "type": "cluster"
  },
  {
    "time": 14400.0,
    "elapsed_time": 58.76407313696109,
    "id": -2,
    "type": "all_clusters"
  },
  {
    "time": 16200.0,
    "elapsed_time": 3.004697921918705,
    "id": 11,
    "type": "cluster"
  },
  {
    "time": 16200.0,
    "elapsed_time": 4.2118835060391575,
    "id": 12,
    "type": "cluster"
  },
  {
    "time": 16200.0,
    "elapsed_time": 3.333335984032601,
    "id": 13,
    "type": "cluster"
  },
  {
    "time": 16200.0,
    "elapsed_time": 4.281440665014088,
    "id": 14,
    "type": "cluster"
  },
  {
    "time": 16200.0,
    "elapsed_time": 3.3601433830335736,
    "id": 15,
    "type": "cluster"
  },
  {
    "time": 16200.0,
    "elapsed_time": 2.805891204159707,
    "id": 16,
    "type": "cluster"
  },
  {
    "time": 16200.0,
    "elapsed_time": 3.043055844027549,
    "id": 17,
    "type": "cluster"
  },
  {
    "time": 16200.0,
    "elapsed_time": 61.46113878302276,
    "id": -2,
    "type": "all_clusters"
  },
  {
    "time": 18000.0,
    "elapsed_time": 8.80632755998522,
    "id": -1,
    "type": "global"
  },
  {
    "time": 18000.0,
    "elapsed_time": 3.0535328581463546,
    "id": 11,
    "type": "cluster"
  },
  {
    "time": 18000.0,
    "elapsed_time": 6.615950493142009,
    "id": 12,
    "type": "cluster"
  },
  {
    "time": 18000.0,
    "elapsed_time": 6.623357122996822,
    "id": 13,
    "type": "cluster"
  },
  {
    "time": 18000.0,
    "elapsed_time": 6.040806147037074,
    "id": 14,
    "type": "cluster"
  },
  {
    "time": 18000.0,
    "elapsed_time": 3.3460333491675556,
    "id": 15,
    "type": "cluster"
  },
  {
    "time": 18000.0,
    "elapsed_time": 2.726678508101031,
    "id": 16,
    "type": "cluster"
  },
  {
    "time": 18000.0,
    "elapsed_time": 3.1223690691404045,
    "id": 17,
    "type": "cluster"
  },
  {
    "time": 18000.0,
    "elapsed_time": 59.13298741495237,
    "id": -2,
    "type": "all_clusters"
  },
  {
    "time": 19800.0,
    "elapsed_time": 3.0241480129770935,
    "id": 11,
    "type": "cluster"
  },
  {
    "time": 19800.0,
    "elapsed_time": 3.4717384150717407,
    "id": 12,
    "type": "cluster"
  },
  {
    "time": 19800.0,
    "elapsed_time": 4.672032823087648,
    "id": 13,
    "type": "cluster"
  },
  {
    "time": 19800.0,
    "elapsed_time": 3.478890754049644,
    "id": 14,
    "type": "cluster"
  },
  {
    "time": 19800.0,
    "elapsed_time": 3.5010857169982046,
    "id": 15,
    "type": "cluster"
  },
  {
    "time": 19800.0,
    "elapsed_time": 2.7743407210800797,
    "id": 16,
    "type": "cluster"
  },
  {
    "time": 19800.0,
    "elapsed_time": 2.9933518928010017,
    "id": 17,
    "type": "cluster"
  },
  {
    "time": 19800.0,
    "elapsed_time": 54.92132935998961,
    "id": -2,
    "type": "all_clusters"
  },
  {
    "time": 21600.0,
    "elapsed_time": 7.665322926128283,
    "id": -1,
    "type": "global"
  },
  {
    "time": 21600.0,
    "elapsed_time": 3.0684014682192355,
    "id": 11,
    "type": "cluster"
  },
  {
    "time": 21600.0,
    "elapsed_time": 5.495856781955808,
    "id": 12,
    "type": "cluster"
  },
  {
    "time": 21600.0,
    "elapsed_time": 3.4938166129868478,
    "id": 13,
    "type": "cluster"
  },
  {
    "time": 21600.0,
    "elapsed_time": 3.1293781308922917,
    "id": 14,
    "type": "cluster"
  },
  {
    "time": 21600.0,
    "elapsed_time": 4.774123104056343,
    "id": 15,
    "type": "cluster"
  },
  {
    "time": 21600.0,
    "elapsed_time": 2.782109007006511,
    "id": 16,
    "type": "cluster"
  },
  {
    "time": 21600.0,
    "elapsed_time": 2.9646388278342783,
    "id": 17,
    "type": "cluster"
  },
  {
    "time": 21600.0,
    "elapsed_time": 62.17754278006032,
    "id": -2,
    "type": "all_clusters"
  },
  {
    "time": 23400.0,
    "elapsed_time": 3.16199531708844,
    "id": 11,
    "type": "cluster"
  },
  {
    "time": 23400.0,
    "elapsed_time": 3.3174667779821903,
    "id": 12,
    "type": "cluster"
  },
  {
    "time": 23400.0,
    "elapsed_time": 3.7712703270372003,
    "id": 13,
    "type": "cluster"
  },
  {
    "time": 23400.0,
    "elapsed_time": 3.0694555179215968,
    "id": 14,
    "type": "cluster"
  },
  {
    "time": 23400.0,
    "elapsed_time": 3.1866487390361726,
    "id": 15,
    "type": "cluster"
  },
  {
    "time": 23400.0,
    "elapsed_time": 2.7973102510441095,
    "id": 16,
    "type": "cluster"
  },
  {
    "time": 23400.0,
    "elapsed_time": 3.032566276844591,
    "id": 17,
    "type": "cluster"
  },
  {
    "time": 23400.0,
    "elapsed_time": 60.57171787507832,
    "id": -2,
    "type": "all_clusters"
  },
  {
    "time": 25200.0,
    "elapsed_time": 7.425476209959015,
    "id": -1,
    "type": "global"
  },
  {
    "time": 25200.0,
    "elapsed_time": 2.9908158029429615,
    "id": 11,
    "type": "cluster"
  },
  {
    "time": 25200.0,
    "elapsed_time": 3.2697772120591253,
    "id": 12,
    "type": "cluster"
  },
  {
    "time": 25200.0,
    "elapsed_time": 5.178410386899486,
    "id": 13,
    "type": "cluster"
  },
  {
    "time": 25200.0,
    "elapsed_time": 3.466551017947495,
    "id": 14,
    "type": "cluster"
  },
  {
    "time": 25200.0,
    "elapsed_time": 3.377390965120867,
    "id": 15,
    "type": "cluster"
  },
  {
    "time": 25200.0,
    "elapsed_time": 2.981842061970383,
    "id": 16,
    "type": "cluster"
  },
  {
    "time": 25200.0,
    "elapsed_time": 3.2279561129398644,
    "id": 17,
    "type": "cluster"
  },
  {
    "time": 25200.0,
    "elapsed_time": 63.757591053145006,
    "id": -2,
    "type": "all_clusters"
  },
  {
    "time": 27000.0,
    "elapsed_time": 3.0014395639300346,
    "id": 11,
    "type": "cluster"
  },
  {
    "time": 27000.0,
    "elapsed_time": 4.2191839350853115,
    "id": 12,
    "type": "cluster"
  },
  {
    "time": 27000.0,
    "elapsed_time": 3.697199846152216,
    "id": 13,
    "type": "cluster"
  },
  {
    "time": 27000.0,
    "elapsed_time": 3.179067505057901,
    "id": 14,
    "type": "cluster"
  },
  {
    "time": 27000.0,
    "elapsed_time": 3.274841490201652,
    "id": 15,
    "type": "cluster"
  },
  {
    "time": 27000.0,
    "elapsed_time": 2.8196245720610023,
    "id": 16,
    "type": "cluster"
  },
  {
    "time": 27000.0,
    "elapsed_time": 3.0546726239845157,
    "id": 17,
    "type": "cluster"
  },
  {
    "time": 27000.0,
    "elapsed_time": 62.70974318194203,
    "id": -2,
    "type": "all_clusters"
  },
  {
    "time": 28800.0,
    "elapsed_time": 8.262958872132003,
    "id": -1,
    "type": "global"
  },
  {
    "time": 28800.0,
    "elapsed_time": 3.405840245075524,
    "id": 11,
    "type": "cluster"
  },
  {
    "time": 28800.0,
    "elapsed_time": 3.096312280977145,
    "id": 12,
    "type": "cluster"
  },
  {
    "time": 28800.0,
    "elapsed_time": 6.759329013992101,
    "id": 13,
    "type": "cluster"
  },
  {
    "time": 28800.0,
    "elapsed_time": 3.2404741200152785,
    "id": 14,
    "type": "cluster"
  },
  {
    "time": 28800.0,
    "elapsed_time": 6.726560343056917,
    "id": 15,
    "type": "cluster"
  },
  {
    "time": 28800.0,
    "elapsed_time": 2.789772185962647,
    "id": 16,
    "type": "cluster"
  },
  {
    "time": 28800.0,
    "elapsed_time": 3.0323475720360875,
    "id": 17,
    "type": "cluster"
  },
  {
    "time": 28800.0,
    "elapsed_time": 68.16109453700483,
    "id": -2,
    "type": "all_clusters"
  },
  {
    "time": 30600.0,
    "elapsed_time": 3.138094295980409,
    "id": 11,
    "type": "cluster"
  },
  {
    "time": 30600.0,
    "elapsed_time": 3.0767149119637907,
    "id": 12,
    "type": "cluster"
  },
  {
    "time": 30600.0,
    "elapsed_time": 6.465623966883868,
    "id": 13,
    "type": "cluster"
  },
  {
    "time": 30600.0,
    "elapsed_time": 3.3022012799046934,
    "id": 14,
    "type": "cluster"
  },
  {
    "time": 30600.0,
    "elapsed_time": 5.442708443850279,
    "id": 15,
    "type": "cluster"
  },
  {
    "time": 30600.0,
    "elapsed_time": 3.0542615721933544,
    "id": 16,
    "type": "cluster"
  },
  {
    "time": 30600.0,
    "elapsed_time": 3.0901163211092353,
    "id": 17,
    "type": "cluster"
  },
  {
    "time": 30600.0,
    "elapsed_time": 74.9166607039515,
    "id": -2,
    "type": "all_clusters"
  },
  {
    "time": 32400.0,
    "elapsed_time": 8.024066491983831,
    "id": -1,
    "type": "global"
  },
  {
    "time": 32400.0,
    "elapsed_time": 3.7294916920363903,
    "id": 11,
    "type": "cluster"
  },
  {
    "time": 32400.0,
    "elapsed_time": 4.26034859707579,
    "id": 12,
    "type": "cluster"
  },
  {
    "time": 32400.0,
    "elapsed_time": 3.1630366211757064,
    "id": 13,
    "type": "cluster"
  },
  {
    "time": 32400.0,
    "elapsed_time": 4.248160235118121,
    "id": 14,
    "type": "cluster"
  },
  {
    "time": 32400.0,
    "elapsed_time": 3.154463231097907,
    "id": 15,
    "type": "cluster"
  },
  {
    "time": 32400.0,
    "elapsed_time": 2.7479883851483464,
    "id": 16,
    "type": "cluster"
  },
  {
    "time": 32400.0,
    "elapsed_time": 3.093251967104152,
    "id": 17,
    "type": "cluster"
  },
  {
    "time": 32400.0,
    "elapsed_time": 71.66355146700516,
    "id": -2,
    "type": "all_clusters"
  },
  {
    "time": 34200.0,
    "elapsed_time": 3.0409482470713556,
    "id": 11,
    "type": "cluster"
  },
  {
    "time": 34200.0,
    "elapsed_time": 3.162584125995636,
    "id": 12,
    "type": "cluster"
  },
  {
    "time": 34200.0,
    "elapsed_time": 3.362562215188518,
    "id": 13,
    "type": "cluster"
  },
  {
    "time": 34200.0,
    "elapsed_time": 4.147587025072426,
    "id": 14,
    "type": "cluster"
  },
  {
    "time": 34200.0,
    "elapsed_time": 6.659323294879869,
    "id": 15,
    "type": "cluster"
  },
  {
    "time": 34200.0,
    "elapsed_time": 3.0008898738306016,
    "id": 16,
    "type": "cluster"
  },
  {
    "time": 34200.0,
    "elapsed_time": 3.0302480519749224,
    "id": 17,
    "type": "cluster"
  },
  {
    "time": 34200.0,
    "elapsed_time": 71.62241740897298,
    "id": -2,
    "type": "all_clusters"
  },
  {
    "time": 36000.0,
    "elapsed_time": 8.07363552507013,
    "id": -1,
    "type": "global"
  },
  {
    "time": 36000.0,
    "elapsed_time": 2.888172402046621,
    "id": 11,
    "type": "cluster"
  },
  {
    "time": 36000.0,
    "elapsed_time": 6.601237199967727,
    "id": 12,
    "type": "cluster"
  },
  {
    "time": 36000.0,
    "elapsed_time": 6.764359432971105,
    "id": 13,
    "type": "cluster"
  },
  {
    "time": 36000.0,
    "elapsed_time": 4.298104406101629,
    "id": 14,
    "type": "cluster"
  },
  {
    "time": 36000.0,
    "elapsed_time": 6.682016517966986,
    "id": 15,
    "type": "cluster"
  },
  {
    "time": 36000.0,
    "elapsed_time": 2.8242191809695214,
    "id": 16,
    "type": "cluster"
  },
  {
    "time": 36000.0,
    "elapsed_time": 3.0836427060421556,
    "id": 17,
    "type": "cluster"
  },
  {
    "time": 36000.0,
    "elapsed_time": 80.80309776798822,
    "id": -2,
    "type": "all_clusters"
  },
  {
    "time": 37800.0,
    "elapsed_time": 2.9256609540898353,
    "id": 11,
    "type": "cluster"
  },
  {
    "time": 37800.0,
    "elapsed_time": 3.225982059026137,
    "id": 12,
    "type": "cluster"
  },
  {
    "time": 37800.0,
    "elapsed_time": 6.656628726050258,
    "id": 13,
    "type": "cluster"
  },
  {
    "time": 37800.0,
    "elapsed_time": 6.872042932081968,
    "id": 14,
    "type": "cluster"
  },
  {
    "time": 37800.0,
    "elapsed_time": 4.739421613980085,
    "id": 15,
    "type": "cluster"
  },
  {
    "time": 37800.0,
    "elapsed_time": 2.861491183983162,
    "id": 16,
    "type": "cluster"
  },
  {
    "time": 37800.0,
    "elapsed_time": 3.2031989730894566,
    "id": 17,
    "type": "cluster"
  },
  {
    "time": 37800.0,
    "elapsed_time": 78.1101587030571,
    "id": -2,
    "type": "all_clusters"
  },
  {
    "time": 39600.0,
    "elapsed_time": 7.25605913810432,
    "id": -1,
    "type": "global"
  },
  {
    "time": 39600.0,
    "elapsed_time": 3.2948396678548306,
    "id": 11,
    "type": "cluster"
  },
  {
    "time": 39600.0,
    "elapsed_time": 3.540532198967412,
    "id": 12,
    "type": "cluster"
  },
  {
    "time": 39600.0,
    "elapsed_time": 5.61236868891865,
    "id": 13,
    "type": "cluster"
  },
  {
    "time": 39600.0,
    "elapsed_time": 6.876077921828255,
    "id": 14,
    "type": "cluster"
  },
  {
    "time": 39600.0,
    "elapsed_time": 4.390047304797918,
    "id": 15,
    "type": "cluster"
  },
  {
    "time": 39600.0,
    "elapsed_time": 3.000780167989433,
    "id": 16,
    "type": "cluster"
  },
  {
    "time": 39600.0,
    "elapsed_time": 3.230360428802669,
    "id": 17,
    "type": "cluster"
  },
  {
    "time": 39600.0,
    "elapsed_time": 81.40981011209078,
    "id": -2,
    "type": "all_clusters"
  },
  {
    "time": 41400.0,
    "elapsed_time": 3.0473003468941897,
    "id": 11,
    "type": "cluster"
  },
  {
    "time": 41400.0,
    "elapsed_time": 3.13903151685372,
    "id": 12,
    "type": "cluster"
  },
  {
    "time": 41400.0,
    "elapsed_time": 3.1560210757888854,
    "id": 13,
    "type": "cluster"
  },
  {
    "time": 41400.0,
    "elapsed_time": 6.774454037193209,
    "id": 14,
    "type": "cluster"
  },
  {
    "time": 41400.0,
    "elapsed_time": 3.169816503999755,
    "id": 15,
    "type": "cluster"
  },
  {
    "time": 41400.0,
    "elapsed_time": 3.0194099151995033,
    "id": 16,
    "type": "cluster"
  },
  {
    "time": 41400.0,
    "elapsed_time": 3.289304920937866,
    "id": 17,
    "type": "cluster"
  },
  {
    "time": 41400.0,
    "elapsed_time": 75.65516601293348,
    "id": -2,
    "type": "all_clusters"
  },
  {
    "time": 43200.0,
    "elapsed_time": 7.013000846141949,
    "id": -1,
    "type": "global"
  },
  {
    "time": 43200.0,
    "elapsed_time": 3.139149002963677,
    "id": 11,
    "type": "cluster"
  },
  {
    "time": 43200.0,
    "elapsed_time": 4.343254938023165,
    "id": 12,
    "type": "cluster"
  },
  {
    "time": 43200.0,
    "elapsed_time": 3.445995407178998,
    "id": 13,
    "type": "cluster"
  },
  {
    "time": 43200.0,
    "elapsed_time": 3.533728461014107,
    "id": 14,
    "type": "cluster"
  },
  {
    "time": 43200.0,
    "elapsed_time": 6.6252588231582195,
    "id": 15,
    "type": "cluster"
  },
  {
    "time": 43200.0,
    "elapsed_time": 2.7684193840250373,
    "id": 16,
    "type": "cluster"
  },
  {
    "time": 43200.0,
    "elapsed_time": 3.140076072886586,
    "id": 17,
    "type": "cluster"
  },
  {
    "time": 43200.0,
    "elapsed_time": 76.82145622791722,
    "id": -2,
    "type": "all_clusters"
  },
  {
    "time": 45000.0,
    "elapsed_time": 3.211123405955732,
    "id": 11,
    "type": "cluster"
  },
  {
    "time": 45000.0,
    "elapsed_time": 3.5038765319623053,
    "id": 12,
    "type": "cluster"
  },
  {
    "time": 45000.0,
    "elapsed_time": 3.077375920023769,
    "id": 13,
    "type": "cluster"
  },
  {
    "time": 45000.0,
    "elapsed_time": 3.227972643217072,
    "id": 14,
    "type": "cluster"
  },
  {
    "time": 45000.0,
    "elapsed_time": 5.577095798915252,
    "id": 15,
    "type": "cluster"
  },
  {
    "time": 45000.0,
    "elapsed_time": 2.7176090499851853,
    "id": 16,
    "type": "cluster"
  },
  {
    "time": 45000.0,
    "elapsed_time": 3.034504923969507,
    "id": 17,
    "type": "cluster"
  },
  {
    "time": 45000.0,
    "elapsed_time": 74.32625471497886,
    "id": -2,
    "type": "all_clusters"
  },
  {
    "time": 46800.0,
    "elapsed_time": 6.951449236134067,
    "id": -1,
    "type": "global"
  },
  {
    "time": 46800.0,
    "elapsed_time": 3.447727964958176,
    "id": 11,
    "type": "cluster"
  },
  {
    "time": 46800.0,
    "elapsed_time": 4.6112505700439215,
    "id": 12,
    "type": "cluster"
  },
  {
    "time": 46800.0,
    "elapsed_time": 6.848398317815736,
    "id": 13,
    "type": "cluster"
  },
  {
    "time": 46800.0,
    "elapsed_time": 3.3062025709077716,
    "id": 14,
    "type": "cluster"
  },
  {
    "time": 46800.0,
    "elapsed_time": 6.624532251153141,
    "id": 15,
    "type": "cluster"
  },
  {
    "time": 46800.0,
    "elapsed_time": 2.9308438568841666,
    "id": 16,
    "type": "cluster"
  },
  {
    "time": 46800.0,
    "elapsed_time": 3.2288254310842603,
    "id": 17,
    "type": "cluster"
  },
  {
    "time": 46800.0,
    "elapsed_time": 85.12057242612354,
    "id": -2,
    "type": "all_clusters"
  },
  {
    "time": 48600.0,
    "elapsed_time": 3.7904821259435266,
    "id": 11,
    "type": "cluster"
  },
  {
    "time": 48600.0,
    "elapsed_time": 4.366371139883995,
    "id": 12,
    "type": "cluster"
  },
  {
    "time": 48600.0,
    "elapsed_time": 5.437854810850695,
    "id": 13,
    "type": "cluster"
  },
  {
    "time": 48600.0,
    "elapsed_time": 3.269933103118092,
    "id": 14,
    "type": "cluster"
  },
  {
    "time": 48600.0,
    "elapsed_time": 6.826358486898243,
    "id": 15,
    "type": "cluster"
  },
  {
    "time": 48600.0,
    "elapsed_time": 2.910764978034422,
    "id": 16,
    "type": "cluster"
  },
  {
    "time": 48600.0,
    "elapsed_time": 3.2927310538943857,
    "id": 17,
    "type": "cluster"
  },
  {
    "time": 48600.0,
    "elapsed_time": 87.97180488007143,
    "id": -2,
    "type": "all_clusters"
  },
  {
    "time": 50400.0,
    "elapsed_time": 6.804529210086912,
    "id": -1,
    "type": "global"
  },
  {
    "time": 50400.0,
    "elapsed_time": 3.007885840954259,
    "id": 11,
    "type": "cluster"
  },
  {
    "time": 50400.0,
    "elapsed_time": 4.20958915585652,
    "id": 12,
    "type": "cluster"
  },
  {
    "time": 50400.0,
    "elapsed_time": 6.689055269118398,
    "id": 13,
    "type": "cluster"
  },
  {
    "time": 50400.0,
    "elapsed_time": 3.184922476997599,
    "id": 14,
    "type": "cluster"
  },
  {
    "time": 50400.0,
    "elapsed_time": 6.680913226911798,
    "id": 15,
    "type": "cluster"
  },
  {
    "time": 50400.0,
    "elapsed_time": 2.759888404980302,
    "id": 16,
    "type": "cluster"
  },
  {
    "time": 50400.0,
    "elapsed_time": 3.0292784909252077,
    "id": 17,
    "type": "cluster"
  },
  {
    "time": 50400.0,
    "elapsed_time": 89.9578875019215,
    "id": -2,
    "type": "all_clusters"
  },
  {
    "time": 52200.0,
    "elapsed_time": 3.214911607094109,
    "id": 11,
    "type": "cluster"
  },
  {
    "time": 52200.0,
    "elapsed_time": 5.557824514806271,
    "id": 12,
    "type": "cluster"
  },
  {
    "time": 52200.0,
    "elapsed_time": 4.992102833930403,
    "id": 13,
    "type": "cluster"
  },
  {
    "time": 52200.0,
    "elapsed_time": 4.20383694791235,
    "id": 14,
    "type": "cluster"
  },
  {
    "time": 52200.0,
    "elapsed_time": 6.655106846010312,
    "id": 15,
    "type": "cluster"
  },
  {
    "time": 52200.0,
    "elapsed_time": 2.8094242659863085,
    "id": 16,
    "type": "cluster"
  },
  {
    "time": 52200.0,
    "elapsed_time": 2.980904740979895,
    "id": 17,
    "type": "cluster"
  },
  {
    "time": 52200.0,
    "elapsed_time": 90.3036327038426,
    "id": -2,
    "type": "all_clusters"
  },
  {
    "time": 54000.0,
    "elapsed_time": 6.740192868979648,
    "id": -1,
    "type": "global"
  },
  {
    "time": 54000.0,
    "elapsed_time": 3.1396451708860695,
    "id": 11,
    "type": "cluster"
  },
  {
    "time": 54000.0,
    "elapsed_time": 3.2496379718650132,
    "id": 12,
    "type": "cluster"
  },
  {
    "time": 54000.0,
    "elapsed_time": 5.221700499067083,
    "id": 13,
    "type": "cluster"
  },
  {
    "time": 54000.0,
    "elapsed_time": 3.481976320967078,
    "id": 14,
    "type": "cluster"
  },
  {
    "time": 54000.0,
    "elapsed_time": 6.552155642071739,
    "id": 15,
    "type": "cluster"
  },
  {
    "time": 54000.0,
    "elapsed_time": 2.8015132970176637,
    "id": 16,
    "type": "cluster"
  },
  {
    "time": 54000.0,
    "elapsed_time": 2.9887996481265873,
    "id": 17,
    "type": "cluster"
  },
  {
    "time": 54000.0,
    "elapsed_time": 87.56144619802944,
    "id": -2,
    "type": "all_clusters"
  },
  {
    "time": 55800.0,
    "elapsed_time": 3.0809660020750016,
    "id": 11,
    "type": "cluster"
  },
  {
    "time": 55800.0,
    "elapsed_time": 3.188322030007839,
    "id": 12,
    "type": "cluster"
  },
  {
    "time": 55800.0,
    "elapsed_time": 5.457543783122674,
    "id": 13,
    "type": "cluster"
  },
  {
    "time": 55800.0,
    "elapsed_time": 4.273434446193278,
    "id": 14,
    "type": "cluster"
  },
  {
    "time": 55800.0,
    "elapsed_time": 6.635913785081357,
    "id": 15,
    "type": "cluster"
  },
  {
    "time": 55800.0,
    "elapsed_time": 2.864454528084025,
    "id": 16,
    "type": "cluster"
  },
  {
    "time": 55800.0,
    "elapsed_time": 3.146779444999993,
    "id": 17,
    "type": "cluster"
  },
  {
    "time": 55800.0,
    "elapsed_time": 86.51328571001068,
    "id": -2,
    "type": "all_clusters"
  },
  {
    "time": 57600.0,
    "elapsed_time": 10.050571406027302,
    "id": -1,
    "type": "global"
  },
  {
    "time": 57600.0,
    "elapsed_time": 3.232468005036935,
    "id": 11,
    "type": "cluster"
  },
  {
    "time": 57600.0,
    "elapsed_time": 3.5744697460904717,
    "id": 12,
    "type": "cluster"
  },
  {
    "time": 57600.0,
    "elapsed_time": 4.13269356591627,
    "id": 13,
    "type": "cluster"
  },
  {
    "time": 57600.0,
    "elapsed_time": 4.213883263990283,
    "id": 14,
    "type": "cluster"
  },
  {
    "time": 57600.0,
    "elapsed_time": 3.7710127949249,
    "id": 15,
    "type": "cluster"
  },
  {
    "time": 57600.0,
    "elapsed_time": 2.803830520948395,
    "id": 16,
    "type": "cluster"
  },
  {
    "time": 57600.0,
    "elapsed_time": 3.061836590990424,
    "id": 17,
    "type": "cluster"
  },
  {
    "time": 57600.0,
    "elapsed_time": 84.23666794784367,
    "id": -2,
    "type": "all_clusters"
  },
  {
    "time": 59400.0,
    "elapsed_time": 3.0500786919146776,
    "id": 11,
    "type": "cluster"
  },
  {
    "time": 59400.0,
    "elapsed_time": 3.103395242942497,
    "id": 12,
    "type": "cluster"
  },
  {
    "time": 59400.0,
    "elapsed_time": 3.1915619750507176,
    "id": 13,
    "type": "cluster"
  },
  {
    "time": 59400.0,
    "elapsed_time": 5.64976693992503,
    "id": 14,
    "type": "cluster"
  },
  {
    "time": 59400.0,
    "elapsed_time": 3.430650772061199,
    "id": 15,
    "type": "cluster"
  },
  {
    "time": 59400.0,
    "elapsed_time": 2.7360039621125907,
    "id": 16,
    "type": "cluster"
  },
  {
    "time": 59400.0,
    "elapsed_time": 2.9493674801196903,
    "id": 17,
    "type": "cluster"
  },
  {
    "time": 59400.0,
    "elapsed_time": 82.76298871496692,
    "id": -2,
    "type": "all_clusters"
  },
  {
    "time": 61200.0,
    "elapsed_time": 10.172786240000278,
    "id": -1,
    "type": "global"
  },
  {
    "time": 61200.0,
    "elapsed_time": 3.0673722468782216,
    "id": 11,
    "type": "cluster"
  },
  {
    "time": 61200.0,
    "elapsed_time": 4.267469950020313,
    "id": 12,
    "type": "cluster"
  },
  {
    "time": 61200.0,
    "elapsed_time": 5.745837311027572,
    "id": 13,
    "type": "cluster"
  },
  {
    "time": 61200.0,
    "elapsed_time": 5.612285722978413,
    "id": 14,
    "type": "cluster"
  },
  {
    "time": 61200.0,
    "elapsed_time": 6.658365801908076,
    "id": 15,
    "type": "cluster"
  },
  {
    "time": 61200.0,
    "elapsed_time": 2.817712497897446,
    "id": 16,
    "type": "cluster"
  },
  {
    "time": 61200.0,
    "elapsed_time": 3.0366327660158277,
    "id": 17,
    "type": "cluster"
  },
  {
    "time": 61200.0,
    "elapsed_time": 90.60654797800817,
    "id": -2,
    "type": "all_clusters"
  },
  {
    "time": 63000.0,
    "elapsed_time": 3.105190873146057,
    "id": 11,
    "type": "cluster"
  },
  {
    "time": 63000.0,
    "elapsed_time": 4.196963927941397,
    "id": 12,
    "type": "cluster"
  },
  {
    "time": 63000.0,
    "elapsed_time": 3.228486284147948,
    "id": 13,
    "type": "cluster"
  },
  {
    "time": 63000.0,
    "elapsed_time": 3.426408079918474,
    "id": 14,
    "type": "cluster"
  },
  {
    "time": 63000.0,
    "elapsed_time": 4.336139627033845,
    "id": 15,
    "type": "cluster"
  },
  {
    "time": 63000.0,
    "elapsed_time": 3.035631605889648,
    "id": 16,
    "type": "cluster"
  },
  {
    "time": 63000.0,
    "elapsed_time": 3.0214561610482633,
    "id": 17,
    "type": "cluster"
  },
  {
    "time": 63000.0,
    "elapsed_time": 85.52875795098953,
    "id": -2,
    "type": "all_clusters"
  },
  {
    "time": 64800.0,
    "elapsed_time": 9.740271893097088,
    "id": -1,
    "type": "global"
  },
  {
    "time": 64800.0,
    "elapsed_time": 3.6170231678988785,
    "id": 11,
    "type": "cluster"
  },
  {
    "time": 64800.0,
    "elapsed_time": 6.815435513155535,
    "id": 12,
    "type": "cluster"
  },
  {
    "time": 64800.0,
    "elapsed_time": 4.3510442529805005,
    "id": 13,
    "type": "cluster"
  },
  {
    "time": 64800.0,
    "elapsed_time": 3.3364338090177625,
    "id": 14,
    "type": "cluster"
  },
  {
    "time": 64800.0,
    "elapsed_time": 6.666526522021741,
    "id": 15,
    "type": "cluster"
  },
  {
    "time": 64800.0,
    "elapsed_time": 2.7760386548470706,
    "id": 16,
    "type": "cluster"
  },
  {
    "time": 64800.0,
    "elapsed_time": 3.275049136020243,
    "id": 17,
    "type": "cluster"
  },
  {
    "time": 64800.0,
    "elapsed_time": 92.94337774813175,
    "id": -2,
    "type": "all_clusters"
  },
  {
    "time": 66600.0,
    "elapsed_time": 3.3368248359765857,
    "id": 11,
    "type": "cluster"
  },
  {
    "time": 66600.0,
    "elapsed_time": 4.593430714914575,
    "id": 12,
    "type": "cluster"
  },
  {
    "time": 66600.0,
    "elapsed_time": 3.16858961712569,
    "id": 13,
    "type": "cluster"
  },
  {
    "time": 66600.0,
    "elapsed_time": 3.2047387189231813,
    "id": 14,
    "type": "cluster"
  },
  {
    "time": 66600.0,
    "elapsed_time": 3.180548215052113,
    "id": 15,
    "type": "cluster"
  },
  {
    "time": 66600.0,
    "elapsed_time": 2.795196739025414,
    "id": 16,
    "type": "cluster"
  },
  {
    "time": 66600.0,
    "elapsed_time": 3.0126507349777967,
    "id": 17,
    "type": "cluster"
  },
  {
    "time": 66600.0,
    "elapsed_time": 85.82088058209047,
    "id": -2,
    "type": "all_clusters"
  },
  {
    "time": 68400.0,
    "elapsed_time": 9.961063696071506,
    "id": -1,
    "type": "global"
  },
  {
    "time": 68400.0,
    "elapsed_time": 3.4738326359074563,
    "id": 11,
    "type": "cluster"
  },
  {
    "time": 68400.0,
    "elapsed_time": 4.340390308061615,
    "id": 12,
    "type": "cluster"
  },
  {
    "time": 68400.0,
    "elapsed_time": 6.865076635964215,
    "id": 13,
    "type": "cluster"
  },
  {
    "time": 68400.0,
    "elapsed_time": 5.104636078933254,
    "id": 14,
    "type": "cluster"
  },
  {
    "time": 68400.0,
    "elapsed_time": 4.752258497988805,
    "id": 15,
    "type": "cluster"
  },
  {
    "time": 68400.0,
    "elapsed_time": 2.8829739990178496,
    "id": 16,
    "type": "cluster"
  },
  {
    "time": 68400.0,
    "elapsed_time": 3.1623926288448274,
    "id": 17,
    "type": "cluster"
  },
  {
    "time": 68400.0,
    "elapsed_time": 90.73771982896142,
    "id": -2,
    "type": "all_clusters"
  },
  {
    "time": 70200.0,
    "elapsed_time": 3.106024570064619,
    "id": 11,
    "type": "cluster"
  },
  {
    "time": 70200.0,
    "elapsed_time": 8.206064181169495,
    "id": 12,
    "type": "cluster"
  },
  {
    "time": 70200.0,
    "elapsed_time": 4.866686564870179,
    "id": 13,
    "type": "cluster"
  },
  {
    "time": 70200.0,
    "elapsed_time": 6.745117024984211,
    "id": 14,
    "type": "cluster"
  },
  {
    "time": 70200.0,
    "elapsed_time": 6.768297421978787,
    "id": 15,
    "type": "cluster"
  },
  {
    "time": 70200.0,
    "elapsed_time": 2.854139711940661,
    "id": 16,
    "type": "cluster"
  },
  {
    "time": 70200.0,
    "elapsed_time": 3.0752607008907944,
    "id": 17,
    "type": "cluster"
  },
  {
    "time": 70200.0,
    "elapsed_time": 96.0592547529377,
    "id": -2,
    "type": "all_clusters"
  },
  {
    "time": 72000.0,
    "elapsed_time": 9.349636213853955,
    "id": -1,
    "type": "global"
  },
  {
    "time": 72000.0,
    "elapsed_time": 3.4204023499041796,
    "id": 11,
    "type": "cluster"
  },
  {
    "time": 72000.0,
    "elapsed_time": 6.49423677008599,
    "id": 12,
    "type": "cluster"
  },
  {
    "time": 72000.0,
    "elapsed_time": 4.25833568489179,
    "id": 13,
    "type": "cluster"
  },
  {
    "time": 72000.0,
    "elapsed_time": 4.768934024963528,
    "id": 14,
    "type": "cluster"
  },
  {
    "time": 72000.0,
    "elapsed_time": 6.701123324921355,
    "id": 15,
    "type": "cluster"
  },
  {
    "time": 72000.0,
    "elapsed_time": 2.8048966240603477,
    "id": 16,
    "type": "cluster"
  },
  {
    "time": 72000.0,
    "elapsed_time": 2.9890988059341908,
    "id": 17,
    "type": "cluster"
  },
  {
    "time": 72000.0,
    "elapsed_time": 96.73983040405437,
    "id": -2,
    "type": "all_clusters"
  },
  {
    "time": 73800.0,
    "elapsed_time": 3.1876138059888035,
    "id": 11,
    "type": "cluster"
  },
  {
    "time": 73800.0,
    "elapsed_time": 6.77373238094151,
    "id": 12,
    "type": "cluster"
  },
  {
    "time": 73800.0,
    "elapsed_time": 3.186469613108784,
    "id": 13,
    "type": "cluster"
  },
  {
    "time": 73800.0,
    "elapsed_time": 6.706276810029522,
    "id": 14,
    "type": "cluster"
  },
  {
    "time": 73800.0,
    "elapsed_time": 6.603534393943846,
    "id": 15,
    "type": "cluster"
  },
  {
    "time": 73800.0,
    "elapsed_time": 2.8587456711102277,
    "id": 16,
    "type": "cluster"
  },
  {
    "time": 73800.0,
    "elapsed_time": 3.051160312956199,
    "id": 17,
    "type": "cluster"
  },
  {
    "time": 73800.0,
    "elapsed_time": 94.25045406608842,
    "id": -2,
    "type": "all_clusters"
  },
  {
    "time": 75600.0,
    "elapsed_time": 9.774761058855802,
    "id": -1,
    "type": "global"
  },
  {
    "time": 75600.0,
    "elapsed_time": 3.2313452870585024,
    "id": 11,
    "type": "cluster"
  },
  {
    "time": 75600.0,
    "elapsed_time": 4.34021745598875,
    "id": 12,
    "type": "cluster"
  },
  {
    "time": 75600.0,
    "elapsed_time": 6.741360726067796,
    "id": 13,
    "type": "cluster"
  },
  {
    "time": 75600.0,
    "elapsed_time": 5.6249707019887865,
    "id": 14,
    "type": "cluster"
  },
  {
    "time": 75600.0,
    "elapsed_time": 3.494710814906284,
    "id": 15,
    "type": "cluster"
  },
  {
    "time": 75600.0,
    "elapsed_time": 2.855580560863018,
    "id": 16,
    "type": "cluster"
  },
  {
    "time": 75600.0,
    "elapsed_time": 3.2640990868676454,
    "id": 17,
    "type": "cluster"
  },
  {
    "time": 75600.0,
    "elapsed_time": 92.27239265106618,
    "id": -2,
    "type": "all_clusters"
  },
  {
    "time": 77400.0,
    "elapsed_time": 3.073585365898907,
    "id": 11,
    "type": "cluster"
  },
  {
    "time": 77400.0,
    "elapsed_time": 5.131022468907759,
    "id": 12,
    "type": "cluster"
  },
  {
    "time": 77400.0,
    "elapsed_time": 3.209269463084638,
    "id": 13,
    "type": "cluster"
  },
  {
    "time": 77400.0,
    "elapsed_time": 3.4372979989275336,
    "id": 14,
    "type": "cluster"
  },
  {
    "time": 77400.0,
    "elapsed_time": 5.328993735834956,
    "id": 15,
    "type": "cluster"
  },
  {
    "time": 77400.0,
    "elapsed_time": 2.8230477129109204,
    "id": 16,
    "type": "cluster"
  },
  {
    "time": 77400.0,
    "elapsed_time": 3.0413506987970322,
    "id": 17,
    "type": "cluster"
  },
  {
    "time": 77400.0,
    "elapsed_time": 84.6184722809121,
    "id": -2,
    "type": "all_clusters"
  },
  {
    "time": 79200.0,
    "elapsed_time": 9.492180882953107,
    "id": -1,
    "type": "global"
  },
  {
    "time": 79200.0,
    "elapsed_time": 2.9189457229804248,
    "id": 11,
    "type": "cluster"
  },
  {
    "time": 79200.0,
    "elapsed_time": 5.876381978858262,
    "id": 12,
    "type": "cluster"
  },
  {
    "time": 79200.0,
    "elapsed_time": 3.4014408469665796,
    "id": 13,
    "type": "cluster"
  },
  {
    "time": 79200.0,
    "elapsed_time": 5.5373610279057175,
    "id": 14,
    "type": "cluster"
  },
  {
    "time": 79200.0,
    "elapsed_time": 3.090626083081588,
    "id": 15,
    "type": "cluster"
  },
  {
    "time": 79200.0,
    "elapsed_time": 2.7797607129905373,
    "id": 16,
    "type": "cluster"
  },
  {
    "time": 79200.0,
    "elapsed_time": 4.14619919215329,
    "id": 17,
    "type": "cluster"
  },
  {
    "time": 79200.0,
    "elapsed_time": 92.7273259058129,
    "id": -2,
    "type": "all_clusters"
  },
  {
    "time": 81000.0,
    "elapsed_time": 3.1427342558745295,
    "id": 11,
    "type": "cluster"
  },
  {
    "time": 81000.0,
    "elapsed_time": 3.357053452869877,
    "id": 12,
    "type": "cluster"
  },
  {
    "time": 81000.0,
    "elapsed_time": 3.102407476864755,
    "id": 13,
    "type": "cluster"
  },
  {
    "time": 81000.0,
    "elapsed_time": 4.124515368137509,
    "id": 14,
    "type": "cluster"
  },
  {
    "time": 81000.0,
    "elapsed_time": 6.667980631114915,
    "id": 15,
    "type": "cluster"
  },
  {
    "time": 81000.0,
    "elapsed_time": 2.8341225150506943,
    "id": 16,
    "type": "cluster"
  },
  {
    "time": 81000.0,
    "elapsed_time": 3.1326145578641444,
    "id": 17,
    "type": "cluster"
  },
  {
    "time": 81000.0,
    "elapsed_time": 91.58221713802777,
    "id": -2,
    "type": "all_clusters"
  },
  {
    "time": 82800.0,
    "elapsed_time": 9.329357922077179,
    "id": -1,
    "type": "global"
  },
  {
    "time": 82800.0,
    "elapsed_time": 3.372193329036236,
    "id": 11,
    "type": "cluster"
  },
  {
    "time": 82800.0,
    "elapsed_time": 3.249405276030302,
    "id": 12,
    "type": "cluster"
  },
  {
    "time": 82800.0,
    "elapsed_time": 3.4958488538395613,
    "id": 13,
    "type": "cluster"
  },
  {
    "time": 82800.0,
    "elapsed_time": 4.258744064019993,
    "id": 14,
    "type": "cluster"
  },
  {
    "time": 82800.0,
    "elapsed_time": 6.9691628811415285,
    "id": 15,
    "type": "cluster"
  },
  {
    "time": 82800.0,
    "elapsed_time": 2.8647808539681137,
    "id": 16,
    "type": "cluster"
  },
  {
    "time": 82800.0,
    "elapsed_time": 2.98228549095802,
    "id": 17,
    "type": "cluster"
  },
  {
    "time": 82800.0,
    "elapsed_time": 89.27876943303272,
    "id": -2,
    "type": "all_clusters"
  },
  {
    "time": 84600.0,
    "elapsed_time": 3.122325791977346,
    "id": 11,
    "type": "cluster"
  },
  {
    "time": 84600.0,
    "elapsed_time": 3.2959170611575246,
    "id": 12,
    "type": "cluster"
  },
  {
    "time": 84600.0,
    "elapsed_time": 3.1330540298949927,
    "id": 13,
    "type": "cluster"
  },
  {
    "time": 84600.0,
    "elapsed_time": 3.1380158939864486,
    "id": 14,
    "type": "cluster"
  },
  {
    "time": 84600.0,
    "elapsed_time": 6.312575127929449,
    "id": 15,
    "type": "cluster"
  },
  {
    "time": 84600.0,
    "elapsed_time": 2.831323037855327,
    "id": 16,
    "type": "cluster"
  },
  {
    "time": 84600.0,
    "elapsed_time": 3.151240437058732,
    "id": 17,
    "type": "cluster"
  },
  {
    "time": 84600.0,
    "elapsed_time": 85.86248913104646,
    "id": -2,
    "type": "all_clusters"
  }
]