[
  {
    "max_cost": 72.0987167113078,
    "avg_only_violated_deadline": 0.0,
    "max_deadline_violation": 0.0,
    "migration_rate": 0.0,
    "weighted_avg_only_violated_deadline": 0.0,
    "avg_response_time": 0.08314866023958317,
    "avg_unavailability": 0.014152290225102443,
    "overall_response_time": 8.148568703479151,
    "time": 0.0,
    "weighted_avg_deadline_violation": 0.0,
    "overall_cost": 180.16937462309411,
    "deadline_satisfaction": 1.0,
    "weighted_overall_response_time": 1499.0846650635904,
    "max_migration_cost": 0.0,
    "max_response_time": 0.25099484269427264,
    "avg_cost": 6.929591331657464,
    "overall_migration_cost": 0.0,
    "elapsed_time": 24.658437997102737,
    "opt": "LLCOptimizer",
    "overall_power_consumption": 1021.9886444864003,
    "valid": true,
    "weighted_deadline_satisfaction": 1.0,
    "weighted_overall_deadline_violation": 0.0,
    "weighted_migration_rate": 0.0,
    "overall_deadline_violation": 0.0,
    "avg_deadline_violation": 0.0,
    "avg_migration_cost": 0.0,
    "weighted_avg_response_time": 0.036469340290430884
  },
  {
    "max_cost": 63.93395255700166,
    "avg_only_violated_deadline": 0.0,
    "max_deadline_violation": 0.0,
    "migration_rate": 0.043478260869565216,
    "weighted_avg_only_violated_deadline": 0.0,
    "avg_response_time": 0.08267563037232226,
    "avg_unavailability": 0.01591650762134302,
    "overall_response_time": 8.267563037232227,
    "time": 1800.0,
    "weighted_avg_deadline_violation": 0.0,
    "overall_cost": 153.2803077119877,
    "deadline_satisfaction": 1.0,
    "weighted_overall_response_time": 1412.9543661689765,
    "max_migration_cost": 12.020188281657585,
    "max_response_time": 0.2509948713374793,
    "avg_cost": 6.664361204869028,
    "overall_migration_cost": 12.020188281657585,
    "elapsed_time": 55.212366074323654,
    "opt": "LLCOptimizer",
    "overall_power_consumption": 977.7221826272363,
    "valid": true,
    "weighted_deadline_satisfaction": 1.0,
    "weighted_overall_deadline_violation": 0.0,
    "weighted_migration_rate": 0.0028910142129615524,
    "overall_deadline_violation": 0.0,
    "avg_deadline_violation": 0.0,
    "avg_migration_cost": 12.020188281657585,
    "weighted_avg_response_time": 0.03784853102828905
  },
  {
    "max_cost": 74.01397698287286,
    "avg_only_violated_deadline": 0.0,
    "max_deadline_violation": 0.0,
    "migration_rate": 0.09090909090909091,
    "weighted_avg_only_violated_deadline": 0.0,
    "avg_response_time": 0.08689818819590002,
    "avg_unavailability": 0.017022641243466932,
    "overall_response_time": 8.602920631394102,
    "time": 3600.0,
    "weighted_avg_deadline_violation": 0.0,
    "overall_cost": 159.9199165941205,
    "deadline_satisfaction": 1.0,
    "weighted_overall_response_time": 1536.7834945588863,
    "max_migration_cost": 9.66079021764175,
    "max_response_time": 0.251998849378206,
    "avg_cost": 7.269087117914569,
    "overall_migration_cost": 10.551815369692454,
    "elapsed_time": 55.86462838202715,
    "opt": "LLCOptimizer",
    "overall_power_consumption": 970.646430891421,
    "valid": true,
    "weighted_deadline_satisfaction": 1.0,
    "weighted_overall_deadline_violation": 0.0,
    "weighted_migration_rate": 0.003150190428051196,
    "overall_deadline_violation": 0.0,
    "avg_deadline_violation": 0.0,
    "avg_migration_cost": 5.275907684846227,
    "weighted_avg_response_time": 0.03838001409020125
  },
  {
    "max_cost": 56.82990627573615,
    "avg_only_violated_deadline": 0.012727956598346322,
    "max_deadline_violation": 0.012727956598346322,
    "migration_rate": 0.2916666666666667,
    "weighted_avg_only_violated_deadline": 0.01272795659834632,
    "avg_response_time": 0.08413203537710738,
    "avg_unavailability": 0.007823079728589814,
    "overall_response_time": 8.244939466956527,
    "time": 5400.0,
    "weighted_avg_deadline_violation": 0.00015851055397452155,
    "overall_cost": 153.8271521096514,
    "deadline_satisfaction": 0.9591836734693877,
    "weighted_overall_response_time": 1544.1962131944697,
    "max_migration_cost": 1147.3763735836033,
    "max_response_time": 0.25198987323586,
    "avg_cost": 6.409464671235475,
    "overall_migration_cost": 2149.2332224069214,
    "elapsed_time": 54.265760608017445,
    "opt": "LLCOptimizer",
    "overall_power_consumption": 953.1779311688915,
    "valid": true,
    "weighted_deadline_satisfaction": 0.9875462685035306,
    "weighted_overall_deadline_violation": 6.490815416473447,
    "weighted_migration_rate": 0.008746584817720457,
    "overall_deadline_violation": 0.05091182639338529,
    "avg_deadline_violation": 0.0005195084325855642,
    "avg_migration_cost": 307.0333174867031,
    "weighted_avg_response_time": 0.03771042334335885
  },
  {
    "max_cost": 62.951282702630465,
    "avg_only_violated_deadline": 0.0,
    "max_deadline_violation": 0.0,
    "migration_rate": 0.28,
    "weighted_avg_only_violated_deadline": 0.0,
    "avg_response_time": 0.0853730084664932,
    "avg_unavailability": 0.019211527680171488,
    "overall_response_time": 8.451927838182826,
    "time": 7200.0,
    "weighted_avg_deadline_violation": 0.0,
    "overall_cost": 149.07595064739982,
    "deadline_satisfaction": 1.0,
    "weighted_overall_response_time": 1443.9670859160165,
    "max_migration_cost": 11.18852240283237,
    "max_response_time": 0.2509899699688024,
    "avg_cost": 5.963038025895991,
    "overall_migration_cost": 28.136024464864953,
    "elapsed_time": 55.4156798645854,
    "opt": "LLCOptimizer",
    "overall_power_consumption": 946.5959225016281,
    "valid": true,
    "weighted_deadline_satisfaction": 1.0,
    "weighted_overall_deadline_violation": 0.0,
    "weighted_migration_rate": 0.011154549192599637,
    "overall_deadline_violation": 0.0,
    "avg_deadline_violation": 0.0,
    "avg_migration_cost": 4.019432066409279,
    "weighted_avg_response_time": 0.037354206130773004
  },
  {
    "max_cost": 50.63435759120727,
    "avg_only_violated_deadline": 0.0,
    "max_deadline_violation": 0.0,
    "migration_rate": 0.19230769230769232,
    "weighted_avg_only_violated_deadline": 0.0,
    "avg_response_time": 0.08656888667065653,
    "avg_unavailability": 0.01726164130760087,
    "overall_response_time": 8.656888667065648,
    "time": 9000.0,
    "weighted_avg_deadline_violation": 0.0,
    "overall_cost": 137.91664444937499,
    "deadline_satisfaction": 1.0,
    "weighted_overall_response_time": 1371.6389749227583,
    "max_migration_cost": 9.691,
    "max_response_time": 0.25199469217610776,
    "avg_cost": 5.3044863249759615,
    "overall_migration_cost": 22.913207882416522,
    "elapsed_time": 52.43648948520422,
    "opt": "LLCOptimizer",
    "overall_power_consumption": 963.1009647413401,
    "valid": true,
    "weighted_deadline_satisfaction": 1.0,
    "weighted_overall_deadline_violation": 0.0,
    "weighted_migration_rate": 0.010145512277083909,
    "overall_deadline_violation": 0.0,
    "avg_deadline_violation": 0.0,
    "avg_migration_cost": 4.582641576483304,
    "weighted_avg_response_time": 0.03919480550603587
  },
  {
    "max_cost": 57.860686961030204,
    "avg_only_violated_deadline": 0.0,
    "max_deadline_violation": 0.0,
    "migration_rate": 0.09090909090909091,
    "weighted_avg_only_violated_deadline": 0.0,
    "avg_response_time": 0.08453380801734042,
    "avg_unavailability": 0.02420148031817473,
    "overall_response_time": 8.3688469937167,
    "time": 10800.0,
    "weighted_avg_deadline_violation": 0.0,
    "overall_cost": 144.42260691957495,
    "deadline_satisfaction": 1.0,
    "weighted_overall_response_time": 1483.9650934928773,
    "max_migration_cost": 5.8372824791355375,
    "max_response_time": 0.2519959969085738,
    "avg_cost": 6.564663950889769,
    "overall_migration_cost": 9.434915825100457,
    "elapsed_time": 52.71065602451563,
    "opt": "LLCOptimizer",
    "overall_power_consumption": 952.0818942432901,
    "valid": true,
    "weighted_deadline_satisfaction": 1.0,
    "weighted_overall_deadline_violation": 0.0,
    "weighted_migration_rate": 0.000693398741503699,
    "overall_deadline_violation": 0.0,
    "avg_deadline_violation": 0.0,
    "avg_migration_cost": 4.717457912550229,
    "weighted_avg_response_time": 0.039777337928155736
  },
  {
    "max_cost": 56.58331320360351,
    "avg_only_violated_deadline": 0.0,
    "max_deadline_violation": 0.0,
    "migration_rate": 0.0,
    "weighted_avg_only_violated_deadline": 0.0,
    "avg_response_time": 0.08503648090703445,
    "avg_unavailability": 0.02631570849418606,
    "overall_response_time": 8.58868457161048,
    "time": 12600.0,
    "weighted_avg_deadline_violation": 0.0,
    "overall_cost": 133.2490142221982,
    "deadline_satisfaction": 1.0,
    "weighted_overall_response_time": 1442.9042973270778,
    "max_migration_cost": 0.0,
    "max_response_time": 0.25199726235615705,
    "avg_cost": 7.013106011694642,
    "overall_migration_cost": 0.0,
    "elapsed_time": 51.58651489764452,
    "opt": "LLCOptimizer",
    "overall_power_consumption": 927.001831075609,
    "valid": true,
    "weighted_deadline_satisfaction": 1.0,
    "weighted_overall_deadline_violation": 0.0,
    "weighted_migration_rate": 0.0,
    "overall_deadline_violation": 0.0,
    "avg_deadline_violation": 0.0,
    "avg_migration_cost": 0.0,
    "weighted_avg_response_time": 0.040328381182277474
  },
  {
    "max_cost": 48.583966110949056,
    "avg_only_violated_deadline": 0.0,
    "max_deadline_violation": 0.0,
    "migration_rate": 0.0,
    "weighted_avg_only_violated_deadline": 0.0,
    "avg_response_time": 0.08548719368223014,
    "avg_unavailability": 0.031840543129186064,
    "overall_response_time": 8.377744980858552,
    "time": 14400.0,
    "weighted_avg_deadline_violation": 0.0,
    "overall_cost": 131.1313874289659,
    "deadline_satisfaction": 1.0,
    "weighted_overall_response_time": 1343.4393036431707,
    "max_migration_cost": 0.0,
    "max_response_time": 0.2519985789832204,
    "avg_cost": 7.713611025233288,
    "overall_migration_cost": 0.0,
    "elapsed_time": 51.942189536988735,
    "opt": "LLCOptimizer",
    "overall_power_consumption": 939.8444998458796,
    "valid": true,
    "weighted_deadline_satisfaction": 1.0,
    "weighted_overall_deadline_violation": 0.0,
    "weighted_migration_rate": 0.0,
    "overall_deadline_violation": 0.0,
    "avg_deadline_violation": 0.0,
    "avg_migration_cost": 0.0,
    "weighted_avg_response_time": 0.038490864414982236
  },
  {
    "max_cost": 47.42756786258713,
    "avg_only_violated_deadline": 0.0,
    "max_deadline_violation": 0.0,
    "migration_rate": 0.0625,
    "weighted_avg_only_violated_deadline": 0.0,
    "avg_response_time": 0.08878150234137569,
    "avg_unavailability": 0.03184412719153598,
    "overall_response_time": 8.256679717747938,
    "time": 16200.0,
    "weighted_avg_deadline_violation": 0.0,
    "overall_cost": 130.2282169750727,
    "deadline_satisfaction": 1.0,
    "weighted_overall_response_time": 1350.0484918205173,
    "max_migration_cost": 1.331,
    "max_response_time": 0.25098887323380215,
    "avg_cost": 8.139263560942046,
    "overall_migration_cost": 1.331,
    "elapsed_time": 52.51566855609417,
    "opt": "LLCOptimizer",
    "overall_power_consumption": 936.7276651564096,
    "valid": true,
    "weighted_deadline_satisfaction": 1.0,
    "weighted_overall_deadline_violation": 0.0,
    "weighted_migration_rate": 0.0013459922868648887,
    "overall_deadline_violation": 0.0,
    "avg_deadline_violation": 0.0,
    "avg_migration_cost": 1.331,
    "weighted_avg_response_time": 0.03815529827894577
  },
  {
    "max_cost": 38.6966783304611,
    "avg_only_violated_deadline": 0.0,
    "max_deadline_violation": 0.0,
    "migration_rate": 0.125,
    "weighted_avg_only_violated_deadline": 0.0,
    "avg_response_time": 0.08784169666742703,
    "avg_unavailability": 0.03184412719153598,
    "overall_response_time": 8.344961183405566,
    "time": 18000.0,
    "weighted_avg_deadline_violation": 0.0,
    "overall_cost": 122.35087627141249,
    "deadline_satisfaction": 1.0,
    "weighted_overall_response_time": 1402.6154814889699,
    "max_migration_cost": 6.6009244359883565,
    "max_response_time": 0.25098906715727926,
    "avg_cost": 7.64692976696328,
    "overall_migration_cost": 7.670508262604771,
    "elapsed_time": 51.15734848380089,
    "opt": "LLCOptimizer",
    "overall_power_consumption": 934.2209604289593,
    "valid": true,
    "weighted_deadline_satisfaction": 1.0,
    "weighted_overall_deadline_violation": 0.0,
    "weighted_migration_rate": 0.0016309880314775763,
    "overall_deadline_violation": 0.0,
    "avg_deadline_violation": 0.0,
    "avg_migration_cost": 3.8352541313023853,
    "weighted_avg_response_time": 0.04091453844592193
  },
  {
    "max_cost": 50.69540028397884,
    "avg_only_violated_deadline": 0.0,
    "max_deadline_violation": 0.0,
    "migration_rate": 0.0625,
    "weighted_avg_only_violated_deadline": 0.0,
    "avg_response_time": 0.08738558678074257,
    "avg_unavailability": 0.03184412719153598,
    "overall_response_time": 8.651173091293511,
    "time": 19800.0,
    "weighted_avg_deadline_violation": 0.0,
    "overall_cost": 132.78483551970643,
    "deadline_satisfaction": 1.0,
    "weighted_overall_response_time": 1385.3815680183598,
    "max_migration_cost": 1.201734885571736,
    "max_response_time": 0.2519970605133405,
    "avg_cost": 8.29905221998165,
    "overall_migration_cost": 1.201734885571736,
    "elapsed_time": 52.07186572998762,
    "opt": "LLCOptimizer",
    "overall_power_consumption": 945.2530932464033,
    "valid": true,
    "weighted_deadline_satisfaction": 1.0,
    "weighted_overall_deadline_violation": 0.0,
    "weighted_migration_rate": 0.0010235074525549782,
    "overall_deadline_violation": 0.0,
    "avg_deadline_violation": 0.0,
    "avg_migration_cost": 1.201734885571736,
    "weighted_avg_response_time": 0.038880919707364535
  },
  {
    "max_cost": 37.655429245808165,
    "avg_only_violated_deadline": 0.0,
    "max_deadline_violation": 0.0,
    "migration_rate": 0.0,
    "weighted_avg_only_violated_deadline": 0.0,
    "avg_response_time": 0.08681634427128915,
    "avg_unavailability": 0.03184412719153598,
    "overall_response_time": 8.334369050043751,
    "time": 21600.0,
    "weighted_avg_deadline_violation": 0.0,
    "overall_cost": 113.3237238193013,
    "deadline_satisfaction": 1.0,
    "weighted_overall_response_time": 1196.787987186479,
    "max_migration_cost": 0.0,
    "max_response_time": 0.25098995311472294,
    "avg_cost": 7.082732738706332,
    "overall_migration_cost": 0.0,
    "elapsed_time": 50.959881357848644,
    "opt": "LLCOptimizer",
    "overall_power_consumption": 932.8962596705037,
    "valid": true,
    "weighted_deadline_satisfaction": 1.0,
    "weighted_overall_deadline_violation": 0.0,
    "weighted_migration_rate": 0.0,
    "overall_deadline_violation": 0.0,
    "avg_deadline_violation": 0.0,
    "avg_migration_cost": 0.0,
    "weighted_avg_response_time": 0.03940432923883128
  },
  {
    "max_cost": 42.39710677379443,
    "avg_only_violated_deadline": 0.0,
    "max_deadline_violation": 0.0,
    "migration_rate": 0.0625,
    "weighted_avg_only_violated_deadline": 0.0,
    "avg_response_time": 0.08767289214983665,
    "avg_unavailability": 0.032796105251535985,
    "overall_response_time": 8.328924754234484,
    "time": 23400.0,
    "weighted_avg_deadline_violation": 0.0,
    "overall_cost": 131.20146150749383,
    "deadline_satisfaction": 1.0,
    "weighted_overall_response_time": 1431.914377381908,
    "max_migration_cost": 2.0769072203498893,
    "max_response_time": 0.25099059857428985,
    "avg_cost": 8.200091344218366,
    "overall_migration_cost": 2.0769072203498893,
    "elapsed_time": 43.39585545659065,
    "opt": "LLCOptimizer",
    "overall_power_consumption": 918.709632957849,
    "valid": true,
    "weighted_deadline_satisfaction": 1.0,
    "weighted_overall_deadline_violation": 0.0,
    "weighted_migration_rate": 0.0005227569513589961,
    "overall_deadline_violation": 0.0,
    "avg_deadline_violation": 0.0,
    "avg_migration_cost": 2.0769072203498893,
    "weighted_avg_response_time": 0.03941040946761668
  },
  {
    "max_cost": 41.98096953991684,
    "avg_only_violated_deadline": 0.0,
    "max_deadline_violation": 0.0,
    "migration_rate": 0.0,
    "weighted_avg_only_violated_deadline": 0.0,
    "avg_response_time": 0.08656587637521723,
    "avg_unavailability": 0.032796105251535985,
    "overall_response_time": 8.31032413202085,
    "time": 25200.0,
    "weighted_avg_deadline_violation": 0.0,
    "overall_cost": 128.75167382624113,
    "deadline_satisfaction": 1.0,
    "weighted_overall_response_time": 1412.6079008534634,
    "max_migration_cost": 0.0,
    "max_response_time": 0.25099122798481316,
    "avg_cost": 8.046979614140069,
    "overall_migration_cost": 0.0,
    "elapsed_time": 25.245517261326313,
    "opt": "LLCOptimizer",
    "overall_power_consumption": 923.1386883490136,
    "valid": true,
    "weighted_deadline_satisfaction": 1.0,
    "weighted_overall_deadline_violation": 0.0,
    "weighted_migration_rate": 0.0,
    "overall_deadline_violation": 0.0,
    "avg_deadline_violation": 0.0,
    "avg_migration_cost": 0.0,
    "weighted_avg_response_time": 0.03955348923484104
  },
  {
    "max_cost": 62.26142441923172,
    "avg_only_violated_deadline": 0.0,
    "max_deadline_violation": 0.0,
    "migration_rate": 0.0,
    "weighted_avg_only_violated_deadline": 0.0,
    "avg_response_time": 0.08588474248549666,
    "avg_unavailability": 0.032796105251535985,
    "overall_response_time": 8.330820021093174,
    "time": 27000.0,
    "weighted_avg_deadline_violation": 0.0,
    "overall_cost": 149.69569871230422,
    "deadline_satisfaction": 1.0,
    "weighted_overall_response_time": 1591.0510392698934,
    "max_migration_cost": 0.0,
    "max_response_time": 0.2509918548678231,
    "avg_cost": 9.355981169519014,
    "overall_migration_cost": 0.0,
    "elapsed_time": 51.37364502996206,
    "opt": "LLCOptimizer",
    "overall_power_consumption": 921.9018632707996,
    "valid": true,
    "weighted_deadline_satisfaction": 1.0,
    "weighted_overall_deadline_violation": 0.0,
    "weighted_migration_rate": 0.0,
    "overall_deadline_violation": 0.0,
    "avg_deadline_violation": 0.0,
    "avg_migration_cost": 0.0,
    "weighted_avg_response_time": 0.03870739270624501
  },
  {
    "max_cost": 41.272353912271086,
    "avg_only_violated_deadline": 0.0,
    "max_deadline_violation": 0.0,
    "migration_rate": 0.0,
    "weighted_avg_only_violated_deadline": 0.0,
    "avg_response_time": 0.0858951035668068,
    "avg_unavailability": 0.032796105251535985,
    "overall_response_time": 8.331825045980253,
    "time": 28800.0,
    "weighted_avg_deadline_violation": 0.0,
    "overall_cost": 125.45509599562875,
    "deadline_satisfaction": 1.0,
    "weighted_overall_response_time": 1424.4206403059538,
    "max_migration_cost": 0.0,
    "max_response_time": 0.25099240802512174,
    "avg_cost": 7.840943499726796,
    "overall_migration_cost": 0.0,
    "elapsed_time": 51.97757551819086,
    "opt": "LLCOptimizer",
    "overall_power_consumption": 910.7446550223522,
    "valid": true,
    "weighted_deadline_satisfaction": 1.0,
    "weighted_overall_deadline_violation": 0.0,
    "weighted_migration_rate": 0.0,
    "overall_deadline_violation": 0.0,
    "avg_deadline_violation": 0.0,
    "avg_migration_cost": 0.0,
    "weighted_avg_response_time": 0.040818213430623834
  },
  {
    "max_cost": 58.65600167662375,
    "avg_only_violated_deadline": 0.0,
    "max_deadline_violation": 0.0,
    "migration_rate": 0.0,
    "weighted_avg_only_violated_deadline": 0.0,
    "avg_response_time": 0.0824209235406676,
    "avg_unavailability": 0.032796105251535985,
    "overall_response_time": 7.829987736363418,
    "time": 30600.0,
    "weighted_avg_deadline_violation": 0.0,
    "overall_cost": 141.45847764466419,
    "deadline_satisfaction": 1.0,
    "weighted_overall_response_time": 1434.1627195786552,
    "max_migration_cost": 0.0,
    "max_response_time": 0.25099299451392143,
    "avg_cost": 8.841154852791512,
    "overall_migration_cost": 0.0,
    "elapsed_time": 52.33682629466057,
    "opt": "LLCOptimizer",
    "overall_power_consumption": 922.9149262294233,
    "valid": true,
    "weighted_deadline_satisfaction": 1.0,
    "weighted_overall_deadline_violation": 0.0,
    "weighted_migration_rate": 0.0,
    "overall_deadline_violation": 0.0,
    "avg_deadline_violation": 0.0,
    "avg_migration_cost": 0.0,
    "weighted_avg_response_time": 0.037707597655966575
  },
  {
    "max_cost": 47.188718028314156,
    "avg_only_violated_deadline": 0.0,
    "max_deadline_violation": 0.0,
    "migration_rate": 0.0,
    "weighted_avg_only_violated_deadline": 0.0,
    "avg_response_time": 0.08641606672115866,
    "avg_unavailability": 0.032796105251535985,
    "overall_response_time": 8.295942405231228,
    "time": 32400.0,
    "weighted_avg_deadline_violation": 0.0,
    "overall_cost": 125.59325832750618,
    "deadline_satisfaction": 1.0,
    "weighted_overall_response_time": 1263.539108643871,
    "max_migration_cost": 0.0,
    "max_response_time": 0.25099349854321673,
    "avg_cost": 7.849578645469136,
    "overall_migration_cost": 0.0,
    "elapsed_time": 52.37841483205557,
    "opt": "LLCOptimizer",
    "overall_power_consumption": 929.60686169093,
    "valid": true,
    "weighted_deadline_satisfaction": 1.0,
    "weighted_overall_deadline_violation": 0.0,
    "weighted_migration_rate": 0.0,
    "overall_deadline_violation": 0.0,
    "avg_deadline_violation": 0.0,
    "avg_migration_cost": 0.0,
    "weighted_avg_response_time": 0.037842981364835576
  },
  {
    "max_cost": 39.68910932345736,
    "avg_only_violated_deadline": 0.0,
    "max_deadline_violation": 0.0,
    "migration_rate": 0.0,
    "weighted_avg_only_violated_deadline": 0.0,
    "avg_response_time": 0.08482467215096062,
    "avg_unavailability": 0.032796105251535985,
    "overall_response_time": 8.05834385434126,
    "time": 34200.0,
    "weighted_avg_deadline_violation": 0.0,
    "overall_cost": 121.9164366545988,
    "deadline_satisfaction": 1.0,
    "weighted_overall_response_time": 1329.8527659059378,
    "max_migration_cost": 0.0,
    "max_response_time": 0.25099371141600685,
    "avg_cost": 7.619777290912425,
    "overall_migration_cost": 0.0,
    "elapsed_time": 24.377310574054718,
    "opt": "LLCOptimizer",
    "overall_power_consumption": 920.0771172509127,
    "valid": true,
    "weighted_deadline_satisfaction": 1.0,
    "weighted_overall_deadline_violation": 0.0,
    "weighted_migration_rate": 0.0,
    "overall_deadline_violation": 0.0,
    "avg_deadline_violation": 0.0,
    "avg_migration_cost": 0.0,
    "weighted_avg_response_time": 0.04031362770747723
  },
  {
    "max_cost": 55.49319631895624,
    "avg_only_violated_deadline": 0.0,
    "max_deadline_violation": 0.0,
    "migration_rate": 0.0,
    "weighted_avg_only_violated_deadline": 0.0,
    "avg_response_time": 0.08588526385005071,
    "avg_unavailability": 0.032796105251535985,
    "overall_response_time": 8.33087059345492,
    "time": 36000.0,
    "weighted_avg_deadline_violation": 0.0,
    "overall_cost": 145.23344914642797,
    "deadline_satisfaction": 1.0,
    "weighted_overall_response_time": 1533.5110388853377,
    "max_migration_cost": 0.0,
    "max_response_time": 0.25099387335274964,
    "avg_cost": 9.077090571651748,
    "overall_migration_cost": 0.0,
    "elapsed_time": 47.04069872945547,
    "opt": "LLCOptimizer",
    "overall_power_consumption": 921.3293193487461,
    "valid": true,
    "weighted_deadline_satisfaction": 1.0,
    "weighted_overall_deadline_violation": 0.0,
    "weighted_migration_rate": 0.0,
    "overall_deadline_violation": 0.0,
    "avg_deadline_violation": 0.0,
    "avg_migration_cost": 0.0,
    "weighted_avg_response_time": 0.03832463307749729
  },
  {
    "max_cost": 51.15477611992924,
    "avg_only_violated_deadline": 0.0,
    "max_deadline_violation": 0.0,
    "migration_rate": 0.0,
    "weighted_avg_only_violated_deadline": 0.0,
    "avg_response_time": 0.08588610108495685,
    "avg_unavailability": 0.032796105251535985,
    "overall_response_time": 8.330951805240815,
    "time": 37800.0,
    "weighted_avg_deadline_violation": 0.0,
    "overall_cost": 134.57022009747112,
    "deadline_satisfaction": 1.0,
    "weighted_overall_response_time": 1369.565123015889,
    "max_migration_cost": 0.0,
    "max_response_time": 0.2509938153469335,
    "avg_cost": 8.410638756091945,
    "overall_migration_cost": 0.0,
    "elapsed_time": 25.498750023543835,
    "opt": "LLCOptimizer",
    "overall_power_consumption": 927.5147315507961,
    "valid": true,
    "weighted_deadline_satisfaction": 1.0,
    "weighted_overall_deadline_violation": 0.0,
    "weighted_migration_rate": 0.0,
    "overall_deadline_violation": 0.0,
    "avg_deadline_violation": 0.0,
    "avg_migration_cost": 0.0,
    "weighted_avg_response_time": 0.038111047332876236
  },
  {
    "max_cost": 45.612241782776195,
    "avg_only_violated_deadline": 0.0,
    "max_deadline_violation": 0.0,
    "migration_rate": 0.0,
    "weighted_avg_only_violated_deadline": 0.0,
    "avg_response_time": 0.08675105389867054,
    "avg_unavailability": 0.032796105251535985,
    "overall_response_time": 8.588354335968388,
    "time": 39600.0,
    "weighted_avg_deadline_violation": 0.0,
    "overall_cost": 141.46065403186265,
    "deadline_satisfaction": 1.0,
    "weighted_overall_response_time": 1390.8688261397156,
    "max_migration_cost": 0.0,
    "max_response_time": 0.25199770819065875,
    "avg_cost": 8.841290876991415,
    "overall_migration_cost": 0.0,
    "elapsed_time": 53.30292311310768,
    "opt": "LLCOptimizer",
    "overall_power_consumption": 953.6019689292829,
    "valid": true,
    "weighted_deadline_satisfaction": 1.0,
    "weighted_overall_deadline_violation": 0.0,
    "weighted_migration_rate": 0.0,
    "overall_deadline_violation": 0.0,
    "avg_deadline_violation": 0.0,
    "avg_migration_cost": 0.0,
    "weighted_avg_response_time": 0.0368010876728558
  },
  {
    "max_cost": 54.391600999147194,
    "avg_only_violated_deadline": 0.0,
    "max_deadline_violation": 0.0,
    "migration_rate": 0.0625,
    "weighted_avg_only_violated_deadline": 0.0,
    "avg_response_time": 0.0846003772196515,
    "avg_unavailability": 0.032795142890535985,
    "overall_response_time": 8.29083696752585,
    "time": 41400.0,
    "weighted_avg_deadline_violation": 0.0,
    "overall_cost": 154.27669831983803,
    "deadline_satisfaction": 1.0,
    "weighted_overall_response_time": 1434.8933449567078,
    "max_migration_cost": 0.3368522369639496,
    "max_response_time": 0.25199332259061974,
    "avg_cost": 9.642293644989877,
    "overall_migration_cost": 0.3368522369639496,
    "elapsed_time": 53.07972338795662,
    "opt": "LLCOptimizer",
    "overall_power_consumption": 973.919305730482,
    "valid": true,
    "weighted_deadline_satisfaction": 1.0,
    "weighted_overall_deadline_violation": 0.0,
    "weighted_migration_rate": 0.00040252940994894794,
    "overall_deadline_violation": 0.0,
    "avg_deadline_violation": 0.0,
    "avg_migration_cost": 0.3368522369639496,
    "weighted_avg_response_time": 0.036054709630096764
  },
  {
    "max_cost": 52.61594848395285,
    "avg_only_violated_deadline": 0.0,
    "max_deadline_violation": 0.0,
    "migration_rate": 0.0625,
    "weighted_avg_only_violated_deadline": 0.0,
    "avg_response_time": 0.08088421713679642,
    "avg_unavailability": 0.03279336980053598,
    "overall_response_time": 7.845769062269251,
    "time": 43200.0,
    "weighted_avg_deadline_violation": 0.0,
    "overall_cost": 140.71409322658675,
    "deadline_satisfaction": 1.0,
    "weighted_overall_response_time": 1340.0162562261735,
    "max_migration_cost": 0.19858073738403645,
    "max_response_time": 0.25199503771689297,
    "avg_cost": 8.794630826661672,
    "overall_migration_cost": 0.19858073738403645,
    "elapsed_time": 53.34892313182354,
    "opt": "LLCOptimizer",
    "overall_power_consumption": 956.3927311944857,
    "valid": true,
    "weighted_deadline_satisfaction": 1.0,
    "weighted_overall_deadline_violation": 0.0,
    "weighted_migration_rate": 0.0004953064938553032,
    "overall_deadline_violation": 0.0,
    "avg_deadline_violation": 0.0,
    "avg_migration_cost": 0.19858073738403645,
    "weighted_avg_response_time": 0.03673749274403276
  },
  {
    "max_cost": 42.893078441362796,
    "avg_only_violated_deadline": 0.0,
    "max_deadline_violation": 0.0,
    "migration_rate": 0.0,
    "weighted_avg_only_violated_deadline": 0.0,
    "avg_response_time": 0.08366737625101905,
    "avg_unavailability": 0.033862552871535986,
    "overall_response_time": 8.03206812009783,
    "time": 45000.0,
    "weighted_avg_deadline_violation": 0.0,
    "overall_cost": 145.83006033734281,
    "deadline_satisfaction": 1.0,
    "weighted_overall_response_time": 1502.4925497016848,
    "max_migration_cost": 0.0,
    "max_response_time": 0.2519947208135271,
    "avg_cost": 9.722004022489521,
    "overall_migration_cost": 0.0,
    "elapsed_time": 52.4594314917922,
    "opt": "LLCOptimizer",
    "overall_power_consumption": 967.3378074668219,
    "valid": true,
    "weighted_deadline_satisfaction": 1.0,
    "weighted_overall_deadline_violation": 0.0,
    "weighted_migration_rate": 0.0,
    "overall_deadline_violation": 0.0,
    "avg_deadline_violation": 0.0,
    "avg_migration_cost": 0.0,
    "weighted_avg_response_time": 0.038853248725927304
  },
  {
    "max_cost": 48.11008325506616,
    "avg_only_violated_deadline": 0.0,
    "max_deadline_violation": 0.0,
    "migration_rate": 0.0,
    "weighted_avg_only_violated_deadline": 0.0,
    "avg_response_time": 0.08408217807169548,
    "avg_unavailability": 0.033862552871535986,
    "overall_response_time": 8.071889094882758,
    "time": 46800.0,
    "weighted_avg_deadline_violation": 0.0,
    "overall_cost": 151.1844498800824,
    "deadline_satisfaction": 1.0,
    "weighted_overall_response_time": 1479.3478375205625,
    "max_migration_cost": 0.0,
    "max_response_time": 0.2519965031280714,
    "avg_cost": 10.078963325338826,
    "overall_migration_cost": 0.0,
    "elapsed_time": 52.07874399423599,
    "opt": "LLCOptimizer",
    "overall_power_consumption": 958.035492131324,
    "valid": true,
    "weighted_deadline_satisfaction": 1.0,
    "weighted_overall_deadline_violation": 0.0,
    "weighted_migration_rate": 0.0,
    "overall_deadline_violation": 0.0,
    "avg_deadline_violation": 0.0,
    "avg_migration_cost": 0.0,
    "weighted_avg_response_time": 0.036674210213555984
  },
  {
    "max_cost": 55.197508512364614,
    "avg_only_violated_deadline": 0.0,
    "max_deadline_violation": 0.0,
    "migration_rate": 0.125,
    "weighted_avg_only_violated_deadline": 0.0,
    "avg_response_time": 0.08649164822151341,
    "avg_unavailability": 0.030942444911535978,
    "overall_response_time": 8.389689877486806,
    "time": 48600.0,
    "weighted_avg_deadline_violation": 0.0,
    "overall_cost": 163.86491528499124,
    "deadline_satisfaction": 1.0,
    "weighted_overall_response_time": 1678.6149085857685,
    "max_migration_cost": 40.859465268520324,
    "max_response_time": 0.2519950043334863,
    "avg_cost": 10.241557205311954,
    "overall_migration_cost": 45.364896448057564,
    "elapsed_time": 53.06936588138342,
    "opt": "LLCOptimizer",
    "overall_power_consumption": 971.0087959148774,
    "valid": true,
    "weighted_deadline_satisfaction": 1.0,
    "weighted_overall_deadline_violation": 0.0,
    "weighted_migration_rate": 0.001954985590430904,
    "overall_deadline_violation": 0.0,
    "avg_deadline_violation": 0.0,
    "avg_migration_cost": 22.682448224028782,
    "weighted_avg_response_time": 0.038426611731616135
  },
  {
    "max_cost": 59.141757769147745,
    "avg_only_violated_deadline": 0.013322599694330518,
    "max_deadline_violation": 0.013322599694330518,
    "migration_rate": 0.11764705882352941,
    "weighted_avg_only_violated_deadline": 0.013322599694330518,
    "avg_response_time": 0.08403676613508636,
    "avg_unavailability": 0.030938860849186057,
    "overall_response_time": 8.151566315103379,
    "time": 50400.0,
    "weighted_avg_deadline_violation": 5.39082307428978e-05,
    "overall_cost": 170.33338000348547,
    "deadline_satisfaction": 0.9896907216494846,
    "weighted_overall_response_time": 1687.2420982170422,
    "max_migration_cost": 4.863783351174726,
    "max_response_time": 0.2519963161481638,
    "avg_cost": 10.01961058844032,
    "overall_migration_cost": 7.386937660215882,
    "elapsed_time": 54.22687350213528,
    "opt": "LLCOptimizer",
    "overall_power_consumption": 977.3030043990541,
    "valid": true,
    "weighted_deadline_satisfaction": 0.995953625269861,
    "weighted_overall_deadline_violation": 2.399212639301652,
    "weighted_migration_rate": 0.001166806849745056,
    "overall_deadline_violation": 0.013322599694330518,
    "avg_deadline_violation": 0.00013734638860134554,
    "avg_migration_cost": 3.693468830107941,
    "weighted_avg_response_time": 0.037910869115915596
  },
  {
    "max_cost": 53.09448596226966,
    "avg_only_violated_deadline": 0.005400329774489397,
    "max_deadline_violation": 0.005400329774489397,
    "migration_rate": 0.058823529411764705,
    "weighted_avg_only_violated_deadline": 0.005400329774489397,
    "avg_response_time": 0.08156987214263817,
    "avg_unavailability": 0.030921134413186058,
    "overall_response_time": 8.32012695854909,
    "time": 52200.0,
    "weighted_avg_deadline_violation": 1.9673627622985328e-05,
    "overall_cost": 161.71285953319654,
    "deadline_satisfaction": 0.9901960784313726,
    "weighted_overall_response_time": 1616.7846178309442,
    "max_migration_cost": 0.09001340322686673,
    "max_response_time": 0.2519966269184528,
    "avg_cost": 9.51252114901156,
    "overall_migration_cost": 0.09001340322686673,
    "elapsed_time": 54.185885451734066,
    "opt": "LLCOptimizer",
    "overall_power_consumption": 962.8629144834376,
    "valid": true,
    "weighted_deadline_satisfaction": 0.9963569581035733,
    "weighted_overall_deadline_violation": 0.8403157630809132,
    "weighted_migration_rate": 0.0007508057561344865,
    "overall_deadline_violation": 0.005400329774489397,
    "avg_deadline_violation": 5.294440955381762e-05,
    "avg_migration_cost": 0.09001340322686673,
    "weighted_avg_response_time": 0.037852459652971994
  },
  {
    "max_cost": 49.87206668309825,
    "avg_only_violated_deadline": 0.0,
    "max_deadline_violation": 0.0,
    "migration_rate": 0.0,
    "weighted_avg_only_violated_deadline": 0.0,
    "avg_response_time": 0.08269456015321984,
    "avg_unavailability": 0.030921134413186058,
    "overall_response_time": 8.352150575475202,
    "time": 54000.0,
    "weighted_avg_deadline_violation": 0.0,
    "overall_cost": 145.06898443385924,
    "deadline_satisfaction": 1.0,
    "weighted_overall_response_time": 1520.5702794575975,
    "max_migration_cost": 0.0,
    "max_response_time": 0.2519953771570118,
    "avg_cost": 8.533469672579956,
    "overall_migration_cost": 0.0,
    "elapsed_time": 53.80926591902971,
    "opt": "LLCOptimizer",
    "overall_power_consumption": 942.6083518126702,
    "valid": true,
    "weighted_deadline_satisfaction": 1.0,
    "weighted_overall_deadline_violation": 0.0,
    "weighted_migration_rate": 0.0,
    "overall_deadline_violation": 0.0,
    "avg_deadline_violation": 0.0,
    "avg_migration_cost": 0.0,
    "weighted_avg_response_time": 0.03958600414386803
  },
  {
    "max_cost": 56.58188149522174,
    "avg_only_violated_deadline": 0.0,
    "max_deadline_violation": 0.0,
    "migration_rate": 0.0,
    "weighted_avg_only_violated_deadline": 0.0,
    "avg_response_time": 0.0832629640427558,
    "avg_unavailability": 0.03111014631565006,
    "overall_response_time": 7.993244548104557,
    "time": 55800.0,
    "weighted_avg_deadline_violation": 0.0,
    "overall_cost": 149.9360333291687,
    "deadline_satisfaction": 1.0,
    "weighted_overall_response_time": 1548.501840618724,
    "max_migration_cost": 0.0,
    "max_response_time": 0.2519964810673842,
    "avg_cost": 9.371002083073044,
    "overall_migration_cost": 0.0,
    "elapsed_time": 52.61870443075895,
    "opt": "LLCOptimizer",
    "overall_power_consumption": 941.0706309432633,
    "valid": true,
    "weighted_deadline_satisfaction": 1.0,
    "weighted_overall_deadline_violation": 0.0,
    "weighted_migration_rate": 0.0,
    "overall_deadline_violation": 0.0,
    "avg_deadline_violation": 0.0,
    "avg_migration_cost": 0.0,
    "weighted_avg_response_time": 0.03884370593614393
  },
  {
    "max_cost": 42.26891875202746,
    "avg_only_violated_deadline": 0.0,
    "max_deadline_violation": 0.0,
    "migration_rate": 0.0,
    "weighted_avg_only_violated_deadline": 0.0,
    "avg_response_time": 0.08345204624349266,
    "avg_unavailability": 0.03111076829403998,
    "overall_response_time": 8.261752578105765,
    "time": 57600.0,
    "weighted_avg_deadline_violation": 0.0,
    "overall_cost": 128.35117349632614,
    "deadline_satisfaction": 1.0,
    "weighted_overall_response_time": 1454.5819458578799,
    "max_migration_cost": 0.0,
    "max_response_time": 0.2519945621176453,
    "avg_cost": 8.556744899755076,
    "overall_migration_cost": 0.0,
    "elapsed_time": 53.10401543229818,
    "opt": "LLCOptimizer",
    "overall_power_consumption": 924.8294113534868,
    "valid": true,
    "weighted_deadline_satisfaction": 1.0,
    "weighted_overall_deadline_violation": 0.0,
    "weighted_migration_rate": 0.0,
    "overall_deadline_violation": 0.0,
    "avg_deadline_violation": 0.0,
    "avg_migration_cost": 0.0,
    "weighted_avg_response_time": 0.040998923174891316
  },
  {
    "max_cost": 48.483451668891796,
    "avg_only_violated_deadline": 0.0,
    "max_deadline_violation": 0.0,
    "migration_rate": 0.4583333333333333,
    "weighted_avg_only_violated_deadline": 0.0,
    "avg_response_time": 0.08622163452417589,
    "avg_unavailability": 0.0281221063227706,
    "overall_response_time": 8.622163452417588,
    "time": 59400.0,
    "weighted_avg_deadline_violation": 0.0,
    "overall_cost": 146.6552064263846,
    "deadline_satisfaction": 1.0,
    "weighted_overall_response_time": 1450.5042188722653,
    "max_migration_cost": 325.4270749440061,
    "max_response_time": 0.25198872031766084,
    "avg_cost": 6.110633601099356,
    "overall_migration_cost": 1026.5604802479204,
    "elapsed_time": 59.45780114084482,
    "opt": "LLCOptimizer",
    "overall_power_consumption": 942.6045870350325,
    "valid": true,
    "weighted_deadline_satisfaction": 1.0,
    "weighted_overall_deadline_violation": 0.0,
    "weighted_migration_rate": 0.014622431298321801,
    "overall_deadline_violation": 0.0,
    "avg_deadline_violation": 0.0,
    "avg_migration_cost": 93.32368002253821,
    "weighted_avg_response_time": 0.03856107442127195
  },
  {
    "max_cost": 46.81567213928477,
    "avg_only_violated_deadline": 0.0,
    "max_deadline_violation": 0.0,
    "migration_rate": 0.12,
    "weighted_avg_only_violated_deadline": 0.0,
    "avg_response_time": 0.08974855396616085,
    "avg_unavailability": 0.028093539901555997,
    "overall_response_time": 9.423598166446888,
    "time": 61200.0,
    "weighted_avg_deadline_violation": 0.0,
    "overall_cost": 147.5378527677658,
    "deadline_satisfaction": 1.0,
    "weighted_overall_response_time": 1507.4335170117436,
    "max_migration_cost": 1.2982468689709867,
    "max_response_time": 0.25198933719068306,
    "avg_cost": 5.901514110710632,
    "overall_migration_cost": 2.318246868970987,
    "elapsed_time": 60.252424478530884,
    "opt": "LLCOptimizer",
    "overall_power_consumption": 943.9554386040677,
    "valid": true,
    "weighted_deadline_satisfaction": 1.0,
    "weighted_overall_deadline_violation": 0.0,
    "weighted_migration_rate": 0.004322107607341558,
    "overall_deadline_violation": 0.0,
    "avg_deadline_violation": 0.0,
    "avg_migration_cost": 0.7727489563236623,
    "weighted_avg_response_time": 0.039413789726577636
  },
  {
    "max_cost": 60.142059434055234,
    "avg_only_violated_deadline": 0.0,
    "max_deadline_violation": 0.0,
    "migration_rate": 0.04,
    "weighted_avg_only_violated_deadline": 0.0,
    "avg_response_time": 0.08609586631011826,
    "avg_unavailability": 0.027941036715419518,
    "overall_response_time": 9.126161828872535,
    "time": 63000.0,
    "weighted_avg_deadline_violation": 0.0,
    "overall_cost": 155.35771184318386,
    "deadline_satisfaction": 1.0,
    "weighted_overall_response_time": 1586.5745961292096,
    "max_migration_cost": 1.973352476393196,
    "max_response_time": 0.25198991411341354,
    "avg_cost": 6.214308473727353,
    "overall_migration_cost": 1.973352476393196,
    "elapsed_time": 60.391048319637775,
    "opt": "LLCOptimizer",
    "overall_power_consumption": 938.337933169172,
    "valid": true,
    "weighted_deadline_satisfaction": 1.0,
    "weighted_overall_deadline_violation": 0.0,
    "weighted_migration_rate": 0.0003958669735829212,
    "overall_deadline_violation": 0.0,
    "avg_deadline_violation": 0.0,
    "avg_migration_cost": 1.973352476393196,
    "weighted_avg_response_time": 0.03933290757492549
  },
  {
    "max_cost": 64.61237548550605,
    "avg_only_violated_deadline": 0.0,
    "max_deadline_violation": 0.0,
    "migration_rate": 0.04,
    "weighted_avg_only_violated_deadline": 0.0,
    "avg_response_time": 0.08586798406798728,
    "avg_unavailability": 0.018248833794920517,
    "overall_response_time": 8.672666390866711,
    "time": 64800.0,
    "weighted_avg_deadline_violation": 0.0,
    "overall_cost": 160.43408193062095,
    "deadline_satisfaction": 1.0,
    "weighted_overall_response_time": 1652.102773931779,
    "max_migration_cost": 52.15655849094063,
    "max_response_time": 0.25199003997030367,
    "avg_cost": 6.417363277224839,
    "overall_migration_cost": 52.15655849094063,
    "elapsed_time": 59.60736608505249,
    "opt": "LLCOptimizer",
    "overall_power_consumption": 925.9080762155536,
    "valid": true,
    "weighted_deadline_satisfaction": 1.0,
    "weighted_overall_deadline_violation": 0.0,
    "weighted_migration_rate": 0.00033247457399832937,
    "overall_deadline_violation": 0.0,
    "avg_deadline_violation": 0.0,
    "avg_migration_cost": 52.15655849094063,
    "weighted_avg_response_time": 0.038421119807185
  },
  {
    "max_cost": 44.96186653892149,
    "avg_only_violated_deadline": 0.0,
    "max_deadline_violation": 0.0,
    "migration_rate": 0.04,
    "weighted_avg_only_violated_deadline": 0.0,
    "avg_response_time": 0.08859310502245883,
    "avg_unavailability": 0.017336700333406917,
    "overall_response_time": 9.12508981731326,
    "time": 66600.0,
    "weighted_avg_deadline_violation": 0.0,
    "overall_cost": 128.632808469681,
    "deadline_satisfaction": 1.0,
    "weighted_overall_response_time": 1315.3821987124884,
    "max_migration_cost": 1.121,
    "max_response_time": 0.25165501743033225,
    "avg_cost": 5.14531233878724,
    "overall_migration_cost": 1.121,
    "elapsed_time": 60.44822051376104,
    "opt": "LLCOptimizer",
    "overall_power_consumption": 923.536333636929,
    "valid": true,
    "weighted_deadline_satisfaction": 1.0,
    "weighted_overall_deadline_violation": 0.0,
    "weighted_migration_rate": 0.0013478932124669717,
    "overall_deadline_violation": 0.0,
    "avg_deadline_violation": 0.0,
    "avg_migration_cost": 1.121,
    "weighted_avg_response_time": 0.039194090220082474
  },
  {
    "max_cost": 47.954690862093116,
    "avg_only_violated_deadline": 0.0,
    "max_deadline_violation": 0.0,
    "migration_rate": 0.25,
    "weighted_avg_only_violated_deadline": 0.0,
    "avg_response_time": 0.08816965786369843,
    "avg_unavailability": 0.0017400344865633115,
    "overall_response_time": 8.99330510209724,
    "time": 68400.0,
    "weighted_avg_deadline_violation": 0.0,
    "overall_cost": 147.1178992227805,
    "deadline_satisfaction": 1.0,
    "weighted_overall_response_time": 1483.7905443346435,
    "max_migration_cost": 1706.6430342807323,
    "max_response_time": 0.2509931638667456,
    "avg_cost": 4.59743435071189,
    "overall_migration_cost": 2571.1777834920294,
    "elapsed_time": 63.16565666347742,
    "opt": "LLCOptimizer",
    "overall_power_consumption": 944.9654476575242,
    "valid": true,
    "weighted_deadline_satisfaction": 1.0,
    "weighted_overall_deadline_violation": 0.0,
    "weighted_migration_rate": 0.014055010849681998,
    "overall_deadline_violation": 0.0,
    "avg_deadline_violation": 0.0,
    "avg_migration_cost": 321.3972229365036,
    "weighted_avg_response_time": 0.03927073021710995
  },
  {
    "max_cost": 47.49312616737981,
    "avg_only_violated_deadline": 0.0,
    "max_deadline_violation": 0.0,
    "migration_rate": 0.0,
    "weighted_avg_only_violated_deadline": 0.0,
    "avg_response_time": 0.08706822740729094,
    "avg_unavailability": 0.02426678977988724,
    "overall_response_time": 8.706822740729097,
    "time": 70200.0,
    "weighted_avg_deadline_violation": 0.0,
    "overall_cost": 123.60675472142607,
    "deadline_satisfaction": 1.0,
    "weighted_overall_response_time": 1234.1379141929292,
    "max_migration_cost": 0.0,
    "max_response_time": 0.25099311662619334,
    "avg_cost": 5.3742067270185245,
    "overall_migration_cost": 0.0,
    "elapsed_time": 61.1417166814208,
    "opt": "LLCOptimizer",
    "overall_power_consumption": 929.5815214094819,
    "valid": true,
    "weighted_deadline_satisfaction": 1.0,
    "weighted_overall_deadline_violation": 0.0,
    "weighted_migration_rate": 0.0,
    "overall_deadline_violation": 0.0,
    "avg_deadline_violation": 0.0,
    "avg_migration_cost": 0.0,
    "weighted_avg_response_time": 0.03916974063226471
  },
  {
    "max_cost": 51.019019363417314,
    "avg_only_violated_deadline": 0.0,
    "max_deadline_violation": 0.0,
    "migration_rate": 0.043478260869565216,
    "weighted_avg_only_violated_deadline": 0.0,
    "avg_response_time": 0.08615912202620521,
    "avg_unavailability": 0.024256373853574462,
    "overall_response_time": 8.702071324646727,
    "time": 72000.0,
    "weighted_avg_deadline_violation": 0.0,
    "overall_cost": 130.8730054175058,
    "deadline_satisfaction": 1.0,
    "weighted_overall_response_time": 1337.3681595595565,
    "max_migration_cost": 0.138,
    "max_response_time": 0.2509931706567415,
    "avg_cost": 5.690130670326339,
    "overall_migration_cost": 0.138,
    "elapsed_time": 60.7020353153348,
    "opt": "LLCOptimizer",
    "overall_power_consumption": 929.9811520353531,
    "valid": true,
    "weighted_deadline_satisfaction": 1.0,
    "weighted_overall_deadline_violation": 0.0,
    "weighted_migration_rate": 0.0005177908639768195,
    "overall_deadline_violation": 0.0,
    "avg_deadline_violation": 0.0,
    "avg_migration_cost": 0.138,
    "weighted_avg_response_time": 0.039893501227849265
  },
  {
    "max_cost": 58.36266887868109,
    "avg_only_violated_deadline": 0.0,
    "max_deadline_violation": 0.0,
    "migration_rate": 0.4583333333333333,
    "weighted_avg_only_violated_deadline": 0.0,
    "avg_response_time": 0.09001176138295598,
    "avg_unavailability": 0.012078294859839725,
    "overall_response_time": 8.911164376912641,
    "time": 73800.0,
    "weighted_avg_deadline_violation": 0.0,
    "overall_cost": 137.93813794851906,
    "deadline_satisfaction": 1.0,
    "weighted_overall_response_time": 1398.5623618471916,
    "max_migration_cost": 686.52626463649,
    "max_response_time": 0.25099133487346287,
    "avg_cost": 5.747422414521626,
    "overall_migration_cost": 1395.4742990515072,
    "elapsed_time": 62.38045734167099,
    "opt": "LLCOptimizer",
    "overall_power_consumption": 927.2953455251743,
    "valid": true,
    "weighted_deadline_satisfaction": 1.0,
    "weighted_overall_deadline_violation": 0.0,
    "weighted_migration_rate": 0.01991558310719076,
    "overall_deadline_violation": 0.0,
    "avg_deadline_violation": 0.0,
    "avg_migration_cost": 126.86129991377337,
    "weighted_avg_response_time": 0.039055318123489946
  },
  {
    "max_cost": 52.49634923556074,
    "avg_only_violated_deadline": 0.0,
    "max_deadline_violation": 0.0,
    "migration_rate": 0.125,
    "weighted_avg_only_violated_deadline": 0.0,
    "avg_response_time": 0.08938420693789868,
    "avg_unavailability": 0.01918406231737572,
    "overall_response_time": 8.938420693789867,
    "time": 75600.0,
    "weighted_avg_deadline_violation": 0.0,
    "overall_cost": 133.50932641581466,
    "deadline_satisfaction": 1.0,
    "weighted_overall_response_time": 1302.1089438994493,
    "max_migration_cost": 10.259944018631172,
    "max_response_time": 0.2509923550731011,
    "avg_cost": 5.562888600658941,
    "overall_migration_cost": 22.61235456495833,
    "elapsed_time": 60.38091794401407,
    "opt": "LLCOptimizer",
    "overall_power_consumption": 925.9987502173998,
    "valid": true,
    "weighted_deadline_satisfaction": 1.0,
    "weighted_overall_deadline_violation": 0.0,
    "weighted_migration_rate": 0.0008711713760967954,
    "overall_deadline_violation": 0.0,
    "avg_deadline_violation": 0.0,
    "avg_migration_cost": 7.537451521652778,
    "weighted_avg_response_time": 0.037687156517369175
  },
  {
    "max_cost": 62.15920331710846,
    "avg_only_violated_deadline": 0.0,
    "max_deadline_violation": 0.0,
    "migration_rate": 0.0,
    "weighted_avg_only_violated_deadline": 0.0,
    "avg_response_time": 0.08551459007686037,
    "avg_unavailability": 0.02146948265347573,
    "overall_response_time": 8.380429827532321,
    "time": 77400.0,
    "weighted_avg_deadline_violation": 0.0,
    "overall_cost": 140.46980737265145,
    "deadline_satisfaction": 1.0,
    "weighted_overall_response_time": 1492.8589445353152,
    "max_migration_cost": 0.0,
    "max_response_time": 0.2509921567340415,
    "avg_cost": 6.689038446316736,
    "overall_migration_cost": 0.0,
    "elapsed_time": 56.732061587274075,
    "opt": "LLCOptimizer",
    "overall_power_consumption": 899.5418632813123,
    "valid": true,
    "weighted_deadline_satisfaction": 1.0,
    "weighted_overall_deadline_violation": 0.0,
    "weighted_migration_rate": 0.0,
    "overall_deadline_violation": 0.0,
    "avg_deadline_violation": 0.0,
    "avg_migration_cost": 0.0,
    "weighted_avg_response_time": 0.03789297210166906
  },
  {
    "max_cost": 37.97688560326235,
    "avg_only_violated_deadline": 0.0,
    "max_deadline_violation": 0.0,
    "migration_rate": 0.32142857142857145,
    "weighted_avg_only_violated_deadline": 0.0,
    "avg_response_time": 0.08947029658092029,
    "avg_unavailability": 0.010370533271002633,
    "overall_response_time": 8.85755936151111,
    "time": 79200.0,
    "weighted_avg_deadline_violation": 0.0,
    "overall_cost": 124.87485151678199,
    "deadline_satisfaction": 1.0,
    "weighted_overall_response_time": 1294.1994796520173,
    "max_migration_cost": 915.3881536727678,
    "max_response_time": 0.2519948531729461,
    "avg_cost": 4.459816125599355,
    "overall_migration_cost": 978.2176470720353,
    "elapsed_time": 62.347485564649105,
    "opt": "LLCOptimizer",
    "overall_power_consumption": 935.9085176509626,
    "valid": true,
    "weighted_deadline_satisfaction": 1.0,
    "weighted_overall_deadline_violation": 0.0,
    "weighted_migration_rate": 0.010118091561767052,
    "overall_deadline_violation": 0.0,
    "avg_deadline_violation": 0.0,
    "avg_migration_cost": 108.6908496746706,
    "weighted_avg_response_time": 0.039219764244717355
  },
  {
    "max_cost": 47.4904284601077,
    "avg_only_violated_deadline": 0.0,
    "max_deadline_violation": 0.0,
    "migration_rate": 0.0,
    "weighted_avg_only_violated_deadline": 0.0,
    "avg_response_time": 0.09322117983473908,
    "avg_unavailability": 0.010528555571833383,
    "overall_response_time": 9.415339163308648,
    "time": 81000.0,
    "weighted_avg_deadline_violation": 0.0,
    "overall_cost": 139.3884941184982,
    "deadline_satisfaction": 1.0,
    "weighted_overall_response_time": 1387.1450862191402,
    "max_migration_cost": 0.0,
    "max_response_time": 0.2519987619488427,
    "avg_cost": 5.807853921604092,
    "overall_migration_cost": 0.0,
    "elapsed_time": 63.659867748618126,
    "opt": "LLCOptimizer",
    "overall_power_consumption": 967.8608988077235,
    "valid": true,
    "weighted_deadline_satisfaction": 1.0,
    "weighted_overall_deadline_violation": 0.0,
    "weighted_migration_rate": 0.0,
    "overall_deadline_violation": 0.0,
    "avg_deadline_violation": 0.0,
    "avg_migration_cost": 0.0,
    "weighted_avg_response_time": 0.03991671918390135
  },
  {
    "max_cost": 51.60853613436056,
    "avg_only_violated_deadline": 0.0,
    "max_deadline_violation": 0.0,
    "migration_rate": 0.0,
    "weighted_avg_only_violated_deadline": 0.0,
    "avg_response_time": 0.09205501303924885,
    "avg_unavailability": 0.010530714314772214,
    "overall_response_time": 9.205501303924889,
    "time": 82800.0,
    "weighted_avg_deadline_violation": 0.0,
    "overall_cost": 146.6083166484526,
    "deadline_satisfaction": 1.0,
    "weighted_overall_response_time": 1427.456339268014,
    "max_migration_cost": 0.0,
    "max_response_time": 0.2509902206353285,
    "avg_cost": 6.374274636889243,
    "overall_migration_cost": 0.0,
    "elapsed_time": 61.97914497554302,
    "opt": "LLCOptimizer",
    "overall_power_consumption": 969.3087733922719,
    "valid": true,
    "weighted_deadline_satisfaction": 1.0,
    "weighted_overall_deadline_violation": 0.0,
    "weighted_migration_rate": 0.0,
    "overall_deadline_violation": 0.0,
    "avg_deadline_violation": 0.0,
    "avg_migration_cost": 0.0,
    "weighted_avg_response_time": 0.03871399945052194
  },
  {
    "max_cost": 51.60859103808437,
    "avg_only_violated_deadline": 0.0,
    "max_deadline_violation": 0.0,
    "migration_rate": 0.0,
    "weighted_avg_only_violated_deadline": 0.0,
    "avg_response_time": 0.09205501307965705,
    "avg_unavailability": 0.010530714314772214,
    "overall_response_time": 9.205501307965706,
    "time": 84600.0,
    "weighted_avg_deadline_violation": 0.0,
    "overall_cost": 146.60840985086395,
    "deadline_satisfaction": 1.0,
    "weighted_overall_response_time": 1427.4531435867257,
    "max_migration_cost": 0.0,
    "max_response_time": 0.25099022038874386,
    "avg_cost": 6.374278689167998,
    "overall_migration_cost": 0.0,
    "elapsed_time": 61.713695995509624,
    "opt": "LLCOptimizer",
    "overall_power_consumption": 969.3089315524168,
    "valid": true,
    "weighted_deadline_satisfaction": 1.0,
    "weighted_overall_deadline_violation": 0.0,
    "weighted_migration_rate": 0.0,
    "overall_deadline_violation": 0.0,
    "avg_deadline_violation": 0.0,
    "avg_migration_cost": 0.0,
    "weighted_avg_response_time": 0.038713900665809285
  }
]