[
  {
    "time": 0.0,
    "opt": "ClusterLLGAOptimizer",
    "elapsed_time": 178.85516855167225,
    "valid": true,
    "overall_deadline_violation": 0.1534866606285837,
    "weighted_overall_deadline_violation": 42.91651707426846,
    "max_deadline_violation": 0.010000109999666667,
    "avg_deadline_violation": 0.0013007344121066414,
    "avg_only_violated_deadline": 0.004385333160816677,
    "weighted_avg_deadline_violation": 0.0010790401748642952,
    "weighted_avg_only_violated_deadline": 0.003817173163165145,
    "deadline_satisfaction": 0.7033898305084746,
    "weighted_deadline_satisfaction": 0.7173195637869436,
    "overall_cost": 250.8564094326141,
    "max_cost": 26.665022388053806,
    "avg_cost": 8.959157479736216,
    "overall_migration_cost": 0.0,
    "max_migration_cost": 0.0,
    "avg_migration_cost": 0.0,
    "migration_rate": 0.0,
    "weighted_migration_rate": 0.0,
    "overall_response_time": 4.272549805155652,
    "weighted_overall_response_time": 933.8885459207398,
    "max_response_time": 0.1509634303350567,
    "avg_response_time": 0.0362080491962343,
    "weighted_avg_response_time": 0.023480546153132928,
    "avg_unavailability": 0.029628514487519974,
    "overall_power_consumption": 1276.8954812145607
  },
  {
    "time": 1800.0,
    "opt": "ClusterLLGAOptimizer",
    "elapsed_time": 147.56525081256405,
    "valid": true,
    "overall_deadline_violation": 0.24757876684302904,
    "weighted_overall_deadline_violation": 62.67473006371495,
    "max_deadline_violation": 0.010000109843823674,
    "avg_deadline_violation": 0.0019192152468451877,
    "avg_only_violated_deadline": 0.00618946917107573,
    "weighted_avg_deadline_violation": 0.001607333363964516,
    "weighted_avg_only_violated_deadline": 0.005266783971000912,
    "deadline_satisfaction": 0.689922480620155,
    "weighted_deadline_satisfaction": 0.6948169181013408,
    "overall_cost": 259.5051936011043,
    "max_cost": 27.75226352892032,
    "avg_cost": 8.948454951762217,
    "overall_migration_cost": 4.9131695985779125,
    "max_migration_cost": 4.9131695985779125,
    "avg_migration_cost": 4.9131695985779125,
    "migration_rate": 0.034482758620689655,
    "weighted_migration_rate": 0.0020296733978407253,
    "overall_response_time": 3.7538462729933904,
    "weighted_overall_response_time": 911.2862902510482,
    "max_response_time": 0.15096341524123644,
    "avg_response_time": 0.029099583511576634,
    "weighted_avg_response_time": 0.023370517223686653,
    "avg_unavailability": 0.02962851448751698,
    "overall_power_consumption": 1285.6766192153336
  },
  {
    "time": 3600.0,
    "opt": "ClusterLLGAOptimizer",
    "elapsed_time": 192.59424531180412,
    "valid": true,
    "overall_deadline_violation": 0.20086749134077503,
    "weighted_overall_deadline_violation": 60.77057869728611,
    "max_deadline_violation": 0.010000109928563606,
    "avg_deadline_violation": 0.0015692772760998043,
    "avg_only_violated_deadline": 0.005739071181164999,
    "weighted_avg_deadline_violation": 0.0015208555759497666,
    "weighted_avg_only_violated_deadline": 0.0050587745174298275,
    "deadline_satisfaction": 0.7265625,
    "weighted_deadline_satisfaction": 0.6993628455449611,
    "overall_cost": 264.2575573162816,
    "max_cost": 28.559058492958584,
    "avg_cost": 9.78731693764006,
    "overall_migration_cost": 5.519947602259713,
    "max_migration_cost": 4.006404529011231,
    "avg_migration_cost": 2.7599738011298567,
    "migration_rate": 0.07407407407407407,
    "weighted_migration_rate": 0.0028461022847891685,
    "overall_response_time": 3.580379980861843,
    "weighted_overall_response_time": 743.8836196887898,
    "max_response_time": 0.15098851884220293,
    "avg_response_time": 0.027971718600483173,
    "weighted_avg_response_time": 0.018616567015049913,
    "avg_unavailability": 0.030279206699704016,
    "overall_power_consumption": 1297.4916529322481
  },
  {
    "time": 5400.0,
    "opt": "ClusterLLGAOptimizer",
    "elapsed_time": 153.7051891349256,
    "valid": true,
    "overall_deadline_violation": 0.23529618964225482,
    "weighted_overall_deadline_violation": 75.75872283044698,
    "max_deadline_violation": 0.010000109652367492,
    "avg_deadline_violation": 0.0018823695171380386,
    "avg_only_violated_deadline": 0.006192004990585653,
    "weighted_avg_deadline_violation": 0.0018846565915081458,
    "weighted_avg_only_violated_deadline": 0.0055178426363793045,
    "deadline_satisfaction": 0.696,
    "weighted_deadline_satisfaction": 0.6584432149111055,
    "overall_cost": 261.66973477865736,
    "max_cost": 27.694184657195674,
    "avg_cost": 9.69147165846879,
    "overall_migration_cost": 0.0,
    "max_migration_cost": 0.0,
    "avg_migration_cost": 0.0,
    "migration_rate": 0.0,
    "weighted_migration_rate": 0.0,
    "overall_response_time": 3.317801025330993,
    "weighted_overall_response_time": 780.0818479099593,
    "max_response_time": 0.15098549128001165,
    "avg_response_time": 0.026542408202647975,
    "weighted_avg_response_time": 0.019406166599055988,
    "avg_unavailability": 0.030279206699704016,
    "overall_power_consumption": 1279.448728053556
  },
  {
    "time": 7200.0,
    "opt": "ClusterLLGAOptimizer",
    "elapsed_time": 201.939495081082,
    "valid": true,
    "overall_deadline_violation": 0.24104373391090234,
    "weighted_overall_deadline_violation": 61.21166011352109,
    "max_deadline_violation": 0.010000109215288301,
    "avg_deadline_violation": 0.0018541825685454026,
    "avg_only_violated_deadline": 0.005356527420242274,
    "weighted_avg_deadline_violation": 0.0016404631608302668,
    "weighted_avg_only_violated_deadline": 0.005689680998558216,
    "deadline_satisfaction": 0.6538461538461539,
    "weighted_deadline_satisfaction": 0.7116774804692974,
    "overall_cost": 224.45170236609775,
    "max_cost": 26.089167787057388,
    "avg_cost": 8.632757783311451,
    "overall_migration_cost": 22.454612233722184,
    "max_migration_cost": 11.264766792624956,
    "avg_migration_cost": 5.613653058430546,
    "migration_rate": 0.15384615384615385,
    "weighted_migration_rate": 0.0027830037564783696,
    "overall_response_time": 3.8645978341907297,
    "weighted_overall_response_time": 780.4280258855683,
    "max_response_time": 0.1509784407084648,
    "avg_response_time": 0.029727675647621007,
    "weighted_avg_response_time": 0.020915352136675128,
    "avg_unavailability": 0.029777052299854775,
    "overall_power_consumption": 1203.0529903763986
  },
  {
    "time": 9000.0,
    "opt": "ClusterLLGAOptimizer",
    "elapsed_time": 157.1713940948248,
    "valid": true,
    "overall_deadline_violation": 0.1763140312050306,
    "weighted_overall_deadline_violation": 72.22504682105371,
    "max_deadline_violation": 0.010000109693774364,
    "avg_deadline_violation": 0.0014105122496402452,
    "avg_only_violated_deadline": 0.005342849430455473,
    "weighted_avg_deadline_violation": 0.001808779255989634,
    "weighted_avg_only_violated_deadline": 0.005149732095469018,
    "deadline_satisfaction": 0.736,
    "weighted_deadline_satisfaction": 0.6487624555108248,
    "overall_cost": 245.81850283462077,
    "max_cost": 26.943461721681963,
    "avg_cost": 9.104388993874844,
    "overall_migration_cost": 2.562,
    "max_migration_cost": 2.562,
    "avg_migration_cost": 2.562,
    "migration_rate": 0.037037037037037035,
    "weighted_migration_rate": 0.002738430658141311,
    "overall_response_time": 3.329713348335902,
    "weighted_overall_response_time": 730.2999561228044,
    "max_response_time": 0.1509859959733259,
    "avg_response_time": 0.026637706786687212,
    "weighted_avg_response_time": 0.018289381169359225,
    "avg_unavailability": 0.02977705229985178,
    "overall_power_consumption": 1250.5300924322285
  },
  {
    "time": 10800.0,
    "opt": "ClusterLLGAOptimizer",
    "elapsed_time": 195.42380280327052,
    "valid": true,
    "overall_deadline_violation": 0.1932965321267513,
    "weighted_overall_deadline_violation": 57.23170329478498,
    "max_deadline_violation": 0.01000010979123676,
    "avg_deadline_violation": 0.0015220199380059157,
    "avg_only_violated_deadline": 0.00568519212137504,
    "weighted_avg_deadline_violation": 0.001400784767165588,
    "weighted_avg_only_violated_deadline": 0.004766094502999293,
    "deadline_satisfaction": 0.7322834645669292,
    "weighted_deadline_satisfaction": 0.7060937909888115,
    "overall_cost": 256.42733462391493,
    "max_cost": 31.2693690463649,
    "avg_cost": 9.8625897932275,
    "overall_migration_cost": 13.800199420034986,
    "max_migration_cost": 11.755218457961224,
    "avg_migration_cost": 4.600066473344995,
    "migration_rate": 0.11538461538461539,
    "weighted_migration_rate": 0.0012808643908664408,
    "overall_response_time": 3.8724702222459286,
    "weighted_overall_response_time": 871.7409502206687,
    "max_response_time": 0.150966990323693,
    "avg_response_time": 0.03049189151374746,
    "weighted_avg_response_time": 0.021336451191988855,
    "avg_unavailability": 0.029777088628741417,
    "overall_power_consumption": 1276.6381043038382
  },
  {
    "time": 12600.0,
    "opt": "ClusterLLGAOptimizer",
    "elapsed_time": 155.15919845318422,
    "valid": true,
    "overall_deadline_violation": 0.21593092571489866,
    "weighted_overall_deadline_violation": 54.059028312635675,
    "max_deadline_violation": 0.010000109785083405,
    "avg_deadline_violation": 0.0017274474057191887,
    "avg_only_violated_deadline": 0.005835970965267529,
    "weighted_avg_deadline_violation": 0.001453979271261195,
    "weighted_avg_only_violated_deadline": 0.00497131280611744,
    "deadline_satisfaction": 0.704,
    "weighted_deadline_satisfaction": 0.7075260946219265,
    "overall_cost": 242.1011292611233,
    "max_cost": 28.007769861680213,
    "avg_cost": 9.311581894658591,
    "overall_migration_cost": 0.0,
    "max_migration_cost": 0.0,
    "avg_migration_cost": 0.0,
    "migration_rate": 0.0,
    "weighted_migration_rate": 0.0,
    "overall_response_time": 3.523887916531438,
    "weighted_overall_response_time": 740.8841934408061,
    "max_response_time": 0.15097482285076363,
    "avg_response_time": 0.02819110333225147,
    "weighted_avg_response_time": 0.019926926052723948,
    "avg_unavailability": 0.029777088628741417,
    "overall_power_consumption": 1263.7169060111337
  },
  {
    "time": 14400.0,
    "opt": "ClusterLLGAOptimizer",
    "elapsed_time": 219.9591939500533,
    "valid": true,
    "overall_deadline_violation": 0.21695023404028113,
    "weighted_overall_deadline_violation": 75.81347834423336,
    "max_deadline_violation": 0.01000010964522677,
    "avg_deadline_violation": 0.0017218272542879455,
    "avg_only_violated_deadline": 0.005709216685270556,
    "weighted_avg_deadline_violation": 0.001964748999746421,
    "weighted_avg_only_violated_deadline": 0.005397128716771658,
    "deadline_satisfaction": 0.6984126984126984,
    "weighted_deadline_satisfaction": 0.6359640277540658,
    "overall_cost": 250.62365090561795,
    "max_cost": 31.002249830159837,
    "avg_cost": 10.02494603622472,
    "overall_migration_cost": 253.6165326274565,
    "max_migration_cost": 133.87047285399234,
    "avg_migration_cost": 126.80826631372825,
    "migration_rate": 0.08,
    "weighted_migration_rate": 0.00986171946086689,
    "overall_response_time": 3.900551812846804,
    "weighted_overall_response_time": 806.5360833842614,
    "max_response_time": 0.15097054496452536,
    "avg_response_time": 0.030956760419419072,
    "weighted_avg_response_time": 0.02090183695165013,
    "avg_unavailability": 0.02923590016636642,
    "overall_power_consumption": 1266.2316922683008
  },
  {
    "time": 16200.0,
    "opt": "ClusterLLGAOptimizer",
    "elapsed_time": 196.44976729620248,
    "valid": true,
    "overall_deadline_violation": 0.19705320095289547,
    "weighted_overall_deadline_violation": 91.20843074992679,
    "max_deadline_violation": 0.010000109761125612,
    "avg_deadline_violation": 0.0016421100079407952,
    "avg_only_violated_deadline": 0.005473700026469316,
    "weighted_avg_deadline_violation": 0.0022107458675562474,
    "weighted_avg_only_violated_deadline": 0.005361310097506941,
    "deadline_satisfaction": 0.7,
    "weighted_deadline_satisfaction": 0.5876482002814452,
    "overall_cost": 256.9153005597015,
    "max_cost": 31.4323163834304,
    "avg_cost": 9.515381502211167,
    "overall_migration_cost": 51.66028717691881,
    "max_migration_cost": 28.802,
    "avg_migration_cost": 25.830143588459404,
    "migration_rate": 0.07407407407407407,
    "weighted_migration_rate": 0.007056232753152265,
    "overall_response_time": 3.6860644348343103,
    "weighted_overall_response_time": 879.9355746008683,
    "max_response_time": 0.15096759954127098,
    "avg_response_time": 0.030717203623619228,
    "weighted_avg_response_time": 0.021328225025581456,
    "avg_unavailability": 0.021941084477476787,
    "overall_power_consumption": 1262.5397006903363
  },
  {
    "time": 18000.0,
    "opt": "ClusterLLGAOptimizer",
    "elapsed_time": 212.67457652604207,
    "valid": true,
    "overall_deadline_violation": 0.17130903411000986,
    "weighted_overall_deadline_violation": 73.65399085650468,
    "max_deadline_violation": 0.010000109747230795,
    "avg_deadline_violation": 0.0013595955088096016,
    "avg_only_violated_deadline": 0.005710301137000326,
    "weighted_avg_deadline_violation": 0.0019133133739213523,
    "weighted_avg_only_violated_deadline": 0.005258890756640408,
    "deadline_satisfaction": 0.7619047619047619,
    "weighted_deadline_satisfaction": 0.6361754859605309,
    "overall_cost": 243.89287656320826,
    "max_cost": 29.14635674802253,
    "avg_cost": 8.129762552106943,
    "overall_migration_cost": 164.50755505036312,
    "max_migration_cost": 144.001,
    "avg_migration_cost": 27.417925841727186,
    "migration_rate": 0.2,
    "weighted_migration_rate": 0.014330229210955787,
    "overall_response_time": 3.2592767054423013,
    "weighted_overall_response_time": 680.1851203866989,
    "max_response_time": 0.15098799083321768,
    "avg_response_time": 0.025867275440018243,
    "weighted_avg_response_time": 0.017669202611351013,
    "avg_unavailability": 0.021009890050019978,
    "overall_power_consumption": 1252.018639219079
  },
  {
    "time": 19800.0,
    "opt": "ClusterLLGAOptimizer",
    "elapsed_time": 176.13614476518705,
    "valid": true,
    "overall_deadline_violation": 0.1793349919275787,
    "weighted_overall_deadline_violation": 73.54499575217211,
    "max_deadline_violation": 0.010000109828142452,
    "avg_deadline_violation": 0.0013383208352804388,
    "avg_only_violated_deadline": 0.005434393694775115,
    "weighted_avg_deadline_violation": 0.001993924841701021,
    "weighted_avg_only_violated_deadline": 0.005262506095203396,
    "deadline_satisfaction": 0.753731343283582,
    "weighted_deadline_satisfaction": 0.6211073572877344,
    "overall_cost": 246.32804982240958,
    "max_cost": 29.21204760153594,
    "avg_cost": 8.21093499408032,
    "overall_migration_cost": 0.0,
    "max_migration_cost": 0.0,
    "avg_migration_cost": 0.0,
    "migration_rate": 0.0,
    "weighted_migration_rate": 0.0,
    "overall_response_time": 3.450544491750373,
    "weighted_overall_response_time": 645.2660529863687,
    "max_response_time": 0.15099188183873885,
    "avg_response_time": 0.02575033202798787,
    "weighted_avg_response_time": 0.017494215607700116,
    "avg_unavailability": 0.021009890050019978,
    "overall_power_consumption": 1257.872390795319
  },
  {
    "time": 21600.0,
    "opt": "ClusterLLGAOptimizer",
    "elapsed_time": 245.30614322191104,
    "valid": true,
    "overall_deadline_violation": 0.20683209012189555,
    "weighted_overall_deadline_violation": 78.56589023267134,
    "max_deadline_violation": 0.010000109896286469,
    "avg_deadline_violation": 0.001615875704077307,
    "avg_only_violated_deadline": 0.005745335836719314,
    "weighted_avg_deadline_violation": 0.0020116045651165366,
    "weighted_avg_only_violated_deadline": 0.005063496998441875,
    "deadline_satisfaction": 0.71875,
    "weighted_deadline_satisfaction": 0.6027242505060156,
    "overall_cost": 249.48617883601622,
    "max_cost": 28.52341777061161,
    "avg_cost": 9.240228845778379,
    "overall_migration_cost": 4.337592019948531,
    "max_migration_cost": 4.337592019948531,
    "avg_migration_cost": 4.337592019948531,
    "migration_rate": 0.037037037037037035,
    "weighted_migration_rate": 0.0012579767753634235,
    "overall_response_time": 3.940252222594846,
    "weighted_overall_response_time": 866.3384843545883,
    "max_response_time": 0.15096451134095776,
    "avg_response_time": 0.03078322048902226,
    "weighted_avg_response_time": 0.022181769275480347,
    "avg_unavailability": 0.029235690907442425,
    "overall_power_consumption": 1261.2191845825305
  },
  {
    "time": 23400.0,
    "opt": "ClusterLLGAOptimizer",
    "elapsed_time": 209.56490102224052,
    "valid": true,
    "overall_deadline_violation": 0.21004019572129956,
    "weighted_overall_deadline_violation": 63.218721486405585,
    "max_deadline_violation": 0.010000109819576337,
    "avg_deadline_violation": 0.0016538598088291316,
    "avg_only_violated_deadline": 0.0058344498811472145,
    "weighted_avg_deadline_violation": 0.0017285062979242908,
    "weighted_avg_only_violated_deadline": 0.005214320508256762,
    "deadline_satisfaction": 0.7165354330708661,
    "weighted_deadline_satisfaction": 0.6685078534801916,
    "overall_cost": 240.5178074951079,
    "max_cost": 31.99708333412548,
    "avg_cost": 9.250684903657996,
    "overall_migration_cost": 0.0,
    "max_migration_cost": 0.0,
    "avg_migration_cost": 0.0,
    "migration_rate": 0.0,
    "weighted_migration_rate": 0.0,
    "overall_response_time": 3.858510917294652,
    "weighted_overall_response_time": 822.815978628379,
    "max_response_time": 0.1509651801191234,
    "avg_response_time": 0.030381975726729533,
    "weighted_avg_response_time": 0.022497174375753992,
    "avg_unavailability": 0.03735198909744242,
    "overall_power_consumption": 1248.6756518532356
  },
  {
    "time": 25200.0,
    "opt": "ClusterLLGAOptimizer",
    "elapsed_time": 261.6145585728809,
    "valid": true,
    "overall_deadline_violation": 0.21690663561427143,
    "weighted_overall_deadline_violation": 65.1755499086324,
    "max_deadline_violation": 0.010000109801586773,
    "avg_deadline_violation": 0.0016557758443837515,
    "avg_only_violated_deadline": 0.006025184322618651,
    "weighted_avg_deadline_violation": 0.0018351141339073335,
    "weighted_avg_only_violated_deadline": 0.005506574926381828,
    "deadline_satisfaction": 0.7251908396946565,
    "weighted_deadline_satisfaction": 0.6667412759399026,
    "overall_cost": 223.19593083409765,
    "max_cost": 27.90841579400684,
    "avg_cost": 8.266515956818433,
    "overall_migration_cost": 388.2520040793545,
    "max_migration_cost": 197.9136583601564,
    "avg_migration_cost": 64.7086673465591,
    "migration_rate": 0.2222222222222222,
    "weighted_migration_rate": 0.021011016611014666,
    "overall_response_time": 3.8584929401005903,
    "weighted_overall_response_time": 779.8366599760885,
    "max_response_time": 0.1509690534859295,
    "avg_response_time": 0.029454144580920508,
    "weighted_avg_response_time": 0.021957456114561468,
    "avg_unavailability": 0.029188296283286307,
    "overall_power_consumption": 1201.8106847915215
  },
  {
    "time": 27000.0,
    "opt": "ClusterLLGAOptimizer",
    "elapsed_time": 213.6435444210656,
    "valid": true,
    "overall_deadline_violation": 0.20169509939695013,
    "weighted_overall_deadline_violation": 92.91733823394702,
    "max_deadline_violation": 0.01000010982147639,
    "avg_deadline_violation": 0.0015515007645919227,
    "avg_only_violated_deadline": 0.006111972708998483,
    "weighted_avg_deadline_violation": 0.0023078759478716345,
    "weighted_avg_only_violated_deadline": 0.005855422706608384,
    "deadline_satisfaction": 0.7461538461538462,
    "weighted_deadline_satisfaction": 0.6058566454532847,
    "overall_cost": 263.40020424785666,
    "max_cost": 27.89748998574141,
    "avg_cost": 9.407150151709168,
    "overall_migration_cost": 31.364,
    "max_migration_cost": 28.802,
    "avg_migration_cost": 15.682,
    "migration_rate": 0.07142857142857142,
    "weighted_migration_rate": 0.008525817954802279,
    "overall_response_time": 3.6479076766804033,
    "weighted_overall_response_time": 914.6983311461144,
    "max_response_time": 0.15095937227848472,
    "avg_response_time": 0.028060828282156954,
    "weighted_avg_response_time": 0.022719228920390987,
    "avg_unavailability": 0.029188296283283312,
    "overall_power_consumption": 1285.6862951391495
  },
  {
    "time": 28800.0,
    "opt": "ClusterLLGAOptimizer",
    "elapsed_time": 256.4795257062651,
    "valid": true,
    "overall_deadline_violation": 0.23430239102057895,
    "weighted_overall_deadline_violation": 90.87267918199413,
    "max_deadline_violation": 0.010000109805682665,
    "avg_deadline_violation": 0.0016500168381730924,
    "avg_only_violated_deadline": 0.006165852395278395,
    "weighted_avg_deadline_violation": 0.0021104299459491637,
    "weighted_avg_only_violated_deadline": 0.0056403405509866346,
    "deadline_satisfaction": 0.7323943661971831,
    "weighted_deadline_satisfaction": 0.6258328859983466,
    "overall_cost": 265.7413300262023,
    "max_cost": 30.81242268533645,
    "avg_cost": 9.842271482451936,
    "overall_migration_cost": 0.7115965855771554,
    "max_migration_cost": 0.7115965855771554,
    "avg_migration_cost": 0.7115965855771554,
    "migration_rate": 0.037037037037037035,
    "weighted_migration_rate": 0.00017103964894368953,
    "overall_response_time": 3.910229544905669,
    "weighted_overall_response_time": 961.0389931785509,
    "max_response_time": 0.15095602123777033,
    "avg_response_time": 0.027536827781025845,
    "weighted_avg_response_time": 0.0223191996613953,
    "avg_unavailability": 0.037064548410497555,
    "overall_power_consumption": 1283.559399647959
  },
  {
    "time": 30600.0,
    "opt": "ClusterLLGAOptimizer",
    "elapsed_time": 213.34611542522907,
    "valid": true,
    "overall_deadline_violation": 0.21570668446222852,
    "weighted_overall_deadline_violation": 101.70287336881665,
    "max_deadline_violation": 0.010000109933208453,
    "avg_deadline_violation": 0.0016466159119254086,
    "avg_only_violated_deadline": 0.005991852346173015,
    "weighted_avg_deadline_violation": 0.0024051304665998834,
    "weighted_avg_only_violated_deadline": 0.00569947993038641,
    "deadline_satisfaction": 0.7251908396946565,
    "weighted_deadline_satisfaction": 0.5780087839634132,
    "overall_cost": 267.87188852127343,
    "max_cost": 30.081009679969213,
    "avg_cost": 9.92118105634346,
    "overall_migration_cost": 0.0,
    "max_migration_cost": 0.0,
    "avg_migration_cost": 0.0,
    "migration_rate": 0.0,
    "weighted_migration_rate": 0.0,
    "overall_response_time": 3.5395881714103514,
    "weighted_overall_response_time": 951.5073237919585,
    "max_response_time": 0.15095857129128729,
    "avg_response_time": 0.027019757033666787,
    "weighted_avg_response_time": 0.022501815119282974,
    "avg_unavailability": 0.037064548410497555,
    "overall_power_consumption": 1282.597046457341
  },
  {
    "time": 32400.0,
    "opt": "ClusterLLGAOptimizer",
    "elapsed_time": 244.33039930230007,
    "valid": true,
    "overall_deadline_violation": 0.21095710673317547,
    "weighted_overall_deadline_violation": 98.03786754749247,
    "max_deadline_violation": 0.010000109880839042,
    "avg_deadline_violation": 0.0017579758894431283,
    "avg_only_violated_deadline": 0.0058599196314770945,
    "weighted_avg_deadline_violation": 0.00223947930977175,
    "weighted_avg_only_violated_deadline": 0.005423037678785779,
    "deadline_satisfaction": 0.7,
    "weighted_deadline_satisfaction": 0.5870433800354544,
    "overall_cost": 259.4532735659725,
    "max_cost": 33.81433929754931,
    "avg_cost": 8.946664605723193,
    "overall_migration_cost": 645.3685772916449,
    "max_migration_cost": 235.39849219847605,
    "avg_migration_cost": 129.073715458329,
    "migration_rate": 0.1724137931034483,
    "weighted_migration_rate": 0.017728240167531134,
    "overall_response_time": 3.9508137142921966,
    "weighted_overall_response_time": 1037.5349602603528,
    "max_response_time": 0.15095357671767462,
    "avg_response_time": 0.03292344761910163,
    "weighted_avg_response_time": 0.023700414286778767,
    "avg_unavailability": 0.023004227466428984,
    "overall_power_consumption": 1242.121442687376
  },
  {
    "time": 34200.0,
    "opt": "ClusterLLGAOptimizer",
    "elapsed_time": 219.95264739589766,
    "valid": true,
    "overall_deadline_violation": 0.2051713125391064,
    "weighted_overall_deadline_violation": 99.45074891813552,
    "max_deadline_violation": 0.010000109907316474,
    "avg_deadline_violation": 0.00166805945153745,
    "avg_only_violated_deadline": 0.005862037501117324,
    "weighted_avg_deadline_violation": 0.0022239322080791117,
    "weighted_avg_only_violated_deadline": 0.005577890958366759,
    "deadline_satisfaction": 0.7154471544715447,
    "weighted_deadline_satisfaction": 0.6012951445844879,
    "overall_cost": 266.5212450392461,
    "max_cost": 32.60437544456835,
    "avg_cost": 9.518615894258788,
    "overall_migration_cost": 0.0,
    "max_migration_cost": 0.0,
    "avg_migration_cost": 0.0,
    "migration_rate": 0.0,
    "weighted_migration_rate": 0.0,
    "overall_response_time": 3.8615879869945693,
    "weighted_overall_response_time": 1000.8047625112789,
    "max_response_time": 0.1509573250616703,
    "avg_response_time": 0.03139502428450869,
    "weighted_avg_response_time": 0.02238014262899054,
    "avg_unavailability": 0.03112052565642898,
    "overall_power_consumption": 1293.7122245010944
  },
  {
    "time": 36000.0,
    "opt": "ClusterLLGAOptimizer",
    "elapsed_time": 247.33674921514466,
    "valid": true,
    "overall_deadline_violation": 0.2339482049696048,
    "weighted_overall_deadline_violation": 112.38381146811709,
    "max_deadline_violation": 0.010000109824397769,
    "avg_deadline_violation": 0.0019995573074325207,
    "avg_only_violated_deadline": 0.005848705124240123,
    "weighted_avg_deadline_violation": 0.002489371662190843,
    "weighted_avg_only_violated_deadline": 0.005636106110047999,
    "deadline_satisfaction": 0.6581196581196581,
    "weighted_deadline_satisfaction": 0.5583171051813923,
    "overall_cost": 257.898818304609,
    "max_cost": 31.039177767621265,
    "avg_cost": 9.91918531940804,
    "overall_migration_cost": 286.4876386881353,
    "max_migration_cost": 275.79166561788685,
    "avg_migration_cost": 71.62190967203382,
    "migration_rate": 0.15384615384615385,
    "weighted_migration_rate": 0.0068459998612721,
    "overall_response_time": 3.7871339362129435,
    "weighted_overall_response_time": 1034.4160406774404,
    "max_response_time": 0.1509524527567556,
    "avg_response_time": 0.032368666121478123,
    "weighted_avg_response_time": 0.02291296179529026,
    "avg_unavailability": 0.02945772738791953,
    "overall_power_consumption": 1259.0399170389205
  },
  {
    "time": 37800.0,
    "opt": "ClusterLLGAOptimizer",
    "elapsed_time": 199.05652268370613,
    "valid": true,
    "overall_deadline_violation": 0.24630329257364772,
    "weighted_overall_deadline_violation": 112.09123100636351,
    "max_deadline_violation": 0.010000109835571952,
    "avg_deadline_violation": 0.00201887944732498,
    "avg_only_violated_deadline": 0.006315469040349939,
    "weighted_avg_deadline_violation": 0.0024925224421222946,
    "weighted_avg_only_violated_deadline": 0.0058406809404631475,
    "deadline_satisfaction": 0.680327868852459,
    "weighted_deadline_satisfaction": 0.5732479709934907,
    "overall_cost": 272.6505841742904,
    "max_cost": 31.571451430982272,
    "avg_cost": 10.906023366971613,
    "overall_migration_cost": 0.0,
    "max_migration_cost": 0.0,
    "avg_migration_cost": 0.0,
    "migration_rate": 0.0,
    "weighted_migration_rate": 0.0,
    "overall_response_time": 3.8396095862980406,
    "weighted_overall_response_time": 957.6809985645622,
    "max_response_time": 0.15096395905441254,
    "avg_response_time": 0.03147220972375442,
    "weighted_avg_response_time": 0.02129552294042293,
    "avg_unavailability": 0.029738057755544528,
    "overall_power_consumption": 1294.137490240947
  },
  {
    "time": 39600.0,
    "opt": "ClusterLLGAOptimizer",
    "elapsed_time": 237.67593265883625,
    "valid": true,
    "overall_deadline_violation": 0.22430114168836485,
    "weighted_overall_deadline_violation": 87.68498392661736,
    "max_deadline_violation": 0.010000109890014286,
    "avg_deadline_violation": 0.0018385339482652862,
    "avg_only_violated_deadline": 0.006062193018604456,
    "weighted_avg_deadline_violation": 0.0019673080931486343,
    "weighted_avg_only_violated_deadline": 0.00540692326372376,
    "deadline_satisfaction": 0.6967213114754098,
    "weighted_deadline_satisfaction": 0.6361501731774631,
    "overall_cost": 267.05353969850376,
    "max_cost": 30.428872510446773,
    "avg_cost": 10.682141587940151,
    "overall_migration_cost": 164.62746220295188,
    "max_migration_cost": 163.5774329236326,
    "avg_migration_cost": 82.31373110147594,
    "migration_rate": 0.08,
    "weighted_migration_rate": 0.006362416752777112,
    "overall_response_time": 3.902789988397664,
    "weighted_overall_response_time": 988.4428684062667,
    "max_response_time": 0.15095705702074136,
    "avg_response_time": 0.03199008187211197,
    "weighted_avg_response_time": 0.02217679205208147,
    "avg_unavailability": 0.037854319616654884,
    "overall_power_consumption": 1293.285666801591
  },
  {
    "time": 41400.0,
    "opt": "ClusterLLGAOptimizer",
    "elapsed_time": 192.09131101192906,
    "valid": true,
    "overall_deadline_violation": 0.2133075248458842,
    "weighted_overall_deadline_violation": 106.35981701218347,
    "max_deadline_violation": 0.010000109953420742,
    "avg_deadline_violation": 0.0017775627070490357,
    "avg_only_violated_deadline": 0.005925209023496785,
    "weighted_avg_deadline_violation": 0.002375557999352952,
    "weighted_avg_only_violated_deadline": 0.005769948243560108,
    "deadline_satisfaction": 0.7,
    "weighted_deadline_satisfaction": 0.5882878148856305,
    "overall_cost": 265.0511458771996,
    "max_cost": 29.77393712718538,
    "avg_cost": 10.602045835087983,
    "overall_migration_cost": 0.0,
    "max_migration_cost": 0.0,
    "avg_migration_cost": 0.0,
    "migration_rate": 0.0,
    "weighted_migration_rate": 0.0,
    "overall_response_time": 3.968704581904544,
    "weighted_overall_response_time": 927.9433908013452,
    "max_response_time": 0.1509655078422947,
    "avg_response_time": 0.03307253818253788,
    "weighted_avg_response_time": 0.020725715847295295,
    "avg_unavailability": 0.037854319616654884,
    "overall_power_consumption": 1288.9529323324743
  },
  {
    "time": 43200.0,
    "opt": "ClusterLLGAOptimizer",
    "elapsed_time": 254.35393438022584,
    "valid": true,
    "overall_deadline_violation": 0.1917490072802153,
    "weighted_overall_deadline_violation": 88.45895558156346,
    "max_deadline_violation": 0.010000109888736888,
    "avg_deadline_violation": 0.001521817518096946,
    "avg_only_violated_deadline": 0.005182405602167979,
    "weighted_avg_deadline_violation": 0.002244457145945109,
    "weighted_avg_only_violated_deadline": 0.005783613025837011,
    "deadline_satisfaction": 0.7063492063492064,
    "weighted_deadline_satisfaction": 0.6119281950714035,
    "overall_cost": 247.83546689047745,
    "max_cost": 27.12736517190386,
    "avg_cost": 9.179091366313981,
    "overall_migration_cost": 212.46225297507783,
    "max_migration_cost": 166.57211412088472,
    "avg_migration_cost": 53.11556324376946,
    "migration_rate": 0.14814814814814814,
    "weighted_migration_rate": 0.013192750936033932,
    "overall_response_time": 3.757341642135839,
    "weighted_overall_response_time": 799.134574357668,
    "max_response_time": 0.1509722023480258,
    "avg_response_time": 0.029820171762982864,
    "weighted_avg_response_time": 0.020276333743676895,
    "avg_unavailability": 0.030898530859154887,
    "overall_power_consumption": 1272.463058645275
  },
  {
    "time": 45000.0,
    "opt": "ClusterLLGAOptimizer",
    "elapsed_time": 205.24911655904725,
    "valid": true,
    "overall_deadline_violation": 0.21390091267104913,
    "weighted_overall_deadline_violation": 75.53921137552703,
    "max_deadline_violation": 0.010000109871800819,
    "avg_deadline_violation": 0.0016453916359311478,
    "avg_only_violated_deadline": 0.006111454647744262,
    "weighted_avg_deadline_violation": 0.0019177286810254238,
    "weighted_avg_only_violated_deadline": 0.005534076797209254,
    "deadline_satisfaction": 0.7307692307692307,
    "weighted_deadline_satisfaction": 0.6534690877451311,
    "overall_cost": 255.921200408011,
    "max_cost": 22.561375782033952,
    "avg_cost": 9.843123092615807,
    "overall_migration_cost": 0.0,
    "max_migration_cost": 0.0,
    "avg_migration_cost": 0.0,
    "migration_rate": 0.0,
    "weighted_migration_rate": 0.0,
    "overall_response_time": 3.811579279483104,
    "weighted_overall_response_time": 849.6039406306558,
    "max_response_time": 0.15096655725655628,
    "avg_response_time": 0.029319840611408497,
    "weighted_avg_response_time": 0.021569060820080116,
    "avg_unavailability": 0.030898567188044523,
    "overall_power_consumption": 1292.1849121436028
  },
  {
    "time": 46800.0,
    "opt": "ClusterLLGAOptimizer",
    "elapsed_time": 249.98913466138765,
    "valid": true,
    "overall_deadline_violation": 0.19630608776741487,
    "weighted_overall_deadline_violation": 74.20786900080097,
    "max_deadline_violation": 0.01000010993154,
    "avg_deadline_violation": 0.0014759856223113908,
    "avg_only_violated_deadline": 0.005773708463747499,
    "weighted_avg_deadline_violation": 0.0018841287608815916,
    "weighted_avg_only_violated_deadline": 0.005392742390915922,
    "deadline_satisfaction": 0.7443609022556391,
    "weighted_deadline_satisfaction": 0.6506176960992229,
    "overall_cost": 250.08466510651093,
    "max_cost": 21.82260795397989,
    "avg_cost": 10.420194379437957,
    "overall_migration_cost": 2.3443055230493037,
    "max_migration_cost": 1.3484192035984592,
    "avg_migration_cost": 1.1721527615246519,
    "migration_rate": 0.08333333333333333,
    "weighted_migration_rate": 0.0014540953979674492,
    "overall_response_time": 3.9352446591530974,
    "weighted_overall_response_time": 822.4779757281295,
    "max_response_time": 0.15096959098255527,
    "avg_response_time": 0.029588305707918018,
    "weighted_avg_response_time": 0.02088261568654281,
    "avg_unavailability": 0.03735219835636641,
    "overall_power_consumption": 1281.7163797088965
  },
  {
    "time": 48600.0,
    "opt": "ClusterLLGAOptimizer",
    "elapsed_time": 237.86721663270146,
    "valid": true,
    "overall_deadline_violation": 0.21230716450810444,
    "weighted_overall_deadline_violation": 106.90197101188829,
    "max_deadline_violation": 0.01000010978464413,
    "avg_deadline_violation": 0.0016984573160648347,
    "avg_only_violated_deadline": 0.006065918985945838,
    "weighted_avg_deadline_violation": 0.0024630973697779912,
    "weighted_avg_only_violated_deadline": 0.005726584904537891,
    "deadline_satisfaction": 0.72,
    "weighted_deadline_satisfaction": 0.5698837246216027,
    "overall_cost": 266.8515055623248,
    "max_cost": 28.857110760074942,
    "avg_cost": 11.118812731763533,
    "overall_migration_cost": 0.0,
    "max_migration_cost": 0.0,
    "avg_migration_cost": 0.0,
    "migration_rate": 0.0,
    "weighted_migration_rate": 0.0,
    "overall_response_time": 3.8942471571062245,
    "weighted_overall_response_time": 947.1182211126032,
    "max_response_time": 0.1509662486743215,
    "avg_response_time": 0.031153977256849784,
    "weighted_avg_response_time": 0.02182227677571851,
    "avg_unavailability": 0.03735219835636641,
    "overall_power_consumption": 1284.271011274427
  },
  {
    "time": 50400.0,
    "opt": "ClusterLLGAOptimizer",
    "elapsed_time": 282.29131250083447,
    "valid": true,
    "overall_deadline_violation": 0.23890700897078912,
    "weighted_overall_deadline_violation": 98.07596964094672,
    "max_deadline_violation": 0.010000109683026838,
    "avg_deadline_violation": 0.001896087372784042,
    "avg_only_violated_deadline": 0.006287026551862875,
    "weighted_avg_deadline_violation": 0.0022941170340410877,
    "weighted_avg_only_violated_deadline": 0.005776462643635051,
    "deadline_satisfaction": 0.6984126984126984,
    "weighted_deadline_satisfaction": 0.6028508837378318,
    "overall_cost": 258.9382382770363,
    "max_cost": 30.97335039676395,
    "avg_cost": 10.78909326154318,
    "overall_migration_cost": 0.0,
    "max_migration_cost": 0.0,
    "avg_migration_cost": 0.0,
    "migration_rate": 0.0,
    "weighted_migration_rate": 0.0,
    "overall_response_time": 3.9561725164922006,
    "weighted_overall_response_time": 866.8804667723084,
    "max_response_time": 0.1509717151270596,
    "avg_response_time": 0.03139819457533491,
    "weighted_avg_response_time": 0.02027739570233674,
    "avg_unavailability": 0.03735219835636641,
    "overall_power_consumption": 1282.0101326917475
  },
  {
    "time": 52200.0,
    "opt": "ClusterLLGAOptimizer",
    "elapsed_time": 234.5647599180229,
    "valid": true,
    "overall_deadline_violation": 0.17709965643242923,
    "weighted_overall_deadline_violation": 73.79446869447074,
    "max_deadline_violation": 0.010000109782405672,
    "avg_deadline_violation": 0.0014758304702702423,
    "avg_only_violated_deadline": 0.005534364263513408,
    "weighted_avg_deadline_violation": 0.0018861524469532976,
    "weighted_avg_only_violated_deadline": 0.005630795860253983,
    "deadline_satisfaction": 0.7333333333333333,
    "weighted_deadline_satisfaction": 0.6650291550672162,
    "overall_cost": 253.58416860981316,
    "max_cost": 24.433621390973393,
    "avg_cost": 10.143366744392528,
    "overall_migration_cost": 7.402435306425575,
    "max_migration_cost": 7.402435306425575,
    "avg_migration_cost": 7.402435306425575,
    "migration_rate": 0.04,
    "weighted_migration_rate": 0.00031100736287638977,
    "overall_response_time": 3.7771607121431097,
    "weighted_overall_response_time": 783.9107291599219,
    "max_response_time": 0.1509740739620113,
    "avg_response_time": 0.03147633926785924,
    "weighted_avg_response_time": 0.020036395222515057,
    "avg_unavailability": 0.03735202969804452,
    "overall_power_consumption": 1287.4037138430847
  },
  {
    "time": 54000.0,
    "opt": "ClusterLLGAOptimizer",
    "elapsed_time": 266.46741601405665,
    "valid": true,
    "overall_deadline_violation": 0.20790761299935157,
    "weighted_overall_deadline_violation": 108.90362579581898,
    "max_deadline_violation": 0.010000109808449795,
    "avg_deadline_violation": 0.0016116869224755935,
    "avg_only_violated_deadline": 0.005940217514267186,
    "weighted_avg_deadline_violation": 0.0023396349759007887,
    "weighted_avg_only_violated_deadline": 0.005856773776548223,
    "deadline_satisfaction": 0.7286821705426356,
    "weighted_deadline_satisfaction": 0.6005249536409982,
    "overall_cost": 272.3244681889674,
    "max_cost": 34.443263022859476,
    "avg_cost": 10.892978727558694,
    "overall_migration_cost": 2.8523405500345076,
    "max_migration_cost": 1.5362304228982078,
    "avg_migration_cost": 1.4261702750172538,
    "migration_rate": 0.08,
    "weighted_migration_rate": 0.0011239400020192926,
    "overall_response_time": 3.8476855949231967,
    "weighted_overall_response_time": 883.2285474619541,
    "max_response_time": 0.1509736416058373,
    "avg_response_time": 0.029827020115683653,
    "weighted_avg_response_time": 0.018974872381479255,
    "avg_unavailability": 0.03735202969804452,
    "overall_power_consumption": 1293.5150047683087
  },
  {
    "time": 55800.0,
    "opt": "ClusterLLGAOptimizer",
    "elapsed_time": 249.67737628193572,
    "valid": true,
    "overall_deadline_violation": 0.20330754494640396,
    "weighted_overall_deadline_violation": 88.16489849598288,
    "max_deadline_violation": 0.010000109904686704,
    "avg_deadline_violation": 0.0016135519440190788,
    "avg_only_violated_deadline": 0.005808786998468683,
    "weighted_avg_deadline_violation": 0.002071667842183431,
    "weighted_avg_only_violated_deadline": 0.005786809211636603,
    "deadline_satisfaction": 0.7222222222222222,
    "weighted_deadline_satisfaction": 0.6420017031116997,
    "overall_cost": 262.6978056701872,
    "max_cost": 28.531304652712027,
    "avg_cost": 10.507912226807488,
    "overall_migration_cost": 0.0,
    "max_migration_cost": 0.0,
    "avg_migration_cost": 0.0,
    "migration_rate": 0.0,
    "weighted_migration_rate": 0.0,
    "overall_response_time": 3.882374169602679,
    "weighted_overall_response_time": 864.1235201056511,
    "max_response_time": 0.15096777880792864,
    "avg_response_time": 0.03081249340954505,
    "weighted_avg_response_time": 0.020304871199492074,
    "avg_unavailability": 0.03735202969804452,
    "overall_power_consumption": 1288.4077700687933
  },
  {
    "time": 57600.0,
    "opt": "ClusterLLGAOptimizer",
    "elapsed_time": 272.0043731541373,
    "valid": true,
    "overall_deadline_violation": 0.18708222176367306,
    "weighted_overall_deadline_violation": 94.45847159261193,
    "max_deadline_violation": 0.010000109813995961,
    "avg_deadline_violation": 0.0013857942352864664,
    "avg_only_violated_deadline": 0.005846319430114781,
    "weighted_avg_deadline_violation": 0.0021862876981125472,
    "weighted_avg_only_violated_deadline": 0.005728264920647934,
    "deadline_satisfaction": 0.762962962962963,
    "weighted_deadline_satisfaction": 0.6183333472877768,
    "overall_cost": 265.0112301457986,
    "max_cost": 30.00701845602499,
    "avg_cost": 9.815230746140688,
    "overall_migration_cost": 440.7001154900264,
    "max_migration_cost": 220.3500577450132,
    "avg_migration_cost": 220.3500577450132,
    "migration_rate": 0.07407407407407407,
    "weighted_migration_rate": 0.0042561415861851245,
    "overall_response_time": 3.8583500665991712,
    "weighted_overall_response_time": 883.2004482862536,
    "max_response_time": 0.15096686936131906,
    "avg_response_time": 0.02858037086369758,
    "weighted_avg_response_time": 0.020442107970829702,
    "avg_unavailability": 0.028431406357415527,
    "overall_power_consumption": 1292.2647489557662
  },
  {
    "time": 59400.0,
    "opt": "ClusterLLGAOptimizer",
    "elapsed_time": 242.62765630986542,
    "valid": true,
    "overall_deadline_violation": 0.182300925170967,
    "weighted_overall_deadline_violation": 116.2700694242116,
    "max_deadline_violation": 0.010000109693132487,
    "avg_deadline_violation": 0.0013810676149315685,
    "avg_only_violated_deadline": 0.005880675005515066,
    "weighted_avg_deadline_violation": 0.0026887796739302186,
    "weighted_avg_only_violated_deadline": 0.005962549164096238,
    "deadline_satisfaction": 0.7651515151515151,
    "weighted_deadline_satisfaction": 0.5490553453008274,
    "overall_cost": 266.9051778160704,
    "max_cost": 33.99328352228992,
    "avg_cost": 10.265583762156552,
    "overall_migration_cost": 0.0,
    "max_migration_cost": 0.0,
    "avg_migration_cost": 0.0,
    "migration_rate": 0.0,
    "weighted_migration_rate": 0.0,
    "overall_response_time": 3.944964552588042,
    "weighted_overall_response_time": 850.7922001663943,
    "max_response_time": 0.15097208005782967,
    "avg_response_time": 0.029886095095363958,
    "weighted_avg_response_time": 0.01967482075029544,
    "avg_unavailability": 0.029235731508044524,
    "overall_power_consumption": 1295.390377258107
  },
  {
    "time": 61200.0,
    "opt": "ClusterLLGAOptimizer",
    "elapsed_time": 269.6438983390108,
    "valid": true,
    "overall_deadline_violation": 0.23230285503456197,
    "weighted_overall_deadline_violation": 98.5180926621264,
    "max_deadline_violation": 0.010000109801232527,
    "avg_deadline_violation": 0.001904121762578376,
    "avg_only_violated_deadline": 0.006278455541474645,
    "weighted_avg_deadline_violation": 0.0022960188113726574,
    "weighted_avg_only_violated_deadline": 0.005825462278215787,
    "deadline_satisfaction": 0.6967213114754098,
    "weighted_deadline_satisfaction": 0.6058649594284422,
    "overall_cost": 255.31982341958013,
    "max_cost": 31.833221745661486,
    "avg_cost": 9.81999320844539,
    "overall_migration_cost": 223.1020590474485,
    "max_migration_cost": 184.835158443926,
    "avg_migration_cost": 111.55102952372425,
    "migration_rate": 0.07692307692307693,
    "weighted_migration_rate": 0.004366909484339789,
    "overall_response_time": 3.9073827440316578,
    "weighted_overall_response_time": 792.590767702416,
    "max_response_time": 0.1509764764827056,
    "avg_response_time": 0.03202772741009556,
    "weighted_avg_response_time": 0.018471767603197155,
    "avg_unavailability": 0.02893373260491553,
    "overall_power_consumption": 1289.4540584479778
  },
  {
    "time": 63000.0,
    "opt": "ClusterLLGAOptimizer",
    "elapsed_time": 217.63560565188527,
    "valid": true,
    "overall_deadline_violation": 0.21428468642048068,
    "weighted_overall_deadline_violation": 73.08962418903063,
    "max_deadline_violation": 0.010000109774241078,
    "avg_deadline_violation": 0.001815971918817633,
    "avg_only_violated_deadline": 0.0063024907770729615,
    "weighted_avg_deadline_violation": 0.0019552172883164467,
    "weighted_avg_only_violated_deadline": 0.005667096671198879,
    "deadline_satisfaction": 0.711864406779661,
    "weighted_deadline_satisfaction": 0.6549878356137478,
    "overall_cost": 250.81414530814473,
    "max_cost": 22.64838839462886,
    "avg_cost": 9.289412789190544,
    "overall_migration_cost": 9.602,
    "max_migration_cost": 9.602,
    "avg_migration_cost": 9.602,
    "migration_rate": 0.037037037037037035,
    "weighted_migration_rate": 0.002483810612854629,
    "overall_response_time": 3.8948682113585833,
    "weighted_overall_response_time": 716.8553236529671,
    "max_response_time": 0.15097734476301714,
    "avg_response_time": 0.03300735772337784,
    "weighted_avg_response_time": 0.019176564903426035,
    "avg_unavailability": 0.028854023982488198,
    "overall_power_consumption": 1294.0358188792252
  },
  {
    "time": 64800.0,
    "opt": "ClusterLLGAOptimizer",
    "elapsed_time": 273.08755476167426,
    "valid": true,
    "overall_deadline_violation": 0.1812649236489266,
    "weighted_overall_deadline_violation": 72.38607535660712,
    "max_deadline_violation": 0.01000010987330754,
    "avg_deadline_violation": 0.0014736985662514353,
    "avg_only_violated_deadline": 0.0048990519905115285,
    "weighted_avg_deadline_violation": 0.001804011145549492,
    "weighted_avg_only_violated_deadline": 0.005403616042466324,
    "deadline_satisfaction": 0.6991869918699187,
    "weighted_deadline_satisfaction": 0.666147422138805,
    "overall_cost": 253.08492747027387,
    "max_cost": 24.83948087188636,
    "avg_cost": 10.123397098810953,
    "overall_migration_cost": 2.3665121776867486,
    "max_migration_cost": 2.3665121776867486,
    "avg_migration_cost": 2.3665121776867486,
    "migration_rate": 0.04,
    "weighted_migration_rate": 0.0011624421244232418,
    "overall_response_time": 3.7534912349361282,
    "weighted_overall_response_time": 741.5948670457611,
    "max_response_time": 0.15097889706675788,
    "avg_response_time": 0.030516188901919726,
    "weighted_avg_response_time": 0.018482082348600947,
    "avg_unavailability": 0.03735202969804452,
    "overall_power_consumption": 1287.308122682597
  },
  {
    "time": 66600.0,
    "opt": "ClusterLLGAOptimizer",
    "elapsed_time": 235.68715197686106,
    "valid": true,
    "overall_deadline_violation": 0.17270092377706445,
    "weighted_overall_deadline_violation": 100.33572917371497,
    "max_deadline_violation": 0.010000109717442298,
    "avg_deadline_violation": 0.001427280361793921,
    "avg_only_violated_deadline": 0.00575669745923548,
    "weighted_avg_deadline_violation": 0.002441081289941925,
    "weighted_avg_only_violated_deadline": 0.005836642020555513,
    "deadline_satisfaction": 0.7520661157024794,
    "weighted_deadline_satisfaction": 0.581766145440321,
    "overall_cost": 251.68370337248376,
    "max_cost": 30.73848108696935,
    "avg_cost": 10.06734813489935,
    "overall_migration_cost": 0.0,
    "max_migration_cost": 0.0,
    "avg_migration_cost": 0.0,
    "migration_rate": 0.0,
    "weighted_migration_rate": 0.0,
    "overall_response_time": 3.8548194115011025,
    "weighted_overall_response_time": 815.0867378750614,
    "max_response_time": 0.150974534394008,
    "avg_response_time": 0.031858011665298336,
    "weighted_avg_response_time": 0.019830353572871162,
    "avg_unavailability": 0.03735202969804452,
    "overall_power_consumption": 1274.753356094868
  },
  {
    "time": 68400.0,
    "opt": "ClusterLLGAOptimizer",
    "elapsed_time": 281.41409751493484,
    "valid": true,
    "overall_deadline_violation": 0.19991964552061925,
    "weighted_overall_deadline_violation": 58.022348317584274,
    "max_deadline_violation": 0.010000109875500178,
    "avg_deadline_violation": 0.0015741704371702312,
    "avg_only_violated_deadline": 0.005711989872017695,
    "weighted_avg_deadline_violation": 0.0015976938450316435,
    "weighted_avg_only_violated_deadline": 0.005541831568568059,
    "deadline_satisfaction": 0.7244094488188977,
    "weighted_deadline_satisfaction": 0.7117029225331604,
    "overall_cost": 242.55395793127894,
    "max_cost": 19.21325287760011,
    "avg_cost": 10.106414913803288,
    "overall_migration_cost": 0.11552041221714957,
    "max_migration_cost": 0.11552041221714957,
    "avg_migration_cost": 0.11552041221714957,
    "migration_rate": 0.041666666666666664,
    "weighted_migration_rate": 0.0011955789342893678,
    "overall_response_time": 3.6711709585241277,
    "weighted_overall_response_time": 658.8580922567372,
    "max_response_time": 0.15098191338676234,
    "avg_response_time": 0.028906857941134834,
    "weighted_avg_response_time": 0.018142208119295688,
    "avg_unavailability": 0.037348682186050745,
    "overall_power_consumption": 1291.3349642118515
  },
  {
    "time": 70200.0,
    "opt": "ClusterLLGAOptimizer",
    "elapsed_time": 237.74137515202165,
    "valid": true,
    "overall_deadline_violation": 0.2097948863936766,
    "weighted_overall_deadline_violation": 69.1494257479068,
    "max_deadline_violation": 0.010000109737825015,
    "avg_deadline_violation": 0.0016138068184128969,
    "avg_only_violated_deadline": 0.006170437835108135,
    "weighted_avg_deadline_violation": 0.0018402119993263537,
    "weighted_avg_only_violated_deadline": 0.005562643172411395,
    "deadline_satisfaction": 0.7384615384615385,
    "weighted_deadline_satisfaction": 0.6691838857374299,
    "overall_cost": 244.25467071496786,
    "max_cost": 19.816787246377118,
    "avg_cost": 9.770186828598716,
    "overall_migration_cost": 267.09700697728334,
    "max_migration_cost": 267.09700697728334,
    "avg_migration_cost": 267.09700697728334,
    "migration_rate": 0.04,
    "weighted_migration_rate": 0.0043608423159564045,
    "overall_response_time": 3.9170908378517995,
    "weighted_overall_response_time": 679.9480663672748,
    "max_response_time": 0.15098338207448847,
    "avg_response_time": 0.030131467983475366,
    "weighted_avg_response_time": 0.018094851506206294,
    "avg_unavailability": 0.030895219676050745,
    "overall_power_consumption": 1284.6843909811403
  },
  {
    "time": 72000.0,
    "opt": "ClusterLLGAOptimizer",
    "elapsed_time": 271.9887452428229,
    "valid": true,
    "overall_deadline_violation": 0.18734322987937008,
    "weighted_overall_deadline_violation": 103.46916673447448,
    "max_deadline_violation": 0.0100001098687099,
    "avg_deadline_violation": 0.0015108324990271765,
    "avg_only_violated_deadline": 0.005677067572102117,
    "weighted_avg_deadline_violation": 0.002481392259859144,
    "weighted_avg_only_violated_deadline": 0.005844424710078447,
    "deadline_satisfaction": 0.7338709677419355,
    "weighted_deadline_satisfaction": 0.575425746253503,
    "overall_cost": 257.15488693605846,
    "max_cost": 31.370384230226655,
    "avg_cost": 10.714786955669103,
    "overall_migration_cost": 0.8637214887076613,
    "max_migration_cost": 0.8637214887076613,
    "avg_migration_cost": 0.8637214887076613,
    "migration_rate": 0.041666666666666664,
    "weighted_migration_rate": 0.00037077349513006636,
    "overall_response_time": 3.625750511270464,
    "weighted_overall_response_time": 789.1625650642392,
    "max_response_time": 0.15097448878215017,
    "avg_response_time": 0.02923992347798761,
    "weighted_avg_response_time": 0.018925656236763126,
    "avg_unavailability": 0.037348682186050745,
    "overall_power_consumption": 1294.1676342879466
  },
  {
    "time": 73800.0,
    "opt": "ClusterLLGAOptimizer",
    "elapsed_time": 233.34780160710216,
    "valid": true,
    "overall_deadline_violation": 0.21871583282555218,
    "weighted_overall_deadline_violation": 99.6267045787618,
    "max_deadline_violation": 0.010000109778706193,
    "avg_deadline_violation": 0.001735839943059938,
    "avg_only_violated_deadline": 0.005911238725014924,
    "weighted_avg_deadline_violation": 0.0024473526528190352,
    "weighted_avg_only_violated_deadline": 0.005766487613031676,
    "deadline_satisfaction": 0.7063492063492064,
    "weighted_deadline_satisfaction": 0.5755904083989936,
    "overall_cost": 254.6629338822403,
    "max_cost": 29.726528122071983,
    "avg_cost": 11.072301473140884,
    "overall_migration_cost": 0.0,
    "max_migration_cost": 0.0,
    "avg_migration_cost": 0.0,
    "migration_rate": 0.0,
    "weighted_migration_rate": 0.0,
    "overall_response_time": 3.693018065527489,
    "weighted_overall_response_time": 759.5097351789092,
    "max_response_time": 0.1509769174980429,
    "avg_response_time": 0.029309667186726104,
    "weighted_avg_response_time": 0.01865752935511869,
    "avg_unavailability": 0.042060116936050745,
    "overall_power_consumption": 1293.2974351349008
  },
  {
    "time": 75600.0,
    "opt": "ClusterLLGAOptimizer",
    "elapsed_time": 310.18748510908335,
    "valid": true,
    "overall_deadline_violation": 0.17242158564546087,
    "weighted_overall_deadline_violation": 74.24404475718592,
    "max_deadline_violation": 0.010000109891072483,
    "avg_deadline_violation": 0.0014132916856185315,
    "avg_only_violated_deadline": 0.005747386188182028,
    "weighted_avg_deadline_violation": 0.002003697071903507,
    "weighted_avg_only_violated_deadline": 0.005764832583371439,
    "deadline_satisfaction": 0.7540983606557377,
    "weighted_deadline_satisfaction": 0.6524275348978673,
    "overall_cost": 245.55636236108472,
    "max_cost": 18.354307901696856,
    "avg_cost": 9.822254494443387,
    "overall_migration_cost": 230.98248222762547,
    "max_migration_cost": 229.76477650651077,
    "avg_migration_cost": 115.49124111381273,
    "migration_rate": 0.08,
    "weighted_migration_rate": 0.003095606032653249,
    "overall_response_time": 3.8565242804328603,
    "weighted_overall_response_time": 720.2425970063802,
    "max_response_time": 0.1509770289163294,
    "avg_response_time": 0.03161085475764637,
    "weighted_avg_response_time": 0.019437895489148743,
    "avg_unavailability": 0.02923238399605075,
    "overall_power_consumption": 1291.1832564679266
  },
  {
    "time": 77400.0,
    "opt": "ClusterLLGAOptimizer",
    "elapsed_time": 264.6520243869163,
    "valid": true,
    "overall_deadline_violation": 0.23251231333733463,
    "weighted_overall_deadline_violation": 90.31147034020495,
    "max_deadline_violation": 0.010000109793004726,
    "avg_deadline_violation": 0.0018308056168294068,
    "avg_only_violated_deadline": 0.005961854188136786,
    "weighted_avg_deadline_violation": 0.0022090920658515336,
    "weighted_avg_only_violated_deadline": 0.005782531212480281,
    "deadline_satisfaction": 0.6929133858267716,
    "weighted_deadline_satisfaction": 0.6179714411080548,
    "overall_cost": 254.39422121397428,
    "max_cost": 22.475366107505764,
    "avg_cost": 10.17576884855897,
    "overall_migration_cost": 0.0,
    "max_migration_cost": 0.0,
    "avg_migration_cost": 0.0,
    "migration_rate": 0.0,
    "weighted_migration_rate": 0.0,
    "overall_response_time": 3.9103175827151038,
    "weighted_overall_response_time": 819.977914307623,
    "max_response_time": 0.15097351472045692,
    "avg_response_time": 0.030789902226103207,
    "weighted_avg_response_time": 0.020057327135156327,
    "avg_unavailability": 0.02923238399605075,
    "overall_power_consumption": 1286.0587486743907
  },
  {
    "time": 79200.0,
    "opt": "ClusterLLGAOptimizer",
    "elapsed_time": 295.43969973083586,
    "valid": true,
    "overall_deadline_violation": 0.13068094022157595,
    "weighted_overall_deadline_violation": 52.703356336724966,
    "max_deadline_violation": 0.010000109904400669,
    "avg_deadline_violation": 0.0010289837812722511,
    "avg_only_violated_deadline": 0.0054450391758989955,
    "weighted_avg_deadline_violation": 0.0013962162768239778,
    "weighted_avg_only_violated_deadline": 0.00534583974859086,
    "deadline_satisfaction": 0.8110236220472441,
    "weighted_deadline_satisfaction": 0.7388218984319508,
    "overall_cost": 245.0629665898118,
    "max_cost": 19.54441234739848,
    "avg_cost": 9.42549871499276,
    "overall_migration_cost": 330.3253050043797,
    "max_migration_cost": 328.8686474036417,
    "avg_migration_cost": 165.16265250218984,
    "migration_rate": 0.07692307692307693,
    "weighted_migration_rate": 0.005706819212511553,
    "overall_response_time": 3.7998455215213607,
    "weighted_overall_response_time": 810.3589393449466,
    "max_response_time": 0.15096595040569866,
    "avg_response_time": 0.02992004347654616,
    "weighted_avg_response_time": 0.02146801304179591,
    "avg_unavailability": 0.022783488088300753,
    "overall_power_consumption": 1290.6663026692838
  },
  {
    "time": 81000.0,
    "opt": "ClusterLLGAOptimizer",
    "elapsed_time": 238.60736666386947,
    "valid": true,
    "overall_deadline_violation": 0.1590762405075114,
    "weighted_overall_deadline_violation": 59.932208461769655,
    "max_deadline_violation": 0.010000109760144314,
    "avg_deadline_violation": 0.0013713469009268226,
    "avg_only_violated_deadline": 0.005891712611389312,
    "weighted_avg_deadline_violation": 0.0016544830990689082,
    "weighted_avg_only_violated_deadline": 0.005792143834615907,
    "deadline_satisfaction": 0.7672413793103449,
    "weighted_deadline_satisfaction": 0.7143573871247586,
    "overall_cost": 250.00994280833146,
    "max_cost": 22.63337977475717,
    "avg_cost": 10.869997513405716,
    "overall_migration_cost": 0.0,
    "max_migration_cost": 0.0,
    "avg_migration_cost": 0.0,
    "migration_rate": 0.0,
    "weighted_migration_rate": 0.0,
    "overall_response_time": 3.575565364333503,
    "weighted_overall_response_time": 823.3956495314413,
    "max_response_time": 0.1509635410917533,
    "avg_response_time": 0.03082383934770262,
    "weighted_avg_response_time": 0.02273058545582604,
    "avg_unavailability": 0.04206468353830074,
    "overall_power_consumption": 1292.652596143573
  },
  {
    "time": 82800.0,
    "opt": "ClusterLLGAOptimizer",
    "elapsed_time": 296.20625391276553,
    "valid": true,
    "overall_deadline_violation": 0.154694156093398,
    "weighted_overall_deadline_violation": 72.13514608883318,
    "max_deadline_violation": 0.010000109989949709,
    "avg_deadline_violation": 0.0012784640999454384,
    "avg_only_violated_deadline": 0.00552479128904993,
    "weighted_avg_deadline_violation": 0.0017642064187665778,
    "weighted_avg_only_violated_deadline": 0.00546601932217571,
    "deadline_satisfaction": 0.768595041322314,
    "weighted_deadline_satisfaction": 0.6772410936036816,
    "overall_cost": 256.9518663039059,
    "max_cost": 22.287450576827464,
    "avg_cost": 10.278074652156237,
    "overall_migration_cost": 144.41111807328173,
    "max_migration_cost": 142.80041886483642,
    "avg_migration_cost": 72.20555903664086,
    "migration_rate": 0.08,
    "weighted_migration_rate": 0.005394341951026659,
    "overall_response_time": 3.4837126852203144,
    "weighted_overall_response_time": 857.7970902828574,
    "max_response_time": 0.1509684193668722,
    "avg_response_time": 0.028791013927440635,
    "weighted_avg_response_time": 0.02097910955656303,
    "avg_unavailability": 0.030899786278300746,
    "overall_power_consumption": 1289.858778338617
  },
  {
    "time": 84600.0,
    "opt": "ClusterLLGAOptimizer",
    "elapsed_time": 240.45226132916287,
    "valid": true,
    "overall_deadline_violation": 0.1496886558021472,
    "weighted_overall_deadline_violation": 72.12942428559323,
    "max_deadline_violation": 0.010000109989949765,
    "avg_deadline_violation": 0.0012169809414808717,
    "avg_only_violated_deadline": 0.005544024288968414,
    "weighted_avg_deadline_violation": 0.0017640665044753492,
    "weighted_avg_only_violated_deadline": 0.005467945263489556,
    "deadline_satisfaction": 0.7804878048780488,
    "weighted_deadline_satisfaction": 0.6773803651155152,
    "overall_cost": 257.08268173787434,
    "max_cost": 22.287449040341443,
    "avg_cost": 10.283307269514973,
    "overall_migration_cost": 0.0,
    "max_migration_cost": 0.0,
    "avg_migration_cost": 0.0,
    "migration_rate": 0.0,
    "weighted_migration_rate": 0.0,
    "overall_response_time": 3.4931406933754934,
    "weighted_overall_response_time": 857.6608308714623,
    "max_response_time": 0.15096841974611197,
    "avg_response_time": 0.028399517832321097,
    "weighted_avg_response_time": 0.020975777346430826,
    "avg_unavailability": 0.030899786278300746,
    "overall_power_consumption": 1290.284147425153
  }
]