[
  {
    "time": 0.0,
    "opt": "ClusterLLGAOptimizer",
    "elapsed_time": 139.4725316008553,
    "valid": true,
    "overall_deadline_violation": 0.16100845640681805,
    "weighted_overall_deadline_violation": 71.9141009144191,
    "max_deadline_violation": 0.010200109998383586,
    "avg_deadline_violation": 0.0016598809938847226,
    "avg_only_violated_deadline": 0.007318566200309912,
    "weighted_avg_deadline_violation": 0.0009814807619276187,
    "weighted_avg_only_violated_deadline": 0.009111739599371458,
    "deadline_satisfaction": 0.7731958762886598,
    "weighted_deadline_satisfaction": 0.8922839320391328,
    "overall_cost": 344.2364697497563,
    "max_cost": 127.12291761279789,
    "avg_cost": 13.239864221144472,
    "overall_migration_cost": 0.0,
    "max_migration_cost": 0.0,
    "avg_migration_cost": 0.0,
    "migration_rate": 0.0,
    "weighted_migration_rate": 0.0,
    "overall_response_time": 4.937347534967605,
    "weighted_overall_response_time": 2657.618546151593,
    "max_response_time": 0.22099766107680793,
    "avg_response_time": 0.05090049005121242,
    "weighted_avg_response_time": 0.03627107121444717,
    "avg_unavailability": 0.021463662814675908,
    "overall_power_consumption": 1033.4589375255468
  },
  {
    "time": 1800.0,
    "opt": "ClusterLLGAOptimizer",
    "elapsed_time": 103.15209407173097,
    "valid": true,
    "overall_deadline_violation": 0.16100845611392503,
    "weighted_overall_deadline_violation": 73.14416952029394,
    "max_deadline_violation": 0.010200109998045992,
    "avg_deadline_violation": 0.0015631888943099521,
    "avg_only_violated_deadline": 0.007318566186996592,
    "weighted_avg_deadline_violation": 0.0009951910378306805,
    "weighted_avg_only_violated_deadline": 0.009082367122088209,
    "deadline_satisfaction": 0.7864077669902912,
    "weighted_deadline_satisfaction": 0.8904260283191604,
    "overall_cost": 342.32073315988015,
    "max_cost": 127.66493808838784,
    "avg_cost": 13.166182044610773,
    "overall_migration_cost": 0.0,
    "max_migration_cost": 0.0,
    "avg_migration_cost": 0.0,
    "migration_rate": 0.0,
    "weighted_migration_rate": 0.0,
    "overall_response_time": 4.600744925707171,
    "weighted_overall_response_time": 2686.755069143766,
    "max_response_time": 0.22099828153158918,
    "avg_response_time": 0.044667426463176424,
    "weighted_avg_response_time": 0.03655567604627965,
    "avg_unavailability": 0.021463662814675908,
    "overall_power_consumption": 1020.5544576622591
  },
  {
    "time": 3600.0,
    "opt": "ClusterLLGAOptimizer",
    "elapsed_time": 177.89679167605937,
    "valid": true,
    "overall_deadline_violation": 0.17020944289033071,
    "weighted_overall_deadline_violation": 77.74974652398625,
    "max_deadline_violation": 0.010200109998230594,
    "avg_deadline_violation": 0.0016210423132412448,
    "avg_only_violated_deadline": 0.0074004105604491615,
    "weighted_avg_deadline_violation": 0.0010640772630249153,
    "weighted_avg_only_violated_deadline": 0.009098818213859543,
    "deadline_satisfaction": 0.780952380952381,
    "weighted_deadline_satisfaction": 0.8830532451561581,
    "overall_cost": 345.95768114173717,
    "max_cost": 107.17450482138517,
    "avg_cost": 12.813247449693968,
    "overall_migration_cost": 26.42816100916544,
    "max_migration_cost": 11.023794972618052,
    "avg_migration_cost": 3.3035201261456804,
    "migration_rate": 0.2962962962962963,
    "weighted_migration_rate": 0.0008563994292436338,
    "overall_response_time": 4.721097160995833,
    "weighted_overall_response_time": 2553.2208653018192,
    "max_response_time": 0.2209926348030804,
    "avg_response_time": 0.04496283010472223,
    "weighted_avg_response_time": 0.03494319135060215,
    "avg_unavailability": 0.013942600936521126,
    "overall_power_consumption": 1036.9453785346914
  },
  {
    "time": 5400.0,
    "opt": "ClusterLLGAOptimizer",
    "elapsed_time": 116.99003303097561,
    "valid": true,
    "overall_deadline_violation": 0.1722096636550048,
    "weighted_overall_deadline_violation": 73.89328985587501,
    "max_deadline_violation": 0.01020010999825045,
    "avg_deadline_violation": 0.0016246194684434421,
    "avg_only_violated_deadline": 0.007175402652291871,
    "weighted_avg_deadline_violation": 0.0010536984355775218,
    "weighted_avg_only_violated_deadline": 0.009092640407305548,
    "deadline_satisfaction": 0.7735849056603774,
    "weighted_deadline_satisfaction": 0.8841152417365015,
    "overall_cost": 341.7475402185553,
    "max_cost": 115.23070288733786,
    "avg_cost": 12.657316304390937,
    "overall_migration_cost": 0.0,
    "max_migration_cost": 0.0,
    "avg_migration_cost": 0.0,
    "migration_rate": 0.0,
    "weighted_migration_rate": 0.0,
    "overall_response_time": 4.664916327169868,
    "weighted_overall_response_time": 2461.2957670594606,
    "max_response_time": 0.22099425950885987,
    "avg_response_time": 0.0440086445959421,
    "weighted_avg_response_time": 0.03509741553397534,
    "avg_unavailability": 0.013942600936521126,
    "overall_power_consumption": 1074.6819365147596
  },
  {
    "time": 7200.0,
    "opt": "ClusterLLGAOptimizer",
    "elapsed_time": 170.58835273887962,
    "valid": true,
    "overall_deadline_violation": 0.18141065013372637,
    "weighted_overall_deadline_violation": 79.12122771259153,
    "max_deadline_violation": 0.010200109998187597,
    "avg_deadline_violation": 0.0016954266367637974,
    "avg_only_violated_deadline": 0.007256426005349053,
    "weighted_avg_deadline_violation": 0.0010177157918771816,
    "weighted_avg_only_violated_deadline": 0.009105320247218674,
    "deadline_satisfaction": 0.7663551401869159,
    "weighted_deadline_satisfaction": 0.8882284462001152,
    "overall_cost": 353.36229521869757,
    "max_cost": 123.63435388027136,
    "avg_cost": 12.620081972096342,
    "overall_migration_cost": 4545.367436834037,
    "max_migration_cost": 4510.586730841159,
    "avg_migration_cost": 454.53674368340376,
    "migration_rate": 0.35714285714285715,
    "weighted_migration_rate": 0.002788509924755459,
    "overall_response_time": 5.117824544746691,
    "weighted_overall_response_time": 2735.0706948252714,
    "max_response_time": 0.22099627848258568,
    "avg_response_time": 0.047830135932212074,
    "weighted_avg_response_time": 0.03518050362078999,
    "avg_unavailability": 0.014272258479775963,
    "overall_power_consumption": 1007.684632959388
  },
  {
    "time": 9000.0,
    "opt": "ClusterLLGAOptimizer",
    "elapsed_time": 142.4450749582611,
    "valid": true,
    "overall_deadline_violation": 0.16300867765510776,
    "weighted_overall_deadline_violation": 64.37555344730711,
    "max_deadline_violation": 0.010200109998164977,
    "avg_deadline_violation": 0.0015524635967153115,
    "avg_only_violated_deadline": 0.00708733381109164,
    "weighted_avg_deadline_violation": 0.000964458240179702,
    "weighted_avg_only_violated_deadline": 0.009063813871829684,
    "deadline_satisfaction": 0.780952380952381,
    "weighted_deadline_satisfaction": 0.8935924486294627,
    "overall_cost": 324.8510542681546,
    "max_cost": 101.94129858087601,
    "avg_cost": 11.601823366719808,
    "overall_migration_cost": 0.0,
    "max_migration_cost": 0.0,
    "avg_migration_cost": 0.0,
    "migration_rate": 0.0,
    "weighted_migration_rate": 0.0,
    "overall_response_time": 4.669744439006624,
    "weighted_overall_response_time": 2344.9856725060463,
    "max_response_time": 0.220996455884153,
    "avg_response_time": 0.044473756561967864,
    "weighted_avg_response_time": 0.035131981533999566,
    "avg_unavailability": 0.014272258479775963,
    "overall_power_consumption": 1043.4172777757278
  },
  {
    "time": 10800.0,
    "opt": "ClusterLLGAOptimizer",
    "elapsed_time": 188.0177734210156,
    "valid": true,
    "overall_deadline_violation": 0.16956657346858497,
    "weighted_overall_deadline_violation": 87.31390690525598,
    "max_deadline_violation": 0.010200109998015135,
    "avg_deadline_violation": 0.0016149197473198575,
    "avg_only_violated_deadline": 0.007372459716025435,
    "weighted_avg_deadline_violation": 0.00101877880130743,
    "weighted_avg_only_violated_deadline": 0.009074848294746599,
    "deadline_satisfaction": 0.780952380952381,
    "weighted_deadline_satisfaction": 0.887735996435643,
    "overall_cost": 386.60993833881633,
    "max_cost": 122.85381056660061,
    "avg_cost": 13.331377184097118,
    "overall_migration_cost": 2473.2852966494934,
    "max_migration_cost": 2191.5402036793394,
    "avg_migration_cost": 247.32852966494937,
    "migration_rate": 0.3448275862068966,
    "weighted_migration_rate": 0.00429280620771209,
    "overall_response_time": 5.096164887907044,
    "weighted_overall_response_time": 2957.990718568322,
    "max_response_time": 0.22099780188612186,
    "avg_response_time": 0.04853490369435281,
    "weighted_avg_response_time": 0.03451384029592812,
    "avg_unavailability": 0.00791629010072189,
    "overall_power_consumption": 1011.2168344031213
  },
  {
    "time": 12600.0,
    "opt": "ClusterLLGAOptimizer",
    "elapsed_time": 134.63142816117033,
    "valid": true,
    "overall_deadline_violation": 0.17020944630553994,
    "weighted_overall_deadline_violation": 63.15990972524355,
    "max_deadline_violation": 0.010200109998082452,
    "avg_deadline_violation": 0.0015907424888368213,
    "avg_only_violated_deadline": 0.007400410708936518,
    "weighted_avg_deadline_violation": 0.0007832890407062968,
    "weighted_avg_only_violated_deadline": 0.009140333908458436,
    "deadline_satisfaction": 0.7850467289719626,
    "weighted_deadline_satisfaction": 0.9143041109273434,
    "overall_cost": 390.2013368489266,
    "max_cost": 134.27606008112528,
    "avg_cost": 13.006711228297553,
    "overall_migration_cost": 1.0723872924085378,
    "max_migration_cost": 1.0723872924085378,
    "avg_migration_cost": 1.0723872924085378,
    "migration_rate": 0.03333333333333333,
    "weighted_migration_rate": 6.685556452559429e-05,
    "overall_response_time": 4.92257035012008,
    "weighted_overall_response_time": 2651.6345061674688,
    "max_response_time": 0.22099802809696384,
    "avg_response_time": 0.04600533037495402,
    "weighted_avg_response_time": 0.03288472478309297,
    "avg_unavailability": 0.00789659302122089,
    "overall_power_consumption": 1077.7168671989848
  },
  {
    "time": 14400.0,
    "opt": "ClusterLLGAOptimizer",
    "elapsed_time": 199.10523486882448,
    "valid": true,
    "overall_deadline_violation": 0.16820922743701933,
    "weighted_overall_deadline_violation": 58.00453364001639,
    "max_deadline_violation": 0.010200109998206947,
    "avg_deadline_violation": 0.001649110072911954,
    "avg_only_violated_deadline": 0.0076458739744099695,
    "weighted_avg_deadline_violation": 0.0007160671283042389,
    "weighted_avg_only_violated_deadline": 0.00912678954266606,
    "deadline_satisfaction": 0.7843137254901961,
    "weighted_deadline_satisfaction": 0.921542276727566,
    "overall_cost": 378.6617714992275,
    "max_cost": 144.10494136044682,
    "avg_cost": 15.777573812467812,
    "overall_migration_cost": 4.06030053737748,
    "max_migration_cost": 1.9476567603892054,
    "avg_migration_cost": 1.35343351245916,
    "migration_rate": 0.125,
    "weighted_migration_rate": 0.0002729040895800762,
    "overall_response_time": 4.620093729685781,
    "weighted_overall_response_time": 2668.8661349760855,
    "max_response_time": 0.22099578605964604,
    "avg_response_time": 0.04529503656554687,
    "weighted_avg_response_time": 0.03294720583327525,
    "avg_unavailability": 0.014881912115112195,
    "overall_power_consumption": 1024.697160143574
  },
  {
    "time": 16200.0,
    "opt": "ClusterLLGAOptimizer",
    "elapsed_time": 162.9914287403226,
    "valid": true,
    "overall_deadline_violation": 0.16100845679203868,
    "weighted_overall_deadline_violation": 71.25770743227922,
    "max_deadline_violation": 0.01020010999823956,
    "avg_deadline_violation": 0.0015631889008935799,
    "avg_only_violated_deadline": 0.007318566217819942,
    "weighted_avg_deadline_violation": 0.0008553443715861969,
    "weighted_avg_only_violated_deadline": 0.009182062507504274,
    "deadline_satisfaction": 0.7864077669902912,
    "weighted_deadline_satisfaction": 0.906846161100826,
    "overall_cost": 377.70765607206573,
    "max_cost": 134.42528604781984,
    "avg_cost": 15.108306242882632,
    "overall_migration_cost": 1.8174111501943264,
    "max_migration_cost": 1.8174111501943264,
    "avg_migration_cost": 1.8174111501943264,
    "migration_rate": 0.04,
    "weighted_migration_rate": 0.0001203912719805987,
    "overall_response_time": 4.648153594481524,
    "weighted_overall_response_time": 2815.9240030610868,
    "max_response_time": 0.2209966684110904,
    "avg_response_time": 0.04512770480079152,
    "weighted_avg_response_time": 0.033801041790767775,
    "avg_unavailability": 0.014370152538069196,
    "overall_power_consumption": 998.7173344176972
  },
  {
    "time": 18000.0,
    "opt": "ClusterLLGAOptimizer",
    "elapsed_time": 199.95706765027717,
    "valid": true,
    "overall_deadline_violation": 0.15900824031092442,
    "weighted_overall_deadline_violation": 52.92203506430612,
    "max_deadline_violation": 0.010200109997965945,
    "avg_deadline_violation": 0.001543769323407033,
    "avg_only_violated_deadline": 0.007571820967186877,
    "weighted_avg_deadline_violation": 0.0006417292217825267,
    "weighted_avg_only_violated_deadline": 0.009181467053176053,
    "deadline_satisfaction": 0.7961165048543689,
    "weighted_deadline_satisfaction": 0.9301060257510217,
    "overall_cost": 379.91808454689937,
    "max_cost": 143.82775566003332,
    "avg_cost": 14.61223402103459,
    "overall_migration_cost": 3911.9622004148955,
    "max_migration_cost": 3903.697980748906,
    "avg_migration_cost": 782.3924400829791,
    "migration_rate": 0.19230769230769232,
    "weighted_migration_rate": 0.0027724640011761443,
    "overall_response_time": 4.693369416269492,
    "weighted_overall_response_time": 2785.2899107418775,
    "max_response_time": 0.22099666869374743,
    "avg_response_time": 0.04556669336183972,
    "weighted_avg_response_time": 0.033774247809768024,
    "avg_unavailability": 0.008428057633230127,
    "overall_power_consumption": 1002.9822019173845
  },
  {
    "time": 19800.0,
    "opt": "ClusterLLGAOptimizer",
    "elapsed_time": 151.86489541083574,
    "valid": true,
    "overall_deadline_violation": 0.1610084604172355,
    "weighted_overall_deadline_violation": 52.220472753857386,
    "max_deadline_violation": 0.010200109997920405,
    "avg_deadline_violation": 0.0015481582732426494,
    "avg_only_violated_deadline": 0.007318566382601615,
    "weighted_avg_deadline_violation": 0.0007486435989480137,
    "weighted_avg_only_violated_deadline": 0.009177393033687024,
    "deadline_satisfaction": 0.7884615384615384,
    "weighted_deadline_satisfaction": 0.9184252438355857,
    "overall_cost": 346.2283771543974,
    "max_cost": 103.93193574263242,
    "avg_cost": 13.849135086175897,
    "overall_migration_cost": 0.0,
    "max_migration_cost": 0.0,
    "avg_migration_cost": 0.0,
    "migration_rate": 0.0,
    "weighted_migration_rate": 0.0,
    "overall_response_time": 4.6847376374154415,
    "weighted_overall_response_time": 2351.47252634514,
    "max_response_time": 0.22099589764341218,
    "avg_response_time": 0.04504555420591774,
    "weighted_avg_response_time": 0.03371120103121561,
    "avg_unavailability": 0.010377965593230133,
    "overall_power_consumption": 1057.5944578714586
  },
  {
    "time": 21600.0,
    "opt": "ClusterLLGAOptimizer",
    "elapsed_time": 208.74399527627975,
    "valid": true,
    "overall_deadline_violation": 0.16100845929180357,
    "weighted_overall_deadline_violation": 57.459344564215,
    "max_deadline_violation": 0.010200109998168283,
    "avg_deadline_violation": 0.0014637132662891233,
    "avg_only_violated_deadline": 0.007318566331445617,
    "weighted_avg_deadline_violation": 0.0007529550080253808,
    "weighted_avg_only_violated_deadline": 0.009140388473836837,
    "deadline_satisfaction": 0.8,
    "weighted_deadline_satisfaction": 0.9176233034098477,
    "overall_cost": 368.4996906747456,
    "max_cost": 112.76865807052563,
    "avg_cost": 12.706885885336058,
    "overall_migration_cost": 8.157300841941781,
    "max_migration_cost": 1.7146264415418835,
    "avg_migration_cost": 1.1653286917059689,
    "migration_rate": 0.2413793103448276,
    "weighted_migration_rate": 0.0008018228825413027,
    "overall_response_time": 5.269856677181081,
    "weighted_overall_response_time": 2583.5759367208852,
    "max_response_time": 0.2209978538993838,
    "avg_response_time": 0.047907787974373464,
    "weighted_avg_response_time": 0.03385552785054521,
    "avg_unavailability": 0.008348521700256328,
    "overall_power_consumption": 1058.1872632413213
  },
  {
    "time": 23400.0,
    "opt": "ClusterLLGAOptimizer",
    "elapsed_time": 164.89680051011965,
    "valid": true,
    "overall_deadline_violation": 0.15180746971266332,
    "weighted_overall_deadline_violation": 65.74056497999243,
    "max_deadline_violation": 0.0102001099982954,
    "avg_deadline_violation": 0.0014457854258348884,
    "avg_only_violated_deadline": 0.007228927129174442,
    "weighted_avg_deadline_violation": 0.0008919719678772508,
    "weighted_avg_only_violated_deadline": 0.009146312828590705,
    "deadline_satisfaction": 0.8,
    "weighted_deadline_satisfaction": 0.9024774261941914,
    "overall_cost": 358.2736562478908,
    "max_cost": 109.30358540928964,
    "avg_cost": 12.35426400854796,
    "overall_migration_cost": 0.0,
    "max_migration_cost": 0.0,
    "avg_migration_cost": 0.0,
    "migration_rate": 0.0,
    "weighted_migration_rate": 0.0,
    "overall_response_time": 4.7385480267142785,
    "weighted_overall_response_time": 2466.917524160196,
    "max_response_time": 0.22099749335191948,
    "avg_response_time": 0.045129028825850265,
    "weighted_avg_response_time": 0.033471286401109024,
    "avg_unavailability": 0.008348521700256328,
    "overall_power_consumption": 1057.9940043254787
  },
  {
    "time": 25200.0,
    "opt": "ClusterLLGAOptimizer",
    "elapsed_time": 228.46424336917698,
    "valid": true,
    "overall_deadline_violation": 0.16300867573743966,
    "weighted_overall_deadline_violation": 75.70513480916247,
    "max_deadline_violation": 0.010200109998300809,
    "avg_deadline_violation": 0.001567391112859996,
    "avg_only_violated_deadline": 0.007087333727714766,
    "weighted_avg_deadline_violation": 0.0009697848107824531,
    "weighted_avg_only_violated_deadline": 0.009138077270530877,
    "deadline_satisfaction": 0.7788461538461539,
    "weighted_deadline_satisfaction": 0.8938743039621819,
    "overall_cost": 370.6494367858946,
    "max_cost": 114.7268342505514,
    "avg_cost": 11.956433444706274,
    "overall_migration_cost": 1528.8210856854935,
    "max_migration_cost": 1497.9809619140294,
    "avg_migration_cost": 152.8821085685493,
    "migration_rate": 0.3225806451612903,
    "weighted_migration_rate": 0.002290886440475362,
    "overall_response_time": 4.639539406631873,
    "weighted_overall_response_time": 2617.812076836232,
    "max_response_time": 0.2209978310134021,
    "avg_response_time": 0.04461095583299879,
    "weighted_avg_response_time": 0.03353424303382112,
    "avg_unavailability": 0.007896193404323152,
    "overall_power_consumption": 1044.3598022685887
  },
  {
    "time": 27000.0,
    "opt": "ClusterLLGAOptimizer",
    "elapsed_time": 183.9169502388686,
    "valid": true,
    "overall_deadline_violation": 0.19061163828279964,
    "weighted_overall_deadline_violation": 77.4668660635865,
    "max_deadline_violation": 0.010200109998243875,
    "avg_deadline_violation": 0.0017018896275249964,
    "avg_only_violated_deadline": 0.007331216857030755,
    "weighted_avg_deadline_violation": 0.0009419855248172489,
    "weighted_avg_only_violated_deadline": 0.00912932455099402,
    "deadline_satisfaction": 0.7678571428571429,
    "weighted_deadline_satisfaction": 0.8968176101577323,
    "overall_cost": 390.4777381274691,
    "max_cost": 132.67969700137309,
    "avg_cost": 12.596056068628036,
    "overall_migration_cost": 0.0,
    "max_migration_cost": 0.0,
    "avg_migration_cost": 0.0,
    "migration_rate": 0.0,
    "weighted_migration_rate": 0.0,
    "overall_response_time": 5.189344801989488,
    "weighted_overall_response_time": 2688.941241253938,
    "max_response_time": 0.22099757925095959,
    "avg_response_time": 0.04633343573204897,
    "weighted_avg_response_time": 0.032697124009976625,
    "avg_unavailability": 0.007896193404323152,
    "overall_power_consumption": 1065.5269058917145
  },
  {
    "time": 28800.0,
    "opt": "ClusterLLGAOptimizer",
    "elapsed_time": 221.9473058390431,
    "valid": true,
    "overall_deadline_violation": 0.1682092208041032,
    "weighted_overall_deadline_violation": 87.81530736508566,
    "max_deadline_violation": 0.010200109998197038,
    "avg_deadline_violation": 0.001617396353885608,
    "avg_only_violated_deadline": 0.007645873672913783,
    "weighted_avg_deadline_violation": 0.001111504868640973,
    "weighted_avg_only_violated_deadline": 0.009121939249897034,
    "deadline_satisfaction": 0.7884615384615384,
    "weighted_deadline_satisfaction": 0.8781503759024133,
    "overall_cost": 359.8676465222926,
    "max_cost": 127.60496293911793,
    "avg_cost": 12.409229190423883,
    "overall_migration_cost": 237.43592517652925,
    "max_migration_cost": 206.96782417181262,
    "avg_migration_cost": 26.381769464058802,
    "migration_rate": 0.3103448275862069,
    "weighted_migration_rate": 0.002397265767844021,
    "overall_response_time": 4.885867206349229,
    "weighted_overall_response_time": 2576.1434625330758,
    "max_response_time": 0.22099853826830937,
    "avg_response_time": 0.04697949236874256,
    "weighted_avg_response_time": 0.03260702589149715,
    "avg_unavailability": 0.014823404927467913,
    "overall_power_consumption": 995.467758318469
  },
  {
    "time": 30600.0,
    "opt": "ClusterLLGAOptimizer",
    "elapsed_time": 184.81386964488775,
    "valid": true,
    "overall_deadline_violation": 0.1794104332929215,
    "weighted_overall_deadline_violation": 66.78556260107591,
    "max_deadline_violation": 0.010200109998207488,
    "avg_deadline_violation": 0.0016459672779167117,
    "avg_only_violated_deadline": 0.007475434720538399,
    "weighted_avg_deadline_violation": 0.0008857941936101232,
    "weighted_avg_only_violated_deadline": 0.009089031362347285,
    "deadline_satisfaction": 0.7798165137614679,
    "weighted_deadline_satisfaction": 0.9025425088442689,
    "overall_cost": 361.19268755336356,
    "max_cost": 120.81079617361287,
    "avg_cost": 12.454920260460813,
    "overall_migration_cost": 0.0,
    "max_migration_cost": 0.0,
    "avg_migration_cost": 0.0,
    "migration_rate": 0.0,
    "weighted_migration_rate": 0.0,
    "overall_response_time": 4.955164009152888,
    "weighted_overall_response_time": 2474.206478915144,
    "max_response_time": 0.2209987200083731,
    "avg_response_time": 0.04546022026745766,
    "weighted_avg_response_time": 0.03281604058509907,
    "avg_unavailability": 0.014823404927467913,
    "overall_power_consumption": 1042.4096758723913
  },
  {
    "time": 32400.0,
    "opt": "ClusterLLGAOptimizer",
    "elapsed_time": 226.5208668508567,
    "valid": true,
    "overall_deadline_violation": 0.1794104313915494,
    "weighted_overall_deadline_violation": 74.85980069841861,
    "max_deadline_violation": 0.010200109998152872,
    "avg_deadline_violation": 0.0016767330036593395,
    "avg_only_violated_deadline": 0.007475434641314556,
    "weighted_avg_deadline_violation": 0.0009377345939357868,
    "weighted_avg_only_violated_deadline": 0.009132637725046536,
    "deadline_satisfaction": 0.7757009345794392,
    "weighted_deadline_satisfaction": 0.8973205089079552,
    "overall_cost": 367.866290273083,
    "max_cost": 125.71392603335492,
    "avg_cost": 14.148703472041653,
    "overall_migration_cost": 3745.0767736948465,
    "max_migration_cost": 3508.3242182968597,
    "avg_migration_cost": 468.1345967118558,
    "migration_rate": 0.3076923076923077,
    "weighted_migration_rate": 0.002721052565248751,
    "overall_response_time": 4.788187581004108,
    "weighted_overall_response_time": 2655.5712301850904,
    "max_response_time": 0.22099591606011723,
    "avg_response_time": 0.04474941664489818,
    "weighted_avg_response_time": 0.03326513009615556,
    "avg_unavailability": 0.014881507004624714,
    "overall_power_consumption": 1007.1400871917906
  },
  {
    "time": 34200.0,
    "opt": "ClusterLLGAOptimizer",
    "elapsed_time": 180.69791763089597,
    "valid": true,
    "overall_deadline_violation": 0.1600093374117185,
    "weighted_overall_deadline_violation": 57.67594808049932,
    "max_deadline_violation": 0.010200109998333408,
    "avg_deadline_violation": 0.0014954143683338181,
    "avg_only_violated_deadline": 0.00727315170053266,
    "weighted_avg_deadline_violation": 0.0007664916750893938,
    "weighted_avg_only_violated_deadline": 0.009114722689231372,
    "deadline_satisfaction": 0.794392523364486,
    "weighted_deadline_satisfaction": 0.9159061990997303,
    "overall_cost": 368.3028864320305,
    "max_cost": 108.01516553830147,
    "avg_cost": 14.165495632001171,
    "overall_migration_cost": 0.0,
    "max_migration_cost": 0.0,
    "avg_migration_cost": 0.0,
    "migration_rate": 0.0,
    "weighted_migration_rate": 0.0,
    "overall_response_time": 4.7967300412214895,
    "weighted_overall_response_time": 2511.5107270914827,
    "max_response_time": 0.22099586651579467,
    "avg_response_time": 0.04482925272169619,
    "weighted_avg_response_time": 0.033377033725158774,
    "avg_unavailability": 0.014881507004624714,
    "overall_power_consumption": 1075.5792015059155
  },
  {
    "time": 36000.0,
    "opt": "ClusterLLGAOptimizer",
    "elapsed_time": 225.96638510376215,
    "valid": true,
    "overall_deadline_violation": 0.1794104294695283,
    "weighted_overall_deadline_violation": 82.23246293276256,
    "max_deadline_violation": 0.01020010999818547,
    "avg_deadline_violation": 0.0017251002833608494,
    "avg_only_violated_deadline": 0.007475434561230347,
    "weighted_avg_deadline_violation": 0.0010432965788354524,
    "weighted_avg_only_violated_deadline": 0.009120426655611946,
    "deadline_satisfaction": 0.7692307692307693,
    "weighted_deadline_satisfaction": 0.8856087967997093,
    "overall_cost": 360.12081758960136,
    "max_cost": 118.98832192515847,
    "avg_cost": 13.850800676523134,
    "overall_migration_cost": 226.26988275790924,
    "max_migration_cost": 179.66820475010618,
    "avg_migration_cost": 25.141098084212135,
    "migration_rate": 0.34615384615384615,
    "weighted_migration_rate": 0.002068255905535443,
    "overall_response_time": 4.717926397390904,
    "weighted_overall_response_time": 2599.413870665222,
    "max_response_time": 0.22099668038841194,
    "avg_response_time": 0.04536467689798948,
    "weighted_avg_response_time": 0.03297918488054874,
    "avg_unavailability": 0.01730946356072189,
    "overall_power_consumption": 1003.4396504903457
  },
  {
    "time": 37800.0,
    "opt": "ClusterLLGAOptimizer",
    "elapsed_time": 197.16277659591287,
    "valid": true,
    "overall_deadline_violation": 0.17220966241888885,
    "weighted_overall_deadline_violation": 79.90015499762036,
    "max_deadline_violation": 0.010200109998161445,
    "avg_deadline_violation": 0.0015945339112860082,
    "avg_only_violated_deadline": 0.0071754026007870364,
    "weighted_avg_deadline_violation": 0.0009577627233244585,
    "weighted_avg_only_violated_deadline": 0.009115601780076067,
    "deadline_satisfaction": 0.7777777777777778,
    "weighted_deadline_satisfaction": 0.894931487088671,
    "overall_cost": 392.99631360207457,
    "max_cost": 135.9341874799993,
    "avg_cost": 14.555419022299057,
    "overall_migration_cost": 1.442,
    "max_migration_cost": 1.442,
    "avg_migration_cost": 1.442,
    "migration_rate": 0.037037037037037035,
    "weighted_migration_rate": 0.00012007129705829349,
    "overall_response_time": 5.096932535031828,
    "weighted_overall_response_time": 2679.357977543271,
    "max_response_time": 0.22099828155401816,
    "avg_response_time": 0.047193819768813226,
    "weighted_avg_response_time": 0.03211744950193631,
    "avg_unavailability": 0.01726888102626238,
    "overall_power_consumption": 1058.8585809318615
  },
  {
    "time": 39600.0,
    "opt": "ClusterLLGAOptimizer",
    "elapsed_time": 238.63984579220414,
    "valid": true,
    "overall_deadline_violation": 0.18141064664810036,
    "weighted_overall_deadline_violation": 93.28696014850613,
    "max_deadline_violation": 0.010200109998092958,
    "avg_deadline_violation": 0.0017443331408471194,
    "avg_only_violated_deadline": 0.007256425865924017,
    "weighted_avg_deadline_violation": 0.0014624734910740184,
    "weighted_avg_only_violated_deadline": 0.009128270142707404,
    "deadline_satisfaction": 0.7596153846153846,
    "weighted_deadline_satisfaction": 0.8397863485402661,
    "overall_cost": 294.50867207915917,
    "max_cost": 89.58066792565931,
    "avg_cost": 11.780346883166366,
    "overall_migration_cost": 30.976192260305435,
    "max_migration_cost": 12.603285959971128,
    "avg_migration_cost": 5.162698710050906,
    "migration_rate": 0.24,
    "weighted_migration_rate": 0.000973024287395081,
    "overall_response_time": 4.844033675191656,
    "weighted_overall_response_time": 2135.7052860293593,
    "max_response_time": 0.22099787889827766,
    "avg_response_time": 0.04657724687684284,
    "weighted_avg_response_time": 0.03348176809054925,
    "avg_unavailability": 0.02047385998298967,
    "overall_power_consumption": 970.0791283056103
  },
  {
    "time": 41400.0,
    "opt": "ClusterLLGAOptimizer",
    "elapsed_time": 199.6586103970185,
    "valid": true,
    "overall_deadline_violation": 0.18861142086693386,
    "weighted_overall_deadline_violation": 68.38401058674282,
    "max_deadline_violation": 0.010200109998027736,
    "avg_deadline_violation": 0.0017464020450642024,
    "avg_only_violated_deadline": 0.007544456834677355,
    "weighted_avg_deadline_violation": 0.0008543027547648219,
    "weighted_avg_only_violated_deadline": 0.009093784782918335,
    "deadline_satisfaction": 0.7685185185185185,
    "weighted_deadline_satisfaction": 0.9060564137860908,
    "overall_cost": 377.16507727552073,
    "max_cost": 115.59546146289176,
    "avg_cost": 15.08660309102083,
    "overall_migration_cost": 0.0,
    "max_migration_cost": 0.0,
    "avg_migration_cost": 0.0,
    "migration_rate": 0.0,
    "weighted_migration_rate": 0.0,
    "overall_response_time": 4.766333367090965,
    "weighted_overall_response_time": 2663.298667037135,
    "max_response_time": 0.22099617570518285,
    "avg_response_time": 0.04413271636195337,
    "weighted_avg_response_time": 0.033271862362111826,
    "avg_unavailability": 0.02047385998298967,
    "overall_power_consumption": 1060.1169958462513
  },
  {
    "time": 43200.0,
    "opt": "ClusterLLGAOptimizer",
    "elapsed_time": 243.32870813226327,
    "valid": true,
    "overall_deadline_violation": 0.17641109155879048,
    "weighted_overall_deadline_violation": 66.04213434926784,
    "max_deadline_violation": 0.0102001099982766,
    "avg_deadline_violation": 0.0016487017902690698,
    "avg_only_violated_deadline": 0.0076700474590778445,
    "weighted_avg_deadline_violation": 0.0009152236579594053,
    "weighted_avg_only_violated_deadline": 0.009098544733174273,
    "deadline_satisfaction": 0.7850467289719626,
    "weighted_deadline_satisfaction": 0.8994098853388719,
    "overall_cost": 350.79595655053055,
    "max_cost": 120.92231622170772,
    "avg_cost": 10.96237364220408,
    "overall_migration_cost": 4553.828641778473,
    "max_migration_cost": 4524.8433187167975,
    "avg_migration_cost": 569.2285802223092,
    "migration_rate": 0.25,
    "weighted_migration_rate": 0.002240437906226041,
    "overall_response_time": 5.262402501812224,
    "weighted_overall_response_time": 2296.2490585355426,
    "max_response_time": 0.22099938742433864,
    "avg_response_time": 0.049181331792637575,
    "weighted_avg_response_time": 0.03182182834710337,
    "avg_unavailability": 0.014290203539142678,
    "overall_power_consumption": 1041.1982649213774
  },
  {
    "time": 45000.0,
    "opt": "ClusterLLGAOptimizer",
    "elapsed_time": 193.24850658001378,
    "valid": true,
    "overall_deadline_violation": 0.18861142187816599,
    "weighted_overall_deadline_violation": 64.89794763261399,
    "max_deadline_violation": 0.01020010999802741,
    "avg_deadline_violation": 0.001730380017230881,
    "avg_only_violated_deadline": 0.007544456875126642,
    "weighted_avg_deadline_violation": 0.0009123857573868989,
    "weighted_avg_only_violated_deadline": 0.009097977175718433,
    "deadline_satisfaction": 0.7706422018348624,
    "weighted_deadline_satisfaction": 0.8997155367874554,
    "overall_cost": 356.3740081826981,
    "max_cost": 105.7402227296647,
    "avg_cost": 10.79921236917267,
    "overall_migration_cost": 1.016246366603154,
    "max_migration_cost": 1.016246366603154,
    "avg_migration_cost": 1.016246366603154,
    "migration_rate": 0.030303030303030304,
    "weighted_migration_rate": 7.320932711075532e-05,
    "overall_response_time": 5.038931345482358,
    "weighted_overall_response_time": 2292.1329238808,
    "max_response_time": 0.22099825530901843,
    "avg_response_time": 0.046228727940205154,
    "weighted_avg_response_time": 0.03222458506123015,
    "avg_unavailability": 0.014289811567260608,
    "overall_power_consumption": 1085.3594588752374
  },
  {
    "time": 46800.0,
    "opt": "ClusterLLGAOptimizer",
    "elapsed_time": 244.3439295757562,
    "valid": true,
    "overall_deadline_violation": 0.18141065123052535,
    "weighted_overall_deadline_violation": 74.42744970540156,
    "max_deadline_violation": 0.010200109998056879,
    "avg_deadline_violation": 0.0017443331849088981,
    "avg_only_violated_deadline": 0.007256426049221016,
    "weighted_avg_deadline_violation": 0.001071534434200233,
    "weighted_avg_only_violated_deadline": 0.009073446183094342,
    "deadline_satisfaction": 0.7596153846153846,
    "weighted_deadline_satisfaction": 0.8819043599777205,
    "overall_cost": 328.7386470373575,
    "max_cost": 98.52328822970759,
    "avg_cost": 12.643794116821443,
    "overall_migration_cost": 3260.3392489935263,
    "max_migration_cost": 3070.6648289331597,
    "avg_migration_cost": 815.0848122483816,
    "migration_rate": 0.15384615384615385,
    "weighted_migration_rate": 0.0028481066080737216,
    "overall_response_time": 4.6703965644517496,
    "weighted_overall_response_time": 2261.128491261572,
    "max_response_time": 0.22099751971841458,
    "avg_response_time": 0.04490765927357451,
    "weighted_avg_response_time": 0.03255354104068078,
    "avg_unavailability": 0.008429245338486475,
    "overall_power_consumption": 1017.1646845462992
  },
  {
    "time": 48600.0,
    "opt": "ClusterLLGAOptimizer",
    "elapsed_time": 204.5833300780505,
    "valid": true,
    "overall_deadline_violation": 0.1814106472895867,
    "weighted_overall_deadline_violation": 89.95659362020778,
    "max_deadline_violation": 0.010200109997780572,
    "avg_deadline_violation": 0.0016797282156443218,
    "avg_only_violated_deadline": 0.00725642589158347,
    "weighted_avg_deadline_violation": 0.0011190608544024083,
    "weighted_avg_only_violated_deadline": 0.00907325538288468,
    "deadline_satisfaction": 0.7685185185185185,
    "weighted_deadline_satisfaction": 0.8766637984737705,
    "overall_cost": 380.99158817522886,
    "max_cost": 110.04563042736767,
    "avg_cost": 14.653522622124191,
    "overall_migration_cost": 1.0006652257701307,
    "max_migration_cost": 1.0006652257701307,
    "avg_migration_cost": 1.0006652257701307,
    "migration_rate": 0.038461538461538464,
    "weighted_migration_rate": 6.152899203553026e-05,
    "overall_response_time": 4.967706177094078,
    "weighted_overall_response_time": 2614.089588615152,
    "max_response_time": 0.22099731943954987,
    "avg_response_time": 0.045997279417537715,
    "weighted_avg_response_time": 0.032519298594950015,
    "avg_unavailability": 0.014882707693261688,
    "overall_power_consumption": 1078.27520319303
  },
  {
    "time": 50400.0,
    "opt": "ClusterLLGAOptimizer",
    "elapsed_time": 266.29337109206244,
    "valid": true,
    "overall_deadline_violation": 0.19061162453786293,
    "weighted_overall_deadline_violation": 125.92476829119799,
    "max_deadline_violation": 0.010200109997946762,
    "avg_deadline_violation": 0.0017982228729987062,
    "avg_only_violated_deadline": 0.007331216328379341,
    "weighted_avg_deadline_violation": 0.0018159982527950855,
    "weighted_avg_only_violated_deadline": 0.009132191532035863,
    "deadline_satisfaction": 0.7547169811320755,
    "weighted_deadline_satisfaction": 0.801143214482029,
    "overall_cost": 311.2516221004256,
    "max_cost": 96.7843749964391,
    "avg_cost": 10.375054070014183,
    "overall_migration_cost": 45.60903907097484,
    "max_migration_cost": 16.73570653861836,
    "avg_migration_cost": 4.560903907097485,
    "migration_rate": 0.3333333333333333,
    "weighted_migration_rate": 0.0016784115598197842,
    "overall_response_time": 4.862009187090867,
    "weighted_overall_response_time": 2270.9152974746385,
    "max_response_time": 0.22099958145018422,
    "avg_response_time": 0.04586801119897043,
    "weighted_avg_response_time": 0.03274953981192149,
    "avg_unavailability": 0.019942011196249842,
    "overall_power_consumption": 977.7054763468634
  },
  {
    "time": 52200.0,
    "opt": "ClusterLLGAOptimizer",
    "elapsed_time": 207.81730998586863,
    "valid": true,
    "overall_deadline_violation": 0.17941043091432593,
    "weighted_overall_deadline_violation": 76.76126764153098,
    "max_deadline_violation": 0.010200109998033564,
    "avg_deadline_violation": 0.001631003917402963,
    "avg_only_violated_deadline": 0.007475434621430248,
    "weighted_avg_deadline_violation": 0.0011905610829997955,
    "weighted_avg_only_violated_deadline": 0.009127089369876445,
    "deadline_satisfaction": 0.7818181818181819,
    "weighted_deadline_satisfaction": 0.8695574202517189,
    "overall_cost": 319.64374220896593,
    "max_cost": 94.38161626205319,
    "avg_cost": 10.654791406965533,
    "overall_migration_cost": 0.0,
    "max_migration_cost": 0.0,
    "avg_migration_cost": 0.0,
    "migration_rate": 0.0,
    "weighted_migration_rate": 0.0,
    "overall_response_time": 5.140180743088644,
    "weighted_overall_response_time": 2002.024791414872,
    "max_response_time": 0.22100025876994234,
    "avg_response_time": 0.046728915846260405,
    "weighted_avg_response_time": 0.03105124338214735,
    "avg_unavailability": 0.019942011196249842,
    "overall_power_consumption": 1047.4817922929624
  },
  {
    "time": 54000.0,
    "opt": "ClusterLLGAOptimizer",
    "elapsed_time": 249.6178074120544,
    "valid": true,
    "overall_deadline_violation": 0.18341086913093177,
    "weighted_overall_deadline_violation": 83.02786352399809,
    "max_deadline_violation": 0.010200109998009958,
    "avg_deadline_violation": 0.0016673715375539239,
    "avg_only_violated_deadline": 0.007054264197343525,
    "weighted_avg_deadline_violation": 0.0012122597134357354,
    "weighted_avg_only_violated_deadline": 0.009112176734658793,
    "deadline_satisfaction": 0.7636363636363637,
    "weighted_deadline_satisfaction": 0.8669626644943332,
    "overall_cost": 320.0277472050607,
    "max_cost": 99.36104090207861,
    "avg_cost": 11.429562400180739,
    "overall_migration_cost": 2759.983552634262,
    "max_migration_cost": 2740.8034079907693,
    "avg_migration_cost": 689.9958881585655,
    "migration_rate": 0.14285714285714285,
    "weighted_migration_rate": 0.0015222401272509296,
    "overall_response_time": 5.045856101597856,
    "weighted_overall_response_time": 2253.2624473706483,
    "max_response_time": 0.22099616962296756,
    "avg_response_time": 0.04587141910543508,
    "weighted_avg_response_time": 0.03289906752755996,
    "avg_unavailability": 0.013489744350060406,
    "overall_power_consumption": 995.1012320390887
  },
  {
    "time": 55800.0,
    "opt": "ClusterLLGAOptimizer",
    "elapsed_time": 201.09958811523393,
    "valid": true,
    "overall_deadline_violation": 0.16300868080994016,
    "weighted_overall_deadline_violation": 48.20759534949362,
    "max_deadline_violation": 0.010200109998045818,
    "avg_deadline_violation": 0.0015673911616340397,
    "avg_only_violated_deadline": 0.007087333948258269,
    "weighted_avg_deadline_violation": 0.0006691102160048672,
    "weighted_avg_only_violated_deadline": 0.009056270362631872,
    "deadline_satisfaction": 0.7788461538461539,
    "weighted_deadline_satisfaction": 0.9261163603545053,
    "overall_cost": 347.41225323354075,
    "max_cost": 121.33176846074551,
    "avg_cost": 12.407580472626455,
    "overall_migration_cost": 0.0,
    "max_migration_cost": 0.0,
    "avg_migration_cost": 0.0,
    "migration_rate": 0.0,
    "weighted_migration_rate": 0.0,
    "overall_response_time": 4.664749834924233,
    "weighted_overall_response_time": 2343.7434471722036,
    "max_response_time": 0.22099692552615646,
    "avg_response_time": 0.04485336379734836,
    "weighted_avg_response_time": 0.03253061416625624,
    "avg_unavailability": 0.013489744350060406,
    "overall_power_consumption": 1029.3283279121583
  },
  {
    "time": 57600.0,
    "opt": "ClusterLLGAOptimizer",
    "elapsed_time": 250.60742948623374,
    "valid": true,
    "overall_deadline_violation": 0.17220966742967148,
    "weighted_overall_deadline_violation": 56.5078931671654,
    "max_deadline_violation": 0.010200109998105826,
    "avg_deadline_violation": 0.0016719385187346746,
    "avg_only_violated_deadline": 0.007175402809569645,
    "weighted_avg_deadline_violation": 0.0008906053430840527,
    "weighted_avg_only_violated_deadline": 0.009041198002127371,
    "deadline_satisfaction": 0.7669902912621359,
    "weighted_deadline_satisfaction": 0.9014947639821077,
    "overall_cost": 302.08583703573504,
    "max_cost": 97.69781580148677,
    "avg_cost": 10.788779894133393,
    "overall_migration_cost": 36.180838337850645,
    "max_migration_cost": 10.021712359018544,
    "avg_migration_cost": 3.6180838337850645,
    "migration_rate": 0.35714285714285715,
    "weighted_migration_rate": 0.0017814815200297045,
    "overall_response_time": 4.8487347892006785,
    "weighted_overall_response_time": 2150.4390660345844,
    "max_response_time": 0.22099738333333344,
    "avg_response_time": 0.0470750950407833,
    "weighted_avg_response_time": 0.03389247793262138,
    "avg_unavailability": 0.0199192399791392,
    "overall_power_consumption": 977.0276240712992
  },
  {
    "time": 59400.0,
    "opt": "ClusterLLGAOptimizer",
    "elapsed_time": 225.84589762520045,
    "valid": true,
    "overall_deadline_violation": 0.1722096681280166,
    "weighted_overall_deadline_violation": 53.299234837376126,
    "max_deadline_violation": 0.01020010999813397,
    "avg_deadline_violation": 0.0016094361507291266,
    "avg_only_violated_deadline": 0.007175402838667356,
    "weighted_avg_deadline_violation": 0.0007385660234703025,
    "weighted_avg_only_violated_deadline": 0.009031740359783328,
    "deadline_satisfaction": 0.7757009345794392,
    "weighted_deadline_satisfaction": 0.9182255031644838,
    "overall_cost": 344.79301807752825,
    "max_cost": 112.7119251379234,
    "avg_cost": 12.770111780649193,
    "overall_migration_cost": 0.0,
    "max_migration_cost": 0.0,
    "avg_migration_cost": 0.0,
    "migration_rate": 0.0,
    "weighted_migration_rate": 0.0,
    "overall_response_time": 4.948951780038599,
    "weighted_overall_response_time": 2399.751803884206,
    "max_response_time": 0.22099745925035136,
    "avg_response_time": 0.04625188579475329,
    "weighted_avg_response_time": 0.03325329439565544,
    "avg_unavailability": 0.019919495182001323,
    "overall_power_consumption": 1025.432329689067
  },
  {
    "time": 61200.0,
    "opt": "ClusterLLGAOptimizer",
    "elapsed_time": 249.78720878902823,
    "valid": true,
    "overall_deadline_violation": 0.18141065731531508,
    "weighted_overall_deadline_violation": 50.22689476634838,
    "max_deadline_violation": 0.010200109998014115,
    "avg_deadline_violation": 0.0017114212954275003,
    "avg_only_violated_deadline": 0.007256426292612601,
    "weighted_avg_deadline_violation": 0.000713940422699518,
    "weighted_avg_only_violated_deadline": 0.009019160840537084,
    "deadline_satisfaction": 0.7641509433962265,
    "weighted_deadline_satisfaction": 0.9208418127448533,
    "overall_cost": 332.91260047079084,
    "max_cost": 115.62619576118448,
    "avg_cost": 12.804330787338111,
    "overall_migration_cost": 3754.2081252412445,
    "max_migration_cost": 3728.8014288756644,
    "avg_migration_cost": 625.701354206874,
    "migration_rate": 0.23076923076923078,
    "weighted_migration_rate": 0.0021202799237576057,
    "overall_response_time": 4.705224833291555,
    "weighted_overall_response_time": 2487.2482760142557,
    "max_response_time": 0.2209982329650469,
    "avg_response_time": 0.04438891352161846,
    "weighted_avg_response_time": 0.03535450666016489,
    "avg_unavailability": 0.01628027369698397,
    "overall_power_consumption": 1015.861794578767
  },
  {
    "time": 63000.0,
    "opt": "ClusterLLGAOptimizer",
    "elapsed_time": 208.12904528109357,
    "valid": true,
    "overall_deadline_violation": 0.1538076942869703,
    "weighted_overall_deadline_violation": 34.40204211547605,
    "max_deadline_violation": 0.010200109998218247,
    "avg_deadline_violation": 0.0014510159838393428,
    "avg_only_violated_deadline": 0.0069912588312259225,
    "weighted_avg_deadline_violation": 0.0005782540803221986,
    "weighted_avg_only_violated_deadline": 0.008947188993912156,
    "deadline_satisfaction": 0.7924528301886793,
    "weighted_deadline_satisfaction": 0.9353703067281067,
    "overall_cost": 315.5681416627625,
    "max_cost": 84.9695284648099,
    "avg_cost": 12.137236217798558,
    "overall_migration_cost": 0.0,
    "max_migration_cost": 0.0,
    "avg_migration_cost": 0.0,
    "migration_rate": 0.0,
    "weighted_migration_rate": 0.0,
    "overall_response_time": 5.121566070025922,
    "weighted_overall_response_time": 1985.5016388009813,
    "max_response_time": 0.22099870465140212,
    "avg_response_time": 0.04831666103798039,
    "weighted_avg_response_time": 0.03337372881148199,
    "avg_unavailability": 0.01628027369698397,
    "overall_power_consumption": 1083.9438253498515
  },
  {
    "time": 64800.0,
    "opt": "ClusterLLGAOptimizer",
    "elapsed_time": 252.18109172815457,
    "valid": true,
    "overall_deadline_violation": 0.1814106606144642,
    "weighted_overall_deadline_violation": 36.421664947378446,
    "max_deadline_violation": 0.010200109998218292,
    "avg_deadline_violation": 0.0016954267347146187,
    "avg_only_violated_deadline": 0.007256426424578568,
    "weighted_avg_deadline_violation": 0.0005144954070411986,
    "weighted_avg_only_violated_deadline": 0.008894707946005378,
    "deadline_satisfaction": 0.7663551401869159,
    "weighted_deadline_satisfaction": 0.9421571331892624,
    "overall_cost": 345.463149656379,
    "max_cost": 103.11956365766005,
    "avg_cost": 14.394297902349127,
    "overall_migration_cost": 0.9812034976802124,
    "max_migration_cost": 0.9812034976802124,
    "avg_migration_cost": 0.9812034976802124,
    "migration_rate": 0.041666666666666664,
    "weighted_migration_rate": 9.21042312052201e-05,
    "overall_response_time": 4.738666713189368,
    "weighted_overall_response_time": 2483.716412995246,
    "max_response_time": 0.22099542810495423,
    "avg_response_time": 0.04428660479616232,
    "weighted_avg_response_time": 0.03508518044754766,
    "avg_unavailability": 0.014350462588607487,
    "overall_power_consumption": 1040.2249995335608
  },
  {
    "time": 66600.0,
    "opt": "ClusterLLGAOptimizer",
    "elapsed_time": 223.58582289190963,
    "valid": true,
    "overall_deadline_violation": 0.1742098930431554,
    "weighted_overall_deadline_violation": 29.79313895191047,
    "max_deadline_violation": 0.01020010999834194,
    "avg_deadline_violation": 0.0017079401278740718,
    "avg_only_violated_deadline": 0.006968395721726212,
    "weighted_avg_deadline_violation": 0.0004799448873721509,
    "weighted_avg_only_violated_deadline": 0.008841664042153898,
    "deadline_satisfaction": 0.7549019607843137,
    "weighted_deadline_satisfaction": 0.9457178100090724,
    "overall_cost": 317.46623194711935,
    "max_cost": 99.23935262191905,
    "avg_cost": 13.802879649874756,
    "overall_migration_cost": 0.0,
    "max_migration_cost": 0.0,
    "avg_migration_cost": 0.0,
    "migration_rate": 0.0,
    "weighted_migration_rate": 0.0,
    "overall_response_time": 4.423927610698177,
    "weighted_overall_response_time": 2107.101756138355,
    "max_response_time": 0.22099604100601078,
    "avg_response_time": 0.04337183932057037,
    "weighted_avg_response_time": 0.03394381225368116,
    "avg_unavailability": 0.014391045123066996,
    "overall_power_consumption": 1044.434020619607
  },
  {
    "time": 68400.0,
    "opt": "ClusterLLGAOptimizer",
    "elapsed_time": 254.83350776694715,
    "valid": true,
    "overall_deadline_violation": 0.17220966732673332,
    "weighted_overall_deadline_violation": 56.13653785055888,
    "max_deadline_violation": 0.010200109998338865,
    "avg_deadline_violation": 0.0016246195030823892,
    "avg_only_violated_deadline": 0.007175402805280552,
    "weighted_avg_deadline_violation": 0.000772778322363112,
    "weighted_avg_only_violated_deadline": 0.008993747904572809,
    "deadline_satisfaction": 0.7735849056603774,
    "weighted_deadline_satisfaction": 0.9140760525464363,
    "overall_cost": 347.9140814318506,
    "max_cost": 115.53087516270524,
    "avg_cost": 13.916563257274026,
    "overall_migration_cost": 17.047182101526516,
    "max_migration_cost": 6.669416831862139,
    "avg_migration_cost": 5.682394033842172,
    "migration_rate": 0.12,
    "weighted_migration_rate": 0.0003687266753507039,
    "overall_response_time": 4.765781124236502,
    "weighted_overall_response_time": 2422.087674528622,
    "max_response_time": 0.22099641511103962,
    "avg_response_time": 0.04496019928525003,
    "weighted_avg_response_time": 0.03334257724837525,
    "avg_unavailability": 0.014370956071683927,
    "overall_power_consumption": 1027.5058306432588
  },
  {
    "time": 70200.0,
    "opt": "ClusterLLGAOptimizer",
    "elapsed_time": 218.96060663927346,
    "valid": true,
    "overall_deadline_violation": 0.18141065531682488,
    "weighted_overall_deadline_violation": 57.996589931452704,
    "max_deadline_violation": 0.010200109998121067,
    "avg_deadline_violation": 0.0016797282899706004,
    "avg_only_violated_deadline": 0.007256426212672994,
    "weighted_avg_deadline_violation": 0.0008380432088127158,
    "weighted_avg_only_violated_deadline": 0.009033103147038708,
    "deadline_satisfaction": 0.7685185185185185,
    "weighted_deadline_satisfaction": 0.907225324988407,
    "overall_cost": 333.8244427501021,
    "max_cost": 98.48091573223458,
    "avg_cost": 13.352977710004085,
    "overall_migration_cost": 0.0,
    "max_migration_cost": 0.0,
    "avg_migration_cost": 0.0,
    "migration_rate": 0.0,
    "weighted_migration_rate": 0.0,
    "overall_response_time": 4.6081577010215256,
    "weighted_overall_response_time": 2346.919657367246,
    "max_response_time": 0.220997623064791,
    "avg_response_time": 0.04266812686131041,
    "weighted_avg_response_time": 0.03391268491492879,
    "avg_unavailability": 0.014370956071683927,
    "overall_power_consumption": 1027.1137436245353
  },
  {
    "time": 72000.0,
    "opt": "ClusterLLGAOptimizer",
    "elapsed_time": 251.98110054293647,
    "valid": true,
    "overall_deadline_violation": 0.17420989199749004,
    "weighted_overall_deadline_violation": 35.685788826169976,
    "max_deadline_violation": 0.010200109998439295,
    "avg_deadline_violation": 0.0016434895471461335,
    "avg_only_violated_deadline": 0.006968395679899606,
    "weighted_avg_deadline_violation": 0.0004735328652572185,
    "weighted_avg_only_violated_deadline": 0.009012003126621631,
    "deadline_satisfaction": 0.7641509433962265,
    "weighted_deadline_satisfaction": 0.9474553150277549,
    "overall_cost": 357.88367544563454,
    "max_cost": 117.98270217479347,
    "avg_cost": 14.911819810234773,
    "overall_migration_cost": 14.38313584902128,
    "max_migration_cost": 3.5414977045344793,
    "avg_migration_cost": 2.3971893081702134,
    "migration_rate": 0.25,
    "weighted_migration_rate": 0.000873392710106102,
    "overall_response_time": 4.732783377969817,
    "weighted_overall_response_time": 2634.0252886060484,
    "max_response_time": 0.22099896393239146,
    "avg_response_time": 0.04464889979216806,
    "weighted_avg_response_time": 0.034952220004140534,
    "avg_unavailability": 0.01587251083848647,
    "overall_power_consumption": 1017.300822986105
  },
  {
    "time": 73800.0,
    "opt": "ClusterLLGAOptimizer",
    "elapsed_time": 208.0169972376898,
    "valid": true,
    "overall_deadline_violation": 0.1630086844432075,
    "weighted_overall_deadline_violation": 28.287050483175683,
    "max_deadline_violation": 0.010200109998301562,
    "avg_deadline_violation": 0.0015826085868272575,
    "avg_only_violated_deadline": 0.007087334106226414,
    "weighted_avg_deadline_violation": 0.00041802206028081267,
    "weighted_avg_only_violated_deadline": 0.008911906323026108,
    "deadline_satisfaction": 0.7766990291262136,
    "weighted_deadline_satisfaction": 0.9530939795450104,
    "overall_cost": 335.0518036005823,
    "max_cost": 121.4375577861834,
    "avg_cost": 13.960491816690928,
    "overall_migration_cost": 0.0,
    "max_migration_cost": 0.0,
    "avg_migration_cost": 0.0,
    "migration_rate": 0.0,
    "weighted_migration_rate": 0.0,
    "overall_response_time": 4.665761068412753,
    "weighted_overall_response_time": 2289.7979254385928,
    "max_response_time": 0.2209996281632768,
    "avg_response_time": 0.04529865114963836,
    "weighted_avg_response_time": 0.033838312233644786,
    "avg_unavailability": 0.01587251083848647,
    "overall_power_consumption": 1025.8108690946356
  },
  {
    "time": 75600.0,
    "opt": "ClusterLLGAOptimizer",
    "elapsed_time": 260.19767469121143,
    "valid": true,
    "overall_deadline_violation": 0.17143183689412977,
    "weighted_overall_deadline_violation": 62.743026537592556,
    "max_deadline_violation": 0.010200109998190966,
    "avg_deadline_violation": 0.001697344919743859,
    "avg_only_violated_deadline": 0.00685727347576519,
    "weighted_avg_deadline_violation": 0.0008056907001917377,
    "weighted_avg_only_violated_deadline": 0.008670366366614347,
    "deadline_satisfaction": 0.7524752475247525,
    "weighted_deadline_satisfaction": 0.9070753568967873,
    "overall_cost": 356.8876888851993,
    "max_cost": 126.60957906647722,
    "avg_cost": 19.827093826955515,
    "overall_migration_cost": 3.852936470213174,
    "max_migration_cost": 2.2434748008189,
    "avg_migration_cost": 1.926468235106587,
    "migration_rate": 0.1111111111111111,
    "weighted_migration_rate": 0.0007149769236154154,
    "overall_response_time": 4.42211152421662,
    "weighted_overall_response_time": 2577.8888898474443,
    "max_response_time": 0.22099615190572944,
    "avg_response_time": 0.043783282417986305,
    "weighted_avg_response_time": 0.03310297923599945,
    "avg_unavailability": 0.029888325800109992,
    "overall_power_consumption": 994.2022575089206
  },
  {
    "time": 77400.0,
    "opt": "ClusterLLGAOptimizer",
    "elapsed_time": 203.81661274004728,
    "valid": true,
    "overall_deadline_violation": 0.16300867730609603,
    "weighted_overall_deadline_violation": 66.2426660858372,
    "max_deadline_violation": 0.010200109998131576,
    "avg_deadline_violation": 0.00163008677306096,
    "avg_only_violated_deadline": 0.007087333795917219,
    "weighted_avg_deadline_violation": 0.0008530190532153883,
    "weighted_avg_only_violated_deadline": 0.009066879630870378,
    "deadline_satisfaction": 0.77,
    "weighted_deadline_satisfaction": 0.905919226024455,
    "overall_cost": 351.0630503931193,
    "max_cost": 112.81453092699462,
    "avg_cost": 19.50350279961774,
    "overall_migration_cost": 0.0,
    "max_migration_cost": 0.0,
    "avg_migration_cost": 0.0,
    "migration_rate": 0.0,
    "weighted_migration_rate": 0.0,
    "overall_response_time": 4.42970684480221,
    "weighted_overall_response_time": 2632.9128178056717,
    "max_response_time": 0.2209958511459958,
    "avg_response_time": 0.0442970684480221,
    "weighted_avg_response_time": 0.033904504932409964,
    "avg_unavailability": 0.029888325800109992,
    "overall_power_consumption": 983.3339644576325
  },
  {
    "time": 79200.0,
    "opt": "ClusterLLGAOptimizer",
    "elapsed_time": 258.81463542813435,
    "valid": true,
    "overall_deadline_violation": 0.1728628317594035,
    "weighted_overall_deadline_violation": 53.32523219490478,
    "max_deadline_violation": 0.010200109998237637,
    "avg_deadline_violation": 0.0016621426130711875,
    "avg_only_violated_deadline": 0.0069145132703761405,
    "weighted_avg_deadline_violation": 0.0007626608353010029,
    "weighted_avg_only_violated_deadline": 0.00826839879426003,
    "deadline_satisfaction": 0.7596153846153846,
    "weighted_deadline_satisfaction": 0.9077619676701553,
    "overall_cost": 337.4811005859223,
    "max_cost": 123.53281178839913,
    "avg_cost": 13.499244023436892,
    "overall_migration_cost": 6568.788304295824,
    "max_migration_cost": 3276.1074033202244,
    "avg_migration_cost": 729.8653671439804,
    "migration_rate": 0.36,
    "weighted_migration_rate": 0.00399255008213522,
    "overall_response_time": 4.4799388956651836,
    "weighted_overall_response_time": 2257.9036038298777,
    "max_response_time": 0.22099704203868248,
    "avg_response_time": 0.043076335535242156,
    "weighted_avg_response_time": 0.03229267979991238,
    "avg_unavailability": 0.016448348845946675,
    "overall_power_consumption": 1011.9399620265815
  },
  {
    "time": 81000.0,
    "opt": "ClusterLLGAOptimizer",
    "elapsed_time": 221.576452315785,
    "valid": true,
    "overall_deadline_violation": 0.16000933267673273,
    "weighted_overall_deadline_violation": 78.98699437024828,
    "max_deadline_violation": 0.01020010999812845,
    "avg_deadline_violation": 0.0016162558856235624,
    "avg_only_violated_deadline": 0.0072731514853060335,
    "weighted_avg_deadline_violation": 0.0009867064072875565,
    "weighted_avg_only_violated_deadline": 0.009110609154566717,
    "deadline_satisfaction": 0.7777777777777778,
    "weighted_deadline_satisfaction": 0.891696988582485,
    "overall_cost": 372.51786705696185,
    "max_cost": 117.01044878649951,
    "avg_cost": 14.900714682278473,
    "overall_migration_cost": 0.0,
    "max_migration_cost": 0.0,
    "avg_migration_cost": 0.0,
    "migration_rate": 0.0,
    "weighted_migration_rate": 0.0,
    "overall_response_time": 4.119707939655379,
    "weighted_overall_response_time": 2698.2481662330138,
    "max_response_time": 0.22099604676658444,
    "avg_response_time": 0.04161321151167049,
    "weighted_avg_response_time": 0.0337065459358312,
    "avg_unavailability": 0.016448348845946675,
    "overall_power_consumption": 1032.0539400844657
  },
  {
    "time": 82800.0,
    "opt": "ClusterLLGAOptimizer",
    "elapsed_time": 266.50480423495173,
    "valid": true,
    "overall_deadline_violation": 0.17650246921112206,
    "weighted_overall_deadline_violation": 77.6931603794445,
    "max_deadline_violation": 0.010200109998090814,
    "avg_deadline_violation": 0.0017650246921112206,
    "avg_only_violated_deadline": 0.007354269550463419,
    "weighted_avg_deadline_violation": 0.0009708121004929909,
    "weighted_avg_only_violated_deadline": 0.008804103155973207,
    "deadline_satisfaction": 0.76,
    "weighted_deadline_satisfaction": 0.8897318576016076,
    "overall_cost": 367.41867482900756,
    "max_cost": 120.91449071818822,
    "avg_cost": 14.696746993160307,
    "overall_migration_cost": 91.42521618632823,
    "max_migration_cost": 64.001,
    "avg_migration_cost": 15.237536031054702,
    "migration_rate": 0.24,
    "weighted_migration_rate": 0.002712714062796008,
    "overall_response_time": 4.179457448604415,
    "weighted_overall_response_time": 2739.1051788539567,
    "max_response_time": 0.22099567662886274,
    "avg_response_time": 0.04179457448604416,
    "weighted_avg_response_time": 0.03422639057501873,
    "avg_unavailability": 0.015458553656187132,
    "overall_power_consumption": 1017.9801406674693
  },
  {
    "time": 84600.0,
    "opt": "ClusterLLGAOptimizer",
    "elapsed_time": 209.2476918688044,
    "valid": true,
    "overall_deadline_violation": 0.17020944420218642,
    "weighted_overall_deadline_violation": 71.93408191998589,
    "max_deadline_violation": 0.010200109998090814,
    "avg_deadline_violation": 0.0017192873151736004,
    "avg_only_violated_deadline": 0.007400410617486367,
    "weighted_avg_deadline_violation": 0.0008988495212254308,
    "weighted_avg_only_violated_deadline": 0.00909464233067915,
    "deadline_satisfaction": 0.7676767676767676,
    "weighted_deadline_satisfaction": 0.9011671390095989,
    "overall_cost": 367.9880835856346,
    "max_cost": 120.91456660513376,
    "avg_cost": 14.719523343425388,
    "overall_migration_cost": 0.0,
    "max_migration_cost": 0.0,
    "avg_migration_cost": 0.0,
    "migration_rate": 0.0,
    "weighted_migration_rate": 0.0,
    "overall_response_time": 4.125919146375146,
    "weighted_overall_response_time": 2730.448812754523,
    "max_response_time": 0.22099683876302417,
    "avg_response_time": 0.041675950973486336,
    "weighted_avg_response_time": 0.034118216880906146,
    "avg_unavailability": 0.015458553656187132,
    "overall_power_consumption": 1020.0885048886873
  }
]