[
  {
    "time": 0.0,
    "opt": "ClusterLLGAOptimizer",
    "elapsed_time": 250.89196939580142,
    "valid": true,
    "overall_deadline_violation": 0.10680472069586033,
    "weighted_overall_deadline_violation": 6.174820945191157,
    "max_deadline_violation": 0.008500219949975928,
    "avg_deadline_violation": 0.0009536135776416099,
    "avg_only_violated_deadline": 0.005621301089255807,
    "weighted_avg_deadline_violation": 0.00015021943158434204,
    "weighted_avg_only_violated_deadline": 0.004359391559988164,
    "deadline_satisfaction": 0.8303571428571429,
    "weighted_deadline_satisfaction": 0.965541193187806,
    "overall_cost": 194.37254872864696,
    "max_cost": 74.63019655974308,
    "avg_cost": 6.7025016802981705,
    "overall_migration_cost": 0.0,
    "max_migration_cost": 0.0,
    "avg_migration_cost": 0.0,
    "migration_rate": 0.0,
    "weighted_migration_rate": 0.0,
    "overall_response_time": 6.667341826851355,
    "weighted_overall_response_time": 1361.9307685690803,
    "max_response_time": 0.2609951651559673,
    "avg_response_time": 0.05952983773974422,
    "weighted_avg_response_time": 0.03313269611016061,
    "avg_unavailability": 0.0012305461672052953,
    "overall_power_consumption": 1049.5301032132895
  },
  {
    "time": 1800.0,
    "opt": "ClusterLLGAOptimizer",
    "elapsed_time": 227.08985789725557,
    "valid": true,
    "overall_deadline_violation": 0.08630427626296738,
    "weighted_overall_deadline_violation": 8.325897309939867,
    "max_deadline_violation": 0.008500219888506907,
    "avg_deadline_violation": 0.0006345902666394659,
    "avg_only_violated_deadline": 0.005394017266435461,
    "weighted_avg_deadline_violation": 0.00022302465760999537,
    "weighted_avg_only_violated_deadline": 0.00466526250297476,
    "deadline_satisfaction": 0.8823529411764706,
    "weighted_deadline_satisfaction": 0.9521946176731136,
    "overall_cost": 168.78282620366113,
    "max_cost": 65.03082094735592,
    "avg_cost": 5.820097455298659,
    "overall_migration_cost": 0.0,
    "max_migration_cost": 0.0,
    "avg_migration_cost": 0.0,
    "migration_rate": 0.0,
    "weighted_migration_rate": 0.0,
    "overall_response_time": 9.97832236660127,
    "weighted_overall_response_time": 1282.101149493319,
    "max_response_time": 0.26099900816590266,
    "avg_response_time": 0.07337001740147991,
    "weighted_avg_response_time": 0.0343434658443072,
    "avg_unavailability": 0.0012305461672052953,
    "overall_power_consumption": 1007.8811476946591
  },
  {
    "time": 3600.0,
    "opt": "ClusterLLGAOptimizer",
    "elapsed_time": 287.7944305287674,
    "valid": true,
    "overall_deadline_violation": 0.14505712026150108,
    "weighted_overall_deadline_violation": 22.395620498431427,
    "max_deadline_violation": 0.008500219921381096,
    "avg_deadline_violation": 0.0009419293523474096,
    "avg_only_violated_deadline": 0.00426638589004415,
    "weighted_avg_deadline_violation": 0.0005593147814999072,
    "weighted_avg_only_violated_deadline": 0.0034810224024438654,
    "deadline_satisfaction": 0.7792207792207793,
    "weighted_deadline_satisfaction": 0.8393245670848778,
    "overall_cost": 165.70793843917403,
    "max_cost": 73.804915415529,
    "avg_cost": 6.628317537566959,
    "overall_migration_cost": 19.998985389900454,
    "max_migration_cost": 6.676761671739655,
    "avg_migration_cost": 2.856997912842922,
    "migration_rate": 0.28,
    "weighted_migration_rate": 0.00714936714904857,
    "overall_response_time": 11.027511315391896,
    "weighted_overall_response_time": 1380.7651571787392,
    "max_response_time": 0.26099881291249843,
    "avg_response_time": 0.07160721633371357,
    "weighted_avg_response_time": 0.03448363318373792,
    "avg_unavailability": 0.0019388518465368336,
    "overall_power_consumption": 966.6628733101581
  },
  {
    "time": 5400.0,
    "opt": "ClusterLLGAOptimizer",
    "elapsed_time": 235.13826501183212,
    "valid": true,
    "overall_deadline_violation": 0.11410536003379167,
    "weighted_overall_deadline_violation": 14.05426024162543,
    "max_deadline_violation": 0.008500219888400783,
    "avg_deadline_violation": 0.0007658077854616887,
    "avg_only_violated_deadline": 0.005705268001689583,
    "weighted_avg_deadline_violation": 0.00034321651541988947,
    "weighted_avg_only_violated_deadline": 0.004727259540874552,
    "deadline_satisfaction": 0.8657718120805369,
    "weighted_deadline_satisfaction": 0.927396303830529,
    "overall_cost": 164.16494719580885,
    "max_cost": 53.68115332978298,
    "avg_cost": 6.566597887832354,
    "overall_migration_cost": 0.0,
    "max_migration_cost": 0.0,
    "avg_migration_cost": 0.0,
    "migration_rate": 0.0,
    "weighted_migration_rate": 0.0,
    "overall_response_time": 8.845105587285877,
    "weighted_overall_response_time": 1343.4408768677129,
    "max_response_time": 0.26099804156019557,
    "avg_response_time": 0.05936312474688507,
    "weighted_avg_response_time": 0.03280792361205419,
    "avg_unavailability": 0.0019388518465368336,
    "overall_power_consumption": 977.521362068431
  },
  {
    "time": 7200.0,
    "opt": "ClusterLLGAOptimizer",
    "elapsed_time": 314.7592713390477,
    "valid": true,
    "overall_deadline_violation": 0.1311779257309169,
    "weighted_overall_deadline_violation": 24.80312060503194,
    "max_deadline_violation": 0.008500219937010393,
    "avg_deadline_violation": 0.0008984789433624448,
    "avg_only_violated_deadline": 0.0040993101790911535,
    "weighted_avg_deadline_violation": 0.0006416376235652316,
    "weighted_avg_only_violated_deadline": 0.0036487892132885335,
    "deadline_satisfaction": 0.7808219178082192,
    "weighted_deadline_satisfaction": 0.8241505370525513,
    "overall_cost": 137.91374616392415,
    "max_cost": 62.95128062493588,
    "avg_cost": 6.268806643814734,
    "overall_migration_cost": 55.59675288190138,
    "max_migration_cost": 23.9239126274943,
    "avg_migration_cost": 6.177416986877932,
    "migration_rate": 0.4090909090909091,
    "weighted_migration_rate": 0.01446350346504476,
    "overall_response_time": 8.337375024456431,
    "weighted_overall_response_time": 1304.7309732683339,
    "max_response_time": 0.2609978518762141,
    "avg_response_time": 0.05710530838668786,
    "weighted_avg_response_time": 0.033752385210351524,
    "avg_unavailability": 0.017874463949401422,
    "overall_power_consumption": 886.6279517471448
  },
  {
    "time": 9000.0,
    "opt": "ClusterLLGAOptimizer",
    "elapsed_time": 267.60069630201906,
    "valid": true,
    "overall_deadline_violation": 0.11760536699299805,
    "weighted_overall_deadline_violation": 12.239014634572731,
    "max_deadline_violation": 0.008500219942152592,
    "avg_deadline_violation": 0.0007840357799533203,
    "avg_only_violated_deadline": 0.005600255571095146,
    "weighted_avg_deadline_violation": 0.0003497329661489589,
    "weighted_avg_only_violated_deadline": 0.003986406268997858,
    "deadline_satisfaction": 0.86,
    "weighted_deadline_satisfaction": 0.9122686092311212,
    "overall_cost": 130.9990281056421,
    "max_cost": 50.63435759117954,
    "avg_cost": 5.954501277529186,
    "overall_migration_cost": 0.0,
    "max_migration_cost": 0.0,
    "avg_migration_cost": 0.0,
    "migration_rate": 0.0,
    "weighted_migration_rate": 0.0,
    "overall_response_time": 8.466786304788704,
    "weighted_overall_response_time": 1200.8995628509322,
    "max_response_time": 0.2609974042033271,
    "avg_response_time": 0.056445242031924664,
    "weighted_avg_response_time": 0.034316011435793735,
    "avg_unavailability": 0.017874463949401422,
    "overall_power_consumption": 919.653776176037
  },
  {
    "time": 10800.0,
    "opt": "ClusterLLGAOptimizer",
    "elapsed_time": 336.17509900406003,
    "valid": true,
    "overall_deadline_violation": 0.13364658657353481,
    "weighted_overall_deadline_violation": 15.015353102632766,
    "max_deadline_violation": 0.008500219924701648,
    "avg_deadline_violation": 0.0009411731448840478,
    "avg_only_violated_deadline": 0.004608502985294304,
    "weighted_avg_deadline_violation": 0.00040248423830757917,
    "weighted_avg_only_violated_deadline": 0.003552087369131487,
    "deadline_satisfaction": 0.795774647887324,
    "weighted_deadline_satisfaction": 0.8866907830575156,
    "overall_cost": 132.23674385795098,
    "max_cost": 57.86068696103023,
    "avg_cost": 6.2969878027595705,
    "overall_migration_cost": 38.63085539180974,
    "max_migration_cost": 21.305617472767484,
    "avg_migration_cost": 9.657713847952435,
    "migration_rate": 0.19047619047619047,
    "weighted_migration_rate": 0.005067448445360526,
    "overall_response_time": 9.13450820145554,
    "weighted_overall_response_time": 1373.1957933086983,
    "max_response_time": 0.2609963048075178,
    "avg_response_time": 0.06432752254546154,
    "weighted_avg_response_time": 0.036808302751143135,
    "avg_unavailability": 0.017925925451791343,
    "overall_power_consumption": 891.4329642915222
  },
  {
    "time": 12600.0,
    "opt": "ClusterLLGAOptimizer",
    "elapsed_time": 285.1063890629448,
    "valid": true,
    "overall_deadline_violation": 0.11700559231511444,
    "weighted_overall_deadline_violation": 8.277912192832384,
    "max_deadline_violation": 0.008500219951223607,
    "avg_deadline_violation": 0.0008125388355216279,
    "avg_only_violated_deadline": 0.005571694872148306,
    "weighted_avg_deadline_violation": 0.00023136368074272407,
    "weighted_avg_only_violated_deadline": 0.004381560099112856,
    "deadline_satisfaction": 0.8541666666666666,
    "weighted_deadline_satisfaction": 0.9471960499207653,
    "overall_cost": 131.56604060634035,
    "max_cost": 56.583313203603524,
    "avg_cost": 6.265049552682875,
    "overall_migration_cost": 0.0,
    "max_migration_cost": 0.0,
    "avg_migration_cost": 0.0,
    "migration_rate": 0.0,
    "weighted_migration_rate": 0.0,
    "overall_response_time": 8.312149187212924,
    "weighted_overall_response_time": 1339.4649991175525,
    "max_response_time": 0.2609975922999714,
    "avg_response_time": 0.057723258244534184,
    "weighted_avg_response_time": 0.03743740513341318,
    "avg_unavailability": 0.017925925451791343,
    "overall_power_consumption": 898.6456792513617
  },
  {
    "time": 14400.0,
    "opt": "ClusterLLGAOptimizer",
    "elapsed_time": 363.4683582279831,
    "valid": true,
    "overall_deadline_violation": 0.11223527528062231,
    "weighted_overall_deadline_violation": 10.527425818345732,
    "max_deadline_violation": 0.008500219943617566,
    "avg_deadline_violation": 0.0008502672369744115,
    "avg_only_violated_deadline": 0.004489411011224892,
    "weighted_avg_deadline_violation": 0.0003016217770793732,
    "weighted_avg_only_violated_deadline": 0.004242824388013005,
    "deadline_satisfaction": 0.8106060606060606,
    "weighted_deadline_satisfaction": 0.9289101434573799,
    "overall_cost": 128.1475322650914,
    "max_cost": 48.583966110949035,
    "avg_cost": 5.1259012906036565,
    "overall_migration_cost": 2859.7350779133153,
    "max_migration_cost": 2147.7803908355845,
    "avg_migration_cost": 317.7483419903683,
    "migration_rate": 0.36,
    "weighted_migration_rate": 0.015824128418810136,
    "overall_response_time": 8.682607292027678,
    "weighted_overall_response_time": 1273.4716466659409,
    "max_response_time": 0.26099830509331234,
    "avg_response_time": 0.06577732796990667,
    "weighted_avg_response_time": 0.036486296627064256,
    "avg_unavailability": 0.002325214020937434,
    "overall_power_consumption": 907.7163633487246
  },
  {
    "time": 16200.0,
    "opt": "ClusterLLGAOptimizer",
    "elapsed_time": 324.1276539089158,
    "valid": true,
    "overall_deadline_violation": 0.10350438629178149,
    "weighted_overall_deadline_violation": 9.804550022076507,
    "max_deadline_violation": 0.008500219931741014,
    "avg_deadline_violation": 0.0007500317847230541,
    "avg_only_violated_deadline": 0.006088493311281262,
    "weighted_avg_deadline_violation": 0.00027709828252879613,
    "weighted_avg_only_violated_deadline": 0.0041549498121872495,
    "deadline_satisfaction": 0.8768115942028986,
    "weighted_deadline_satisfaction": 0.9333088737399392,
    "overall_cost": 149.33214798214087,
    "max_cost": 44.478716894493246,
    "avg_cost": 5.743544153159263,
    "overall_migration_cost": 2.242,
    "max_migration_cost": 2.242,
    "avg_migration_cost": 2.242,
    "migration_rate": 0.038461538461538464,
    "weighted_migration_rate": 0.0015929631237656455,
    "overall_response_time": 10.30124838564093,
    "weighted_overall_response_time": 1235.2735170819858,
    "max_response_time": 0.26099836379548425,
    "avg_response_time": 0.07464672743218058,
    "weighted_avg_response_time": 0.03491156343391571,
    "avg_unavailability": 0.0023158390305752195,
    "overall_power_consumption": 978.9566045286728
  },
  {
    "time": 18000.0,
    "opt": "ClusterLLGAOptimizer",
    "elapsed_time": 345.7253089752048,
    "valid": true,
    "overall_deadline_violation": 0.11200537169923701,
    "weighted_overall_deadline_violation": 9.334319206505148,
    "max_deadline_violation": 0.008500219966107198,
    "avg_deadline_violation": 0.000805794041001705,
    "avg_only_violated_deadline": 0.005333589128535095,
    "weighted_avg_deadline_violation": 0.0002722842641377762,
    "weighted_avg_only_violated_deadline": 0.004284031173657756,
    "deadline_satisfaction": 0.8489208633093526,
    "weighted_deadline_satisfaction": 0.9364420441634425,
    "overall_cost": 126.42175472633899,
    "max_cost": 35.795307793730956,
    "avg_cost": 5.267573113597456,
    "overall_migration_cost": 303.18869238197954,
    "max_migration_cost": 148.732653997489,
    "avg_migration_cost": 75.79717309549488,
    "migration_rate": 0.16666666666666666,
    "weighted_migration_rate": 0.012490735449805737,
    "overall_response_time": 9.65611881818656,
    "weighted_overall_response_time": 1179.8227461220106,
    "max_response_time": 0.2609973052637839,
    "avg_response_time": 0.06946848070637805,
    "weighted_avg_response_time": 0.034415704148724933,
    "avg_unavailability": 0.017267403320231668,
    "overall_power_consumption": 926.062513436151
  },
  {
    "time": 19800.0,
    "opt": "ClusterLLGAOptimizer",
    "elapsed_time": 320.7076566279866,
    "valid": true,
    "overall_deadline_violation": 0.10620492754524442,
    "weighted_overall_deadline_violation": 12.401280657359322,
    "max_deadline_violation": 0.0085002199689269,
    "avg_deadline_violation": 0.0007809185848915032,
    "avg_only_violated_deadline": 0.005589733028697075,
    "weighted_avg_deadline_violation": 0.00034804490735768247,
    "weighted_avg_only_violated_deadline": 0.004569162923716215,
    "deadline_satisfaction": 0.8602941176470589,
    "weighted_deadline_satisfaction": 0.9238274245921165,
    "overall_cost": 148.39358427613584,
    "max_cost": 50.695400283951244,
    "avg_cost": 5.935743371045432,
    "overall_migration_cost": 29.789467138072755,
    "max_migration_cost": 29.789467138072755,
    "avg_migration_cost": 29.789467138072755,
    "migration_rate": 0.04,
    "weighted_migration_rate": 0.0034545865512137864,
    "overall_response_time": 8.77841704855692,
    "weighted_overall_response_time": 1212.9343669980256,
    "max_response_time": 0.26099815126326786,
    "avg_response_time": 0.06454718418056557,
    "weighted_avg_response_time": 0.03404129307744167,
    "avg_unavailability": 0.011675055680231668,
    "overall_power_consumption": 978.7312293470118
  },
  {
    "time": 21600.0,
    "opt": "ClusterLLGAOptimizer",
    "elapsed_time": 386.1182135492563,
    "valid": true,
    "overall_deadline_violation": 0.06660328816019494,
    "weighted_overall_deadline_violation": 9.91509782637391,
    "max_deadline_violation": 0.008500219979281767,
    "avg_deadline_violation": 0.00047236374581698527,
    "avg_only_violated_deadline": 0.005550274013349578,
    "weighted_avg_deadline_violation": 0.00032645633842987026,
    "weighted_avg_only_violated_deadline": 0.0037545097203958103,
    "deadline_satisfaction": 0.9148936170212766,
    "weighted_deadline_satisfaction": 0.9130495423526418,
    "overall_cost": 114.80452843875013,
    "max_cost": 37.655429245808186,
    "avg_cost": 4.783522018281254,
    "overall_migration_cost": 22.356403246009677,
    "max_migration_cost": 9.559765544582225,
    "avg_migration_cost": 4.471280649201935,
    "migration_rate": 0.20833333333333334,
    "weighted_migration_rate": 0.006785809955464194,
    "overall_response_time": 9.593553601164382,
    "weighted_overall_response_time": 1060.1724410019283,
    "max_response_time": 0.26099741791131437,
    "avg_response_time": 0.06803938724230064,
    "weighted_avg_response_time": 0.03490636393653424,
    "avg_unavailability": 0.010398116254965133,
    "overall_power_consumption": 923.2833987797335
  },
  {
    "time": 23400.0,
    "opt": "ClusterLLGAOptimizer",
    "elapsed_time": 336.09716044878587,
    "valid": true,
    "overall_deadline_violation": 0.09520461044771573,
    "weighted_overall_deadline_violation": 5.233566563472013,
    "max_deadline_violation": 0.00850021997392975,
    "avg_deadline_violation": 0.0006263461213665509,
    "avg_only_violated_deadline": 0.005289145024873096,
    "weighted_avg_deadline_violation": 0.00014404319133046712,
    "weighted_avg_only_violated_deadline": 0.003389444951862808,
    "deadline_satisfaction": 0.881578947368421,
    "weighted_deadline_satisfaction": 0.9575024249173001,
    "overall_cost": 138.65783109653796,
    "max_cost": 42.39710677379444,
    "avg_cost": 5.777409629022415,
    "overall_migration_cost": 0.0,
    "max_migration_cost": 0.0,
    "avg_migration_cost": 0.0,
    "migration_rate": 0.0,
    "weighted_migration_rate": 0.0,
    "overall_response_time": 9.41497549895175,
    "weighted_overall_response_time": 1232.631257714025,
    "max_response_time": 0.26099879664765424,
    "avg_response_time": 0.06194062828257724,
    "weighted_avg_response_time": 0.0339256485881065,
    "avg_unavailability": 0.010398116254965133,
    "overall_power_consumption": 925.692864344928
  },
  {
    "time": 25200.0,
    "opt": "ClusterLLGAOptimizer",
    "elapsed_time": 423.3390497080982,
    "valid": true,
    "overall_deadline_violation": 0.11180493679671893,
    "weighted_overall_deadline_violation": 7.8056351921553615,
    "max_deadline_violation": 0.008500219961070237,
    "avg_deadline_violation": 0.0007213221728820573,
    "avg_only_violated_deadline": 0.0058844703577220474,
    "weighted_avg_deadline_violation": 0.0002185610995911835,
    "weighted_avg_only_violated_deadline": 0.004272425653198533,
    "deadline_satisfaction": 0.8774193548387097,
    "weighted_deadline_satisfaction": 0.9488437910142314,
    "overall_cost": 130.89409811100265,
    "max_cost": 41.98096953991688,
    "avg_cost": 5.45392075462511,
    "overall_migration_cost": 24.40014782328436,
    "max_migration_cost": 20.797750563090794,
    "avg_migration_cost": 8.133382607761453,
    "migration_rate": 0.125,
    "weighted_migration_rate": 0.015590007800739094,
    "overall_response_time": 9.347304865777962,
    "weighted_overall_response_time": 1268.7032420300243,
    "max_response_time": 0.26099873241527727,
    "avg_response_time": 0.06030519268243855,
    "weighted_avg_response_time": 0.03552422945818122,
    "avg_unavailability": 0.010018294697068277,
    "overall_power_consumption": 920.695217355628
  },
  {
    "time": 27000.0,
    "opt": "ClusterLLGAOptimizer",
    "elapsed_time": 312.4800793300383,
    "valid": true,
    "overall_deadline_violation": 0.1330057310181813,
    "weighted_overall_deadline_violation": 9.600478040614705,
    "max_deadline_violation": 0.00850021989988535,
    "avg_deadline_violation": 0.0008210230309764278,
    "avg_only_violated_deadline": 0.005782857870355709,
    "weighted_avg_deadline_violation": 0.00023356274913343715,
    "weighted_avg_only_violated_deadline": 0.003915811319124486,
    "deadline_satisfaction": 0.8580246913580247,
    "weighted_deadline_satisfaction": 0.9403539317656253,
    "overall_cost": 150.562432906551,
    "max_cost": 62.261424419231744,
    "avg_cost": 6.273434704439624,
    "overall_migration_cost": 0.0,
    "max_migration_cost": 0.0,
    "avg_migration_cost": 0.0,
    "migration_rate": 0.0,
    "weighted_migration_rate": 0.0,
    "overall_response_time": 9.497347122672192,
    "weighted_overall_response_time": 1423.4544428879394,
    "max_response_time": 0.2609991356823174,
    "avg_response_time": 0.05862559952266786,
    "weighted_avg_response_time": 0.03463014357624895,
    "avg_unavailability": 0.010018294697068277,
    "overall_power_consumption": 912.559989062504
  },
  {
    "time": 28800.0,
    "opt": "ClusterLLGAOptimizer",
    "elapsed_time": 381.75434755301103,
    "valid": true,
    "overall_deadline_violation": 0.10290537545683412,
    "weighted_overall_deadline_violation": 6.860448221251862,
    "max_deadline_violation": 0.008500219956394224,
    "avg_deadline_violation": 0.0006725841533126415,
    "avg_only_violated_deadline": 0.005145268772841706,
    "weighted_avg_deadline_violation": 0.00019659366262063534,
    "weighted_avg_only_violated_deadline": 0.0038947104585065123,
    "deadline_satisfaction": 0.869281045751634,
    "weighted_deadline_satisfaction": 0.9495229068463222,
    "overall_cost": 120.35367423879478,
    "max_cost": 41.272352415199656,
    "avg_cost": 4.298345508528385,
    "overall_migration_cost": 236.47442419238777,
    "max_migration_cost": 110.04049472426843,
    "avg_migration_cost": 26.274936021376416,
    "migration_rate": 0.32142857142857145,
    "weighted_migration_rate": 0.014919217693578098,
    "overall_response_time": 9.31765217212868,
    "weighted_overall_response_time": 1250.8277730040973,
    "max_response_time": 0.2609972804452908,
    "avg_response_time": 0.060899687399533844,
    "weighted_avg_response_time": 0.03584384070427639,
    "avg_unavailability": 0.009492335112624877,
    "overall_power_consumption": 886.6185909211915
  },
  {
    "time": 30600.0,
    "opt": "ClusterLLGAOptimizer",
    "elapsed_time": 337.9284268380143,
    "valid": true,
    "overall_deadline_violation": 0.11410537177853071,
    "weighted_overall_deadline_violation": 8.994855158433428,
    "max_deadline_violation": 0.008500219904415119,
    "avg_deadline_violation": 0.0007506932353850706,
    "avg_only_violated_deadline": 0.005705268588926535,
    "weighted_avg_deadline_violation": 0.00023649711648553463,
    "weighted_avg_only_violated_deadline": 0.004482576562029478,
    "deadline_satisfaction": 0.868421052631579,
    "weighted_deadline_satisfaction": 0.9472408082242634,
    "overall_cost": 151.37912140758615,
    "max_cost": 58.65600167662377,
    "avg_cost": 5.406397193128078,
    "overall_migration_cost": 0.0,
    "max_migration_cost": 0.0,
    "avg_migration_cost": 0.0,
    "migration_rate": 0.0,
    "weighted_migration_rate": 0.0,
    "overall_response_time": 8.99758497394247,
    "weighted_overall_response_time": 1267.2480357167315,
    "max_response_time": 0.2609992703702944,
    "avg_response_time": 0.059194637986463614,
    "weighted_avg_response_time": 0.033319103091723534,
    "avg_unavailability": 0.009492335112624877,
    "overall_power_consumption": 944.7883843302101
  },
  {
    "time": 32400.0,
    "opt": "ClusterLLGAOptimizer",
    "elapsed_time": 406.05765077192336,
    "valid": true,
    "overall_deadline_violation": 0.12590592483903976,
    "weighted_overall_deadline_violation": 7.304129081694987,
    "max_deadline_violation": 0.008500219897703571,
    "avg_deadline_violation": 0.0008122962892841277,
    "avg_only_violated_deadline": 0.005474170645175642,
    "weighted_avg_deadline_violation": 0.00021875920688150974,
    "weighted_avg_only_violated_deadline": 0.0040626224912337725,
    "deadline_satisfaction": 0.8516129032258064,
    "weighted_deadline_satisfaction": 0.946153203416378,
    "overall_cost": 118.36129521635098,
    "max_cost": 47.188718028314156,
    "avg_cost": 4.383751674679665,
    "overall_migration_cost": 26.2044534774519,
    "max_migration_cost": 20.298896782829786,
    "avg_migration_cost": 5.24089069549038,
    "migration_rate": 0.18518518518518517,
    "weighted_migration_rate": 0.007258852209894886,
    "overall_response_time": 9.207125847243828,
    "weighted_overall_response_time": 1153.9242670419485,
    "max_response_time": 0.2609981576322108,
    "avg_response_time": 0.059400811917702155,
    "weighted_avg_response_time": 0.034560117248207914,
    "avg_unavailability": 0.009850266060030841,
    "overall_power_consumption": 895.2912368267147
  },
  {
    "time": 34200.0,
    "opt": "ClusterLLGAOptimizer",
    "elapsed_time": 333.44284040108323,
    "valid": true,
    "overall_deadline_violation": 0.11990581383196669,
    "weighted_overall_deadline_violation": 7.6701978989377615,
    "max_deadline_violation": 0.008500219905962846,
    "avg_deadline_violation": 0.000768627011743376,
    "avg_only_violated_deadline": 0.005450264265089395,
    "weighted_avg_deadline_violation": 0.00023251760552593707,
    "weighted_avg_only_violated_deadline": 0.0041526361420578355,
    "deadline_satisfaction": 0.8589743589743589,
    "weighted_deadline_satisfaction": 0.9440072287646383,
    "overall_cost": 125.95009001836353,
    "max_cost": 39.68910932345736,
    "avg_cost": 4.664818148828278,
    "overall_migration_cost": 29.10760635149395,
    "max_migration_cost": 29.10760635149395,
    "avg_migration_cost": 29.10760635149395,
    "migration_rate": 0.037037037037037035,
    "weighted_migration_rate": 0.004249666949240258,
    "overall_response_time": 9.276288686304444,
    "weighted_overall_response_time": 1215.2557166296601,
    "max_response_time": 0.2609987201260645,
    "avg_response_time": 0.05946338901477204,
    "weighted_avg_response_time": 0.036839772983115304,
    "avg_unavailability": 0.009540369406300441,
    "overall_power_consumption": 926.9563033589187
  },
  {
    "time": 36000.0,
    "opt": "ClusterLLGAOptimizer",
    "elapsed_time": 396.0473728077486,
    "valid": true,
    "overall_deadline_violation": 0.12300570094778648,
    "weighted_overall_deadline_violation": 9.372191844231764,
    "max_deadline_violation": 0.00850021995576887,
    "avg_deadline_violation": 0.0007785170946062437,
    "avg_only_violated_deadline": 0.005591168224899385,
    "weighted_avg_deadline_violation": 0.00023422488235805885,
    "weighted_avg_only_violated_deadline": 0.004088019817593861,
    "deadline_satisfaction": 0.8607594936708861,
    "weighted_deadline_satisfaction": 0.9427045628913023,
    "overall_cost": 150.02346056606987,
    "max_cost": 55.49319631895624,
    "avg_cost": 6.250977523586244,
    "overall_migration_cost": 5.485888389942218,
    "max_migration_cost": 2.9334617914227588,
    "avg_migration_cost": 2.742944194971109,
    "migration_rate": 0.08333333333333333,
    "weighted_migration_rate": 0.0017339862403434746,
    "overall_response_time": 10.430831323391322,
    "weighted_overall_response_time": 1382.8626191733752,
    "max_response_time": 0.2609985940453061,
    "avg_response_time": 0.06601791976829946,
    "weighted_avg_response_time": 0.03455977424241371,
    "avg_unavailability": 0.010203005113763477,
    "overall_power_consumption": 929.578917746781
  },
  {
    "time": 37800.0,
    "opt": "ClusterLLGAOptimizer",
    "elapsed_time": 350.86964731430635,
    "valid": true,
    "overall_deadline_violation": 0.12280526616401588,
    "weighted_overall_deadline_violation": 7.5867752781586395,
    "max_deadline_violation": 0.008500219903263807,
    "avg_deadline_violation": 0.000818701774426773,
    "avg_only_violated_deadline": 0.006140263308200796,
    "weighted_avg_deadline_violation": 0.00021111860253430882,
    "weighted_avg_only_violated_deadline": 0.004636762189656658,
    "deadline_satisfaction": 0.8666666666666667,
    "weighted_deadline_satisfaction": 0.954468529137583,
    "overall_cost": 132.50399118118145,
    "max_cost": 51.15477611992924,
    "avg_cost": 5.520999632549226,
    "overall_migration_cost": 0.0,
    "max_migration_cost": 0.0,
    "avg_migration_cost": 0.0,
    "migration_rate": 0.0,
    "weighted_migration_rate": 0.0,
    "overall_response_time": 9.282718319444422,
    "weighted_overall_response_time": 1233.6733003855763,
    "max_response_time": 0.26099786771637845,
    "avg_response_time": 0.06188478879629611,
    "weighted_avg_response_time": 0.03432965569852817,
    "avg_unavailability": 0.010203005113763477,
    "overall_power_consumption": 912.5795069712352
  },
  {
    "time": 39600.0,
    "opt": "ClusterLLGAOptimizer",
    "elapsed_time": 365.99693633103743,
    "valid": true,
    "overall_deadline_violation": 0.11749433541645604,
    "weighted_overall_deadline_violation": 23.206167400916176,
    "max_deadline_violation": 0.008500219923903481,
    "avg_deadline_violation": 0.0008576228862515035,
    "avg_only_violated_deadline": 0.0045190129006329235,
    "weighted_avg_deadline_violation": 0.0006140148447145666,
    "weighted_avg_only_violated_deadline": 0.0035321532004769112,
    "deadline_satisfaction": 0.8102189781021898,
    "weighted_deadline_satisfaction": 0.8261641526104634,
    "overall_cost": 129.75450305340266,
    "max_cost": 45.61224178277619,
    "avg_cost": 4.805722335311209,
    "overall_migration_cost": 57.9777180416482,
    "max_migration_cost": 14.578055922224609,
    "avg_migration_cost": 4.831476503470683,
    "migration_rate": 0.4444444444444444,
    "weighted_migration_rate": 0.0116292333924296,
    "overall_response_time": 9.628121880861826,
    "weighted_overall_response_time": 1295.8249608531546,
    "max_response_time": 0.26099574203518294,
    "avg_response_time": 0.07027826190410093,
    "weighted_avg_response_time": 0.03428639242187386,
    "avg_unavailability": 0.017621848916999756,
    "overall_power_consumption": 892.2533501157727
  },
  {
    "time": 41400.0,
    "opt": "ClusterLLGAOptimizer",
    "elapsed_time": 366.9169734818861,
    "valid": true,
    "overall_deadline_violation": 0.12030514670921866,
    "weighted_overall_deadline_violation": 13.258482794951426,
    "max_deadline_violation": 0.008500219878999245,
    "avg_deadline_violation": 0.0008532279908455226,
    "avg_only_violated_deadline": 0.006015257335460933,
    "weighted_avg_deadline_violation": 0.00033314800055941093,
    "weighted_avg_only_violated_deadline": 0.004888461648060497,
    "deadline_satisfaction": 0.8581560283687943,
    "weighted_deadline_satisfaction": 0.9318501351664307,
    "overall_cost": 146.65913213494764,
    "max_cost": 54.3916009991472,
    "avg_cost": 5.431819708701762,
    "overall_migration_cost": 0.0,
    "max_migration_cost": 0.0,
    "avg_migration_cost": 0.0,
    "migration_rate": 0.0,
    "weighted_migration_rate": 0.0,
    "overall_response_time": 8.936730435471192,
    "weighted_overall_response_time": 1296.9365716389539,
    "max_response_time": 0.2609990328346337,
    "avg_response_time": 0.06338106691823542,
    "weighted_avg_response_time": 0.032588330985987284,
    "avg_unavailability": 0.017621848916999756,
    "overall_power_consumption": 921.7618709106005
  },
  {
    "time": 43200.0,
    "opt": "ClusterLLGAOptimizer",
    "elapsed_time": 371.91261262027547,
    "valid": true,
    "overall_deadline_violation": 0.09830448833632781,
    "weighted_overall_deadline_violation": 15.480423751150461,
    "max_deadline_violation": 0.008500219940922597,
    "avg_deadline_violation": 0.0007175510097542178,
    "avg_only_violated_deadline": 0.005461360463129323,
    "weighted_avg_deadline_violation": 0.00042440787125910833,
    "weighted_avg_only_violated_deadline": 0.004924901842736172,
    "deadline_satisfaction": 0.8686131386861314,
    "weighted_deadline_satisfaction": 0.9138240954212982,
    "overall_cost": 132.40336832173108,
    "max_cost": 52.61594848395285,
    "avg_cost": 4.90382845636041,
    "overall_migration_cost": 49.92481501677719,
    "max_migration_cost": 23.437537953505238,
    "avg_migration_cost": 9.984963003355437,
    "migration_rate": 0.18518518518518517,
    "weighted_migration_rate": 0.007655161722300667,
    "overall_response_time": 10.045175743665904,
    "weighted_overall_response_time": 1265.3218642918994,
    "max_response_time": 0.2609987565010089,
    "avg_response_time": 0.07332245068369272,
    "weighted_avg_response_time": 0.03468978417608382,
    "avg_unavailability": 0.017621848916999756,
    "overall_power_consumption": 905.7016193744441
  },
  {
    "time": 45000.0,
    "opt": "ClusterLLGAOptimizer",
    "elapsed_time": 357.0837593851611,
    "valid": true,
    "overall_deadline_violation": 0.10890470364143023,
    "weighted_overall_deadline_violation": 15.71861847934477,
    "max_deadline_violation": 0.008500219886296696,
    "avg_deadline_violation": 0.0007669345326861286,
    "avg_only_violated_deadline": 0.006050261313412791,
    "weighted_avg_deadline_violation": 0.0004064714771231386,
    "weighted_avg_only_violated_deadline": 0.004674865983372046,
    "deadline_satisfaction": 0.8732394366197183,
    "weighted_deadline_satisfaction": 0.9130517369762232,
    "overall_cost": 144.44624248640747,
    "max_cost": 42.89307844136279,
    "avg_cost": 4.980904913324396,
    "overall_migration_cost": 2670.7272318308696,
    "max_migration_cost": 1997.1835817279493,
    "avg_migration_cost": 1335.3636159154348,
    "migration_rate": 0.06896551724137931,
    "weighted_migration_rate": 0.006026700982941913,
    "overall_response_time": 9.090462366802791,
    "weighted_overall_response_time": 1330.0881580362338,
    "max_response_time": 0.26099811067544226,
    "avg_response_time": 0.06401734061128722,
    "weighted_avg_response_time": 0.03439506461788742,
    "avg_unavailability": 0.00221077136699977,
    "overall_power_consumption": 934.9588652058176
  },
  {
    "time": 46800.0,
    "opt": "ClusterLLGAOptimizer",
    "elapsed_time": 393.8452023197897,
    "valid": true,
    "overall_deadline_violation": 0.09520460210162138,
    "weighted_overall_deadline_violation": 10.713116750493295,
    "max_deadline_violation": 0.008500219941010547,
    "avg_deadline_violation": 0.0006704549443776152,
    "avg_only_violated_deadline": 0.005289144561201188,
    "weighted_avg_deadline_violation": 0.0002655874625471785,
    "weighted_avg_only_violated_deadline": 0.004387842376867691,
    "deadline_satisfaction": 0.8732394366197183,
    "weighted_deadline_satisfaction": 0.9394719682850661,
    "overall_cost": 168.32723348624089,
    "max_cost": 46.09920779465563,
    "avg_cost": 6.234341980971884,
    "overall_migration_cost": 27.001824745735163,
    "max_migration_cost": 19.201999999999998,
    "avg_migration_cost": 9.000608248578388,
    "migration_rate": 0.1111111111111111,
    "weighted_migration_rate": 0.005456968578317662,
    "overall_response_time": 9.520095241355257,
    "weighted_overall_response_time": 1396.6697365280413,
    "max_response_time": 0.2609981983238672,
    "avg_response_time": 0.0670429242348961,
    "weighted_avg_response_time": 0.03462465498883308,
    "avg_unavailability": 0.007212263541560568,
    "overall_power_consumption": 998.2716921929175
  },
  {
    "time": 48600.0,
    "opt": "ClusterLLGAOptimizer",
    "elapsed_time": 355.98760787118226,
    "valid": true,
    "overall_deadline_violation": 0.13710591091819022,
    "weighted_overall_deadline_violation": 14.570790993719516,
    "max_deadline_violation": 0.008500219876229998,
    "avg_deadline_violation": 0.0009263912899877717,
    "avg_only_violated_deadline": 0.0059611265616604445,
    "weighted_avg_deadline_violation": 0.00033355286241168225,
    "weighted_avg_only_violated_deadline": 0.004678808056054841,
    "deadline_satisfaction": 0.8445945945945946,
    "weighted_deadline_satisfaction": 0.9287098640475254,
    "overall_cost": 190.31228651082924,
    "max_cost": 51.84967905729453,
    "avg_cost": 6.562492638304457,
    "overall_migration_cost": 34.60807275902775,
    "max_migration_cost": 32.473445082774326,
    "avg_migration_cost": 17.304036379513875,
    "migration_rate": 0.06896551724137931,
    "weighted_migration_rate": 0.0034079255894785914,
    "overall_response_time": 10.46528970151242,
    "weighted_overall_response_time": 1550.000470012574,
    "max_response_time": 0.2609983331017521,
    "avg_response_time": 0.07071141690211093,
    "weighted_avg_response_time": 0.03548243151212543,
    "avg_unavailability": 0.001618657050398766,
    "overall_power_consumption": 1044.952743633477
  },
  {
    "time": 50400.0,
    "opt": "ClusterLLGAOptimizer",
    "elapsed_time": 449.7509787501767,
    "valid": true,
    "overall_deadline_violation": 0.11450546344922416,
    "weighted_overall_deadline_violation": 17.696686367956556,
    "max_deadline_violation": 0.00850021997137538,
    "avg_deadline_violation": 0.0007896928513739602,
    "avg_only_violated_deadline": 0.0054526411166297235,
    "weighted_avg_deadline_violation": 0.00039762985890356116,
    "weighted_avg_only_violated_deadline": 0.004261359794435545,
    "deadline_satisfaction": 0.8551724137931035,
    "weighted_deadline_satisfaction": 0.9066894423177353,
    "overall_cost": 177.125274905304,
    "max_cost": 59.14175568562498,
    "avg_cost": 6.107768100182897,
    "overall_migration_cost": 192.6371732640832,
    "max_migration_cost": 158.61378035356896,
    "avg_migration_cost": 24.0796466580104,
    "migration_rate": 0.27586206896551724,
    "weighted_migration_rate": 0.008247456919078973,
    "overall_response_time": 9.686274684259102,
    "weighted_overall_response_time": 1517.5204067965005,
    "max_response_time": 0.260999583614943,
    "avg_response_time": 0.06680189437420068,
    "weighted_avg_response_time": 0.03409742438168348,
    "avg_unavailability": 0.009580586281934759,
    "overall_power_consumption": 979.5615292459086
  },
  {
    "time": 52200.0,
    "opt": "ClusterLLGAOptimizer",
    "elapsed_time": 389.5120655791834,
    "valid": true,
    "overall_deadline_violation": 0.11450471164338935,
    "weighted_overall_deadline_violation": 10.235097775242007,
    "max_deadline_violation": 0.00850021990719941,
    "avg_deadline_violation": 0.0008297442872709374,
    "avg_only_violated_deadline": 0.006361372869077186,
    "weighted_avg_deadline_violation": 0.000239626640559312,
    "weighted_avg_only_violated_deadline": 0.00536968398920779,
    "deadline_satisfaction": 0.8695652173913043,
    "weighted_deadline_satisfaction": 0.9553741633509677,
    "overall_cost": 181.60653653747488,
    "max_cost": 53.094485962241905,
    "avg_cost": 6.262294363361202,
    "overall_migration_cost": 0.0,
    "max_migration_cost": 0.0,
    "avg_migration_cost": 0.0,
    "migration_rate": 0.0,
    "weighted_migration_rate": 0.0,
    "overall_response_time": 9.750318324453389,
    "weighted_overall_response_time": 1457.5638105262549,
    "max_response_time": 0.2610001544384086,
    "avg_response_time": 0.0706544806119811,
    "weighted_avg_response_time": 0.03412484443110046,
    "avg_unavailability": 0.009580586281934759,
    "overall_power_consumption": 1013.9239198408281
  },
  {
    "time": 54000.0,
    "opt": "ClusterLLGAOptimizer",
    "elapsed_time": 439.80231004720554,
    "valid": true,
    "overall_deadline_violation": 0.13799989904544105,
    "weighted_overall_deadline_violation": 8.081119703224243,
    "max_deadline_violation": 0.008500219966606513,
    "avg_deadline_violation": 0.000907894072667375,
    "avg_only_violated_deadline": 0.004451609646627131,
    "weighted_avg_deadline_violation": 0.00021038158137771706,
    "weighted_avg_only_violated_deadline": 0.004656807952525958,
    "deadline_satisfaction": 0.7960526315789473,
    "weighted_deadline_satisfaction": 0.9548227920235359,
    "overall_cost": 161.983774926,
    "max_cost": 49.87206668309825,
    "avg_cost": 5.585647411241379,
    "overall_migration_cost": 5.052620511792681,
    "max_migration_cost": 1.9346129538457537,
    "avg_migration_cost": 1.2631551279481705,
    "migration_rate": 0.13793103448275862,
    "weighted_migration_rate": 0.003920884979336145,
    "overall_response_time": 10.108803204177647,
    "weighted_overall_response_time": 1382.810725813573,
    "max_response_time": 0.2609998188301176,
    "avg_response_time": 0.06650528423801082,
    "weighted_avg_response_time": 0.03599970275488637,
    "avg_unavailability": 0.009580574837833289,
    "overall_power_consumption": 987.3479004857417
  },
  {
    "time": 55800.0,
    "opt": "ClusterLLGAOptimizer",
    "elapsed_time": 404.02439515385777,
    "valid": true,
    "overall_deadline_violation": 0.10660504393031471,
    "weighted_overall_deadline_violation": 8.761657503722624,
    "max_deadline_violation": 0.008500219949930204,
    "avg_deadline_violation": 0.0007154700934920449,
    "avg_only_violated_deadline": 0.005330252196515737,
    "weighted_avg_deadline_violation": 0.000219783986528309,
    "weighted_avg_only_violated_deadline": 0.004036612538023179,
    "deadline_satisfaction": 0.8657718120805369,
    "weighted_deadline_satisfaction": 0.9455523698502056,
    "overall_cost": 166.0168471021796,
    "max_cost": 56.58188149522172,
    "avg_cost": 5.724718865592401,
    "overall_migration_cost": 0.0,
    "max_migration_cost": 0.0,
    "avg_migration_cost": 0.0,
    "migration_rate": 0.0,
    "weighted_migration_rate": 0.0,
    "overall_response_time": 9.972719780200116,
    "weighted_overall_response_time": 1358.259993180687,
    "max_response_time": 0.26099967208048397,
    "avg_response_time": 0.06693100523624239,
    "weighted_avg_response_time": 0.03407161212548304,
    "avg_unavailability": 0.009580574837833289,
    "overall_power_consumption": 980.5598531163209
  },
  {
    "time": 57600.0,
    "opt": "ClusterLLGAOptimizer",
    "elapsed_time": 425.5546956160106,
    "valid": true,
    "overall_deadline_violation": 0.11060496364675665,
    "weighted_overall_deadline_violation": 8.378080447243788,
    "max_deadline_violation": 0.00850021994419508,
    "avg_deadline_violation": 0.0007575682441558673,
    "avg_only_violated_deadline": 0.005530248182337832,
    "weighted_avg_deadline_violation": 0.00023614574777494325,
    "weighted_avg_only_violated_deadline": 0.00440311930036123,
    "deadline_satisfaction": 0.863013698630137,
    "weighted_deadline_satisfaction": 0.9463685329271974,
    "overall_cost": 146.2395955825439,
    "max_cost": 39.06293360321301,
    "avg_cost": 5.624599830097841,
    "overall_migration_cost": 9.23291782211344,
    "max_migration_cost": 3.219558235322916,
    "avg_migration_cost": 1.846583564422688,
    "migration_rate": 0.19230769230769232,
    "weighted_migration_rate": 0.006388365476325423,
    "overall_response_time": 10.146765570340305,
    "weighted_overall_response_time": 1287.1765500328368,
    "max_response_time": 0.2609970197357243,
    "avg_response_time": 0.06949839431739939,
    "weighted_avg_response_time": 0.036280538345257,
    "avg_unavailability": 0.015137958765483154,
    "overall_power_consumption": 971.5769547829174
  },
  {
    "time": 59400.0,
    "opt": "ClusterLLGAOptimizer",
    "elapsed_time": 357.49149679299444,
    "valid": true,
    "overall_deadline_violation": 0.09230438931549571,
    "weighted_overall_deadline_violation": 6.784019021256297,
    "max_deadline_violation": 0.00850021995563843,
    "avg_deadline_violation": 0.0006365819952792808,
    "avg_only_violated_deadline": 0.005429669959735042,
    "weighted_avg_deadline_violation": 0.000180350889851991,
    "weighted_avg_only_violated_deadline": 0.004944205711462799,
    "deadline_satisfaction": 0.8827586206896552,
    "weighted_deadline_satisfaction": 0.96352277789861,
    "overall_cost": 156.19585177933024,
    "max_cost": 48.483451668891796,
    "avg_cost": 5.785031547382603,
    "overall_migration_cost": 2.6324741448966296,
    "max_migration_cost": 2.6324741448966296,
    "avg_migration_cost": 2.6324741448966296,
    "migration_rate": 0.037037037037037035,
    "weighted_migration_rate": 0.0004285505236392161,
    "overall_response_time": 8.829269227143184,
    "weighted_overall_response_time": 1247.784537688896,
    "max_response_time": 0.2609980829026748,
    "avg_response_time": 0.060891511911332345,
    "weighted_avg_response_time": 0.03317193702002236,
    "avg_unavailability": 0.015127267907623889,
    "overall_power_consumption": 970.356542138384
  },
  {
    "time": 61200.0,
    "opt": "ClusterLLGAOptimizer",
    "elapsed_time": 403.6309520206414,
    "valid": true,
    "overall_deadline_violation": 0.1084717242136883,
    "weighted_overall_deadline_violation": 7.683113880197774,
    "max_deadline_violation": 0.00850021996738819,
    "avg_deadline_violation": 0.0007747980300977735,
    "avg_only_violated_deadline": 0.004171989392834165,
    "weighted_avg_deadline_violation": 0.0002008854740933966,
    "weighted_avg_only_violated_deadline": 0.004516100026695381,
    "deadline_satisfaction": 0.8142857142857143,
    "weighted_deadline_satisfaction": 0.9555179307575274,
    "overall_cost": 152.65721314013462,
    "max_cost": 45.422288881375295,
    "avg_cost": 5.264041832418434,
    "overall_migration_cost": 12.814503560134977,
    "max_migration_cost": 3.3761477026756483,
    "avg_migration_cost": 1.8306433657335683,
    "migration_rate": 0.2413793103448276,
    "weighted_migration_rate": 0.010145270689202845,
    "overall_response_time": 9.890119934004606,
    "weighted_overall_response_time": 1364.6125730324259,
    "max_response_time": 0.2609983164705147,
    "avg_response_time": 0.07064371381431861,
    "weighted_avg_response_time": 0.03567965384373196,
    "avg_unavailability": 0.015112514896060523,
    "overall_power_consumption": 954.7828234336962
  },
  {
    "time": 63000.0,
    "opt": "ClusterLLGAOptimizer",
    "elapsed_time": 386.5501063251868,
    "valid": true,
    "overall_deadline_violation": 0.109304827845259,
    "weighted_overall_deadline_violation": 7.5546371613982455,
    "max_deadline_violation": 0.008500219965423186,
    "avg_deadline_violation": 0.0007590613044809652,
    "avg_only_violated_deadline": 0.005752885676066263,
    "weighted_avg_deadline_violation": 0.00018728805496695655,
    "weighted_avg_only_violated_deadline": 0.004311507904469279,
    "deadline_satisfaction": 0.8680555555555556,
    "weighted_deadline_satisfaction": 0.956560892588689,
    "overall_cost": 167.72251238707895,
    "max_cost": 60.14205943405525,
    "avg_cost": 5.590750412902631,
    "overall_migration_cost": 32.91699249674555,
    "max_migration_cost": 32.91699249674555,
    "avg_migration_cost": 32.91699249674555,
    "migration_rate": 0.03333333333333333,
    "weighted_migration_rate": 0.0028115834783286994,
    "overall_response_time": 9.781237161532033,
    "weighted_overall_response_time": 1475.9971656385399,
    "max_response_time": 0.2609989704377821,
    "avg_response_time": 0.06792525806619472,
    "weighted_avg_response_time": 0.03659164992088366,
    "avg_unavailability": 0.009520167256060525,
    "overall_power_consumption": 964.5710548478239
  },
  {
    "time": 64800.0,
    "opt": "ClusterLLGAOptimizer",
    "elapsed_time": 353.55817167600617,
    "valid": true,
    "overall_deadline_violation": 0.12510528617980582,
    "weighted_overall_deadline_violation": 12.658870665490403,
    "max_deadline_violation": 0.008500219947454764,
    "avg_deadline_violation": 0.000868786709581985,
    "avg_only_violated_deadline": 0.005686603917263901,
    "weighted_avg_deadline_violation": 0.0002943937386755654,
    "weighted_avg_only_violated_deadline": 0.004144491446183615,
    "deadline_satisfaction": 0.8472222222222222,
    "weighted_deadline_satisfaction": 0.9289674638014628,
    "overall_cost": 170.617820756161,
    "max_cost": 64.612375485506,
    "avg_cost": 6.093493598434322,
    "overall_migration_cost": 20.3640332899073,
    "max_migration_cost": 11.963157450336155,
    "avg_migration_cost": 6.788011096635768,
    "migration_rate": 0.10714285714285714,
    "weighted_migration_rate": 0.001084199953507016,
    "overall_response_time": 10.305844757942255,
    "weighted_overall_response_time": 1538.482282377494,
    "max_response_time": 0.2609989082199613,
    "avg_response_time": 0.07156836637459896,
    "weighted_avg_response_time": 0.035778827587672604,
    "avg_unavailability": 0.009523078995176014,
    "overall_power_consumption": 951.2846040786187
  },
  {
    "time": 66600.0,
    "opt": "ClusterLLGAOptimizer",
    "elapsed_time": 317.3460632893257,
    "valid": true,
    "overall_deadline_violation": 0.12220508027228472,
    "weighted_overall_deadline_violation": 5.519415940837458,
    "max_deadline_violation": 0.008500219896818647,
    "avg_deadline_violation": 0.000820168323975065,
    "avg_only_violated_deadline": 0.005819289536775462,
    "weighted_avg_deadline_violation": 0.00016446090415397305,
    "weighted_avg_only_violated_deadline": 0.0051266834861580304,
    "deadline_satisfaction": 0.8590604026845637,
    "weighted_deadline_satisfaction": 0.9679206050855264,
    "overall_cost": 146.24373637637296,
    "max_cost": 44.96186653892145,
    "avg_cost": 5.2229905848704625,
    "overall_migration_cost": 0.0,
    "max_migration_cost": 0.0,
    "avg_migration_cost": 0.0,
    "migration_rate": 0.0,
    "weighted_migration_rate": 0.0,
    "overall_response_time": 9.283463504051374,
    "weighted_overall_response_time": 1165.2161929714182,
    "max_response_time": 0.2609969958667591,
    "avg_response_time": 0.06230512418826425,
    "weighted_avg_response_time": 0.03471970778883781,
    "avg_unavailability": 0.009523078995176014,
    "overall_power_consumption": 968.6287955927681
  },
  {
    "time": 68400.0,
    "opt": "ClusterLLGAOptimizer",
    "elapsed_time": 382.53334090299904,
    "valid": true,
    "overall_deadline_violation": 0.09770354745802554,
    "weighted_overall_deadline_violation": 2.1604656312750397,
    "max_deadline_violation": 0.008500219945576152,
    "avg_deadline_violation": 0.0006513569830535038,
    "avg_only_violated_deadline": 0.006106471716126598,
    "weighted_avg_deadline_violation": 5.7180062245589554e-05,
    "weighted_avg_only_violated_deadline": 0.003913521235015066,
    "deadline_satisfaction": 0.8933333333333333,
    "weighted_deadline_satisfaction": 0.985389101320318,
    "overall_cost": 154.78808613547213,
    "max_cost": 47.9546908620931,
    "avg_cost": 5.5281459334097205,
    "overall_migration_cost": 23.118230737358274,
    "max_migration_cost": 17.872187552856893,
    "avg_migration_cost": 7.706076912452758,
    "migration_rate": 0.10714285714285714,
    "weighted_migration_rate": 0.004208381531197785,
    "overall_response_time": 10.878431078033866,
    "weighted_overall_response_time": 1354.1418097906576,
    "max_response_time": 0.2609991654898488,
    "avg_response_time": 0.07252287385355907,
    "weighted_avg_response_time": 0.035839456019251,
    "avg_unavailability": 0.009523078995176014,
    "overall_power_consumption": 965.2617270667415
  },
  {
    "time": 70200.0,
    "opt": "ClusterLLGAOptimizer",
    "elapsed_time": 322.5290302182548,
    "valid": true,
    "overall_deadline_violation": 0.10500506713564062,
    "weighted_overall_deadline_violation": 6.27545367641579,
    "max_deadline_violation": 0.008500219963611538,
    "avg_deadline_violation": 0.0006863076283375202,
    "avg_only_violated_deadline": 0.005250253356782029,
    "weighted_avg_deadline_violation": 0.00019917419283796891,
    "weighted_avg_only_violated_deadline": 0.004698186240084542,
    "deadline_satisfaction": 0.869281045751634,
    "weighted_deadline_satisfaction": 0.9576061521063958,
    "overall_cost": 134.4486097408499,
    "max_cost": 47.493126167379806,
    "avg_cost": 4.8017360621732115,
    "overall_migration_cost": 0.0,
    "max_migration_cost": 0.0,
    "avg_migration_cost": 0.0,
    "migration_rate": 0.0,
    "weighted_migration_rate": 0.0,
    "overall_response_time": 8.881784724036514,
    "weighted_overall_response_time": 1053.1173703381032,
    "max_response_time": 0.26099928335167294,
    "avg_response_time": 0.05805088054925832,
    "weighted_avg_response_time": 0.03342448419132245,
    "avg_unavailability": 0.009523078995176014,
    "overall_power_consumption": 952.5945753049168
  },
  {
    "time": 72000.0,
    "opt": "ClusterLLGAOptimizer",
    "elapsed_time": 373.6916122077964,
    "valid": true,
    "overall_deadline_violation": 0.1062805624725835,
    "weighted_overall_deadline_violation": 6.582438670991303,
    "max_deadline_violation": 0.008500219936466522,
    "avg_deadline_violation": 0.0007181119085985371,
    "avg_only_violated_deadline": 0.00442835676969098,
    "weighted_avg_deadline_violation": 0.00019635380972395428,
    "weighted_avg_only_violated_deadline": 0.004643977221660605,
    "deadline_satisfaction": 0.8378378378378378,
    "weighted_deadline_satisfaction": 0.9577186105030591,
    "overall_cost": 143.1032765264741,
    "max_cost": 51.0190193634173,
    "avg_cost": 5.503972174095156,
    "overall_migration_cost": 33.22297706236048,
    "max_migration_cost": 17.37336489712643,
    "avg_migration_cost": 4.746139580337211,
    "migration_rate": 0.2692307692307692,
    "weighted_migration_rate": 0.009847056332323474,
    "overall_response_time": 9.295584596774818,
    "weighted_overall_response_time": 1138.0287377644142,
    "max_response_time": 0.2609988725787346,
    "avg_response_time": 0.06280800403226228,
    "weighted_avg_response_time": 0.033947339186030503,
    "avg_unavailability": 0.009688786431052334,
    "overall_power_consumption": 959.6678785398872
  },
  {
    "time": 73800.0,
    "opt": "ClusterLLGAOptimizer",
    "elapsed_time": 339.15543883666396,
    "valid": true,
    "overall_deadline_violation": 0.07840383848238665,
    "weighted_overall_deadline_violation": 7.96198471715308,
    "max_deadline_violation": 0.008500219958370397,
    "avg_deadline_violation": 0.0005262002582710512,
    "avg_only_violated_deadline": 0.005226922565492443,
    "weighted_avg_deadline_violation": 0.00022234176344654522,
    "weighted_avg_only_violated_deadline": 0.004054475632846253,
    "deadline_satisfaction": 0.8993288590604027,
    "weighted_deadline_satisfaction": 0.9451614009848021,
    "overall_cost": 153.689684369464,
    "max_cost": 58.36266887868109,
    "avg_cost": 5.9111417065178475,
    "overall_migration_cost": 0.0,
    "max_migration_cost": 0.0,
    "avg_migration_cost": 0.0,
    "migration_rate": 0.0,
    "weighted_migration_rate": 0.0,
    "overall_response_time": 10.268986254128523,
    "weighted_overall_response_time": 1245.5339908742828,
    "max_response_time": 0.2609981958496105,
    "avg_response_time": 0.0689193708330773,
    "weighted_avg_response_time": 0.03478205922286957,
    "avg_unavailability": 0.009688786431052334,
    "overall_power_consumption": 970.7187309433752
  },
  {
    "time": 75600.0,
    "opt": "ClusterLLGAOptimizer",
    "elapsed_time": 391.7417900720611,
    "valid": true,
    "overall_deadline_violation": 0.10890548717725561,
    "weighted_overall_deadline_violation": 6.104880304670011,
    "max_deadline_violation": 0.008500219946201464,
    "avg_deadline_violation": 0.0006936655234220103,
    "avg_only_violated_deadline": 0.0051859755798693155,
    "weighted_avg_deadline_violation": 0.00017669498761254646,
    "weighted_avg_only_violated_deadline": 0.003962647147811244,
    "deadline_satisfaction": 0.8662420382165605,
    "weighted_deadline_satisfaction": 0.955409860877937,
    "overall_cost": 147.85833277199745,
    "max_cost": 52.49634923556074,
    "avg_cost": 5.914333310879899,
    "overall_migration_cost": 8.467147995755498,
    "max_migration_cost": 4.028922909114358,
    "avg_migration_cost": 2.1167869989388746,
    "migration_rate": 0.16,
    "weighted_migration_rate": 0.003833014037226364,
    "overall_response_time": 8.921686893092605,
    "weighted_overall_response_time": 1097.5382273746075,
    "max_response_time": 0.2609990545623087,
    "avg_response_time": 0.05682603116619501,
    "weighted_avg_response_time": 0.031766307251250035,
    "avg_unavailability": 0.009700516835151966,
    "overall_power_consumption": 968.7000607604886
  },
  {
    "time": 77400.0,
    "opt": "ClusterLLGAOptimizer",
    "elapsed_time": 325.94702479988337,
    "valid": true,
    "overall_deadline_violation": 0.11640540780139852,
    "weighted_overall_deadline_violation": 5.793405794882244,
    "max_deadline_violation": 0.00850021994415593,
    "avg_deadline_violation": 0.0007414357184802456,
    "avg_only_violated_deadline": 0.005291154900063569,
    "weighted_avg_deadline_violation": 0.00014705339543938487,
    "weighted_avg_only_violated_deadline": 0.003893031005146615,
    "deadline_satisfaction": 0.8598726114649682,
    "weighted_deadline_satisfaction": 0.9622265028855462,
    "overall_cost": 161.94066002665195,
    "max_cost": 62.159203317108464,
    "avg_cost": 6.47762640106608,
    "overall_migration_cost": 0.0,
    "max_migration_cost": 0.0,
    "avg_migration_cost": 0.0,
    "migration_rate": 0.0,
    "weighted_migration_rate": 0.0,
    "overall_response_time": 8.928184154932131,
    "weighted_overall_response_time": 1371.7295410558588,
    "max_response_time": 0.26099928467625744,
    "avg_response_time": 0.05686741499956776,
    "weighted_avg_response_time": 0.034818463228480506,
    "avg_unavailability": 0.009700516835151966,
    "overall_power_consumption": 956.6011330407683
  },
  {
    "time": 79200.0,
    "opt": "ClusterLLGAOptimizer",
    "elapsed_time": 391.0213077189401,
    "valid": true,
    "overall_deadline_violation": 0.1326495960159963,
    "weighted_overall_deadline_violation": 16.529139833396645,
    "max_deadline_violation": 0.008500219956823058,
    "avg_deadline_violation": 0.0009407772767091932,
    "avg_only_violated_deadline": 0.004574124000551596,
    "weighted_avg_deadline_violation": 0.0005009044227299462,
    "weighted_avg_only_violated_deadline": 0.003315055480448013,
    "deadline_satisfaction": 0.7943262411347518,
    "weighted_deadline_satisfaction": 0.8489001388712053,
    "overall_cost": 121.88702562059308,
    "max_cost": 35.61912238962077,
    "avg_cost": 4.687962523868965,
    "overall_migration_cost": 2419.0681685197046,
    "max_migration_cost": 2359.4350579423153,
    "avg_migration_cost": 219.91528804724584,
    "migration_rate": 0.4230769230769231,
    "weighted_migration_rate": 0.01895441835859297,
    "overall_response_time": 9.07139775170765,
    "weighted_overall_response_time": 1152.0059074658132,
    "max_response_time": 0.26099997985035417,
    "avg_response_time": 0.06433615426743014,
    "weighted_avg_response_time": 0.03491076122997936,
    "avg_unavailability": 0.0017011402340337978,
    "overall_power_consumption": 916.1046624468241
  },
  {
    "time": 81000.0,
    "opt": "ClusterLLGAOptimizer",
    "elapsed_time": 343.11064688814804,
    "valid": true,
    "overall_deadline_violation": 0.10870503688467498,
    "weighted_overall_deadline_violation": 11.965613467906286,
    "max_deadline_violation": 0.008500219860393565,
    "avg_deadline_violation": 0.0007247002458978332,
    "avg_only_violated_deadline": 0.005721317730772367,
    "weighted_avg_deadline_violation": 0.00034432552167568847,
    "weighted_avg_only_violated_deadline": 0.004935695845070203,
    "deadline_satisfaction": 0.8733333333333333,
    "weighted_deadline_satisfaction": 0.9302376944439144,
    "overall_cost": 147.56848508141363,
    "max_cost": 44.03792235211136,
    "avg_cost": 5.6757109646697534,
    "overall_migration_cost": 0.0,
    "max_migration_cost": 0.0,
    "avg_migration_cost": 0.0,
    "migration_rate": 0.0,
    "weighted_migration_rate": 0.0,
    "overall_response_time": 9.042915170766507,
    "weighted_overall_response_time": 1203.93763913267,
    "max_response_time": 0.2609980943355154,
    "avg_response_time": 0.06028610113844337,
    "weighted_avg_response_time": 0.03464481422295934,
    "avg_unavailability": 0.0017011402340337978,
    "overall_power_consumption": 978.1665666149798
  },
  {
    "time": 82800.0,
    "opt": "ClusterLLGAOptimizer",
    "elapsed_time": 350.9680740139447,
    "valid": true,
    "overall_deadline_violation": 0.12041435424652827,
    "weighted_overall_deadline_violation": 12.151829300930643,
    "max_deadline_violation": 0.008500219946522867,
    "avg_deadline_violation": 0.000885399663577414,
    "avg_only_violated_deadline": 0.004300512651661725,
    "weighted_avg_deadline_violation": 0.0003295703751146508,
    "weighted_avg_only_violated_deadline": 0.003307987885685529,
    "deadline_satisfaction": 0.7941176470588235,
    "weighted_deadline_satisfaction": 0.900371347627728,
    "overall_cost": 131.06989776661575,
    "max_cost": 51.60852649890476,
    "avg_cost": 5.242795910664629,
    "overall_migration_cost": 1308.4676414518865,
    "max_migration_cost": 1258.542853090385,
    "avg_migration_cost": 145.38529349465404,
    "migration_rate": 0.36,
    "weighted_migration_rate": 0.012701358562725806,
    "overall_response_time": 9.213884949489122,
    "weighted_overall_response_time": 1279.5461231039712,
    "max_response_time": 0.26099650064912044,
    "avg_response_time": 0.06774915404036114,
    "weighted_avg_response_time": 0.034702634914035316,
    "avg_unavailability": 0.009279570048718227,
    "overall_power_consumption": 901.1202622102942
  },
  {
    "time": 84600.0,
    "opt": "ClusterLLGAOptimizer",
    "elapsed_time": 338.56395024992526,
    "valid": true,
    "overall_deadline_violation": 0.11490483252809543,
    "weighted_overall_deadline_violation": 4.91686938557477,
    "max_deadline_violation": 0.008500219946493307,
    "avg_deadline_violation": 0.0008035302973992688,
    "avg_only_violated_deadline": 0.006047622764636601,
    "weighted_avg_deadline_violation": 0.0001333506164423127,
    "weighted_avg_only_violated_deadline": 0.004486920548474343,
    "deadline_satisfaction": 0.8671328671328671,
    "weighted_deadline_satisfaction": 0.9702801475975198,
    "overall_cost": 144.1889362232587,
    "max_cost": 49.97459071264359,
    "avg_cost": 5.340330971231804,
    "overall_migration_cost": 7.738721954619624,
    "max_migration_cost": 4.8869793662192915,
    "avg_migration_cost": 3.869360977309812,
    "migration_rate": 0.07407407407407407,
    "weighted_migration_rate": 0.0017651255308336253,
    "overall_response_time": 7.853018959919432,
    "weighted_overall_response_time": 1198.2209770102156,
    "max_response_time": 0.2609988787453176,
    "avg_response_time": 0.0549162165029331,
    "weighted_avg_response_time": 0.03249700030413642,
    "avg_unavailability": 0.008984603162515226,
    "overall_power_consumption": 948.7520134360118
  }
]