[
  {
    "max_cost": 22.449417200951586,
    "avg_only_violated_deadline": 0.002382863784107362,
    "max_deadline_violation": 0.009600598545361685,
    "migration_rate": 0.0,
    "weighted_avg_only_violated_deadline": 0.005103859415244615,
    "avg_response_time": 0.19971438203099412,
    "avg_unavailability": 0.0053206264649534,
    "overall_response_time": 22.368010787471327,
    "time": 0.0,
    "weighted_avg_deadline_violation": 0.0035692188802877163,
    "overall_cost": 209.65366576958422,
    "deadline_satisfaction": 0.35714285714285715,
    "weighted_overall_response_time": 1528.8962818972516,
    "max_migration_cost": 0.0,
    "max_response_time": 0.8019886003098815,
    "avg_cost": 4.764856040217825,
    "overall_migration_cost": 0.0,
    "elapsed_time": 61.047873847186565,
    "opt": "LLCOptimizer",
    "overall_power_consumption": 1244.5904995725405,
    "valid": true,
    "weighted_deadline_satisfaction": 0.3006823680082392,
    "weighted_overall_deadline_violation": 140.12417218105745,
    "weighted_migration_rate": 0.0,
    "overall_deadline_violation": 0.17156619245573007,
    "avg_deadline_violation": 0.0015318410040690187,
    "avg_migration_cost": 0.0,
    "weighted_avg_response_time": 0.0389437838626322
  },
  {
    "max_cost": 18.17103333555257,
    "avg_only_violated_deadline": 0.0019835843233751292,
    "max_deadline_violation": 0.00960061046944536,
    "migration_rate": 0.22448979591836735,
    "weighted_avg_only_violated_deadline": 0.005480748593133764,
    "avg_response_time": 0.21720075787454451,
    "avg_unavailability": 0.00532281489102966,
    "overall_response_time": 24.32648488194899,
    "time": 1800.0,
    "weighted_avg_deadline_violation": 0.0031673593218942272,
    "overall_cost": 210.57465754419854,
    "deadline_satisfaction": 0.41964285714285715,
    "weighted_overall_response_time": 1395.9741786533684,
    "max_migration_cost": 14.971,
    "max_response_time": 0.8009682939609699,
    "avg_cost": 4.297441990697929,
    "overall_migration_cost": 31.566603444438943,
    "elapsed_time": 60.8799257799983,
    "opt": "LLCOptimizer",
    "overall_power_consumption": 1256.847161911049,
    "valid": true,
    "weighted_deadline_satisfaction": 0.42209366693771183,
    "weighted_overall_deadline_violation": 118.8760035698916,
    "weighted_migration_rate": 0.023430040893673038,
    "overall_deadline_violation": 0.12893298101938339,
    "avg_deadline_violation": 0.001151187330530209,
    "avg_migration_cost": 2.8696912222217223,
    "weighted_avg_response_time": 0.037194654052125756
  },
  {
    "max_cost": 18.799930706928173,
    "avg_only_violated_deadline": 0.0022256792106897937,
    "max_deadline_violation": 0.009600608716671677,
    "migration_rate": 0.1,
    "weighted_avg_only_violated_deadline": 0.005525311403844443,
    "avg_response_time": 0.24320300201099707,
    "avg_unavailability": 0.014366120946938725,
    "overall_response_time": 27.481939227242666,
    "time": 3600.0,
    "weighted_avg_deadline_violation": 0.003122126504591837,
    "overall_cost": 217.56125419285064,
    "deadline_satisfaction": 0.4778761061946903,
    "weighted_overall_response_time": 1637.126614134124,
    "max_migration_cost": 14.971,
    "max_response_time": 0.8009895350441943,
    "avg_cost": 4.351225083857012,
    "overall_migration_cost": 17.612,
    "elapsed_time": 62.3667318969965,
    "opt": "LLCOptimizer",
    "overall_power_consumption": 1282.2476767616804,
    "valid": true,
    "weighted_deadline_satisfaction": 0.43494107817715033,
    "weighted_overall_deadline_violation": 117.89761216023331,
    "weighted_migration_rate": 0.019336761648153043,
    "overall_deadline_violation": 0.13131507343069782,
    "avg_deadline_violation": 0.0011620802958468832,
    "avg_migration_cost": 3.5224,
    "weighted_avg_response_time": 0.043353858485395885
  },
  {
    "max_cost": 22.53815820507115,
    "avg_only_violated_deadline": 0.002329398792373844,
    "max_deadline_violation": 0.00960059829803623,
    "migration_rate": 0.04,
    "weighted_avg_only_violated_deadline": 0.005398567201586217,
    "avg_response_time": 0.200032852121914,
    "avg_unavailability": 0.014144779203165305,
    "overall_response_time": 22.40367943765434,
    "time": 5400.0,
    "weighted_avg_deadline_violation": 0.00341337615045179,
    "overall_cost": 229.478030373423,
    "deadline_satisfaction": 0.5089285714285714,
    "weighted_overall_response_time": 1678.4968692323514,
    "max_migration_cost": 14.971,
    "max_response_time": 0.7999993556974164,
    "avg_cost": 4.589560607468459,
    "overall_migration_cost": 19.631336280183387,
    "elapsed_time": 63.3757960498333,
    "opt": "LLCOptimizer",
    "overall_power_consumption": 1286.794954849749,
    "valid": true,
    "weighted_deadline_satisfaction": 0.36772554216813924,
    "weighted_overall_deadline_violation": 144.51302447712436,
    "weighted_migration_rate": 0.014204425722880639,
    "overall_deadline_violation": 0.1281169335805614,
    "avg_deadline_violation": 0.001143901192683584,
    "avg_migration_cost": 9.815668140091693,
    "weighted_avg_response_time": 0.039645846474914995
  },
  {
    "max_cost": 22.77314489652404,
    "avg_only_violated_deadline": 0.0022155843894161756,
    "max_deadline_violation": 0.00960059764311734,
    "migration_rate": 0.020833333333333332,
    "weighted_avg_only_violated_deadline": 0.004961053704534179,
    "avg_response_time": 0.19958469353143388,
    "avg_unavailability": 0.014250734186946784,
    "overall_response_time": 23.351409143177765,
    "time": 7200.0,
    "weighted_avg_deadline_violation": 0.003437227812476697,
    "overall_cost": 234.9255338955265,
    "deadline_satisfaction": 0.4358974358974359,
    "weighted_overall_response_time": 1675.9632205373393,
    "max_migration_cost": 0.715,
    "max_response_time": 0.8009646436586206,
    "avg_cost": 4.894281956156802,
    "overall_migration_cost": 0.715,
    "elapsed_time": 62.861657187342644,
    "opt": "LLCOptimizer",
    "overall_power_consumption": 1295.1721985118525,
    "valid": true,
    "weighted_deadline_satisfaction": 0.3071577093924164,
    "weighted_overall_deadline_violation": 150.77839799836374,
    "weighted_migration_rate": 0.0005649942179626424,
    "overall_deadline_violation": 0.14622856970146755,
    "avg_deadline_violation": 0.0012498168350552786,
    "avg_migration_cost": 0.715,
    "weighted_avg_response_time": 0.038206185175024054
  },
  {
    "max_cost": 20.99267366443692,
    "avg_only_violated_deadline": 0.002302039663671322,
    "max_deadline_violation": 0.009600602605377751,
    "migration_rate": 0.10416666666666667,
    "weighted_avg_only_violated_deadline": 0.005326674344954684,
    "avg_response_time": 0.20702303563493607,
    "avg_unavailability": 0.015222797963583872,
    "overall_response_time": 24.22169516928752,
    "time": 9000.0,
    "weighted_avg_deadline_violation": 0.0032306098637596243,
    "overall_cost": 223.1872747223138,
    "deadline_satisfaction": 0.4358974358974359,
    "weighted_overall_response_time": 1605.6411800538717,
    "max_migration_cost": 3.179558707079445,
    "max_response_time": 0.8009695552352729,
    "avg_cost": 4.649734890048201,
    "overall_migration_cost": 5.966558707079445,
    "elapsed_time": 63.941123463213444,
    "opt": "LLCOptimizer",
    "overall_power_consumption": 1296.2175637296525,
    "valid": true,
    "weighted_deadline_satisfaction": 0.3935034029591853,
    "weighted_overall_deadline_violation": 125.26037663212202,
    "weighted_migration_rate": 0.0038214524759418527,
    "overall_deadline_violation": 0.15193461780230721,
    "avg_deadline_violation": 0.001298586476942797,
    "avg_migration_cost": 1.193311741415889,
    "weighted_avg_response_time": 0.04141134150646061
  },
  {
    "max_cost": 19.318431964770237,
    "avg_only_violated_deadline": 0.002090489564429682,
    "max_deadline_violation": 0.009600622215053811,
    "migration_rate": 0.0625,
    "weighted_avg_only_violated_deadline": 0.00469391686619014,
    "avg_response_time": 0.21313125669885682,
    "avg_unavailability": 0.015222797963583872,
    "overall_response_time": 23.87070075027196,
    "time": 10800.0,
    "weighted_avg_deadline_violation": 0.002757542398005785,
    "overall_cost": 224.0959357716739,
    "deadline_satisfaction": 0.5089285714285714,
    "weighted_overall_response_time": 1759.6978257164167,
    "max_migration_cost": 2.8819999999999997,
    "max_response_time": 0.7999993600005108,
    "avg_cost": 4.668665328576539,
    "overall_migration_cost": 4.239,
    "elapsed_time": 63.120888859033585,
    "opt": "LLCOptimizer",
    "overall_power_consumption": 1291.1979690913113,
    "valid": true,
    "weighted_deadline_satisfaction": 0.4125284966446433,
    "weighted_overall_deadline_violation": 109.8250316171865,
    "weighted_migration_rate": 0.0022118331681104243,
    "overall_deadline_violation": 0.11497692604363251,
    "avg_deadline_violation": 0.0010265796968181476,
    "avg_migration_cost": 1.4129999999999998,
    "weighted_avg_response_time": 0.04418338233678465
  },
  {
    "max_cost": 25.928068747260802,
    "avg_only_violated_deadline": 0.002365234042580691,
    "max_deadline_violation": 0.009600622513460104,
    "migration_rate": 0.08333333333333333,
    "weighted_avg_only_violated_deadline": 0.004577881923910488,
    "avg_response_time": 0.20868823321498503,
    "avg_unavailability": 0.015222797935506696,
    "overall_response_time": 24.833899752583218,
    "time": 12600.0,
    "weighted_avg_deadline_violation": 0.0028190060390938646,
    "overall_cost": 228.35333261228877,
    "deadline_satisfaction": 0.4957983193277311,
    "weighted_overall_response_time": 1728.9571382738668,
    "max_migration_cost": 2.8819999999999997,
    "max_response_time": 0.8009614913249153,
    "avg_cost": 4.75736109608935,
    "overall_migration_cost": 4.313,
    "elapsed_time": 62.63777130097151,
    "opt": "LLCOptimizer",
    "overall_power_consumption": 1291.5137096614098,
    "valid": true,
    "weighted_deadline_satisfaction": 0.38421171931716547,
    "weighted_overall_deadline_violation": 117.43757682464411,
    "weighted_migration_rate": 0.005057440928203909,
    "overall_deadline_violation": 0.14191404255484152,
    "avg_deadline_violation": 0.0011925549794524492,
    "avg_migration_cost": 1.07825,
    "weighted_avg_response_time": 0.041502394258408154
  },
  {
    "max_cost": 18.22064302672679,
    "avg_only_violated_deadline": 0.0021475313627042293,
    "max_deadline_violation": 0.009600610331180225,
    "migration_rate": 0.0784313725490196,
    "weighted_avg_only_violated_deadline": 0.005251056332912215,
    "avg_response_time": 0.20607528121418728,
    "avg_unavailability": 0.0034046640240812044,
    "overall_response_time": 23.698657339631538,
    "time": 14400.0,
    "weighted_avg_deadline_violation": 0.003020826590138262,
    "overall_cost": 219.6236321786745,
    "deadline_satisfaction": 0.4956521739130435,
    "weighted_overall_response_time": 1812.418634110312,
    "max_migration_cost": 578.5516793726127,
    "max_response_time": 0.8009396680196497,
    "avg_cost": 4.306345728993619,
    "overall_migration_cost": 1121.5059474217928,
    "elapsed_time": 63.53063553571701,
    "opt": "LLCOptimizer",
    "overall_power_consumption": 1289.4554074358498,
    "valid": true,
    "weighted_deadline_satisfaction": 0.4247202089216737,
    "weighted_overall_deadline_violation": 114.94403921636781,
    "weighted_migration_rate": 0.012762643391726211,
    "overall_deadline_violation": 0.12455681903684529,
    "avg_deadline_violation": 0.0010831027742334372,
    "avg_migration_cost": 280.37648685544826,
    "weighted_avg_response_time": 0.047631894961308
  },
  {
    "max_cost": 26.36737618732265,
    "avg_only_violated_deadline": 0.002471941098408383,
    "max_deadline_violation": 0.0096005876258458,
    "migration_rate": 0.043478260869565216,
    "weighted_avg_only_violated_deadline": 0.00529367921131836,
    "avg_response_time": 0.20976403961595064,
    "avg_unavailability": 0.015222798259372275,
    "overall_response_time": 24.542392635066214,
    "time": 16200.0,
    "weighted_avg_deadline_violation": 0.0036359029582770314,
    "overall_cost": 233.19989235422037,
    "deadline_satisfaction": 0.4700854700854701,
    "weighted_overall_response_time": 1756.6745965029197,
    "max_migration_cost": 0.715,
    "max_response_time": 0.7999993600005121,
    "avg_cost": 5.06956287726566,
    "overall_migration_cost": 1.242278044316968,
    "elapsed_time": 65.63425313681364,
    "opt": "LLCOptimizer",
    "overall_power_consumption": 1288.8566627040148,
    "valid": true,
    "weighted_deadline_satisfaction": 0.31316144912915284,
    "weighted_overall_deadline_violation": 160.51487761733247,
    "weighted_migration_rate": 0.0011955950319120906,
    "overall_deadline_violation": 0.15326034810131975,
    "avg_deadline_violation": 0.0013099175051394852,
    "avg_migration_cost": 0.621139022158484,
    "weighted_avg_response_time": 0.0397913168982499
  },
  {
    "max_cost": 26.275616989026418,
    "avg_only_violated_deadline": 0.002399267680966839,
    "max_deadline_violation": 0.009600587881582016,
    "migration_rate": 0.0625,
    "weighted_avg_only_violated_deadline": 0.005199275279667011,
    "avg_response_time": 0.2203825401655089,
    "avg_unavailability": 0.01233258305500936,
    "overall_response_time": 24.90322703870252,
    "time": 18000.0,
    "weighted_avg_deadline_violation": 0.003657029814942193,
    "overall_cost": 234.93062796307171,
    "deadline_satisfaction": 0.4778761061946903,
    "weighted_overall_response_time": 1949.98420479514,
    "max_migration_cost": 634.6117145818436,
    "max_response_time": 0.7999993600005121,
    "avg_cost": 4.894388082563995,
    "overall_migration_cost": 636.0417145818436,
    "elapsed_time": 65.77191368490458,
    "opt": "LLCOptimizer",
    "overall_power_consumption": 1282.299102216728,
    "valid": true,
    "weighted_deadline_satisfaction": 0.29662700699001876,
    "weighted_overall_deadline_violation": 167.35368525907515,
    "weighted_migration_rate": 0.009152393435826507,
    "overall_deadline_violation": 0.1415567931770435,
    "avg_deadline_violation": 0.0012527149838676415,
    "avg_migration_cost": 212.01390486061453,
    "weighted_avg_response_time": 0.04261125391151471
  },
  {
    "max_cost": 17.98997988232428,
    "avg_only_violated_deadline": 0.0025779985898980676,
    "max_deadline_violation": 0.009600621114815099,
    "migration_rate": 0.06382978723404255,
    "weighted_avg_only_violated_deadline": 0.005152982645256345,
    "avg_response_time": 0.20728368289859717,
    "avg_unavailability": 0.016207450185853033,
    "overall_response_time": 23.423056167541464,
    "time": 19800.0,
    "weighted_avg_deadline_violation": 0.0026901640810645497,
    "overall_cost": 213.76408320109326,
    "deadline_satisfaction": 0.5309734513274337,
    "weighted_overall_response_time": 1905.398828508972,
    "max_migration_cost": 97.23417959288163,
    "max_response_time": 0.8009730732176331,
    "avg_cost": 4.5481719830019856,
    "overall_migration_cost": 247.95705796184816,
    "elapsed_time": 64.44275267422199,
    "opt": "LLCOptimizer",
    "overall_power_consumption": 1287.6907641144342,
    "valid": true,
    "weighted_deadline_satisfaction": 0.4779403956384324,
    "weighted_overall_deadline_violation": 96.41358760988548,
    "weighted_migration_rate": 0.015779864061897124,
    "overall_deadline_violation": 0.1366339252645976,
    "avg_deadline_violation": 0.0012091497811026334,
    "avg_migration_cost": 82.65235265394938,
    "weighted_avg_response_time": 0.05316507367506925
  },
  {
    "max_cost": 20.100184469614547,
    "avg_only_violated_deadline": 0.0024929101784642487,
    "max_deadline_violation": 0.009600605092792109,
    "migration_rate": 0.044444444444444446,
    "weighted_avg_only_violated_deadline": 0.005942498201244319,
    "avg_response_time": 0.21290318643325373,
    "avg_unavailability": 0.006410266424512309,
    "overall_response_time": 23.632253694091155,
    "time": 21600.0,
    "weighted_avg_deadline_violation": 0.003123809751102415,
    "overall_cost": 219.26272900977682,
    "deadline_satisfaction": 0.4774774774774775,
    "weighted_overall_response_time": 1959.0953615390958,
    "max_migration_cost": 10.901803098730229,
    "max_response_time": 0.8009234408701215,
    "avg_cost": 4.872505089106151,
    "overall_migration_cost": 21.803606197460457,
    "elapsed_time": 65.26372414827347,
    "opt": "LLCOptimizer",
    "overall_power_consumption": 1293.146649788502,
    "valid": true,
    "weighted_deadline_satisfaction": 0.47432718609013474,
    "weighted_overall_deadline_violation": 117.64773898070852,
    "weighted_migration_rate": 0.0030509502054321394,
    "overall_deadline_violation": 0.14458879035092642,
    "avg_deadline_violation": 0.0013026017148732112,
    "avg_migration_cost": 10.901803098730229,
    "weighted_avg_response_time": 0.052018349411023096
  },
  {
    "max_cost": 24.585573603986735,
    "avg_only_violated_deadline": 0.002378125049091882,
    "max_deadline_violation": 0.009600592591798993,
    "migration_rate": 0.06521739130434782,
    "weighted_avg_only_violated_deadline": 0.006290033996673643,
    "avg_response_time": 0.20146915766287224,
    "avg_unavailability": 0.006410266343272278,
    "overall_response_time": 21.154261554601582,
    "time": 23400.0,
    "weighted_avg_deadline_violation": 0.0034448107276223625,
    "overall_cost": 221.9678843856466,
    "deadline_satisfaction": 0.5142857142857142,
    "weighted_overall_response_time": 1986.67713917752,
    "max_migration_cost": 50.23699843567539,
    "max_response_time": 0.8008809779573051,
    "avg_cost": 4.825388790992318,
    "overall_migration_cost": 50.95299843567539,
    "elapsed_time": 65.07701147347689,
    "opt": "LLCOptimizer",
    "overall_power_consumption": 1285.9917359696415,
    "valid": true,
    "weighted_deadline_satisfaction": 0.45233829746483417,
    "weighted_overall_deadline_violation": 136.9871343804966,
    "weighted_migration_rate": 0.006219283788457873,
    "overall_deadline_violation": 0.12128437750368597,
    "avg_deadline_violation": 0.0011550893095589143,
    "avg_migration_cost": 16.984332811891797,
    "weighted_avg_response_time": 0.04995890126697326
  },
  {
    "max_cost": 30.217257440595052,
    "avg_only_violated_deadline": 0.002640541338492119,
    "max_deadline_violation": 0.009600576896106917,
    "migration_rate": 0.06382978723404255,
    "weighted_avg_only_violated_deadline": 0.006319152917595375,
    "avg_response_time": 0.20770908163825488,
    "avg_unavailability": 0.0026352946938214897,
    "overall_response_time": 21.809453572016746,
    "time": 25200.0,
    "weighted_avg_deadline_violation": 0.0038103391455125524,
    "overall_cost": 235.79282554663598,
    "deadline_satisfaction": 0.5238095238095238,
    "weighted_overall_response_time": 2166.7709713117038,
    "max_migration_cost": 548.7937505933614,
    "max_response_time": 0.79999711639475,
    "avg_cost": 5.01686862865183,
    "overall_migration_cost": 597.5097505933614,
    "elapsed_time": 65.94083116203547,
    "opt": "LLCOptimizer",
    "overall_power_consumption": 1289.399270501092,
    "valid": true,
    "weighted_deadline_satisfaction": 0.39701741749232783,
    "weighted_overall_deadline_violation": 173.3691764509842,
    "weighted_migration_rate": 0.012409756968216855,
    "overall_deadline_violation": 0.1320270669246059,
    "avg_deadline_violation": 0.0012574006373771995,
    "avg_migration_cost": 199.16991686445382,
    "weighted_avg_response_time": 0.047621684663671775
  },
  {
    "max_cost": 23.024761053903795,
    "avg_only_violated_deadline": 0.0025698671519613914,
    "max_deadline_violation": 0.009600596941851572,
    "migration_rate": 0.045454545454545456,
    "weighted_avg_only_violated_deadline": 0.005968093150201129,
    "avg_response_time": 0.20979094710357543,
    "avg_unavailability": 0.01639678219376491,
    "overall_response_time": 23.28679512849688,
    "time": 27000.0,
    "weighted_avg_deadline_violation": 0.003361945372374762,
    "overall_cost": 227.8474972146827,
    "deadline_satisfaction": 0.5135135135135135,
    "weighted_overall_response_time": 1929.3881380214752,
    "max_migration_cost": 0.11399999999999999,
    "max_response_time": 0.8009357497713251,
    "avg_cost": 5.178352209424608,
    "overall_migration_cost": 0.188,
    "elapsed_time": 64.94107535481453,
    "opt": "LLCOptimizer",
    "overall_power_consumption": 1290.3037245235219,
    "valid": true,
    "weighted_deadline_satisfaction": 0.43668014426660534,
    "weighted_overall_deadline_violation": 140.66272444608475,
    "weighted_migration_rate": 0.001781050685446384,
    "overall_deadline_violation": 0.1387728262059151,
    "avg_deadline_violation": 0.001250205641494731,
    "avg_migration_cost": 0.094,
    "weighted_avg_response_time": 0.04611383397896789
  },
  {
    "max_cost": 20.60902087470704,
    "avg_only_violated_deadline": 0.0021218971420037197,
    "max_deadline_violation": 0.009600603674638018,
    "migration_rate": 0.10416666666666667,
    "weighted_avg_only_violated_deadline": 0.005221089911985629,
    "avg_response_time": 0.19597386879630457,
    "avg_unavailability": 0.005348922787909365,
    "overall_response_time": 20.96920396120458,
    "time": 28800.0,
    "weighted_avg_deadline_violation": 0.0032344206761874008,
    "overall_cost": 223.65988482888093,
    "deadline_satisfaction": 0.5046728971962616,
    "weighted_overall_response_time": 2113.737623153937,
    "max_migration_cost": 44.8202945977282,
    "max_response_time": 0.8009515792699706,
    "avg_cost": 4.659580933935018,
    "overall_migration_cost": 65.31730032018193,
    "elapsed_time": 65.4957097619772,
    "opt": "LLCOptimizer",
    "overall_power_consumption": 1291.150200763951,
    "valid": true,
    "weighted_deadline_satisfaction": 0.3805085277764694,
    "weighted_overall_deadline_violation": 128.9674168974301,
    "weighted_migration_rate": 0.024429855884320423,
    "overall_deadline_violation": 0.11246054852619716,
    "avg_deadline_violation": 0.001051033163796235,
    "avg_migration_cost": 13.063460064036386,
    "weighted_avg_response_time": 0.053011193345073024
  },
  {
    "max_cost": 22.723677561795935,
    "avg_only_violated_deadline": 0.0025196227963291263,
    "max_deadline_violation": 0.009600597780985123,
    "migration_rate": 0.0625,
    "weighted_avg_only_violated_deadline": 0.006445602097913356,
    "avg_response_time": 0.19984655781595345,
    "avg_unavailability": 0.012435465795300655,
    "overall_response_time": 21.78327480193893,
    "time": 30600.0,
    "weighted_avg_deadline_violation": 0.003347137805331253,
    "overall_cost": 214.1852246301621,
    "deadline_satisfaction": 0.5596330275229358,
    "weighted_overall_response_time": 2045.7535496565665,
    "max_migration_cost": 421.6472666593038,
    "max_response_time": 0.7999932381166723,
    "avg_cost": 4.462192179795044,
    "overall_migration_cost": 427.0122666593038,
    "elapsed_time": 65.891416169703,
    "opt": "LLCOptimizer",
    "overall_power_consumption": 1282.8692966718372,
    "valid": true,
    "weighted_deadline_satisfaction": 0.48070983059676864,
    "weighted_overall_deadline_violation": 123.38164914229547,
    "weighted_migration_rate": 0.017970395228972074,
    "overall_deadline_violation": 0.12094189422379807,
    "avg_deadline_violation": 0.001109558662603652,
    "avg_migration_cost": 142.33742221976794,
    "weighted_avg_response_time": 0.05549787260947539
  },
  {
    "max_cost": 17.79676064937133,
    "avg_only_violated_deadline": 0.0021077852974871365,
    "max_deadline_violation": 0.009600633392888826,
    "migration_rate": 0.021739130434782608,
    "weighted_avg_only_violated_deadline": 0.004435435911496115,
    "avg_response_time": 0.19565772678337387,
    "avg_unavailability": 0.015338185045929657,
    "overall_response_time": 22.69629630687136,
    "time": 32400.0,
    "weighted_avg_deadline_violation": 0.00225167896215301,
    "overall_cost": 207.28736481556717,
    "deadline_satisfaction": 0.47413793103448276,
    "weighted_overall_response_time": 1998.3231426438808,
    "max_migration_cost": 35.064270524587556,
    "max_response_time": 0.7999967763998799,
    "avg_cost": 4.506247061207983,
    "overall_migration_cost": 35.064270524587556,
    "elapsed_time": 64.94955670833588,
    "opt": "LLCOptimizer",
    "overall_power_consumption": 1294.5391079608157,
    "valid": true,
    "weighted_deadline_satisfaction": 0.49234325394784056,
    "weighted_overall_deadline_violation": 72.86555040222646,
    "weighted_migration_rate": 0.020357041896684778,
    "overall_deadline_violation": 0.12857490314671535,
    "avg_deadline_violation": 0.0011084043374716837,
    "avg_migration_cost": 35.064270524587556,
    "weighted_avg_response_time": 0.06175184507680915
  },
  {
    "max_cost": 26.72196936142546,
    "avg_only_violated_deadline": 0.002345799257972769,
    "max_deadline_violation": 0.009600586637581853,
    "migration_rate": 0.0625,
    "weighted_avg_only_violated_deadline": 0.005930661399957719,
    "avg_response_time": 0.19186908147457293,
    "avg_unavailability": 0.006410266019406698,
    "overall_response_time": 20.913729880728454,
    "time": 34200.0,
    "weighted_avg_deadline_violation": 0.003662770749111782,
    "overall_cost": 224.46356339489424,
    "deadline_satisfaction": 0.5229357798165137,
    "weighted_overall_response_time": 2071.2712619465315,
    "max_migration_cost": 78.73242267549969,
    "max_response_time": 0.7999993591237355,
    "avg_cost": 4.67632423739363,
    "overall_migration_cost": 79.76910564046032,
    "elapsed_time": 65.07391437888145,
    "opt": "LLCOptimizer",
    "overall_power_consumption": 1281.79170739863,
    "valid": true,
    "weighted_deadline_satisfaction": 0.3824009664187042,
    "weighted_overall_deadline_violation": 151.65937135318154,
    "weighted_migration_rate": 0.006818677279456049,
    "overall_deadline_violation": 0.121981561414584,
    "avg_deadline_violation": 0.0011190968937117797,
    "avg_migration_cost": 26.58970188015344,
    "weighted_avg_response_time": 0.05002389053866036
  },
  {
    "max_cost": 17.892252255566035,
    "avg_only_violated_deadline": 0.0020218483316621987,
    "max_deadline_violation": 0.009600613122290044,
    "migration_rate": 0.025,
    "weighted_avg_only_violated_deadline": 0.0051549042482772955,
    "avg_response_time": 0.21001088130607085,
    "avg_unavailability": 0.007381451067653462,
    "overall_response_time": 24.15125135019815,
    "time": 36000.0,
    "weighted_avg_deadline_violation": 0.0029378417718101146,
    "overall_cost": 214.572544057165,
    "deadline_satisfaction": 0.45217391304347826,
    "weighted_overall_response_time": 1939.7808830018673,
    "max_migration_cost": 5.291,
    "max_response_time": 0.8009298266565746,
    "avg_cost": 5.364313601429126,
    "overall_migration_cost": 5.291,
    "elapsed_time": 66.20764988660812,
    "opt": "LLCOptimizer",
    "overall_power_consumption": 1290.07693043818,
    "valid": true,
    "weighted_deadline_satisfaction": 0.4300880035178336,
    "weighted_overall_deadline_violation": 105.75610421791052,
    "weighted_migration_rate": 0.043438430932711464,
    "overall_deadline_violation": 0.12737644489471858,
    "avg_deadline_violation": 0.001107621259954074,
    "avg_migration_cost": 5.291,
    "weighted_avg_response_time": 0.05388596098906287
  },
  {
    "max_cost": 17.999602637776942,
    "avg_only_violated_deadline": 0.0022479742759874397,
    "max_deadline_violation": 0.009600631359207044,
    "migration_rate": 0.07317073170731707,
    "weighted_avg_only_violated_deadline": 0.004438939643051931,
    "avg_response_time": 0.19438284918354426,
    "avg_unavailability": 0.015497745255360084,
    "overall_response_time": 21.38211341018987,
    "time": 37800.0,
    "weighted_avg_deadline_violation": 0.002355592408279627,
    "overall_cost": 207.44633690155877,
    "deadline_satisfaction": 0.43636363636363634,
    "weighted_overall_response_time": 1920.581487359961,
    "max_migration_cost": 3.137640354590957,
    "max_response_time": 0.8009070953687993,
    "avg_cost": 5.059666753696555,
    "overall_migration_cost": 4.5676403545909565,
    "elapsed_time": 66.05688810348511,
    "opt": "LLCOptimizer",
    "overall_power_consumption": 1290.860453959414,
    "valid": true,
    "weighted_deadline_satisfaction": 0.46933443621682747,
    "weighted_overall_deadline_violation": 77.22603246436486,
    "weighted_migration_rate": 0.005673210341450921,
    "overall_deadline_violation": 0.1393744051112213,
    "avg_deadline_violation": 0.0012670400464656476,
    "avg_migration_cost": 1.5225467848636522,
    "weighted_avg_response_time": 0.05858266994611073
  },
  {
    "max_cost": 19.706000130543362,
    "avg_only_violated_deadline": 0.0021932775365018104,
    "max_deadline_violation": 0.009600632909508092,
    "migration_rate": 0.09090909090909091,
    "weighted_avg_only_violated_deadline": 0.004241370705471558,
    "avg_response_time": 0.19295068958748485,
    "avg_unavailability": 0.011549716467403203,
    "overall_response_time": 21.22457585462334,
    "time": 39600.0,
    "weighted_avg_deadline_violation": 0.002424101558050462,
    "overall_cost": 213.88734941857246,
    "deadline_satisfaction": 0.5,
    "weighted_overall_response_time": 1990.4030365287697,
    "max_migration_cost": 226.15103189725585,
    "max_response_time": 0.7999910197884165,
    "avg_cost": 4.861076123149374,
    "overall_migration_cost": 230.70346093191753,
    "elapsed_time": 66.4748348519206,
    "opt": "LLCOptimizer",
    "overall_power_consumption": 1285.9950118388513,
    "valid": true,
    "weighted_deadline_satisfaction": 0.42846270076716875,
    "weighted_overall_deadline_violation": 87.52341487685513,
    "weighted_migration_rate": 0.013559101566571224,
    "overall_deadline_violation": 0.1206302645075996,
    "avg_deadline_violation": 0.0010966387682509054,
    "avg_migration_cost": 57.67586523297938,
    "weighted_avg_response_time": 0.05512740914858519
  },
  {
    "max_cost": 37.43335232776146,
    "avg_only_violated_deadline": 0.0025725107341416855,
    "max_deadline_violation": 0.009600556784736581,
    "migration_rate": 0.0,
    "weighted_avg_only_violated_deadline": 0.006314429207446289,
    "avg_response_time": 0.1925727500109524,
    "avg_unavailability": 0.014526089047440084,
    "overall_response_time": 22.916157251303343,
    "time": 41400.0,
    "weighted_avg_deadline_violation": 0.004264319150553398,
    "overall_cost": 238.30315576193547,
    "deadline_satisfaction": 0.44537815126050423,
    "weighted_overall_response_time": 2105.5727354820856,
    "max_migration_cost": 0.0,
    "max_response_time": 0.80097132299597,
    "avg_cost": 5.812272091754523,
    "overall_migration_cost": 0.0,
    "elapsed_time": 66.48918018490076,
    "opt": "LLCOptimizer",
    "overall_power_consumption": 1281.1266476889864,
    "valid": true,
    "weighted_deadline_satisfaction": 0.3246706851151803,
    "weighted_overall_deadline_violation": 200.44157007679323,
    "weighted_migration_rate": 0.0,
    "overall_deadline_violation": 0.16978570845335128,
    "avg_deadline_violation": 0.0014267706592718595,
    "avg_migration_cost": 0.0,
    "weighted_avg_response_time": 0.044795269441161245
  },
  {
    "max_cost": 17.858444889137196,
    "avg_only_violated_deadline": 0.002264495032553942,
    "max_deadline_violation": 0.009600616922247555,
    "migration_rate": 0.18,
    "weighted_avg_only_violated_deadline": 0.0051710142041682975,
    "avg_response_time": 0.1858929880639591,
    "avg_unavailability": 0.006320986827938728,
    "overall_response_time": 21.563586615419247,
    "time": 43200.0,
    "weighted_avg_deadline_violation": 0.0028380488922675703,
    "overall_cost": 211.65841968321863,
    "deadline_satisfaction": 0.46551724137931033,
    "weighted_overall_response_time": 1677.699276340522,
    "max_migration_cost": 55.39965262269476,
    "max_response_time": 0.800950832406393,
    "avg_cost": 4.233168393664371,
    "overall_migration_cost": 95.90915566979172,
    "elapsed_time": 65.2103516459465,
    "opt": "LLCOptimizer",
    "overall_power_consumption": 1284.2895174088287,
    "valid": true,
    "weighted_deadline_satisfaction": 0.4511620389710299,
    "weighted_overall_deadline_violation": 100.06396225820384,
    "weighted_migration_rate": 0.011023202491000389,
    "overall_deadline_violation": 0.14039869201834443,
    "avg_deadline_violation": 0.0012103335518822793,
    "avg_migration_cost": 10.65657285219908,
    "weighted_avg_response_time": 0.04758349025286529
  },
  {
    "max_cost": 17.953773704976452,
    "avg_only_violated_deadline": 0.0021301057337512583,
    "max_deadline_violation": 0.009600639591425882,
    "migration_rate": 0.02127659574468085,
    "weighted_avg_only_violated_deadline": 0.0040435414994675865,
    "avg_response_time": 0.19727137876090103,
    "avg_unavailability": 0.02424630326546569,
    "overall_response_time": 22.68620855750363,
    "time": 45000.0,
    "weighted_avg_deadline_violation": 0.0021532495238678765,
    "overall_cost": 204.84447139368277,
    "deadline_satisfaction": 0.4956521739130435,
    "weighted_overall_response_time": 1709.465747920216,
    "max_migration_cost": 1.9937194725553313,
    "max_response_time": 0.8009836238738829,
    "avg_cost": 4.358393008376229,
    "overall_migration_cost": 1.9937194725553313,
    "elapsed_time": 66.15314711630344,
    "opt": "LLCOptimizer",
    "overall_power_consumption": 1283.4880727692532,
    "valid": true,
    "weighted_deadline_satisfaction": 0.4674842525663719,
    "weighted_overall_deadline_violation": 68.87553630746545,
    "weighted_migration_rate": 0.002683246476408234,
    "overall_deadline_violation": 0.12354613255757291,
    "avg_deadline_violation": 0.0010743141961528084,
    "avg_migration_cost": 1.9937194725553313,
    "weighted_avg_response_time": 0.05344286963292469
  },
  {
    "max_cost": 28.396913215012294,
    "avg_only_violated_deadline": 0.0024239234989287145,
    "max_deadline_violation": 0.0096005819694578,
    "migration_rate": 0.09090909090909091,
    "weighted_avg_only_violated_deadline": 0.006293377289440205,
    "avg_response_time": 0.2117348333620289,
    "avg_unavailability": 0.01613000919183994,
    "overall_response_time": 24.349505836633334,
    "time": 46800.0,
    "weighted_avg_deadline_violation": 0.003802991751698238,
    "overall_cost": 222.39681222334664,
    "deadline_satisfaction": 0.48695652173913045,
    "weighted_overall_response_time": 1719.0630669890113,
    "max_migration_cost": 53.89881348595961,
    "max_response_time": 0.8009384449670504,
    "avg_cost": 5.054473005076061,
    "overall_migration_cost": 70.20514729057282,
    "elapsed_time": 66.32991657406092,
    "opt": "LLCOptimizer",
    "overall_power_consumption": 1272.1185284653839,
    "valid": true,
    "weighted_deadline_satisfaction": 0.39571527706127513,
    "weighted_overall_deadline_violation": 155.85416631809252,
    "weighted_migration_rate": 0.00967444461813076,
    "overall_deadline_violation": 0.14301148643679415,
    "avg_deadline_violation": 0.0012435781429286448,
    "avg_migration_cost": 17.551286822643206,
    "weighted_avg_response_time": 0.0419467943581651
  },
  {
    "max_cost": 25.222917379358158,
    "avg_only_violated_deadline": 0.0022607467061643155,
    "max_deadline_violation": 0.009600590815496024,
    "migration_rate": 0.2,
    "weighted_avg_only_violated_deadline": 0.006144567318492471,
    "avg_response_time": 0.21756947707150723,
    "avg_unavailability": 0.021356088008193018,
    "overall_response_time": 25.23805934029484,
    "time": 48600.0,
    "weighted_avg_deadline_violation": 0.0035659167631009524,
    "overall_cost": 222.00243869271242,
    "deadline_satisfaction": 0.4827586206896552,
    "weighted_overall_response_time": 1821.3763837096396,
    "max_migration_cost": 424.0868047517117,
    "max_response_time": 0.8009618756468805,
    "avg_cost": 4.4400487738542465,
    "overall_migration_cost": 442.9909493644376,
    "elapsed_time": 66.44239349663258,
    "opt": "LLCOptimizer",
    "overall_power_consumption": 1283.814227871266,
    "valid": true,
    "weighted_deadline_satisfaction": 0.4196634883681562,
    "weighted_overall_deadline_violation": 140.80304477547583,
    "weighted_migration_rate": 0.02085985875899572,
    "overall_deadline_violation": 0.13564480236985896,
    "avg_deadline_violation": 0.0011693517445677494,
    "avg_migration_cost": 44.29909493644376,
    "weighted_avg_response_time": 0.04612738729438066
  },
  {
    "max_cost": 26.399491802055948,
    "avg_only_violated_deadline": 0.0024685563372795483,
    "max_deadline_violation": 0.009600587536338408,
    "migration_rate": 0.061224489795918366,
    "weighted_avg_only_violated_deadline": 0.006048370780935679,
    "avg_response_time": 0.20291014512464106,
    "avg_unavailability": 0.016130004754715987,
    "overall_response_time": 22.523026108835158,
    "time": 50400.0,
    "weighted_avg_deadline_violation": 0.0036387536438405397,
    "overall_cost": 222.32303012347336,
    "deadline_satisfaction": 0.5045045045045045,
    "weighted_overall_response_time": 2041.3533202516878,
    "max_migration_cost": 58.473211160254586,
    "max_response_time": 0.8009323702820847,
    "avg_cost": 4.537204696397416,
    "overall_migration_cost": 64.23721116025459,
    "elapsed_time": 66.63255127519369,
    "opt": "LLCOptimizer",
    "overall_power_consumption": 1280.511230766267,
    "valid": true,
    "weighted_deadline_satisfaction": 0.39839110801378075,
    "weighted_overall_deadline_violation": 146.20506877962725,
    "weighted_migration_rate": 0.008658706066569186,
    "overall_deadline_violation": 0.1357705985503752,
    "avg_deadline_violation": 0.0012231585454988753,
    "avg_migration_cost": 21.41240372008486,
    "weighted_avg_response_time": 0.05080522785176417
  },
  {
    "max_cost": 24.43640043561395,
    "avg_only_violated_deadline": 0.0024121300292614884,
    "max_deadline_violation": 0.009600599840128211,
    "migration_rate": 0.061224489795918366,
    "weighted_avg_only_violated_deadline": 0.005099027207191398,
    "avg_response_time": 0.20040836234862844,
    "avg_unavailability": 0.02413091693403872,
    "overall_response_time": 23.24737003244089,
    "time": 52200.0,
    "weighted_avg_deadline_violation": 0.0033782517767199293,
    "overall_cost": 226.40322928431095,
    "deadline_satisfaction": 0.5172413793103449,
    "weighted_overall_response_time": 1941.800649786066,
    "max_migration_cost": 2.8819999999999997,
    "max_response_time": 0.799981572543162,
    "avg_cost": 4.620474067026754,
    "overall_migration_cost": 4.311999999999999,
    "elapsed_time": 67.41300799697638,
    "opt": "LLCOptimizer",
    "overall_power_consumption": 1269.0295164773424,
    "valid": true,
    "weighted_deadline_satisfaction": 0.3374713176749828,
    "weighted_overall_deadline_violation": 148.18928203648977,
    "weighted_migration_rate": 0.004296902072005232,
    "overall_deadline_violation": 0.13507928163864336,
    "avg_deadline_violation": 0.0011644765658503737,
    "avg_migration_cost": 1.4373333333333331,
    "weighted_avg_response_time": 0.04426697670051739
  },
  {
    "max_cost": 23.55022727341477,
    "avg_only_violated_deadline": 0.0021772501468222865,
    "max_deadline_violation": 0.009600596874516993,
    "migration_rate": 0.08163265306122448,
    "weighted_avg_only_violated_deadline": 0.005770466162762857,
    "avg_response_time": 0.21223426347824925,
    "avg_unavailability": 0.016014618744081204,
    "overall_response_time": 24.619174563476918,
    "time": 54000.0,
    "weighted_avg_deadline_violation": 0.0033989244556837423,
    "overall_cost": 228.08762242695167,
    "deadline_satisfaction": 0.49137931034482757,
    "weighted_overall_response_time": 1902.2402094786303,
    "max_migration_cost": 60.45691579665248,
    "max_response_time": 0.8009303897177716,
    "avg_cost": 4.654849437284727,
    "overall_migration_cost": 67.28413092554804,
    "elapsed_time": 67.16070982068777,
    "opt": "LLCOptimizer",
    "overall_power_consumption": 1276.2209940850735,
    "valid": true,
    "weighted_deadline_satisfaction": 0.4109792242406353,
    "weighted_overall_deadline_violation": 148.49919332289926,
    "weighted_migration_rate": 0.00966419682579437,
    "overall_deadline_violation": 0.1284577586625149,
    "avg_deadline_violation": 0.0011073944712285768,
    "avg_migration_cost": 16.82103273138701,
    "weighted_avg_response_time": 0.04353943360839026
  },
  {
    "max_cost": 24.810202825018514,
    "avg_only_violated_deadline": 0.0022031966314739293,
    "max_deadline_violation": 0.009600597721221113,
    "migration_rate": 0.020833333333333332,
    "weighted_avg_only_violated_deadline": 0.005308881772010061,
    "avg_response_time": 0.20039738982609948,
    "avg_unavailability": 0.02413091696056168,
    "overall_response_time": 23.246097219827533,
    "time": 55800.0,
    "weighted_avg_deadline_violation": 0.0033827925547670694,
    "overall_cost": 232.17881580716502,
    "deadline_satisfaction": 0.5258620689655172,
    "weighted_overall_response_time": 2211.1598318082138,
    "max_migration_cost": 0.37133585104052685,
    "max_response_time": 0.7999854138832946,
    "avg_cost": 4.8370586626492695,
    "overall_migration_cost": 0.37133585104052685,
    "elapsed_time": 67.26598123461008,
    "opt": "LLCOptimizer",
    "overall_power_consumption": 1276.9218619637586,
    "valid": true,
    "weighted_deadline_satisfaction": 0.3628050689314431,
    "weighted_overall_deadline_violation": 154.00846520264923,
    "weighted_migration_rate": 0.0003057327725245453,
    "overall_deadline_violation": 0.12117581473106609,
    "avg_deadline_violation": 0.0010446190925091907,
    "avg_migration_cost": 0.37133585104052685,
    "weighted_avg_response_time": 0.04856807712873801
  },
  {
    "max_cost": 23.969278535872526,
    "avg_only_violated_deadline": 0.0024686108953094832,
    "max_deadline_violation": 0.009600597712032921,
    "migration_rate": 0.022727272727272728,
    "weighted_avg_only_violated_deadline": 0.005634383656893499,
    "avg_response_time": 0.2073733319431904,
    "avg_unavailability": 0.03501680114450416,
    "overall_response_time": 24.055306505410087,
    "time": 57600.0,
    "weighted_avg_deadline_violation": 0.0033802927777586973,
    "overall_cost": 228.65655048600732,
    "deadline_satisfaction": 0.5,
    "weighted_overall_response_time": 1905.3283307062898,
    "max_migration_cost": 0.715,
    "max_response_time": 0.7999786698832467,
    "avg_cost": 5.196739783772893,
    "overall_migration_cost": 0.715,
    "elapsed_time": 66.07661928236485,
    "opt": "LLCOptimizer",
    "overall_power_consumption": 1274.767839729974,
    "valid": true,
    "weighted_deadline_satisfaction": 0.4000598852328751,
    "weighted_overall_deadline_violation": 149.03406483357264,
    "weighted_migration_rate": 0.000847486584853878,
    "overall_deadline_violation": 0.14317943192795002,
    "avg_deadline_violation": 0.0012343054476547416,
    "avg_migration_cost": 0.715,
    "weighted_avg_response_time": 0.043215405838509025
  },
  {
    "max_cost": 23.349807759880385,
    "avg_only_violated_deadline": 0.0022596920781430174,
    "max_deadline_violation": 0.009600596073873396,
    "migration_rate": 0.045454545454545456,
    "weighted_avg_only_violated_deadline": 0.005853590751131125,
    "avg_response_time": 0.2071500716000172,
    "avg_unavailability": 0.035016801441804295,
    "overall_response_time": 24.650858520402046,
    "time": 59400.0,
    "weighted_avg_deadline_violation": 0.0034302131028703916,
    "overall_cost": 226.24463033890456,
    "deadline_satisfaction": 0.5378151260504201,
    "weighted_overall_response_time": 1778.3099133527542,
    "max_migration_cost": 0.802888214321775,
    "max_response_time": 0.7999831874096981,
    "avg_cost": 5.141923416793286,
    "overall_migration_cost": 1.5178882143217751,
    "elapsed_time": 67.21672637015581,
    "opt": "LLCOptimizer",
    "overall_power_consumption": 1272.4545494048036,
    "valid": true,
    "weighted_deadline_satisfaction": 0.4139984756864746,
    "weighted_overall_deadline_violation": 148.36221413628144,
    "weighted_migration_rate": 0.002180541287697547,
    "overall_deadline_violation": 0.12428306429786595,
    "avg_deadline_violation": 0.0010443954983013946,
    "avg_migration_cost": 0.7589441071608876,
    "weighted_avg_response_time": 0.041115468660663505
  },
  {
    "max_cost": 24.12297754521569,
    "avg_only_violated_deadline": 0.002074199975318416,
    "max_deadline_violation": 0.009600645992569237,
    "migration_rate": 0.047619047619047616,
    "weighted_avg_only_violated_deadline": 0.004036301877144489,
    "avg_response_time": 0.22663182096113763,
    "avg_unavailability": 0.0350168047752842,
    "overall_response_time": 26.06265941053083,
    "time": 61200.0,
    "weighted_avg_deadline_violation": 0.0020816671619364106,
    "overall_cost": 212.91660123253976,
    "deadline_satisfaction": 0.45217391304347826,
    "weighted_overall_response_time": 1635.0849783177032,
    "max_migration_cost": 0.715,
    "max_response_time": 0.8009116096988609,
    "avg_cost": 5.069442886489042,
    "overall_migration_cost": 1.43,
    "elapsed_time": 66.99487968534231,
    "opt": "LLCOptimizer",
    "overall_power_consumption": 1277.657537812016,
    "valid": true,
    "weighted_deadline_satisfaction": 0.48426375794044946,
    "weighted_overall_deadline_violation": 76.22305272297426,
    "weighted_migration_rate": 0.0024158984230631285,
    "overall_deadline_violation": 0.1306745984450602,
    "avg_deadline_violation": 0.0011363008560440022,
    "avg_migration_cost": 0.715,
    "weighted_avg_response_time": 0.04465450522835808
  },
  {
    "max_cost": 27.16563629948772,
    "avg_only_violated_deadline": 0.002094882158812533,
    "max_deadline_violation": 0.009600625915567776,
    "migration_rate": 0.16,
    "weighted_avg_only_violated_deadline": 0.0046381293110353905,
    "avg_response_time": 0.2018655153196144,
    "avg_unavailability": 0.01638427667756403,
    "overall_response_time": 21.80147565451836,
    "time": 63000.0,
    "weighted_avg_deadline_violation": 0.0028129494313297474,
    "overall_cost": 217.61663112166076,
    "deadline_satisfaction": 0.5277777777777778,
    "weighted_overall_response_time": 1637.1961407903298,
    "max_migration_cost": 65.00377310385642,
    "max_response_time": 0.7999877039505541,
    "avg_cost": 4.352332622433215,
    "overall_migration_cost": 195.46096470235818,
    "elapsed_time": 67.78309419751167,
    "opt": "LLCOptimizer",
    "overall_power_consumption": 1264.282730867734,
    "valid": true,
    "weighted_deadline_satisfaction": 0.39351638501389724,
    "weighted_overall_deadline_violation": 111.17238325735913,
    "weighted_migration_rate": 0.03135609086859398,
    "overall_deadline_violation": 0.1068389900994392,
    "avg_deadline_violation": 0.0009892499083281406,
    "avg_migration_cost": 24.432620587794776,
    "weighted_avg_response_time": 0.04142530562244252
  },
  {
    "max_cost": 32.44743734561932,
    "avg_only_violated_deadline": 0.002243596929300317,
    "max_deadline_violation": 0.009600616401012098,
    "migration_rate": 0.061224489795918366,
    "weighted_avg_only_violated_deadline": 0.004737723401378999,
    "avg_response_time": 0.19333905388964326,
    "avg_unavailability": 0.016376965730486377,
    "overall_response_time": 22.620669305088278,
    "time": 64800.0,
    "weighted_avg_deadline_violation": 0.0030820182285081613,
    "overall_cost": 225.58486223850838,
    "deadline_satisfaction": 0.5213675213675214,
    "weighted_overall_response_time": 1646.6290524367007,
    "max_migration_cost": 4.801,
    "max_response_time": 0.8009764218141099,
    "avg_cost": 4.60377269874507,
    "overall_migration_cost": 5.8370707574449145,
    "elapsed_time": 67.0567450299859,
    "opt": "LLCOptimizer",
    "overall_power_consumption": 1261.87309625436,
    "valid": true,
    "weighted_deadline_satisfaction": 0.3494727388240762,
    "weighted_overall_deadline_violation": 135.34430885102708,
    "weighted_migration_rate": 0.01576487828864283,
    "overall_deadline_violation": 0.12564142804081777,
    "avg_deadline_violation": 0.0010738583593232285,
    "avg_migration_cost": 1.9456902524816382,
    "weighted_avg_response_time": 0.03749652126700799
  },
  {
    "max_cost": 32.82649826229982,
    "avg_only_violated_deadline": 0.0023812903280926246,
    "max_deadline_violation": 0.009600625056812966,
    "migration_rate": 0.043478260869565216,
    "weighted_avg_only_violated_deadline": 0.0047100342490128755,
    "avg_response_time": 0.2051901237104379,
    "avg_unavailability": 0.02520778214744133,
    "overall_response_time": 23.391674102989928,
    "time": 66600.0,
    "weighted_avg_deadline_violation": 0.0028156657372411962,
    "overall_cost": 226.39117988539948,
    "deadline_satisfaction": 0.543859649122807,
    "weighted_overall_response_time": 1696.3082931427944,
    "max_migration_cost": 15.607389252325762,
    "max_response_time": 0.8009715141890728,
    "avg_cost": 4.921547388813032,
    "overall_migration_cost": 16.02019523646644,
    "elapsed_time": 67.64884815365076,
    "opt": "LLCOptimizer",
    "overall_power_consumption": 1272.0406958129947,
    "valid": true,
    "weighted_deadline_satisfaction": 0.4021984579345044,
    "weighted_overall_deadline_violation": 120.94383066820349,
    "weighted_migration_rate": 0.016063478054450738,
    "overall_deadline_violation": 0.12382709706081652,
    "avg_deadline_violation": 0.0010862026057966358,
    "avg_migration_cost": 8.01009761823322,
    "weighted_avg_response_time": 0.03949136648320127
  },
  {
    "max_cost": 32.428011738465166,
    "avg_only_violated_deadline": 0.002635061706148683,
    "max_deadline_violation": 0.009600570734684417,
    "migration_rate": 0.06382978723404255,
    "weighted_avg_only_violated_deadline": 0.006384604879212777,
    "avg_response_time": 0.19328823460896116,
    "avg_unavailability": 0.017091483954461632,
    "overall_response_time": 21.454994041594688,
    "time": 68400.0,
    "weighted_avg_deadline_violation": 0.003982053367307039,
    "overall_cost": 235.8414550511307,
    "deadline_satisfaction": 0.5045045045045045,
    "weighted_overall_response_time": 1651.4622878912137,
    "max_migration_cost": 50.58430227844779,
    "max_response_time": 0.7999859628983765,
    "avg_cost": 5.017903298960229,
    "overall_migration_cost": 51.37330227844779,
    "elapsed_time": 66.65832017362118,
    "opt": "LLCOptimizer",
    "overall_power_consumption": 1268.2938733573926,
    "valid": true,
    "weighted_deadline_satisfaction": 0.37630386803231114,
    "weighted_overall_deadline_violation": 188.51098943617993,
    "weighted_migration_rate": 0.006918236500647413,
    "overall_deadline_violation": 0.14492839383817752,
    "avg_deadline_violation": 0.0013056612057493473,
    "avg_migration_cost": 17.124434092815928,
    "weighted_avg_response_time": 0.03488502704349849
  },
  {
    "max_cost": 29.702040327904285,
    "avg_only_violated_deadline": 0.002330695715770454,
    "max_deadline_violation": 0.009600589131637922,
    "migration_rate": 0.021739130434782608,
    "weighted_avg_only_violated_deadline": 0.005704048963244541,
    "avg_response_time": 0.20299174757135957,
    "avg_unavailability": 0.016287159101215944,
    "overall_response_time": 24.156017960991804,
    "time": 70200.0,
    "weighted_avg_deadline_violation": 0.0036115733717701267,
    "overall_cost": 235.32264273476443,
    "deadline_satisfaction": 0.48739495798319327,
    "weighted_overall_response_time": 1676.133895011603,
    "max_migration_cost": 48.001,
    "max_response_time": 0.7999853070861455,
    "avg_cost": 5.115709624668791,
    "overall_migration_cost": 48.001,
    "elapsed_time": 67.73276304453611,
    "opt": "LLCOptimizer",
    "overall_power_consumption": 1275.1749182875935,
    "valid": true,
    "weighted_deadline_satisfaction": 0.3668403979274728,
    "weighted_overall_deadline_violation": 168.61487262485653,
    "weighted_migration_rate": 0.005379358798063167,
    "overall_deadline_violation": 0.14217243866199766,
    "avg_deadline_violation": 0.0011947263753109049,
    "avg_migration_cost": 48.001,
    "weighted_avg_response_time": 0.03590122536944508
  },
  {
    "max_cost": 28.936199399028663,
    "avg_only_violated_deadline": 0.0020584153819120433,
    "max_deadline_violation": 0.00960062315834996,
    "migration_rate": 0.08333333333333333,
    "weighted_avg_only_violated_deadline": 0.004839341312463368,
    "avg_response_time": 0.19955851680455136,
    "avg_unavailability": 0.01601250200334513,
    "overall_response_time": 22.74967091571885,
    "time": 72000.0,
    "weighted_avg_deadline_violation": 0.002830082486717029,
    "overall_cost": 220.55468898288547,
    "deadline_satisfaction": 0.5175438596491229,
    "weighted_overall_response_time": 1637.7770570781483,
    "max_migration_cost": 14.971,
    "max_response_time": 0.79999379376891,
    "avg_cost": 4.594889353810114,
    "overall_migration_cost": 17.419,
    "elapsed_time": 67.57534037530422,
    "opt": "LLCOptimizer",
    "overall_power_consumption": 1275.8010958571676,
    "valid": true,
    "weighted_deadline_satisfaction": 0.41519262561035813,
    "weighted_overall_deadline_violation": 112.8785203511106,
    "weighted_migration_rate": 0.03857621646867237,
    "overall_deadline_violation": 0.11321284600516239,
    "avg_deadline_violation": 0.0009930951403961613,
    "avg_migration_cost": 4.35475,
    "weighted_avg_response_time": 0.041062233558399226
  },
  {
    "max_cost": 32.39330508262486,
    "avg_only_violated_deadline": 0.0021388830777254483,
    "max_deadline_violation": 0.009600625362203113,
    "migration_rate": 0.044444444444444446,
    "weighted_avg_only_violated_deadline": 0.004669237036698569,
    "avg_response_time": 0.18244065152379127,
    "avg_unavailability": 0.024235718074867883,
    "overall_response_time": 20.615793622188406,
    "time": 73800.0,
    "weighted_avg_deadline_violation": 0.002802308298073229,
    "overall_cost": 221.9707975126398,
    "deadline_satisfaction": 0.504424778761062,
    "weighted_overall_response_time": 1635.728515851318,
    "max_migration_cost": 0.715,
    "max_response_time": 0.7999909300559195,
    "avg_cost": 4.932684389169774,
    "overall_migration_cost": 0.7889999999999999,
    "elapsed_time": 67.14690151810646,
    "opt": "LLCOptimizer",
    "overall_power_consumption": 1273.5693623263137,
    "valid": true,
    "weighted_deadline_satisfaction": 0.39983593121358635,
    "weighted_overall_deadline_violation": 114.80964555144531,
    "weighted_migration_rate": 0.0026881738216149877,
    "overall_deadline_violation": 0.11977745235262513,
    "avg_deadline_violation": 0.00105997745444801,
    "avg_migration_cost": 0.39449999999999996,
    "weighted_avg_response_time": 0.03992535271186063
  },
  {
    "max_cost": 27.635296262926133,
    "avg_only_violated_deadline": 0.002362804185752292,
    "max_deadline_violation": 0.009600616496115294,
    "migration_rate": 0.02564102564102564,
    "weighted_avg_only_violated_deadline": 0.005364714113569614,
    "avg_response_time": 0.18344505836078212,
    "avg_unavailability": 0.02818778211793742,
    "overall_response_time": 19.628621244603668,
    "time": 75600.0,
    "weighted_avg_deadline_violation": 0.0029518382888670458,
    "overall_cost": 222.60705448246622,
    "deadline_satisfaction": 0.4485981308411215,
    "weighted_overall_response_time": 1567.2915607789787,
    "max_migration_cost": 0.715,
    "max_response_time": 0.7999993565786103,
    "avg_cost": 5.707873191858108,
    "overall_migration_cost": 0.715,
    "elapsed_time": 66.78434325009584,
    "opt": "LLCOptimizer",
    "overall_power_consumption": 1284.5043627937923,
    "valid": true,
    "weighted_deadline_satisfaction": 0.44976782986429686,
    "weighted_overall_deadline_violation": 118.03540678245811,
    "weighted_migration_rate": 0.0017441088557766519,
    "overall_deadline_violation": 0.13940544695938523,
    "avg_deadline_violation": 0.001302854644480236,
    "avg_migration_cost": 0.715,
    "weighted_avg_response_time": 0.0391949446783551
  },
  {
    "max_cost": 33.19562724347036,
    "avg_only_violated_deadline": 0.0023821861297027504,
    "max_deadline_violation": 0.009600597576863639,
    "migration_rate": 0.02564102564102564,
    "weighted_avg_only_violated_deadline": 0.005582081514762439,
    "avg_response_time": 0.1801807984870994,
    "avg_unavailability": 0.02818778211793742,
    "overall_response_time": 18.378441445684135,
    "time": 77400.0,
    "weighted_avg_deadline_violation": 0.0034352143055950083,
    "overall_cost": 236.18156258107012,
    "deadline_satisfaction": 0.46078431372549017,
    "weighted_overall_response_time": 1747.0291072973391,
    "max_migration_cost": 0.6410278080147506,
    "max_response_time": 0.7999944067997151,
    "avg_cost": 6.055937502078722,
    "overall_migration_cost": 0.6410278080147506,
    "elapsed_time": 65.20095510035753,
    "opt": "LLCOptimizer",
    "overall_power_consumption": 1281.932186128481,
    "valid": true,
    "weighted_deadline_satisfaction": 0.3845997596935483,
    "weighted_overall_deadline_violation": 159.12958916402172,
    "weighted_migration_rate": 0.0009260207719195815,
    "overall_deadline_violation": 0.13102023713365132,
    "avg_deadline_violation": 0.0012845121287612866,
    "avg_migration_cost": 0.6410278080147506,
    "weighted_avg_response_time": 0.03771403805669841
  },
  {
    "max_cost": 33.80268966917328,
    "avg_only_violated_deadline": 0.0026091949397246098,
    "max_deadline_violation": 0.009600583216463596,
    "migration_rate": 0.07317073170731707,
    "weighted_avg_only_violated_deadline": 0.00595604788823235,
    "avg_response_time": 0.187712129977654,
    "avg_unavailability": 0.019099419856937427,
    "overall_response_time": 19.897485777631314,
    "time": 79200.0,
    "weighted_avg_deadline_violation": 0.0037577797797587555,
    "overall_cost": 238.19081018311715,
    "deadline_satisfaction": 0.4811320754716981,
    "weighted_overall_response_time": 1857.549666014914,
    "max_migration_cost": 61.27081489002942,
    "max_response_time": 0.7999993581052052,
    "avg_cost": 5.809531955685784,
    "overall_migration_cost": 76.95681489002942,
    "elapsed_time": 65.75314906984568,
    "opt": "LLCOptimizer",
    "overall_power_consumption": 1276.0905834819275,
    "valid": true,
    "weighted_deadline_satisfaction": 0.3690816712230971,
    "weighted_overall_deadline_violation": 179.85938747998367,
    "weighted_migration_rate": 0.02613137808683578,
    "overall_deadline_violation": 0.14350572168485354,
    "avg_deadline_violation": 0.001353827563064656,
    "avg_migration_cost": 25.652271630009807,
    "weighted_avg_response_time": 0.03880955380005002
  },
  {
    "max_cost": 39.058616683465196,
    "avg_only_violated_deadline": 0.0027645324266678097,
    "max_deadline_violation": 0.009600605983859738,
    "migration_rate": 0.05,
    "weighted_avg_only_violated_deadline": 0.005096352383804065,
    "avg_response_time": 0.1805072476671645,
    "avg_unavailability": 0.020094818398937425,
    "overall_response_time": 19.675289995720902,
    "time": 81000.0,
    "weighted_avg_deadline_violation": 0.003337074867242919,
    "overall_cost": 234.332312323199,
    "deadline_satisfaction": 0.47706422018348627,
    "weighted_overall_response_time": 1678.0749685134608,
    "max_migration_cost": 14.971,
    "max_response_time": 0.79999936000051,
    "avg_cost": 5.858307808079975,
    "overall_migration_cost": 19.772,
    "elapsed_time": 67.53479091823101,
    "opt": "LLCOptimizer",
    "overall_power_consumption": 1274.207455037084,
    "valid": true,
    "weighted_deadline_satisfaction": 0.34520327168742015,
    "weighted_overall_deadline_violation": 154.6904377433792,
    "weighted_migration_rate": 0.02853637189702647,
    "overall_deadline_violation": 0.15757834832006515,
    "avg_deadline_violation": 0.0014456729203675702,
    "avg_migration_cost": 9.886,
    "weighted_avg_response_time": 0.03620043930618071
  },
  {
    "max_cost": 39.68638989174605,
    "avg_only_violated_deadline": 0.0024899185870492805,
    "max_deadline_violation": 0.00960058125545148,
    "migration_rate": 0.07142857142857142,
    "weighted_avg_only_violated_deadline": 0.005592457161606641,
    "avg_response_time": 0.17559767444773663,
    "avg_unavailability": 0.017278386918191724,
    "overall_response_time": 19.315744189251024,
    "time": 82800.0,
    "weighted_avg_deadline_violation": 0.003851190797046968,
    "overall_cost": 246.48454266259156,
    "deadline_satisfaction": 0.509090909090909,
    "weighted_overall_response_time": 1572.5370388401868,
    "max_migration_cost": 178.23616960572735,
    "max_response_time": 0.7999993600005121,
    "avg_cost": 5.868679587204561,
    "overall_migration_cost": 193.5200104864277,
    "elapsed_time": 68.12148720026016,
    "opt": "LLCOptimizer",
    "overall_power_consumption": 1283.5858938011602,
    "valid": true,
    "weighted_deadline_satisfaction": 0.31135980379319156,
    "weighted_overall_deadline_violation": 192.50832483440416,
    "weighted_migration_rate": 0.018096345633449022,
    "overall_deadline_violation": 0.13445560370066117,
    "avg_deadline_violation": 0.0012223236700060107,
    "avg_migration_cost": 64.50667016214257,
    "weighted_avg_response_time": 0.03145910794874097
  },
  {
    "max_cost": 35.38299152756853,
    "avg_only_violated_deadline": 0.002356383918950913,
    "max_deadline_violation": 0.009600596943338376,
    "migration_rate": 0.04878048780487805,
    "weighted_avg_only_violated_deadline": 0.005383606067403266,
    "avg_response_time": 0.16945839431331564,
    "avg_unavailability": 0.010456702927937427,
    "overall_response_time": 19.14879855740467,
    "time": 84600.0,
    "weighted_avg_deadline_violation": 0.0035249633736894855,
    "overall_cost": 234.4685951604123,
    "deadline_satisfaction": 0.48672566371681414,
    "weighted_overall_response_time": 1475.0007174643492,
    "max_migration_cost": 48.001,
    "max_response_time": 0.79999749847713,
    "avg_cost": 5.718746223424691,
    "overall_migration_cost": 57.7386639002259,
    "elapsed_time": 67.74084547162056,
    "opt": "LLCOptimizer",
    "overall_power_consumption": 1274.9327977678945,
    "valid": true,
    "weighted_deadline_satisfaction": 0.3452412138710362,
    "weighted_overall_deadline_violation": 162.92408982308183,
    "weighted_migration_rate": 0.00868525246413851,
    "overall_deadline_violation": 0.1366702672991529,
    "avg_deadline_violation": 0.001209471392027902,
    "avg_migration_cost": 28.86933195011295,
    "weighted_avg_response_time": 0.03191255210247578
  }
]