[
  {
    "time": 0.0,
    "opt": "ClusterLLGAOptimizer",
    "elapsed_time": 137.42319899005815,
    "valid": true,
    "overall_deadline_violation": 0.4085221402881768,
    "weighted_overall_deadline_violation": 509.3170278480159,
    "max_deadline_violation": 0.011008550131468772,
    "avg_deadline_violation": 0.003890687050363587,
    "avg_only_violated_deadline": 0.005920610728814154,
    "weighted_avg_deadline_violation": 0.004655102400794368,
    "weighted_avg_only_violated_deadline": 0.0083237186990523,
    "deadline_satisfaction": 0.34285714285714286,
    "weighted_deadline_satisfaction": 0.4407424651046441,
    "overall_cost": 437.86185275448986,
    "max_cost": 70.34716627927324,
    "avg_cost": 15.637923312660355,
    "overall_migration_cost": 0.0,
    "max_migration_cost": 0.0,
    "avg_migration_cost": 0.0,
    "migration_rate": 0.0,
    "weighted_migration_rate": 0.0,
    "overall_response_time": 15.993386847068706,
    "weighted_overall_response_time": 3705.0938142643267,
    "max_response_time": 0.7110000850000858,
    "avg_response_time": 0.15231796997208302,
    "weighted_avg_response_time": 0.03386415565728353,
    "avg_unavailability": 0.013720817219787733,
    "overall_power_consumption": 1277.8444569917579
  },
  {
    "time": 1800.0,
    "opt": "ClusterLLGAOptimizer",
    "elapsed_time": 111.54843309381977,
    "valid": true,
    "overall_deadline_violation": 0.4730412408039487,
    "weighted_overall_deadline_violation": 599.5423940864159,
    "max_deadline_violation": 0.011007337400422673,
    "avg_deadline_violation": 0.004223582507178113,
    "avg_only_violated_deadline": 0.009460824816078971,
    "weighted_avg_deadline_violation": 0.005058831692522353,
    "weighted_avg_only_violated_deadline": 0.008745979375026507,
    "deadline_satisfaction": 0.5535714285714286,
    "weighted_deadline_satisfaction": 0.42158202351042934,
    "overall_cost": 472.4073053031362,
    "max_cost": 79.81600218810598,
    "avg_cost": 16.871689475112007,
    "overall_migration_cost": 0.0,
    "max_migration_cost": 0.0,
    "avg_migration_cost": 0.0,
    "migration_rate": 0.0,
    "weighted_migration_rate": 0.0,
    "overall_response_time": 7.537470552491121,
    "weighted_overall_response_time": 3071.2305659305234,
    "max_response_time": 0.7110000850000858,
    "avg_response_time": 0.06729884421867072,
    "weighted_avg_response_time": 0.02591449524707549,
    "avg_unavailability": 0.013720817219787733,
    "overall_power_consumption": 1252.4739701077008
  },
  {
    "time": 3600.0,
    "opt": "ClusterLLGAOptimizer",
    "elapsed_time": 178.3137250118889,
    "valid": true,
    "overall_deadline_violation": 0.551229276217014,
    "weighted_overall_deadline_violation": 645.4922136869758,
    "max_deadline_violation": 0.01100653047269902,
    "avg_deadline_violation": 0.004632178791739613,
    "avg_only_violated_deadline": 0.009503953038224381,
    "weighted_avg_deadline_violation": 0.005294237537490864,
    "weighted_avg_only_violated_deadline": 0.00897524058496242,
    "deadline_satisfaction": 0.5126050420168067,
    "weighted_deadline_satisfaction": 0.4101286213585067,
    "overall_cost": 462.5959584589233,
    "max_cost": 72.85904889625063,
    "avg_cost": 15.419865281964114,
    "overall_migration_cost": 285.6972356487798,
    "max_migration_cost": 279.7515473260135,
    "avg_migration_cost": 57.13944712975594,
    "migration_rate": 0.16666666666666666,
    "weighted_migration_rate": 0.0029222035774727445,
    "overall_response_time": 15.088740757413158,
    "weighted_overall_response_time": 3392.8435036285255,
    "max_response_time": 0.710994957057521,
    "avg_response_time": 0.12679614081859797,
    "weighted_avg_response_time": 0.027827631464587846,
    "avg_unavailability": 0.021549380286252244,
    "overall_power_consumption": 1221.4562817326705
  },
  {
    "time": 5400.0,
    "opt": "ClusterLLGAOptimizer",
    "elapsed_time": 139.46163904294372,
    "valid": true,
    "overall_deadline_violation": 0.5724716637855664,
    "weighted_overall_deadline_violation": 670.9643310598848,
    "max_deadline_violation": 0.011004145858515182,
    "avg_deadline_violation": 0.004770597198213057,
    "avg_only_violated_deadline": 0.00987020109975115,
    "weighted_avg_deadline_violation": 0.005511825104048523,
    "weighted_avg_only_violated_deadline": 0.008981921394357016,
    "deadline_satisfaction": 0.5166666666666667,
    "weighted_deadline_satisfaction": 0.3863423134039688,
    "overall_cost": 467.0455087392767,
    "max_cost": 77.57599791576529,
    "avg_cost": 15.568183624642558,
    "overall_migration_cost": 0.0,
    "max_migration_cost": 0.0,
    "avg_migration_cost": 0.0,
    "migration_rate": 0.0,
    "weighted_migration_rate": 0.0,
    "overall_response_time": 15.445103624370846,
    "weighted_overall_response_time": 3700.808640634365,
    "max_response_time": 0.7109732261454044,
    "avg_response_time": 0.12870919686975704,
    "weighted_avg_response_time": 0.030401332867436168,
    "avg_unavailability": 0.021549380286252244,
    "overall_power_consumption": 1253.7164309370169
  },
  {
    "time": 7200.0,
    "opt": "ClusterLLGAOptimizer",
    "elapsed_time": 198.20872137928382,
    "valid": true,
    "overall_deadline_violation": 0.5624283687895052,
    "weighted_overall_deadline_violation": 683.2200724614274,
    "max_deadline_violation": 0.011005146737127061,
    "avg_deadline_violation": 0.004848520420599183,
    "avg_only_violated_deadline": 0.009532684216771276,
    "weighted_avg_deadline_violation": 0.005539644125676216,
    "weighted_avg_only_violated_deadline": 0.008858929938885157,
    "deadline_satisfaction": 0.49137931034482757,
    "weighted_deadline_satisfaction": 0.37468247701557666,
    "overall_cost": 463.03134834763785,
    "max_cost": 90.88083057550742,
    "avg_cost": 14.936495107988316,
    "overall_migration_cost": 288.9129486576808,
    "max_migration_cost": 282.3390429396459,
    "avg_migration_cost": 48.152158109613474,
    "migration_rate": 0.1935483870967742,
    "weighted_migration_rate": 0.0023324648425691124,
    "overall_response_time": 15.489195642457467,
    "weighted_overall_response_time": 3710.7340038566044,
    "max_response_time": 0.7109853347761762,
    "avg_response_time": 0.1335275486418747,
    "weighted_avg_response_time": 0.030087151497692234,
    "avg_unavailability": 0.02155688223709053,
    "overall_power_consumption": 1220.456379780105
  },
  {
    "time": 9000.0,
    "opt": "ClusterLLGAOptimizer",
    "elapsed_time": 149.25796294631436,
    "valid": true,
    "overall_deadline_violation": 0.5514497055054507,
    "weighted_overall_deadline_violation": 632.8117432739783,
    "max_deadline_violation": 0.0110049863591902,
    "avg_deadline_violation": 0.004634031138701267,
    "avg_only_violated_deadline": 0.009847316169740194,
    "weighted_avg_deadline_violation": 0.00537888744387634,
    "weighted_avg_only_violated_deadline": 0.009104210720184984,
    "deadline_satisfaction": 0.5294117647058824,
    "weighted_deadline_satisfaction": 0.40918684670261585,
    "overall_cost": 461.00217490867107,
    "max_cost": 69.97128578839039,
    "avg_cost": 14.406317965895967,
    "overall_migration_cost": 1.6180498880220155,
    "max_migration_cost": 1.6180498880220155,
    "avg_migration_cost": 1.6180498880220155,
    "migration_rate": 0.03125,
    "weighted_migration_rate": 0.00019578460782403474,
    "overall_response_time": 14.863471468637343,
    "weighted_overall_response_time": 3338.486391468609,
    "max_response_time": 0.7109877322785092,
    "avg_response_time": 0.12490312158518768,
    "weighted_avg_response_time": 0.02837706904697536,
    "avg_unavailability": 0.02155562338592873,
    "overall_power_consumption": 1235.74786881423
  },
  {
    "time": 10800.0,
    "opt": "ClusterLLGAOptimizer",
    "elapsed_time": 214.2713120430708,
    "valid": true,
    "overall_deadline_violation": 0.5925283483268609,
    "weighted_overall_deadline_violation": 711.8508342901567,
    "max_deadline_violation": 0.011003330642027784,
    "avg_deadline_violation": 0.004778454421990813,
    "avg_only_violated_deadline": 0.009875472472114344,
    "weighted_avg_deadline_violation": 0.00563767248844527,
    "weighted_avg_only_violated_deadline": 0.009009059520491412,
    "deadline_satisfaction": 0.5161290322580645,
    "weighted_deadline_satisfaction": 0.37422186237950844,
    "overall_cost": 488.59118554774096,
    "max_cost": 86.39426562116743,
    "avg_cost": 14.805793501446695,
    "overall_migration_cost": 2.7745650549702856,
    "max_migration_cost": 1.5885233418639826,
    "avg_migration_cost": 0.6936412637425714,
    "migration_rate": 0.12121212121212122,
    "weighted_migration_rate": 0.0005198497296818374,
    "overall_response_time": 15.182119587661111,
    "weighted_overall_response_time": 3801.566326960461,
    "max_response_time": 0.7109784979405602,
    "avg_response_time": 0.12243644828758966,
    "weighted_avg_response_time": 0.030107411359398744,
    "avg_unavailability": 0.021555484841898773,
    "overall_power_consumption": 1260.1368929494483
  },
  {
    "time": 12600.0,
    "opt": "ClusterLLGAOptimizer",
    "elapsed_time": 162.2350592147559,
    "valid": true,
    "overall_deadline_violation": 0.5961080552238175,
    "weighted_overall_deadline_violation": 688.8842382977903,
    "max_deadline_violation": 0.011001641471142548,
    "avg_deadline_violation": 0.004807323025998524,
    "avg_only_violated_deadline": 0.009772263200390445,
    "weighted_avg_deadline_violation": 0.005632014689424407,
    "weighted_avg_only_violated_deadline": 0.009185449130559981,
    "deadline_satisfaction": 0.5080645161290323,
    "weighted_deadline_satisfaction": 0.3868547297609323,
    "overall_cost": 476.7363315679976,
    "max_cost": 71.60737838912777,
    "avg_cost": 14.898010361499924,
    "overall_migration_cost": 0.0,
    "max_migration_cost": 0.0,
    "avg_migration_cost": 0.0,
    "migration_rate": 0.0,
    "weighted_migration_rate": 0.0,
    "overall_response_time": 13.218120306544371,
    "weighted_overall_response_time": 3596.600088215405,
    "max_response_time": 0.7109737424590148,
    "avg_response_time": 0.10659774440761602,
    "weighted_avg_response_time": 0.029404221206840823,
    "avg_unavailability": 0.021555611859981,
    "overall_power_consumption": 1253.9466156495837
  },
  {
    "time": 14400.0,
    "opt": "ClusterLLGAOptimizer",
    "elapsed_time": 203.15417274367064,
    "valid": true,
    "overall_deadline_violation": 0.5518581289988667,
    "weighted_overall_deadline_violation": 655.7540505473678,
    "max_deadline_violation": 0.0110031149500531,
    "avg_deadline_violation": 0.004414865031990934,
    "avg_only_violated_deadline": 0.009514795327566666,
    "weighted_avg_deadline_violation": 0.00527049209426671,
    "weighted_avg_only_violated_deadline": 0.009097634795170442,
    "deadline_satisfaction": 0.536,
    "weighted_deadline_satisfaction": 0.4206744705706809,
    "overall_cost": 483.61819859204076,
    "max_cost": 73.65156571402503,
    "avg_cost": 15.600587051356156,
    "overall_migration_cost": 2910.2303888719866,
    "max_migration_cost": 2907.923972720574,
    "avg_migration_cost": 727.5575972179967,
    "migration_rate": 0.12903225806451613,
    "weighted_migration_rate": 0.001183423754037607,
    "overall_response_time": 13.110166353139268,
    "weighted_overall_response_time": 3681.5410457776998,
    "max_response_time": 0.7109917465009273,
    "avg_response_time": 0.1048813308251142,
    "weighted_avg_response_time": 0.029589650205428922,
    "avg_unavailability": 0.012638767248422288,
    "overall_power_consumption": 1255.4602207212347
  },
  {
    "time": 16200.0,
    "opt": "ClusterLLGAOptimizer",
    "elapsed_time": 175.35033659311011,
    "valid": true,
    "overall_deadline_violation": 0.595099660187256,
    "weighted_overall_deadline_violation": 645.9872493522353,
    "max_deadline_violation": 0.011002464181555219,
    "avg_deadline_violation": 0.004838208619408583,
    "avg_only_violated_deadline": 0.010086434918428065,
    "weighted_avg_deadline_violation": 0.005428925806976286,
    "weighted_avg_only_violated_deadline": 0.009187269820923443,
    "deadline_satisfaction": 0.5203252032520326,
    "weighted_deadline_satisfaction": 0.4090817062309149,
    "overall_cost": 467.77823676966995,
    "max_cost": 68.57598560734826,
    "avg_cost": 15.089620540957092,
    "overall_migration_cost": 0.0,
    "max_migration_cost": 0.0,
    "avg_migration_cost": 0.0,
    "migration_rate": 0.0,
    "weighted_migration_rate": 0.0,
    "overall_response_time": 15.092938364962759,
    "weighted_overall_response_time": 3640.4584006854534,
    "max_response_time": 0.7109698213095053,
    "avg_response_time": 0.12270681597530698,
    "weighted_avg_response_time": 0.030594688332506625,
    "avg_unavailability": 0.012638767248422288,
    "overall_power_consumption": 1251.958733929881
  },
  {
    "time": 18000.0,
    "opt": "ClusterLLGAOptimizer",
    "elapsed_time": 208.6060942984186,
    "valid": true,
    "overall_deadline_violation": 0.5944656236547251,
    "weighted_overall_deadline_violation": 673.0523793328764,
    "max_deadline_violation": 0.011003985964164686,
    "avg_deadline_violation": 0.0047179811401168665,
    "avg_only_violated_deadline": 0.009588155220237503,
    "weighted_avg_deadline_violation": 0.0054720287946171085,
    "weighted_avg_only_violated_deadline": 0.009019000539342403,
    "deadline_satisfaction": 0.5079365079365079,
    "weighted_deadline_satisfaction": 0.393277695156221,
    "overall_cost": 476.39621061975333,
    "max_cost": 81.29931853897521,
    "avg_cost": 15.879873687325109,
    "overall_migration_cost": 2.508315638452193,
    "max_migration_cost": 1.3745008006772232,
    "avg_migration_cost": 1.2541578192260965,
    "migration_rate": 0.06666666666666667,
    "weighted_migration_rate": 0.00031503857483964286,
    "overall_response_time": 14.280472749651443,
    "weighted_overall_response_time": 3641.047718256036,
    "max_response_time": 0.7109838407307764,
    "avg_response_time": 0.11333708531469384,
    "weighted_avg_response_time": 0.02960232898458863,
    "avg_unavailability": 0.021567468103193183,
    "overall_power_consumption": 1262.8179085774404
  },
  {
    "time": 19800.0,
    "opt": "ClusterLLGAOptimizer",
    "elapsed_time": 169.23897290602326,
    "valid": true,
    "overall_deadline_violation": 0.5443497294914535,
    "weighted_overall_deadline_violation": 728.6574001911099,
    "max_deadline_violation": 0.011000347254418286,
    "avg_deadline_violation": 0.004536247745762112,
    "avg_only_violated_deadline": 0.009385340163645749,
    "weighted_avg_deadline_violation": 0.005632830187542575,
    "weighted_avg_only_violated_deadline": 0.009120336511333165,
    "deadline_satisfaction": 0.5166666666666667,
    "weighted_deadline_satisfaction": 0.38238789977287846,
    "overall_cost": 500.1766546562778,
    "max_cost": 82.7862555135984,
    "avg_cost": 15.630520458008679,
    "overall_migration_cost": 3.301426783166683,
    "max_migration_cost": 1.6507133915833414,
    "avg_migration_cost": 1.6507133915833414,
    "migration_rate": 0.0625,
    "weighted_migration_rate": 0.0002771302862164511,
    "overall_response_time": 13.433378661401466,
    "weighted_overall_response_time": 4094.7525782734197,
    "max_response_time": 0.7109935125571976,
    "avg_response_time": 0.11194482217834552,
    "weighted_avg_response_time": 0.03165417098264133,
    "avg_unavailability": 0.021555611941827257,
    "overall_power_consumption": 1254.2297567655185
  },
  {
    "time": 21600.0,
    "opt": "ClusterLLGAOptimizer",
    "elapsed_time": 222.16716620791703,
    "valid": true,
    "overall_deadline_violation": 0.5441634303513169,
    "weighted_overall_deadline_violation": 655.5710700789222,
    "max_deadline_violation": 0.011002393051609091,
    "avg_deadline_violation": 0.004534695252927638,
    "avg_only_violated_deadline": 0.009069390505855276,
    "weighted_avg_deadline_violation": 0.005437862795172314,
    "weighted_avg_only_violated_deadline": 0.009135845314283419,
    "deadline_satisfaction": 0.5,
    "weighted_deadline_satisfaction": 0.404777269305283,
    "overall_cost": 474.71711660986165,
    "max_cost": 78.04847915339919,
    "avg_cost": 12.49255570025952,
    "overall_migration_cost": 11508.557826174398,
    "max_migration_cost": 3361.9043510928705,
    "avg_migration_cost": 1278.7286473527108,
    "migration_rate": 0.23684210526315788,
    "weighted_migration_rate": 0.0038283063481744355,
    "overall_response_time": 15.339587940926044,
    "weighted_overall_response_time": 3866.3234377220037,
    "max_response_time": 0.7109963911065135,
    "avg_response_time": 0.12782989950771692,
    "weighted_avg_response_time": 0.03207056768621611,
    "avg_unavailability": 0.006847998274035067,
    "overall_power_consumption": 1245.3519491184811
  },
  {
    "time": 23400.0,
    "opt": "ClusterLLGAOptimizer",
    "elapsed_time": 208.6364076519385,
    "valid": true,
    "overall_deadline_violation": 0.5369313879630042,
    "weighted_overall_deadline_violation": 623.8019389136243,
    "max_deadline_violation": 0.011003403633944933,
    "avg_deadline_violation": 0.004474428233025038,
    "avg_only_violated_deadline": 0.009943173851166751,
    "weighted_avg_deadline_violation": 0.005129982282721913,
    "weighted_avg_only_violated_deadline": 0.009125427040092029,
    "deadline_satisfaction": 0.55,
    "weighted_deadline_satisfaction": 0.4378364694404288,
    "overall_cost": 482.2252374992024,
    "max_cost": 88.3566986506833,
    "avg_cost": 13.033114527005468,
    "overall_migration_cost": 0.0,
    "max_migration_cost": 0.0,
    "avg_migration_cost": 0.0,
    "migration_rate": 0.0,
    "weighted_migration_rate": 0.0,
    "overall_response_time": 13.636199768877981,
    "weighted_overall_response_time": 3631.600529069519,
    "max_response_time": 0.7109965840148403,
    "avg_response_time": 0.11363499807398321,
    "weighted_avg_response_time": 0.029865322965323134,
    "avg_unavailability": 0.006953953257774067,
    "overall_power_consumption": 1242.104274825959
  },
  {
    "time": 25200.0,
    "opt": "ClusterLLGAOptimizer",
    "elapsed_time": 234.59306247904897,
    "valid": true,
    "overall_deadline_violation": 0.5207833218640788,
    "weighted_overall_deadline_violation": 599.9415140174775,
    "max_deadline_violation": 0.011003084839310617,
    "avg_deadline_violation": 0.004413417981898974,
    "avg_only_violated_deadline": 0.009644135590075535,
    "weighted_avg_deadline_violation": 0.005399023602902279,
    "weighted_avg_only_violated_deadline": 0.009238845207379604,
    "deadline_satisfaction": 0.5423728813559322,
    "weighted_deadline_satisfaction": 0.41561705151313033,
    "overall_cost": 438.64408591754545,
    "max_cost": 76.97246843735608,
    "avg_cost": 13.292245027804407,
    "overall_migration_cost": 56.28553233088823,
    "max_migration_cost": 40.345345564145276,
    "avg_migration_cost": 11.257106466177646,
    "migration_rate": 0.15151515151515152,
    "weighted_migration_rate": 0.0015271384362223752,
    "overall_response_time": 12.327850502550843,
    "weighted_overall_response_time": 3386.8900523441625,
    "max_response_time": 0.7109954102496866,
    "avg_response_time": 0.10447330934365105,
    "weighted_avg_response_time": 0.030479469924643964,
    "avg_unavailability": 0.01312905269856863,
    "overall_power_consumption": 1224.8125681644533
  },
  {
    "time": 27000.0,
    "opt": "ClusterLLGAOptimizer",
    "elapsed_time": 192.9185588969849,
    "valid": true,
    "overall_deadline_violation": 0.5591010691963861,
    "weighted_overall_deadline_violation": 625.6097409209399,
    "max_deadline_violation": 0.011001206999602317,
    "avg_deadline_violation": 0.004582795649150707,
    "avg_only_violated_deadline": 0.009808790687655899,
    "weighted_avg_deadline_violation": 0.005365420194175316,
    "weighted_avg_only_violated_deadline": 0.009204702642676905,
    "deadline_satisfaction": 0.5327868852459017,
    "weighted_deadline_satisfaction": 0.4171001060589452,
    "overall_cost": 462.83979613620875,
    "max_cost": 79.20158595078371,
    "avg_cost": 14.0254483677639,
    "overall_migration_cost": 1.3677980434621948,
    "max_migration_cost": 1.3677980434621948,
    "avg_migration_cost": 1.3677980434621948,
    "migration_rate": 0.030303030303030304,
    "weighted_migration_rate": 0.00015847247213164985,
    "overall_response_time": 14.405383996394146,
    "weighted_overall_response_time": 3731.8507826439522,
    "max_response_time": 0.7109814523895353,
    "avg_response_time": 0.11807691800323085,
    "weighted_avg_response_time": 0.03200549198829878,
    "avg_unavailability": 0.022046934483791993,
    "overall_power_consumption": 1249.1714978206155
  },
  {
    "time": 28800.0,
    "opt": "ClusterLLGAOptimizer",
    "elapsed_time": 239.62050402816385,
    "valid": true,
    "overall_deadline_violation": 0.5193990598173832,
    "weighted_overall_deadline_violation": 623.7737669457895,
    "max_deadline_violation": 0.011002392638459937,
    "avg_deadline_violation": 0.004364697981658682,
    "avg_only_violated_deadline": 0.009443619269406968,
    "weighted_avg_deadline_violation": 0.005482624835379957,
    "weighted_avg_only_violated_deadline": 0.009148883654164854,
    "deadline_satisfaction": 0.5378151260504201,
    "weighted_deadline_satisfaction": 0.4007329153339823,
    "overall_cost": 452.93398421164386,
    "max_cost": 73.10083526128766,
    "avg_cost": 13.321587770930702,
    "overall_migration_cost": 2912.0842806285027,
    "max_migration_cost": 2772.050703081023,
    "avg_migration_cost": 416.01204008978607,
    "migration_rate": 0.20588235294117646,
    "weighted_migration_rate": 0.00184216545190994,
    "overall_response_time": 14.568988076362965,
    "weighted_overall_response_time": 3803.5708339567964,
    "max_response_time": 0.7109930077685587,
    "avg_response_time": 0.12242847122994081,
    "weighted_avg_response_time": 0.033431274321593436,
    "avg_unavailability": 0.01263746717115209,
    "overall_power_consumption": 1228.0365966139534
  },
  {
    "time": 30600.0,
    "opt": "ClusterLLGAOptimizer",
    "elapsed_time": 212.0301954871975,
    "valid": true,
    "overall_deadline_violation": 0.5655022750894182,
    "weighted_overall_deadline_violation": 627.960079740054,
    "max_deadline_violation": 0.011002419356321055,
    "avg_deadline_violation": 0.004712518959078481,
    "avg_only_violated_deadline": 0.009750039225679616,
    "weighted_avg_deadline_violation": 0.005818263103322177,
    "weighted_avg_only_violated_deadline": 0.009094341641869673,
    "deadline_satisfaction": 0.5166666666666667,
    "weighted_deadline_satisfaction": 0.3602326223884832,
    "overall_cost": 431.89869020718857,
    "max_cost": 74.52342778097264,
    "avg_cost": 12.7029026531526,
    "overall_migration_cost": 1.4296525897638588,
    "max_migration_cost": 1.4296525897638588,
    "avg_migration_cost": 1.4296525897638588,
    "migration_rate": 0.029411764705882353,
    "weighted_migration_rate": 0.00017314949012078303,
    "overall_response_time": 15.537906004621174,
    "weighted_overall_response_time": 3683.5286965049177,
    "max_response_time": 0.7109790964067568,
    "avg_response_time": 0.12948255003850978,
    "weighted_avg_response_time": 0.03412914259418327,
    "avg_unavailability": 0.01263746717115209,
    "overall_power_consumption": 1230.470870406738
  },
  {
    "time": 32400.0,
    "opt": "ClusterLLGAOptimizer",
    "elapsed_time": 236.89686084399,
    "valid": true,
    "overall_deadline_violation": 0.5508690560367624,
    "weighted_overall_deadline_violation": 665.0198637214602,
    "max_deadline_violation": 0.01100108074700143,
    "avg_deadline_violation": 0.004515320131448871,
    "avg_only_violated_deadline": 0.009336763661640038,
    "weighted_avg_deadline_violation": 0.005834557528404429,
    "weighted_avg_only_violated_deadline": 0.009047611074730516,
    "deadline_satisfaction": 0.5163934426229508,
    "weighted_deadline_satisfaction": 0.3551272838528581,
    "overall_cost": 432.6029477450732,
    "max_cost": 84.13320121965177,
    "avg_cost": 12.723616110149214,
    "overall_migration_cost": 377.2803266925778,
    "max_migration_cost": 236.13261271877414,
    "avg_migration_cost": 47.160040836572215,
    "migration_rate": 0.23529411764705882,
    "weighted_migration_rate": 0.004687492515087466,
    "overall_response_time": 12.972417401827224,
    "weighted_overall_response_time": 3581.2731996949087,
    "max_response_time": 0.7110000769717367,
    "avg_response_time": 0.10633129017891155,
    "weighted_avg_response_time": 0.031420331404273305,
    "avg_unavailability": 0.012167729347652093,
    "overall_power_consumption": 1169.0000139759852
  },
  {
    "time": 34200.0,
    "opt": "ClusterLLGAOptimizer",
    "elapsed_time": 181.4540088637732,
    "valid": true,
    "overall_deadline_violation": 0.5458282450291156,
    "weighted_overall_deadline_violation": 672.3001580107893,
    "max_deadline_violation": 0.011001014583651936,
    "avg_deadline_violation": 0.004437628008366791,
    "avg_only_violated_deadline": 0.009924149909620277,
    "weighted_avg_deadline_violation": 0.005661328883274234,
    "weighted_avg_only_violated_deadline": 0.008951317510595965,
    "deadline_satisfaction": 0.5528455284552846,
    "weighted_deadline_satisfaction": 0.36754238953397256,
    "overall_cost": 463.0438993386741,
    "max_cost": 93.06362301293824,
    "avg_cost": 14.031633313293154,
    "overall_migration_cost": 0.0,
    "max_migration_cost": 0.0,
    "avg_migration_cost": 0.0,
    "migration_rate": 0.0,
    "weighted_migration_rate": 0.0,
    "overall_response_time": 12.957553258222193,
    "weighted_overall_response_time": 3681.519533138167,
    "max_response_time": 0.7109779932197556,
    "avg_response_time": 0.10534596144896093,
    "weighted_avg_response_time": 0.031001469535514945,
    "avg_unavailability": 0.013139793418652094,
    "overall_power_consumption": 1226.6180492249903
  },
  {
    "time": 36000.0,
    "opt": "ClusterLLGAOptimizer",
    "elapsed_time": 231.6488398197107,
    "valid": true,
    "overall_deadline_violation": 0.4983001101796693,
    "weighted_overall_deadline_violation": 553.2128169978346,
    "max_deadline_violation": 0.011003156642565584,
    "avg_deadline_violation": 0.004018549275642494,
    "avg_only_violated_deadline": 0.009401888871314512,
    "weighted_avg_deadline_violation": 0.00518289136155165,
    "weighted_avg_only_violated_deadline": 0.00914845954643984,
    "deadline_satisfaction": 0.5725806451612904,
    "weighted_deadline_satisfaction": 0.4334684068676245,
    "overall_cost": 424.64859936984595,
    "max_cost": 62.36654008824496,
    "avg_cost": 12.13281712485274,
    "overall_migration_cost": 5.85941921182209,
    "max_migration_cost": 1.2758689110281707,
    "avg_migration_cost": 1.171883842364418,
    "migration_rate": 0.14285714285714285,
    "weighted_migration_rate": 0.000837497875089615,
    "overall_response_time": 14.473942804035874,
    "weighted_overall_response_time": 3326.3546574545767,
    "max_response_time": 0.7109996818016798,
    "avg_response_time": 0.11672534519383779,
    "weighted_avg_response_time": 0.031163657619389367,
    "avg_unavailability": 0.013139776831992678,
    "overall_power_consumption": 1237.8117039118033
  },
  {
    "time": 37800.0,
    "opt": "ClusterLLGAOptimizer",
    "elapsed_time": 207.15538414008915,
    "valid": true,
    "overall_deadline_violation": 0.516673533134879,
    "weighted_overall_deadline_violation": 533.310505695403,
    "max_deadline_violation": 0.011005518755190208,
    "avg_deadline_violation": 0.004235028960121955,
    "avg_only_violated_deadline": 0.009936029483363048,
    "weighted_avg_deadline_violation": 0.004871385749315798,
    "weighted_avg_only_violated_deadline": 0.008999900579822676,
    "deadline_satisfaction": 0.5737704918032787,
    "weighted_deadline_satisfaction": 0.4587289374910209,
    "overall_cost": 434.786072369817,
    "max_cost": 67.28138542513959,
    "avg_cost": 12.4224592105662,
    "overall_migration_cost": 0.0,
    "max_migration_cost": 0.0,
    "avg_migration_cost": 0.0,
    "migration_rate": 0.0,
    "weighted_migration_rate": 0.0,
    "overall_response_time": 15.094954697762326,
    "weighted_overall_response_time": 3305.6991831688165,
    "max_response_time": 0.7110000849161489,
    "avg_response_time": 0.12372913686690433,
    "weighted_avg_response_time": 0.030195047201284207,
    "avg_unavailability": 0.013139776831992678,
    "overall_power_consumption": 1227.6686700817968
  },
  {
    "time": 39600.0,
    "opt": "ClusterLLGAOptimizer",
    "elapsed_time": 243.4954528422095,
    "valid": true,
    "overall_deadline_violation": 0.5391078252337685,
    "weighted_overall_deadline_violation": 630.8525338435564,
    "max_deadline_violation": 0.011001478947654103,
    "avg_deadline_violation": 0.004278633533601338,
    "avg_only_violated_deadline": 0.009801960458795791,
    "weighted_avg_deadline_violation": 0.005610660504442394,
    "weighted_avg_only_violated_deadline": 0.009002042312445549,
    "deadline_satisfaction": 0.5634920634920635,
    "weighted_deadline_satisfaction": 0.37673471089049254,
    "overall_cost": 428.342761454849,
    "max_cost": 83.07182035686006,
    "avg_cost": 15.864546720549962,
    "overall_migration_cost": 408.07530945539776,
    "max_migration_cost": 295.4575105843179,
    "avg_migration_cost": 102.01882736384944,
    "migration_rate": 0.14814814814814814,
    "weighted_migration_rate": 0.0018309447577330726,
    "overall_response_time": 10.844125750621515,
    "weighted_overall_response_time": 3534.5551082493575,
    "max_response_time": 0.7109985084576452,
    "avg_response_time": 0.08606449008429767,
    "weighted_avg_response_time": 0.03143553791534374,
    "avg_unavailability": 0.02264645820880456,
    "overall_power_consumption": 1194.0004769450359
  },
  {
    "time": 41400.0,
    "opt": "ClusterLLGAOptimizer",
    "elapsed_time": 225.06833618413657,
    "valid": true,
    "overall_deadline_violation": 0.6159802350578739,
    "weighted_overall_deadline_violation": 627.9519202887872,
    "max_deadline_violation": 0.011002979066054977,
    "avg_deadline_violation": 0.004702139198915064,
    "avg_only_violated_deadline": 0.009935165081578604,
    "weighted_avg_deadline_violation": 0.005726140834592746,
    "weighted_avg_only_violated_deadline": 0.00893866314911638,
    "deadline_satisfaction": 0.5267175572519084,
    "weighted_deadline_satisfaction": 0.35939628341864566,
    "overall_cost": 432.6197680480799,
    "max_cost": 86.22198408575589,
    "avg_cost": 16.02295437215111,
    "overall_migration_cost": 0.0,
    "max_migration_cost": 0.0,
    "avg_migration_cost": 0.0,
    "migration_rate": 0.0,
    "weighted_migration_rate": 0.0,
    "overall_response_time": 14.207690387960339,
    "weighted_overall_response_time": 3420.648708988229,
    "max_response_time": 0.7109803133329735,
    "avg_response_time": 0.1084556518164911,
    "weighted_avg_response_time": 0.031192063628576183,
    "avg_unavailability": 0.02264645820880456,
    "overall_power_consumption": 1242.9876244319369
  },
  {
    "time": 43200.0,
    "opt": "ClusterLLGAOptimizer",
    "elapsed_time": 250.68467586906627,
    "valid": true,
    "overall_deadline_violation": 0.5011016117625733,
    "weighted_overall_deadline_violation": 622.2576512740072,
    "max_deadline_violation": 0.011002104465296134,
    "avg_deadline_violation": 0.004246623828496383,
    "avg_only_violated_deadline": 0.008639682961423676,
    "weighted_avg_deadline_violation": 0.005729776425600491,
    "weighted_avg_only_violated_deadline": 0.008889457261921318,
    "deadline_satisfaction": 0.5084745762711864,
    "weighted_deadline_satisfaction": 0.35544136646627056,
    "overall_cost": 402.4567466328968,
    "max_cost": 87.27352746091873,
    "avg_cost": 11.498764189511338,
    "overall_migration_cost": 3739.4269086163968,
    "max_migration_cost": 3501.431187268415,
    "avg_migration_cost": 339.9479007833088,
    "migration_rate": 0.3142857142857143,
    "weighted_migration_rate": 0.004015735345801452,
    "overall_response_time": 14.237117057329522,
    "weighted_overall_response_time": 3580.856678182816,
    "max_response_time": 0.7109977299688153,
    "avg_response_time": 0.12065353438414833,
    "weighted_avg_response_time": 0.03297268926480619,
    "avg_unavailability": 0.013139776817172235,
    "overall_power_consumption": 1138.7456612073195
  },
  {
    "time": 45000.0,
    "opt": "ClusterLLGAOptimizer",
    "elapsed_time": 200.09171021683142,
    "valid": true,
    "overall_deadline_violation": 0.5181241092581748,
    "weighted_overall_deadline_violation": 653.7434867300327,
    "max_deadline_violation": 0.011000327665651233,
    "avg_deadline_violation": 0.00428201743188574,
    "avg_only_violated_deadline": 0.00996392517804182,
    "weighted_avg_deadline_violation": 0.0056355055131295465,
    "weighted_avg_only_violated_deadline": 0.009163534362284734,
    "deadline_satisfaction": 0.5702479338842975,
    "weighted_deadline_satisfaction": 0.3850074337775005,
    "overall_cost": 450.100092585359,
    "max_cost": 77.50951923443077,
    "avg_cost": 12.860002645295971,
    "overall_migration_cost": 0.0,
    "max_migration_cost": 0.0,
    "avg_migration_cost": 0.0,
    "migration_rate": 0.0,
    "weighted_migration_rate": 0.0,
    "overall_response_time": 13.765169991217764,
    "weighted_overall_response_time": 3720.770094160118,
    "max_response_time": 0.7109982475693026,
    "avg_response_time": 0.11376173546460958,
    "weighted_avg_response_time": 0.03207438514394855,
    "avg_unavailability": 0.013139776817172235,
    "overall_power_consumption": 1218.5257364171155
  },
  {
    "time": 46800.0,
    "opt": "ClusterLLGAOptimizer",
    "elapsed_time": 253.41782771795988,
    "valid": true,
    "overall_deadline_violation": 0.538258407039,
    "weighted_overall_deadline_violation": 642.9952318680761,
    "max_deadline_violation": 0.011001146743221127,
    "avg_deadline_violation": 0.004411954156057373,
    "avg_only_violated_deadline": 0.009611757268553563,
    "weighted_avg_deadline_violation": 0.005587148246145991,
    "weighted_avg_only_violated_deadline": 0.009186363298225858,
    "deadline_satisfaction": 0.5409836065573771,
    "weighted_deadline_satisfaction": 0.3917997726886083,
    "overall_cost": 444.8203968927593,
    "max_cost": 73.80850510746812,
    "avg_cost": 12.709154196935978,
    "overall_migration_cost": 1.8496440158050627,
    "max_migration_cost": 1.2512460558608103,
    "avg_migration_cost": 0.9248220079025313,
    "migration_rate": 0.05714285714285714,
    "weighted_migration_rate": 0.0002588378884439121,
    "overall_response_time": 14.40572108642012,
    "weighted_overall_response_time": 3819.379563144804,
    "max_response_time": 0.7109985348508983,
    "avg_response_time": 0.11807968103623036,
    "weighted_avg_response_time": 0.033187555319179364,
    "avg_unavailability": 0.013139776831992678,
    "overall_power_consumption": 1218.0453740166786
  },
  {
    "time": 48600.0,
    "opt": "ClusterLLGAOptimizer",
    "elapsed_time": 202.7063068547286,
    "valid": true,
    "overall_deadline_violation": 0.4981580573300131,
    "weighted_overall_deadline_violation": 592.9602435901201,
    "max_deadline_violation": 0.011002389896342571,
    "avg_deadline_violation": 0.004186202162437087,
    "avg_only_violated_deadline": 0.009963161146600267,
    "weighted_avg_deadline_violation": 0.005357391999192784,
    "weighted_avg_only_violated_deadline": 0.009060587613176635,
    "deadline_satisfaction": 0.5798319327731093,
    "weighted_deadline_satisfaction": 0.4087147293403313,
    "overall_cost": 423.32024756350125,
    "max_cost": 74.48343878458631,
    "avg_cost": 12.094864216100037,
    "overall_migration_cost": 0.0,
    "max_migration_cost": 0.0,
    "avg_migration_cost": 0.0,
    "migration_rate": 0.0,
    "weighted_migration_rate": 0.0,
    "overall_response_time": 13.983062553975156,
    "weighted_overall_response_time": 3709.755155490044,
    "max_response_time": 0.7109959628565862,
    "avg_response_time": 0.11750472734432908,
    "weighted_avg_response_time": 0.03351761404551219,
    "avg_unavailability": 0.013139776831992678,
    "overall_power_consumption": 1163.551003772261
  },
  {
    "time": 50400.0,
    "opt": "ClusterLLGAOptimizer",
    "elapsed_time": 242.6430066502653,
    "valid": true,
    "overall_deadline_violation": 0.5609787232973157,
    "weighted_overall_deadline_violation": 597.3994204602774,
    "max_deadline_violation": 0.011003446742346018,
    "avg_deadline_violation": 0.004382646275760281,
    "avg_only_violated_deadline": 0.00984173198767221,
    "weighted_avg_deadline_violation": 0.005212046347869425,
    "weighted_avg_only_violated_deadline": 0.008954783259178395,
    "deadline_satisfaction": 0.5546875,
    "weighted_deadline_satisfaction": 0.4179595198435174,
    "overall_cost": 442.49592761700416,
    "max_cost": 81.44871918619155,
    "avg_cost": 12.291553544916784,
    "overall_migration_cost": 741.1583141381192,
    "max_migration_cost": 740.4860586621184,
    "avg_migration_cost": 370.5791570690596,
    "migration_rate": 0.05555555555555555,
    "weighted_migration_rate": 0.000894196528657044,
    "overall_response_time": 14.929689056641305,
    "weighted_overall_response_time": 3709.4921614824107,
    "max_response_time": 0.7109992951749676,
    "avg_response_time": 0.11663819575501025,
    "weighted_avg_response_time": 0.03236368233803841,
    "avg_unavailability": 0.01216771276099268,
    "overall_power_consumption": 1212.7514232545082
  },
  {
    "time": 52200.0,
    "opt": "ClusterLLGAOptimizer",
    "elapsed_time": 207.19186823815107,
    "valid": true,
    "overall_deadline_violation": 0.49938979004129336,
    "weighted_overall_deadline_violation": 679.2261799474092,
    "max_deadline_violation": 0.011000749999120596,
    "avg_deadline_violation": 0.004305084396907703,
    "avg_only_violated_deadline": 0.00998779580082587,
    "weighted_avg_deadline_violation": 0.0062427638639904245,
    "weighted_avg_only_violated_deadline": 0.009468133536718638,
    "deadline_satisfaction": 0.5689655172413793,
    "weighted_deadline_satisfaction": 0.34065527912336874,
    "overall_cost": 440.692748562283,
    "max_cost": 61.85010411790073,
    "avg_cost": 12.241465237841194,
    "overall_migration_cost": 0.0,
    "max_migration_cost": 0.0,
    "avg_migration_cost": 0.0,
    "migration_rate": 0.0,
    "weighted_migration_rate": 0.0,
    "overall_response_time": 13.191296901024913,
    "weighted_overall_response_time": 3633.3733156867115,
    "max_response_time": 0.7109937125193115,
    "avg_response_time": 0.11371807673297345,
    "weighted_avg_response_time": 0.033394312983213194,
    "avg_unavailability": 0.01216771276099268,
    "overall_power_consumption": 1226.5491187684256
  },
  {
    "time": 54000.0,
    "opt": "ClusterLLGAOptimizer",
    "elapsed_time": 258.1756671736948,
    "valid": true,
    "overall_deadline_violation": 0.5008052900093243,
    "weighted_overall_deadline_violation": 575.0932867037579,
    "max_deadline_violation": 0.011003275900869566,
    "avg_deadline_violation": 0.004208447815204406,
    "avg_only_violated_deadline": 0.010016105800186487,
    "weighted_avg_deadline_violation": 0.005718964820668549,
    "weighted_avg_only_violated_deadline": 0.009259492516879686,
    "deadline_satisfaction": 0.5798319327731093,
    "weighted_deadline_satisfaction": 0.3823673586599802,
    "overall_cost": 403.82963039422106,
    "max_cost": 60.17026691464851,
    "avg_cost": 11.877342070418264,
    "overall_migration_cost": 0.12200003877981543,
    "max_migration_cost": 0.12200003877981543,
    "avg_migration_cost": 0.12200003877981543,
    "migration_rate": 0.029411764705882353,
    "weighted_migration_rate": 0.00020063221467460845,
    "overall_response_time": 14.140628925598175,
    "weighted_overall_response_time": 3079.7914127824565,
    "max_response_time": 0.7109953348345077,
    "avg_response_time": 0.11882881450082508,
    "weighted_avg_response_time": 0.03062671596403609,
    "avg_unavailability": 0.013139778326274072,
    "overall_power_consumption": 1224.9801205492247
  },
  {
    "time": 55800.0,
    "opt": "ClusterLLGAOptimizer",
    "elapsed_time": 216.8355480399914,
    "valid": true,
    "overall_deadline_violation": 0.5536711398454683,
    "weighted_overall_deadline_violation": 568.684526942415,
    "max_deadline_violation": 0.011001598405094667,
    "avg_deadline_violation": 0.004394215395598955,
    "avg_only_violated_deadline": 0.010066747997190331,
    "weighted_avg_deadline_violation": 0.0055059960350177855,
    "weighted_avg_only_violated_deadline": 0.009554732646249406,
    "deadline_satisfaction": 0.5634920634920635,
    "weighted_deadline_satisfaction": 0.42374148614413626,
    "overall_cost": 412.328474997736,
    "max_cost": 48.53355400044941,
    "avg_cost": 12.127308088168707,
    "overall_migration_cost": 0.0,
    "max_migration_cost": 0.0,
    "avg_migration_cost": 0.0,
    "migration_rate": 0.0,
    "weighted_migration_rate": 0.0,
    "overall_response_time": 15.70613209237387,
    "weighted_overall_response_time": 3550.5334553123485,
    "max_response_time": 0.7109854871393105,
    "avg_response_time": 0.12465184200296732,
    "weighted_avg_response_time": 0.03437621774634171,
    "avg_unavailability": 0.013139778326274072,
    "overall_power_consumption": 1235.644360948265
  },
  {
    "time": 57600.0,
    "opt": "ClusterLLGAOptimizer",
    "elapsed_time": 247.81559839099646,
    "valid": true,
    "overall_deadline_violation": 0.5605211873785679,
    "weighted_overall_deadline_violation": 597.1595495459582,
    "max_deadline_violation": 0.011001376873785593,
    "avg_deadline_violation": 0.004557082824216,
    "avg_only_violated_deadline": 0.009833705041729264,
    "weighted_avg_deadline_violation": 0.005783582076775682,
    "weighted_avg_only_violated_deadline": 0.00928114861017873,
    "deadline_satisfaction": 0.5365853658536586,
    "weighted_deadline_satisfaction": 0.37684630214489123,
    "overall_cost": 427.11481882238496,
    "max_cost": 63.10236108898545,
    "avg_cost": 13.34733808819953,
    "overall_migration_cost": 791.7111346880743,
    "max_migration_cost": 788.1450448789068,
    "avg_migration_cost": 197.92778367201856,
    "migration_rate": 0.125,
    "weighted_migration_rate": 0.001332539957007908,
    "overall_response_time": 12.654594222157284,
    "weighted_overall_response_time": 3201.7613397385544,
    "max_response_time": 0.7109981870098564,
    "avg_response_time": 0.10288287985493731,
    "weighted_avg_response_time": 0.03100955098633996,
    "avg_unavailability": 0.012167875565517104,
    "overall_power_consumption": 1246.0882878256725
  },
  {
    "time": 59400.0,
    "opt": "ClusterLLGAOptimizer",
    "elapsed_time": 206.85026632715017,
    "valid": true,
    "overall_deadline_violation": 0.5188353162526808,
    "weighted_overall_deadline_violation": 591.9669387759158,
    "max_deadline_violation": 0.011000846656707322,
    "avg_deadline_violation": 0.004287895175641987,
    "avg_only_violated_deadline": 0.00997760223562847,
    "weighted_avg_deadline_violation": 0.00584964635433597,
    "weighted_avg_only_violated_deadline": 0.009185041719051965,
    "deadline_satisfaction": 0.5702479338842975,
    "weighted_deadline_satisfaction": 0.36313339304682624,
    "overall_cost": 408.71449981551723,
    "max_cost": 69.12874214370804,
    "avg_cost": 12.772328119234915,
    "overall_migration_cost": 0.0,
    "max_migration_cost": 0.0,
    "avg_migration_cost": 0.0,
    "migration_rate": 0.0,
    "weighted_migration_rate": 0.0,
    "overall_response_time": 10.147227870891834,
    "weighted_overall_response_time": 3078.3576372128214,
    "max_response_time": 0.7109939993795386,
    "avg_response_time": 0.08386138736274248,
    "weighted_avg_response_time": 0.03041944127335935,
    "avg_unavailability": 0.012167875565517104,
    "overall_power_consumption": 1228.416489400971
  },
  {
    "time": 61200.0,
    "opt": "ClusterLLGAOptimizer",
    "elapsed_time": 247.95540138101205,
    "valid": true,
    "overall_deadline_violation": 0.5400556251898415,
    "weighted_overall_deadline_violation": 502.24730315925603,
    "max_deadline_violation": 0.011004384780984533,
    "avg_deadline_violation": 0.004122562024349937,
    "avg_only_violated_deadline": 0.009643850449818603,
    "weighted_avg_deadline_violation": 0.00543536120608516,
    "weighted_avg_only_violated_deadline": 0.009052558761301469,
    "deadline_satisfaction": 0.5725190839694656,
    "weighted_deadline_satisfaction": 0.39957736266561117,
    "overall_cost": 389.13206141680206,
    "max_cost": 62.51916728618502,
    "avg_cost": 12.552647142477486,
    "overall_migration_cost": 3.646255894180685,
    "max_migration_cost": 1.4552635236219282,
    "avg_migration_cost": 1.2154186313935618,
    "migration_rate": 0.0967741935483871,
    "weighted_migration_rate": 0.0006240133006043492,
    "overall_response_time": 14.422056151463725,
    "weighted_overall_response_time": 2741.86782592783,
    "max_response_time": 0.7109984240031355,
    "avg_response_time": 0.11009203169056272,
    "weighted_avg_response_time": 0.029672716845899366,
    "avg_unavailability": 0.013141189484590534,
    "overall_power_consumption": 1222.8198756322145
  },
  {
    "time": 63000.0,
    "opt": "ClusterLLGAOptimizer",
    "elapsed_time": 224.40860838489607,
    "valid": true,
    "overall_deadline_violation": 0.4848303501409398,
    "weighted_overall_deadline_violation": 465.6444525030961,
    "max_deadline_violation": 0.01100237684537049,
    "avg_deadline_violation": 0.004040252917841162,
    "avg_only_violated_deadline": 0.009894496941651825,
    "weighted_avg_deadline_violation": 0.005193479843423652,
    "weighted_avg_only_violated_deadline": 0.00963969717118647,
    "deadline_satisfaction": 0.5916666666666667,
    "weighted_deadline_satisfaction": 0.4612403531775645,
    "overall_cost": 388.25654571717206,
    "max_cost": 59.288868433653185,
    "avg_cost": 12.941884857239069,
    "overall_migration_cost": 0.0,
    "max_migration_cost": 0.0,
    "avg_migration_cost": 0.0,
    "migration_rate": 0.0,
    "weighted_migration_rate": 0.0,
    "overall_response_time": 11.318270405581867,
    "weighted_overall_response_time": 2768.6838017903665,
    "max_response_time": 0.7110000844665646,
    "avg_response_time": 0.0943189200465155,
    "weighted_avg_response_time": 0.03088000606496267,
    "avg_unavailability": 0.013152738577818084,
    "overall_power_consumption": 1252.6365993801783
  },
  {
    "time": 64800.0,
    "opt": "ClusterLLGAOptimizer",
    "elapsed_time": 257.0256375139579,
    "valid": true,
    "overall_deadline_violation": 0.5819516443427731,
    "weighted_overall_deadline_violation": 596.2135199649754,
    "max_deadline_violation": 0.011000483014014406,
    "avg_deadline_violation": 0.004582296412147817,
    "avg_only_violated_deadline": 0.009863587192250386,
    "weighted_avg_deadline_violation": 0.005681396234406149,
    "weighted_avg_only_violated_deadline": 0.00951455439844151,
    "deadline_satisfaction": 0.5354330708661418,
    "weighted_deadline_satisfaction": 0.4028731145478797,
    "overall_cost": 418.3303095363516,
    "max_cost": 50.64358194998044,
    "avg_cost": 12.303832633422106,
    "overall_migration_cost": 1231.2692515794104,
    "max_migration_cost": 1065.8344809455727,
    "avg_migration_cost": 246.2538503158821,
    "migration_rate": 0.14705882352941177,
    "weighted_migration_rate": 0.0020760068327442815,
    "overall_response_time": 14.769073967623735,
    "weighted_overall_response_time": 3604.4336914574956,
    "max_response_time": 0.7109802325694333,
    "avg_response_time": 0.11629192100491136,
    "weighted_avg_response_time": 0.0343471177960142,
    "avg_unavailability": 0.00745643181242873,
    "overall_power_consumption": 1222.3412921715615
  },
  {
    "time": 66600.0,
    "opt": "ClusterLLGAOptimizer",
    "elapsed_time": 211.6029775342904,
    "valid": true,
    "overall_deadline_violation": 0.49892366698611984,
    "weighted_overall_deadline_violation": 510.1709291756899,
    "max_deadline_violation": 0.011000575426932141,
    "avg_deadline_violation": 0.004123336090794376,
    "avg_only_violated_deadline": 0.009978473339722392,
    "weighted_avg_deadline_violation": 0.005544189551460804,
    "weighted_avg_only_violated_deadline": 0.009617668307973073,
    "deadline_satisfaction": 0.5867768595041323,
    "weighted_deadline_satisfaction": 0.42354119793623385,
    "overall_cost": 390.8877391429661,
    "max_cost": 51.21897222660037,
    "avg_cost": 11.845083004332306,
    "overall_migration_cost": 0.0,
    "max_migration_cost": 0.0,
    "avg_migration_cost": 0.0,
    "migration_rate": 0.0,
    "weighted_migration_rate": 0.0,
    "overall_response_time": 12.553818266249392,
    "weighted_overall_response_time": 3111.4408499434116,
    "max_response_time": 0.7109999653168997,
    "avg_response_time": 0.10375056418387939,
    "weighted_avg_response_time": 0.0338130161162201,
    "avg_unavailability": 0.00842849588342873,
    "overall_power_consumption": 1246.743007111042
  },
  {
    "time": 68400.0,
    "opt": "ClusterLLGAOptimizer",
    "elapsed_time": 264.03601025696844,
    "valid": true,
    "overall_deadline_violation": 0.6011659857481455,
    "weighted_overall_deadline_violation": 533.9816321472533,
    "max_deadline_violation": 0.01100118301050354,
    "avg_deadline_violation": 0.004733590438961776,
    "avg_only_violated_deadline": 0.010189253995731277,
    "weighted_avg_deadline_violation": 0.0053757014215111915,
    "weighted_avg_only_violated_deadline": 0.009721788897154924,
    "deadline_satisfaction": 0.5354330708661418,
    "weighted_deadline_satisfaction": 0.4470460654536135,
    "overall_cost": 405.47776761985244,
    "max_cost": 65.64280727052777,
    "avg_cost": 15.595298754609708,
    "overall_migration_cost": 1.8703624019839706,
    "max_migration_cost": 1.327493456432358,
    "avg_migration_cost": 0.9351812009919853,
    "migration_rate": 0.07692307692307693,
    "weighted_migration_rate": 0.00048356341042203675,
    "overall_response_time": 13.893605588788434,
    "weighted_overall_response_time": 3092.9544965120217,
    "max_response_time": 0.7109874085814603,
    "avg_response_time": 0.10939846920305855,
    "weighted_avg_response_time": 0.031137400394671295,
    "avg_unavailability": 0.014230896363143623,
    "overall_power_consumption": 1215.9150863497575
  },
  {
    "time": 70200.0,
    "opt": "ClusterLLGAOptimizer",
    "elapsed_time": 225.08473258418962,
    "valid": true,
    "overall_deadline_violation": 0.5226216432700457,
    "weighted_overall_deadline_violation": 506.9960754537239,
    "max_deadline_violation": 0.011001583315978947,
    "avg_deadline_violation": 0.004391778514874333,
    "avg_only_violated_deadline": 0.010050416216731648,
    "weighted_avg_deadline_violation": 0.0053114152701701145,
    "weighted_avg_only_violated_deadline": 0.009736978555242555,
    "deadline_satisfaction": 0.5630252100840336,
    "weighted_deadline_satisfaction": 0.4545109409416989,
    "overall_cost": 390.6183043033894,
    "max_cost": 67.7932905261246,
    "avg_cost": 15.023780934745744,
    "overall_migration_cost": 0.0,
    "max_migration_cost": 0.0,
    "avg_migration_cost": 0.0,
    "migration_rate": 0.0,
    "weighted_migration_rate": 0.0,
    "overall_response_time": 10.52863732316429,
    "weighted_overall_response_time": 3081.526267934595,
    "max_response_time": 0.7109618440955625,
    "avg_response_time": 0.08847594389213687,
    "weighted_avg_response_time": 0.032282825188125246,
    "avg_unavailability": 0.014230896363143623,
    "overall_power_consumption": 1208.4349602067232
  },
  {
    "time": 72000.0,
    "opt": "ClusterLLGAOptimizer",
    "elapsed_time": 269.7008830551058,
    "valid": true,
    "overall_deadline_violation": 0.4528524833226225,
    "weighted_overall_deadline_violation": 502.58529605686203,
    "max_deadline_violation": 0.01100390414329458,
    "avg_deadline_violation": 0.003937847681066283,
    "avg_only_violated_deadline": 0.009844619202665706,
    "weighted_avg_deadline_violation": 0.005189244822863421,
    "weighted_avg_only_violated_deadline": 0.009474421095415846,
    "deadline_satisfaction": 0.6,
    "weighted_deadline_satisfaction": 0.4522889820282306,
    "overall_cost": 402.56057291000326,
    "max_cost": 60.48727759774357,
    "avg_cost": 14.377163318214402,
    "overall_migration_cost": 5.90158374640503,
    "max_migration_cost": 1.7752641732062266,
    "avg_migration_cost": 1.4753959366012572,
    "migration_rate": 0.14285714285714285,
    "weighted_migration_rate": 0.0008945536945803687,
    "overall_response_time": 8.918441174176953,
    "weighted_overall_response_time": 2695.9831548915336,
    "max_response_time": 0.7109973830173547,
    "avg_response_time": 0.07755166238414757,
    "weighted_avg_response_time": 0.027836303088869228,
    "avg_unavailability": 0.013258702564645458,
    "overall_power_consumption": 1248.317030381444
  },
  {
    "time": 73800.0,
    "opt": "ClusterLLGAOptimizer",
    "elapsed_time": 221.6315358490683,
    "valid": true,
    "overall_deadline_violation": 0.46836706449444876,
    "weighted_overall_deadline_violation": 436.7447741331981,
    "max_deadline_violation": 0.011005282270693431,
    "avg_deadline_violation": 0.00414484127871194,
    "avg_only_violated_deadline": 0.009965256691371254,
    "weighted_avg_deadline_violation": 0.005051337132109441,
    "weighted_avg_only_violated_deadline": 0.009501528953509603,
    "deadline_satisfaction": 0.584070796460177,
    "weighted_deadline_satisfaction": 0.4683658643966329,
    "overall_cost": 374.68037474596747,
    "max_cost": 62.757202596532174,
    "avg_cost": 13.381441955213125,
    "overall_migration_cost": 0.0,
    "max_migration_cost": 0.0,
    "avg_migration_cost": 0.0,
    "migration_rate": 0.0,
    "weighted_migration_rate": 0.0,
    "overall_response_time": 11.331446013892704,
    "weighted_overall_response_time": 2459.3745876038415,
    "max_response_time": 0.7109761177767202,
    "avg_response_time": 0.10027828330878509,
    "weighted_avg_response_time": 0.02844482844880207,
    "avg_unavailability": 0.013258702564645458,
    "overall_power_consumption": 1227.0864485096533
  },
  {
    "time": 75600.0,
    "opt": "ClusterLLGAOptimizer",
    "elapsed_time": 269.6016771378927,
    "valid": true,
    "overall_deadline_violation": 0.4702974599558535,
    "weighted_overall_deadline_violation": 421.39616184004166,
    "max_deadline_violation": 0.011007486728797755,
    "avg_deadline_violation": 0.003762379679646828,
    "avg_only_violated_deadline": 0.009597907346037828,
    "weighted_avg_deadline_violation": 0.004813422266238909,
    "weighted_avg_only_violated_deadline": 0.009179481455366883,
    "deadline_satisfaction": 0.608,
    "weighted_deadline_satisfaction": 0.47563244289526935,
    "overall_cost": 363.0890714554811,
    "max_cost": 59.59903774315946,
    "avg_cost": 10.679090336925915,
    "overall_migration_cost": 1245.0615923166383,
    "max_migration_cost": 1122.792591584427,
    "avg_migration_cost": 207.5102653861064,
    "migration_rate": 0.17647058823529413,
    "weighted_migration_rate": 0.003109600979700823,
    "overall_response_time": 12.634960674824667,
    "weighted_overall_response_time": 2419.7122112976162,
    "max_response_time": 0.7109975178803459,
    "avg_response_time": 0.10107968539859732,
    "weighted_avg_response_time": 0.027639304033745024,
    "avg_unavailability": 0.007456303600740466,
    "overall_power_consumption": 1204.726370128648
  },
  {
    "time": 77400.0,
    "opt": "ClusterLLGAOptimizer",
    "elapsed_time": 224.97522182390094,
    "valid": true,
    "overall_deadline_violation": 0.49051659834403666,
    "weighted_overall_deadline_violation": 419.0529293243646,
    "max_deadline_violation": 0.011007711812972415,
    "avg_deadline_violation": 0.00402062785527899,
    "avg_only_violated_deadline": 0.010010542823347688,
    "weighted_avg_deadline_violation": 0.004685614534058846,
    "weighted_avg_only_violated_deadline": 0.009000000254735345,
    "deadline_satisfaction": 0.5983606557377049,
    "weighted_deadline_satisfaction": 0.479376177618049,
    "overall_cost": 368.83440043318245,
    "max_cost": 54.02174241914469,
    "avg_cost": 10.84807060097595,
    "overall_migration_cost": 0.0,
    "max_migration_cost": 0.0,
    "avg_migration_cost": 0.0,
    "migration_rate": 0.0,
    "weighted_migration_rate": 0.0,
    "overall_response_time": 13.080763555349385,
    "weighted_overall_response_time": 2500.2766561684393,
    "max_response_time": 0.7109936372865511,
    "avg_response_time": 0.1072193734045031,
    "weighted_avg_response_time": 0.027956689524159674,
    "avg_unavailability": 0.007456303600740466,
    "overall_power_consumption": 1211.29916828835
  },
  {
    "time": 79200.0,
    "opt": "ClusterLLGAOptimizer",
    "elapsed_time": 265.30113415326923,
    "valid": true,
    "overall_deadline_violation": 0.5304587000346931,
    "weighted_overall_deadline_violation": 510.086563359985,
    "max_deadline_violation": 0.011005318248629783,
    "avg_deadline_violation": 0.00445763613474532,
    "avg_only_violated_deadline": 0.010008654717635719,
    "weighted_avg_deadline_violation": 0.005222579856967262,
    "weighted_avg_only_violated_deadline": 0.009243596968039716,
    "deadline_satisfaction": 0.5546218487394958,
    "weighted_deadline_satisfaction": 0.43500567203171636,
    "overall_cost": 401.0141157599153,
    "max_cost": 51.43128058200664,
    "avg_cost": 14.85237465777464,
    "overall_migration_cost": 0.0,
    "max_migration_cost": 0.0,
    "avg_migration_cost": 0.0,
    "migration_rate": 0.0,
    "weighted_migration_rate": 0.0,
    "overall_response_time": 10.744341938739991,
    "weighted_overall_response_time": 2852.6556890998236,
    "max_response_time": 0.7109867301473034,
    "avg_response_time": 0.09028858772050408,
    "weighted_avg_response_time": 0.029207242869955057,
    "avg_unavailability": 0.013154746580712492,
    "overall_power_consumption": 1241.9068146167808
  },
  {
    "time": 81000.0,
    "opt": "ClusterLLGAOptimizer",
    "elapsed_time": 229.44749021204188,
    "valid": true,
    "overall_deadline_violation": 0.4614995780944382,
    "weighted_overall_deadline_violation": 463.29993261311506,
    "max_deadline_violation": 0.011006669339144765,
    "avg_deadline_violation": 0.004120531947271771,
    "avg_only_violated_deadline": 0.00981913995945613,
    "weighted_avg_deadline_violation": 0.004993334118857438,
    "weighted_avg_only_violated_deadline": 0.009162501754308352,
    "deadline_satisfaction": 0.5803571428571429,
    "weighted_deadline_satisfaction": 0.4550250299805409,
    "overall_cost": 385.1168826901798,
    "max_cost": 57.74559314630712,
    "avg_cost": 13.279892506557927,
    "overall_migration_cost": 2.366985789346236,
    "max_migration_cost": 1.3962611931901066,
    "avg_migration_cost": 1.183492894673118,
    "migration_rate": 0.06896551724137931,
    "weighted_migration_rate": 0.0003188249060948666,
    "overall_response_time": 12.118747245561323,
    "weighted_overall_response_time": 2599.620507768169,
    "max_response_time": 0.7109724423591002,
    "avg_response_time": 0.10820310040679751,
    "weighted_avg_response_time": 0.028018078276648643,
    "avg_unavailability": 0.013141328215177071,
    "overall_power_consumption": 1175.2792201455622
  },
  {
    "time": 82800.0,
    "opt": "ClusterLLGAOptimizer",
    "elapsed_time": 269.1371272620745,
    "valid": true,
    "overall_deadline_violation": 0.4077213765415158,
    "weighted_overall_deadline_violation": 446.52334496971673,
    "max_deadline_violation": 0.01100857699687767,
    "avg_deadline_violation": 0.0036731655544280676,
    "avg_only_violated_deadline": 0.009707651822417033,
    "weighted_avg_deadline_violation": 0.004808791604872463,
    "weighted_avg_only_violated_deadline": 0.009242043798895047,
    "deadline_satisfaction": 0.6216216216216216,
    "weighted_deadline_satisfaction": 0.47968309721196234,
    "overall_cost": 382.12806704242644,
    "max_cost": 53.689864781382546,
    "avg_cost": 13.176829898014706,
    "overall_migration_cost": 156.81944687476977,
    "max_migration_cost": 151.86036068608072,
    "avg_migration_cost": 39.20486171869244,
    "migration_rate": 0.13793103448275862,
    "weighted_migration_rate": 0.002000204824021494,
    "overall_response_time": 9.262612379907445,
    "weighted_overall_response_time": 2320.2723231530936,
    "max_response_time": 0.7109874461773305,
    "avg_response_time": 0.08344695837754447,
    "weighted_avg_response_time": 0.024987956832029104,
    "avg_unavailability": 0.012639001970491425,
    "overall_power_consumption": 1217.799685990327
  },
  {
    "time": 84600.0,
    "opt": "ClusterLLGAOptimizer",
    "elapsed_time": 232.09059073310345,
    "valid": true,
    "overall_deadline_violation": 0.4270040017036233,
    "weighted_overall_deadline_violation": 514.6963665260712,
    "max_deadline_violation": 0.011006454806803581,
    "avg_deadline_violation": 0.003990691604706759,
    "avg_only_violated_deadline": 0.009930325621014492,
    "weighted_avg_deadline_violation": 0.005259253199375331,
    "weighted_avg_only_violated_deadline": 0.009378656997667411,
    "deadline_satisfaction": 0.5981308411214953,
    "weighted_deadline_satisfaction": 0.43923173641136737,
    "overall_cost": 406.3656148143836,
    "max_cost": 58.10970166002551,
    "avg_cost": 13.545520493812788,
    "overall_migration_cost": 171.21647745294013,
    "max_migration_cost": 171.21647745294013,
    "avg_migration_cost": 171.21647745294013,
    "migration_rate": 0.03333333333333333,
    "weighted_migration_rate": 0.0011406133992223257,
    "overall_response_time": 8.679205735169527,
    "weighted_overall_response_time": 2625.6104494326014,
    "max_response_time": 0.7109791126406735,
    "avg_response_time": 0.081114072291304,
    "weighted_avg_response_time": 0.026828924885740853,
    "avg_unavailability": 0.011666937899491426,
    "overall_power_consumption": 1236.4006790472156
  }
]