[
  {
    "max_cost": 80.25296084639146,
    "avg_only_violated_deadline": 0.006275720424824432,
    "max_deadline_violation": 0.00850109698432774,
    "migration_rate": 0.0,
    "weighted_avg_only_violated_deadline": 0.005677132544310815,
    "avg_response_time": 0.07512182824492211,
    "avg_unavailability": 0.03549645999999999,
    "overall_response_time": 6.610720885553143,
    "time": 0.0,
    "weighted_avg_deadline_violation": 0.0020536774504629008,
    "overall_cost": 188.05629340573495,
    "deadline_satisfaction": 0.5909090909090909,
    "weighted_overall_response_time": 2266.9655487981267,
    "max_migration_cost": 0.0,
    "max_response_time": 0.31086766238536506,
    "avg_cost": 18.805629340573493,
    "overall_migration_cost": 0.0,
    "elapsed_time": 0.001443512737751007,
    "opt": "CloudOptimizer",
    "overall_power_consumption": 750.0,
    "valid": true,
    "weighted_deadline_satisfaction": 0.6382544472172067,
    "weighted_overall_deadline_violation": 155.05229048872428,
    "weighted_migration_rate": 0.0,
    "overall_deadline_violation": 0.22592593529367963,
    "avg_deadline_violation": 0.0025673401737918134,
    "avg_migration_cost": 0.0,
    "weighted_avg_response_time": 0.030026102896438894
  },
  {
    "max_cost": 79.22662549546995,
    "avg_only_violated_deadline": 0.006275720362203044,
    "max_deadline_violation": 0.008501096902976946,
    "migration_rate": 0.0,
    "weighted_avg_only_violated_deadline": 0.005923495444368865,
    "avg_response_time": 0.07431893930986805,
    "avg_unavailability": 0.03549645999999999,
    "overall_response_time": 7.208937113057206,
    "time": 1800.0,
    "weighted_avg_deadline_violation": 0.0022429644793481294,
    "overall_cost": 172.7364926361148,
    "deadline_satisfaction": 0.6288659793814433,
    "weighted_overall_response_time": 2018.8525572789065,
    "max_migration_cost": 0.0,
    "max_response_time": 0.31089506520161,
    "avg_cost": 17.273649263611482,
    "overall_migration_cost": 0.0,
    "elapsed_time": 0.0019665658473968506,
    "opt": "CloudOptimizer",
    "overall_power_consumption": 750.0,
    "valid": true,
    "weighted_deadline_satisfaction": 0.6213444408942035,
    "weighted_overall_deadline_violation": 164.8254432982531,
    "weighted_migration_rate": 0.0,
    "overall_deadline_violation": 0.22592593303930936,
    "avg_deadline_violation": 0.002329133330302161,
    "avg_migration_cost": 0.0,
    "weighted_avg_response_time": 0.02747278869333224
  },
  {
    "max_cost": 87.63442095490902,
    "avg_only_violated_deadline": 0.006275718231957379,
    "max_deadline_violation": 0.008501096257674461,
    "migration_rate": 0.0,
    "weighted_avg_only_violated_deadline": 0.005825802792643755,
    "avg_response_time": 0.07425770854022562,
    "avg_unavailability": 0.03549645999999999,
    "overall_response_time": 7.202997728401883,
    "time": 3600.0,
    "weighted_avg_deadline_violation": 0.0022658207922825273,
    "overall_cost": 192.51244164585876,
    "deadline_satisfaction": 0.6288659793814433,
    "weighted_overall_response_time": 2227.091808396171,
    "max_migration_cost": 0.0,
    "max_response_time": 0.31090057161173046,
    "avg_cost": 19.251244164585877,
    "overall_migration_cost": 0.0,
    "elapsed_time": 0.0014374330639839172,
    "opt": "CloudOptimizer",
    "overall_power_consumption": 750.0,
    "valid": true,
    "weighted_deadline_satisfaction": 0.6110714912726566,
    "weighted_overall_deadline_violation": 177.19556365560862,
    "weighted_migration_rate": 0.0,
    "overall_deadline_violation": 0.22592585635046566,
    "avg_deadline_violation": 0.0023291325396955225,
    "avg_migration_cost": 0.0,
    "weighted_avg_response_time": 0.028478088399514042
  },
  {
    "max_cost": 121.0236721335276,
    "avg_only_violated_deadline": 0.006275716655026936,
    "max_deadline_violation": 0.008501096303171252,
    "migration_rate": 0.0,
    "weighted_avg_only_violated_deadline": 0.005783957832063199,
    "avg_response_time": 0.07320124757633895,
    "avg_unavailability": 0.03549645999999999,
    "overall_response_time": 7.320124757633891,
    "time": 5400.0,
    "weighted_avg_deadline_violation": 0.0021136620712375242,
    "overall_cost": 229.03543210240915,
    "deadline_satisfaction": 0.64,
    "weighted_overall_response_time": 2532.8582556799975,
    "max_migration_cost": 0.0,
    "max_response_time": 0.31091456308765764,
    "avg_cost": 22.903543210240915,
    "overall_migration_cost": 0.0,
    "elapsed_time": 0.001419350504875183,
    "opt": "CloudOptimizer",
    "overall_power_consumption": 750.0,
    "valid": true,
    "weighted_deadline_satisfaction": 0.6345647508838153,
    "weighted_overall_deadline_violation": 186.11082091415997,
    "weighted_migration_rate": 0.0,
    "overall_deadline_violation": 0.2259257995809697,
    "avg_deadline_violation": 0.0022592579958096975,
    "avg_migration_cost": 0.0,
    "weighted_avg_response_time": 0.028765691326034678
  },
  {
    "max_cost": 102.57110508369378,
    "avg_only_violated_deadline": 0.006275717824732786,
    "max_deadline_violation": 0.00850109589598188,
    "migration_rate": 0.0,
    "weighted_avg_only_violated_deadline": 0.005701953645558452,
    "avg_response_time": 0.07320088286179041,
    "avg_unavailability": 0.03549645999999999,
    "overall_response_time": 7.320088286179039,
    "time": 7200.0,
    "weighted_avg_deadline_violation": 0.0021593343325015664,
    "overall_cost": 207.57590698173894,
    "deadline_satisfaction": 0.64,
    "weighted_overall_response_time": 2352.18940183738,
    "max_migration_cost": 0.0,
    "max_response_time": 0.31091032260946194,
    "avg_cost": 20.7575906981739,
    "overall_migration_cost": 0.0,
    "elapsed_time": 0.0014700591564178467,
    "opt": "CloudOptimizer",
    "overall_power_consumption": 750.0,
    "valid": true,
    "weighted_deadline_satisfaction": 0.6212992130892568,
    "weighted_overall_deadline_violation": 175.83949064553104,
    "weighted_migration_rate": 0.0,
    "overall_deadline_violation": 0.22592584169038035,
    "avg_deadline_violation": 0.002259258416903803,
    "avg_migration_cost": 0.0,
    "weighted_avg_response_time": 0.028885225459238256
  },
  {
    "max_cost": 87.22325583633896,
    "avg_only_violated_deadline": 0.006275718416934758,
    "max_deadline_violation": 0.008501095875270648,
    "migration_rate": 0.0,
    "weighted_avg_only_violated_deadline": 0.005774804640204464,
    "avg_response_time": 0.07080100323085971,
    "avg_unavailability": 0.03549645999999999,
    "overall_response_time": 7.009299319855117,
    "time": 9000.0,
    "weighted_avg_deadline_violation": 0.0021927914154082065,
    "overall_cost": 198.72407877641464,
    "deadline_satisfaction": 0.6363636363636364,
    "weighted_overall_response_time": 2221.3979326943017,
    "max_migration_cost": 0.0,
    "max_response_time": 0.3109237933160943,
    "avg_cost": 19.872407877641464,
    "overall_migration_cost": 0.0,
    "elapsed_time": 0.001453295350074768,
    "opt": "CloudOptimizer",
    "overall_power_consumption": 750.0,
    "valid": true,
    "weighted_deadline_satisfaction": 0.6202830135340184,
    "weighted_overall_deadline_violation": 174.1422513024344,
    "weighted_migration_rate": 0.0,
    "overall_deadline_violation": 0.2259258630096514,
    "avg_deadline_violation": 0.002282079424339912,
    "avg_migration_cost": 0.0,
    "weighted_avg_response_time": 0.027971743104193515
  },
  {
    "max_cost": 72.33938897670876,
    "avg_only_violated_deadline": 0.006275717546837048,
    "max_deadline_violation": 0.00850109679297216,
    "migration_rate": 0.0,
    "weighted_avg_only_violated_deadline": 0.00564848574261364,
    "avg_response_time": 0.07391900279663735,
    "avg_unavailability": 0.03549645999999999,
    "overall_response_time": 7.244062274070466,
    "time": 10800.0,
    "weighted_avg_deadline_violation": 0.002274642141877888,
    "overall_cost": 181.0541936783545,
    "deadline_satisfaction": 0.6326530612244898,
    "weighted_overall_response_time": 2169.6406772457362,
    "max_migration_cost": 0.0,
    "max_response_time": 0.31090992510065246,
    "avg_cost": 18.10541936783545,
    "overall_migration_cost": 0.0,
    "elapsed_time": 0.0014384910464286804,
    "opt": "CloudOptimizer",
    "overall_power_consumption": 750.0,
    "valid": true,
    "weighted_deadline_satisfaction": 0.5973005429194238,
    "weighted_overall_deadline_violation": 172.8435651509687,
    "weighted_migration_rate": 0.0,
    "overall_deadline_violation": 0.22592583168613362,
    "avg_deadline_violation": 0.002305365629450344,
    "avg_migration_cost": 0.0,
    "weighted_avg_response_time": 0.02855273271460851
  },
  {
    "max_cost": 117.84619281170598,
    "avg_only_violated_deadline": 0.00627571768100671,
    "max_deadline_violation": 0.00850109733616344,
    "migration_rate": 0.0,
    "weighted_avg_only_violated_deadline": 0.005505606661951679,
    "avg_response_time": 0.07320171681712798,
    "avg_unavailability": 0.03549645999999999,
    "overall_response_time": 7.320171681712797,
    "time": 12600.0,
    "weighted_avg_deadline_violation": 0.002003130563410704,
    "overall_cost": 217.51006120238765,
    "deadline_satisfaction": 0.64,
    "weighted_overall_response_time": 2452.1779083718757,
    "max_migration_cost": 0.0,
    "max_response_time": 0.3109196768583217,
    "avg_cost": 21.751006120238767,
    "overall_migration_cost": 0.0,
    "elapsed_time": 0.0014277994632720947,
    "opt": "CloudOptimizer",
    "overall_power_consumption": 750.0,
    "valid": true,
    "weighted_deadline_satisfaction": 0.6361653335582429,
    "weighted_overall_deadline_violation": 165.07921963599466,
    "weighted_migration_rate": 0.0,
    "overall_deadline_violation": 0.22592583651624154,
    "avg_deadline_violation": 0.0022592583651624156,
    "avg_migration_cost": 0.0,
    "weighted_avg_response_time": 0.02975560779855537
  },
  {
    "max_cost": 77.04038003380444,
    "avg_only_violated_deadline": 0.006260710026446669,
    "max_deadline_violation": 0.008501096872277836,
    "migration_rate": 0.0,
    "weighted_avg_only_violated_deadline": 0.005697016507894022,
    "avg_response_time": 0.07461334132089871,
    "avg_unavailability": 0.03549645999999999,
    "overall_response_time": 7.237494108127171,
    "time": 14400.0,
    "weighted_avg_deadline_violation": 0.002321592290333406,
    "overall_cost": 170.18135075794876,
    "deadline_satisfaction": 0.6391752577319587,
    "weighted_overall_response_time": 1959.705588603267,
    "max_migration_cost": 0.0,
    "max_response_time": 0.31093053690235295,
    "avg_cost": 17.018135075794877,
    "overall_migration_cost": 0.0,
    "elapsed_time": 0.0014389008283615112,
    "opt": "CloudOptimizer",
    "overall_power_consumption": 750.0,
    "valid": true,
    "weighted_deadline_satisfaction": 0.5924898081098219,
    "weighted_overall_deadline_violation": 160.4788522810459,
    "weighted_migration_rate": 0.0,
    "overall_deadline_violation": 0.21912485092563325,
    "avg_deadline_violation": 0.002259019081707561,
    "avg_migration_cost": 0.0,
    "weighted_avg_response_time": 0.028350385868020012
  },
  {
    "max_cost": 107.64443509443547,
    "avg_only_violated_deadline": 0.0062757213642811146,
    "max_deadline_violation": 0.008501097355863699,
    "migration_rate": 0.0,
    "weighted_avg_only_violated_deadline": 0.005853988468887399,
    "avg_response_time": 0.07352814245853626,
    "avg_unavailability": 0.03549645999999999,
    "overall_response_time": 7.279286103395093,
    "time": 16200.0,
    "weighted_avg_deadline_violation": 0.0021085545892258533,
    "overall_cost": 197.9787023837432,
    "deadline_satisfaction": 0.6363636363636364,
    "weighted_overall_response_time": 2205.25822194925,
    "max_migration_cost": 0.0,
    "max_response_time": 0.31092873713503444,
    "avg_cost": 19.797870238374323,
    "overall_migration_cost": 0.0,
    "elapsed_time": 0.001423470675945282,
    "opt": "CloudOptimizer",
    "overall_power_consumption": 750.0,
    "valid": true,
    "weighted_deadline_satisfaction": 0.6398088926152935,
    "weighted_overall_deadline_violation": 154.79748272230032,
    "weighted_migration_rate": 0.0,
    "overall_deadline_violation": 0.22592596911412,
    "avg_deadline_violation": 0.0022820804961022237,
    "avg_migration_cost": 0.0,
    "weighted_avg_response_time": 0.030038649612027984
  },
  {
    "max_cost": 103.53343346364849,
    "avg_only_violated_deadline": 0.006275720659211314,
    "max_deadline_violation": 0.008501096995896056,
    "migration_rate": 0.0,
    "weighted_avg_only_violated_deadline": 0.00577995827298868,
    "avg_response_time": 0.07320303972673249,
    "avg_unavailability": 0.03549645999999999,
    "overall_response_time": 7.320303972673242,
    "time": 18000.0,
    "weighted_avg_deadline_violation": 0.0021158960395833504,
    "overall_cost": 196.55803977473613,
    "deadline_satisfaction": 0.64,
    "weighted_overall_response_time": 2151.3072138060515,
    "max_migration_cost": 0.0,
    "max_response_time": 0.31092838583143617,
    "avg_cost": 19.655803977473614,
    "overall_migration_cost": 0.0,
    "elapsed_time": 0.0014169737696647644,
    "opt": "CloudOptimizer",
    "overall_power_consumption": 750.0,
    "valid": true,
    "weighted_deadline_satisfaction": 0.6339253780651828,
    "weighted_overall_deadline_violation": 156.77369039038032,
    "weighted_migration_rate": 0.0,
    "overall_deadline_violation": 0.22592594373160724,
    "avg_deadline_violation": 0.002259259437316073,
    "avg_migration_cost": 0.0,
    "weighted_avg_response_time": 0.029035116812550485
  },
  {
    "max_cost": 101.0451663030562,
    "avg_only_violated_deadline": 0.006275723409358683,
    "max_deadline_violation": 0.008501096755216753,
    "migration_rate": 0.0,
    "weighted_avg_only_violated_deadline": 0.0060353075184067205,
    "avg_response_time": 0.07319889181173489,
    "avg_unavailability": 0.03549645999999999,
    "overall_response_time": 7.319889181173487,
    "time": 19800.0,
    "weighted_avg_deadline_violation": 0.0020562447674399,
    "overall_cost": 196.18375624302658,
    "deadline_satisfaction": 0.64,
    "weighted_overall_response_time": 2282.4702338476764,
    "max_migration_cost": 0.0,
    "max_response_time": 0.3108885862727842,
    "avg_cost": 19.618375624302658,
    "overall_migration_cost": 0.0,
    "elapsed_time": 0.001376606523990631,
    "opt": "CloudOptimizer",
    "overall_power_consumption": 750.0,
    "valid": true,
    "weighted_deadline_satisfaction": 0.6592974324558138,
    "weighted_overall_deadline_violation": 148.08498045688134,
    "weighted_migration_rate": 0.0,
    "overall_deadline_violation": 0.22592604273691258,
    "avg_deadline_violation": 0.002259260427369126,
    "avg_migration_cost": 0.0,
    "weighted_avg_response_time": 0.03169340645287916
  },
  {
    "max_cost": 65.58530413801351,
    "avg_only_violated_deadline": 0.00627571977696449,
    "max_deadline_violation": 0.00850109621572696,
    "migration_rate": 0.0,
    "weighted_avg_only_violated_deadline": 0.005997762853378673,
    "avg_response_time": 0.0735840220782655,
    "avg_unavailability": 0.03549645999999999,
    "overall_response_time": 7.2848181857482786,
    "time": 21600.0,
    "weighted_avg_deadline_violation": 0.0025265178999753007,
    "overall_cost": 163.40192582077162,
    "deadline_satisfaction": 0.6363636363636364,
    "weighted_overall_response_time": 2085.435934695866,
    "max_migration_cost": 0.0,
    "max_response_time": 0.3108832112747823,
    "avg_cost": 16.34019258207716,
    "overall_migration_cost": 0.0,
    "elapsed_time": 0.0013882741332054138,
    "opt": "CloudOptimizer",
    "overall_power_consumption": 750.0,
    "valid": true,
    "weighted_deadline_satisfaction": 0.578756619469865,
    "weighted_overall_deadline_violation": 173.5188380627075,
    "weighted_migration_rate": 0.0,
    "overall_deadline_violation": 0.2259259119707217,
    "avg_deadline_violation": 0.002282079918896178,
    "avg_migration_cost": 0.0,
    "weighted_avg_response_time": 0.03036495216938184
  },
  {
    "max_cost": 78.54495634701645,
    "avg_only_violated_deadline": 0.006275718000725527,
    "max_deadline_violation": 0.0085010959045556,
    "migration_rate": 0.0,
    "weighted_avg_only_violated_deadline": 0.005975121133154935,
    "avg_response_time": 0.07355476154387766,
    "avg_unavailability": 0.03549645999999999,
    "overall_response_time": 7.281921392843889,
    "time": 23400.0,
    "weighted_avg_deadline_violation": 0.0025282675560189807,
    "overall_cost": 177.33139886322334,
    "deadline_satisfaction": 0.6363636363636364,
    "weighted_overall_response_time": 2125.8563870247717,
    "max_migration_cost": 0.0,
    "max_response_time": 0.31088943186788653,
    "avg_cost": 17.733139886322338,
    "overall_migration_cost": 0.0,
    "elapsed_time": 0.0013784244656562805,
    "opt": "CloudOptimizer",
    "overall_power_consumption": 750.0,
    "valid": true,
    "weighted_deadline_satisfaction": 0.5768675647444114,
    "weighted_overall_deadline_violation": 185.70816077387616,
    "weighted_migration_rate": 0.0,
    "overall_deadline_violation": 0.22592584802611898,
    "avg_deadline_violation": 0.0022820792729911004,
    "avg_migration_cost": 0.0,
    "weighted_avg_response_time": 0.028941828456396698
  },
  {
    "max_cost": 62.97939885961132,
    "avg_only_violated_deadline": 0.006275719356007552,
    "max_deadline_violation": 0.008501096327688619,
    "migration_rate": 0.0,
    "weighted_avg_only_violated_deadline": 0.006078765404778964,
    "avg_response_time": 0.07355730225086922,
    "avg_unavailability": 0.03549645999999999,
    "overall_response_time": 7.2821729228360566,
    "time": 25200.0,
    "weighted_avg_deadline_violation": 0.002597940772859625,
    "overall_cost": 165.08583653249838,
    "deadline_satisfaction": 0.6363636363636364,
    "weighted_overall_response_time": 1885.6369470361703,
    "max_migration_cost": 0.0,
    "max_response_time": 0.31091253107360634,
    "avg_cost": 16.508583653249836,
    "overall_migration_cost": 0.0,
    "elapsed_time": 0.0014363154768943787,
    "opt": "CloudOptimizer",
    "overall_power_consumption": 750.0,
    "valid": true,
    "weighted_deadline_satisfaction": 0.5726203266839032,
    "weighted_overall_deadline_violation": 180.14492449539352,
    "weighted_migration_rate": 0.0,
    "overall_deadline_violation": 0.22592589681627193,
    "avg_deadline_violation": 0.002282079765820928,
    "avg_migration_cost": 0.0,
    "weighted_avg_response_time": 0.027193511675323807
  },
  {
    "max_cost": 80.06414115280165,
    "avg_only_violated_deadline": 0.006275720927382243,
    "max_deadline_violation": 0.0085010968037041,
    "migration_rate": 0.0,
    "weighted_avg_only_violated_deadline": 0.005939090326940714,
    "avg_response_time": 0.07079875932028423,
    "avg_unavailability": 0.03549645999999999,
    "overall_response_time": 7.009077172708136,
    "time": 27000.0,
    "weighted_avg_deadline_violation": 0.002262645324654392,
    "overall_cost": 179.78895750582546,
    "deadline_satisfaction": 0.6363636363636364,
    "weighted_overall_response_time": 2038.4197297959333,
    "max_migration_cost": 0.0,
    "max_response_time": 0.3108906417798422,
    "avg_cost": 17.97889575058254,
    "overall_migration_cost": 0.0,
    "elapsed_time": 0.0014330372214317322,
    "opt": "CloudOptimizer",
    "overall_power_consumption": 750.0,
    "valid": true,
    "weighted_deadline_satisfaction": 0.6190249347798854,
    "weighted_overall_deadline_violation": 161.44995564395148,
    "weighted_migration_rate": 0.0,
    "overall_deadline_violation": 0.2259259533857607,
    "avg_deadline_violation": 0.002282080337229907,
    "avg_migration_cost": 0.0,
    "weighted_avg_response_time": 0.028567495437889452
  },
  {
    "max_cost": 97.0061890948537,
    "avg_only_violated_deadline": 0.006260710519258904,
    "max_deadline_violation": 0.008501096723955312,
    "migration_rate": 0.0,
    "weighted_avg_only_violated_deadline": 0.00591613237401717,
    "avg_response_time": 0.07417355344324342,
    "avg_unavailability": 0.03549645999999999,
    "overall_response_time": 7.269008237437859,
    "time": 28800.0,
    "weighted_avg_deadline_violation": 0.0021852776212464976,
    "overall_cost": 197.2601532826463,
    "deadline_satisfaction": 0.6428571428571429,
    "weighted_overall_response_time": 2301.8869352106344,
    "max_migration_cost": 0.0,
    "max_response_time": 0.31087842263695636,
    "avg_cost": 19.726015328264626,
    "overall_migration_cost": 0.0,
    "elapsed_time": 0.0014453306794166565,
    "opt": "CloudOptimizer",
    "overall_power_consumption": 750.0,
    "valid": true,
    "weighted_deadline_satisfaction": 0.6306239476919191,
    "weighted_overall_deadline_violation": 166.78512727488334,
    "weighted_migration_rate": 0.0,
    "overall_deadline_violation": 0.21912486817406163,
    "avg_deadline_violation": 0.0022359680425924656,
    "avg_migration_cost": 0.0,
    "weighted_avg_response_time": 0.03016013530909725
  },
  {
    "max_cost": 69.63893697963876,
    "avg_only_violated_deadline": 0.006260714701507878,
    "max_deadline_violation": 0.008501097207469152,
    "migration_rate": 0.0,
    "weighted_avg_only_violated_deadline": 0.00574980022781264,
    "avg_response_time": 0.07380844902206211,
    "avg_unavailability": 0.03549645999999999,
    "overall_response_time": 7.307036453184155,
    "time": 30600.0,
    "weighted_avg_deadline_violation": 0.0019952958792392,
    "overall_cost": 166.17927260323725,
    "deadline_satisfaction": 0.6464646464646465,
    "weighted_overall_response_time": 1962.3951921544497,
    "max_migration_cost": 0.0,
    "max_response_time": 0.31087882834671027,
    "avg_cost": 16.617927260323725,
    "overall_migration_cost": 0.0,
    "elapsed_time": 0.0014259889721870422,
    "opt": "CloudOptimizer",
    "overall_power_consumption": 750.0,
    "valid": true,
    "weighted_deadline_satisfaction": 0.6529799644885651,
    "weighted_overall_deadline_violation": 128.9680597221471,
    "weighted_migration_rate": 0.0,
    "overall_deadline_violation": 0.2191250145527757,
    "avg_deadline_violation": 0.0022133839853815734,
    "avg_migration_cost": 0.0,
    "weighted_avg_response_time": 0.030360688133018336
  },
  {
    "max_cost": 72.67869283471059,
    "avg_only_violated_deadline": 0.0062757224440837525,
    "max_deadline_violation": 0.008501097627898947,
    "migration_rate": 0.0,
    "weighted_avg_only_violated_deadline": 0.0059212151943306025,
    "avg_response_time": 0.07319815739462539,
    "avg_unavailability": 0.03549645999999999,
    "overall_response_time": 7.3198157394625385,
    "time": 32400.0,
    "weighted_avg_deadline_violation": 0.0020623405189588062,
    "overall_cost": 182.97216970460494,
    "deadline_satisfaction": 0.64,
    "weighted_overall_response_time": 2107.8629620321703,
    "max_migration_cost": 0.0,
    "max_response_time": 0.3108777722291442,
    "avg_cost": 18.297216970460493,
    "overall_migration_cost": 0.0,
    "elapsed_time": 0.0014493763446807861,
    "opt": "CloudOptimizer",
    "overall_power_consumption": 750.0,
    "valid": true,
    "weighted_deadline_satisfaction": 0.6517031637469557,
    "weighted_overall_deadline_violation": 148.97519573997658,
    "weighted_migration_rate": 0.0,
    "overall_deadline_violation": 0.22592600798701507,
    "avg_deadline_violation": 0.0022592600798701508,
    "avg_migration_cost": 0.0,
    "weighted_avg_response_time": 0.02918023482646747
  },
  {
    "max_cost": 111.76626763426283,
    "avg_only_violated_deadline": 0.006275722523379749,
    "max_deadline_violation": 0.008501096934074998,
    "migration_rate": 0.0,
    "weighted_avg_only_violated_deadline": 0.005891197751875147,
    "avg_response_time": 0.0731975472602997,
    "avg_unavailability": 0.03549645999999999,
    "overall_response_time": 7.319754726029972,
    "time": 34200.0,
    "weighted_avg_deadline_violation": 0.0019768061310997237,
    "overall_cost": 206.76013187563666,
    "deadline_satisfaction": 0.64,
    "weighted_overall_response_time": 2328.1577881356616,
    "max_migration_cost": 0.0,
    "max_response_time": 0.31086959653812585,
    "avg_cost": 20.676013187563665,
    "overall_migration_cost": 0.0,
    "elapsed_time": 0.0014370903372764587,
    "opt": "CloudOptimizer",
    "overall_power_consumption": 750.0,
    "valid": true,
    "weighted_deadline_satisfaction": 0.6644475004305342,
    "weighted_overall_deadline_violation": 148.87963698144785,
    "weighted_migration_rate": 0.0,
    "overall_deadline_violation": 0.22592601084167102,
    "avg_deadline_violation": 0.0022592601084167096,
    "avg_migration_cost": 0.0,
    "weighted_avg_response_time": 0.03091300249696104
  },
  {
    "max_cost": 112.99596028808774,
    "avg_only_violated_deadline": 0.006275719394701455,
    "max_deadline_violation": 0.008501096575810364,
    "migration_rate": 0.0,
    "weighted_avg_only_violated_deadline": 0.005984610088450391,
    "avg_response_time": 0.07319787650747815,
    "avg_unavailability": 0.03549645999999999,
    "overall_response_time": 7.319787650747817,
    "time": 36000.0,
    "weighted_avg_deadline_violation": 0.002240741526516735,
    "overall_cost": 204.77966389414905,
    "deadline_satisfaction": 0.64,
    "weighted_overall_response_time": 2354.371254609676,
    "max_migration_cost": 0.0,
    "max_response_time": 0.3108735698351621,
    "avg_cost": 20.477966389414906,
    "overall_migration_cost": 0.0,
    "elapsed_time": 0.0014504268765449524,
    "opt": "CloudOptimizer",
    "overall_power_consumption": 750.0,
    "valid": true,
    "weighted_deadline_satisfaction": 0.6255827040693748,
    "weighted_overall_deadline_violation": 174.93452047223724,
    "weighted_migration_rate": 0.0,
    "overall_deadline_violation": 0.2259258982092523,
    "avg_deadline_violation": 0.0022592589820925237,
    "avg_migration_cost": 0.0,
    "weighted_avg_response_time": 0.030157212108849904
  },
  {
    "max_cost": 118.68323574373134,
    "avg_only_violated_deadline": 0.006275717501111089,
    "max_deadline_violation": 0.008501097048863707,
    "migration_rate": 0.0,
    "weighted_avg_only_violated_deadline": 0.005854100180897888,
    "avg_response_time": 0.07319957239393954,
    "avg_unavailability": 0.03549645999999999,
    "overall_response_time": 7.319957239393964,
    "time": 37800.0,
    "weighted_avg_deadline_violation": 0.0022788763376174743,
    "overall_cost": 207.25868388543046,
    "deadline_satisfaction": 0.64,
    "weighted_overall_response_time": 2365.7945466618044,
    "max_migration_cost": 0.0,
    "max_response_time": 0.3108916736428592,
    "avg_cost": 20.725868388543045,
    "overall_migration_cost": 0.0,
    "elapsed_time": 0.0014243796467781067,
    "opt": "CloudOptimizer",
    "overall_power_consumption": 750.0,
    "valid": true,
    "weighted_deadline_satisfaction": 0.6107213291201404,
    "weighted_overall_deadline_violation": 181.76249606638726,
    "weighted_migration_rate": 0.0,
    "overall_deadline_violation": 0.22592583003999925,
    "avg_deadline_violation": 0.0022592583003999923,
    "avg_migration_cost": 0.0,
    "weighted_avg_response_time": 0.02966152715069941
  },
  {
    "max_cost": 107.1941030023454,
    "avg_only_violated_deadline": 0.006275719983595159,
    "max_deadline_violation": 0.008501096795217395,
    "migration_rate": 0.0,
    "weighted_avg_only_violated_deadline": 0.0060851374125515684,
    "avg_response_time": 0.07319908566066569,
    "avg_unavailability": 0.03549645999999999,
    "overall_response_time": 7.319908566066567,
    "time": 39600.0,
    "weighted_avg_deadline_violation": 0.0022870891071216505,
    "overall_cost": 198.48796849468275,
    "deadline_satisfaction": 0.64,
    "weighted_overall_response_time": 2319.952838708933,
    "max_migration_cost": 0.0,
    "max_response_time": 0.31088929304552715,
    "avg_cost": 19.848796849468275,
    "overall_migration_cost": 0.0,
    "elapsed_time": 0.0014347881078720093,
    "opt": "CloudOptimizer",
    "overall_power_consumption": 750.0,
    "valid": true,
    "weighted_deadline_satisfaction": 0.6241516087370247,
    "weighted_overall_deadline_violation": 174.250517777093,
    "weighted_migration_rate": 0.0,
    "overall_deadline_violation": 0.22592591940942575,
    "avg_deadline_violation": 0.002259259194094257,
    "avg_migration_cost": 0.0,
    "weighted_avg_response_time": 0.030450060832729837
  },
  {
    "max_cost": 113.25056371319606,
    "avg_only_violated_deadline": 0.006275718528210213,
    "max_deadline_violation": 0.008501097302204112,
    "migration_rate": 0.0,
    "weighted_avg_only_violated_deadline": 0.0060543260891690685,
    "avg_response_time": 0.07319991420566796,
    "avg_unavailability": 0.03549645999999999,
    "overall_response_time": 7.3199914205667955,
    "time": 41400.0,
    "weighted_avg_deadline_violation": 0.002329634863631554,
    "overall_cost": 202.90675076521683,
    "deadline_satisfaction": 0.64,
    "weighted_overall_response_time": 2362.6840008760855,
    "max_migration_cost": 0.0,
    "max_response_time": 0.31089822855014143,
    "avg_cost": 20.29067507652168,
    "overall_migration_cost": 0.0,
    "elapsed_time": 0.0014331787824630737,
    "opt": "CloudOptimizer",
    "overall_power_consumption": 750.0,
    "valid": true,
    "weighted_deadline_satisfaction": 0.6152115315032051,
    "weighted_overall_deadline_violation": 182.52372539382426,
    "weighted_migration_rate": 0.0,
    "overall_deadline_violation": 0.2259258670155676,
    "avg_deadline_violation": 0.0022592586701556767,
    "avg_migration_cost": 0.0,
    "weighted_avg_response_time": 0.030156030446503536
  },
  {
    "max_cost": 130.59267387962439,
    "avg_only_violated_deadline": 0.006275720447632183,
    "max_deadline_violation": 0.008501097227851646,
    "migration_rate": 0.0,
    "weighted_avg_only_violated_deadline": 0.006059244395615755,
    "avg_response_time": 0.073199360747689,
    "avg_unavailability": 0.03549645999999999,
    "overall_response_time": 7.319936074768901,
    "time": 43200.0,
    "weighted_avg_deadline_violation": 0.002167983198326416,
    "overall_cost": 212.16571240055293,
    "deadline_satisfaction": 0.64,
    "weighted_overall_response_time": 2419.817447220026,
    "max_migration_cost": 0.0,
    "max_response_time": 0.31089053112896087,
    "avg_cost": 21.216571240055288,
    "overall_migration_cost": 0.0,
    "elapsed_time": 0.0014433786273002625,
    "opt": "CloudOptimizer",
    "overall_power_consumption": 750.0,
    "valid": true,
    "weighted_deadline_satisfaction": 0.6422023841957768,
    "weighted_overall_deadline_violation": 168.29262997528247,
    "weighted_migration_rate": 0.0,
    "overall_deadline_violation": 0.22592593611475842,
    "avg_deadline_violation": 0.002259259361147586,
    "avg_migration_cost": 0.0,
    "weighted_avg_response_time": 0.031172628114259367
  },
  {
    "max_cost": 148.93694563082886,
    "avg_only_violated_deadline": 0.006275719819978342,
    "max_deadline_violation": 0.00850109782172058,
    "migration_rate": 0.0,
    "weighted_avg_only_violated_deadline": 0.005865475654656989,
    "avg_response_time": 0.07319874291582183,
    "avg_unavailability": 0.03549645999999999,
    "overall_response_time": 7.319874291582191,
    "time": 45000.0,
    "weighted_avg_deadline_violation": 0.0018951540824137434,
    "overall_cost": 242.73352986094477,
    "deadline_satisfaction": 0.64,
    "weighted_overall_response_time": 2742.453357469142,
    "max_migration_cost": 0.0,
    "max_response_time": 0.3108892482331775,
    "avg_cost": 24.273352986094476,
    "overall_migration_cost": 0.0,
    "elapsed_time": 0.0014429613947868347,
    "opt": "CloudOptimizer",
    "overall_power_consumption": 750.0,
    "valid": true,
    "weighted_deadline_satisfaction": 0.6768967780287257,
    "weighted_overall_deadline_violation": 164.12377498627345,
    "weighted_migration_rate": 0.0,
    "overall_deadline_violation": 0.22592591351922026,
    "avg_deadline_violation": 0.002259259135192203,
    "avg_migration_cost": 0.0,
    "weighted_avg_response_time": 0.03166739052079205
  },
  {
    "max_cost": 131.21898595402232,
    "avg_only_violated_deadline": 0.0062757189915964495,
    "max_deadline_violation": 0.008501097706150477,
    "migration_rate": 0.0,
    "weighted_avg_only_violated_deadline": 0.006038142809975571,
    "avg_response_time": 0.07319723371239023,
    "avg_unavailability": 0.03549645999999999,
    "overall_response_time": 7.3197233712390215,
    "time": 46800.0,
    "weighted_avg_deadline_violation": 0.0021232679295620197,
    "overall_cost": 226.339019193684,
    "deadline_satisfaction": 0.64,
    "weighted_overall_response_time": 2640.5624664533307,
    "max_migration_cost": 0.0,
    "max_response_time": 0.3108724423147441,
    "avg_cost": 22.633901919368405,
    "overall_migration_cost": 0.0,
    "elapsed_time": 0.0014321953058242798,
    "opt": "CloudOptimizer",
    "overall_power_consumption": 750.0,
    "valid": true,
    "weighted_deadline_satisfaction": 0.6483574508946386,
    "weighted_overall_deadline_violation": 177.8183106351513,
    "weighted_migration_rate": 0.0,
    "overall_deadline_violation": 0.22592588369747227,
    "avg_deadline_violation": 0.0022592588369747214,
    "avg_migration_cost": 0.0,
    "weighted_avg_response_time": 0.031530057737019224
  },
  {
    "max_cost": 114.84330449282686,
    "avg_only_violated_deadline": 0.006369308678549795,
    "max_deadline_violation": 0.008501097954416375,
    "migration_rate": 0.0,
    "weighted_avg_only_violated_deadline": 0.005937392258280365,
    "avg_response_time": 0.0738079919157512,
    "avg_unavailability": 0.03549645999999999,
    "overall_response_time": 7.306991199659357,
    "time": 48600.0,
    "weighted_avg_deadline_violation": 0.002131155723412851,
    "overall_cost": 213.9703985512877,
    "deadline_satisfaction": 0.6464646464646465,
    "weighted_overall_response_time": 2465.2113332424615,
    "max_migration_cost": 0.0,
    "max_response_time": 0.31090086614096385,
    "avg_cost": 21.39703985512877,
    "overall_migration_cost": 0.0,
    "elapsed_time": 0.0014255642890930176,
    "opt": "CloudOptimizer",
    "overall_power_consumption": 750.0,
    "valid": true,
    "weighted_deadline_satisfaction": 0.6410619964613739,
    "weighted_overall_deadline_violation": 173.22360108130079,
    "weighted_migration_rate": 0.0,
    "overall_deadline_violation": 0.2229258037492429,
    "avg_deadline_violation": 0.0022517757954468973,
    "avg_migration_cost": 0.0,
    "weighted_avg_response_time": 0.030329292368169287
  },
  {
    "max_cost": 112.1434326585405,
    "avg_only_violated_deadline": 0.0062757197638803296,
    "max_deadline_violation": 0.008501097317104144,
    "migration_rate": 0.0,
    "weighted_avg_only_violated_deadline": 0.0060362041053914385,
    "avg_response_time": 0.07319904912139781,
    "avg_unavailability": 0.03549645999999999,
    "overall_response_time": 7.31990491213978,
    "time": 50400.0,
    "weighted_avg_deadline_violation": 0.0021206984475083315,
    "overall_cost": 214.85220563317807,
    "deadline_satisfaction": 0.64,
    "weighted_overall_response_time": 2479.73104897966,
    "max_migration_cost": 0.0,
    "max_response_time": 0.31089211120145605,
    "avg_cost": 21.485220563317807,
    "overall_migration_cost": 0.0,
    "elapsed_time": 0.001432754099369049,
    "opt": "CloudOptimizer",
    "overall_power_consumption": 750.0,
    "valid": true,
    "weighted_deadline_satisfaction": 0.6486701889993812,
    "weighted_overall_deadline_violation": 172.60773682350114,
    "weighted_migration_rate": 0.0,
    "overall_deadline_violation": 0.225925911499692,
    "avg_deadline_violation": 0.0022592591149969187,
    "avg_migration_cost": 0.0,
    "weighted_avg_response_time": 0.030466547343626214
  },
  {
    "max_cost": 154.91156363851618,
    "avg_only_violated_deadline": 0.006275721541613485,
    "max_deadline_violation": 0.00850109775995848,
    "migration_rate": 0.0,
    "weighted_avg_only_violated_deadline": 0.006172948962583328,
    "avg_response_time": 0.07320092279415129,
    "avg_unavailability": 0.03549645999999999,
    "overall_response_time": 7.320092279415127,
    "time": 52200.0,
    "weighted_avg_deadline_violation": 0.0019047081123593312,
    "overall_cost": 247.99215367916875,
    "deadline_satisfaction": 0.64,
    "weighted_overall_response_time": 2678.3773140333815,
    "max_migration_cost": 0.0,
    "max_response_time": 0.3109098736439834,
    "avg_cost": 24.799215367916872,
    "overall_migration_cost": 0.0,
    "elapsed_time": 0.0014565065503120422,
    "opt": "CloudOptimizer",
    "overall_power_consumption": 750.0,
    "valid": true,
    "weighted_deadline_satisfaction": 0.6914427571158427,
    "weighted_overall_deadline_violation": 163.53654860761654,
    "weighted_migration_rate": 0.0,
    "overall_deadline_violation": 0.22592597549808544,
    "avg_deadline_violation": 0.0022592597549808543,
    "avg_migration_cost": 0.0,
    "weighted_avg_response_time": 0.031195026686291344
  },
  {
    "max_cost": 131.52943843910143,
    "avg_only_violated_deadline": 0.006275720125555307,
    "max_deadline_violation": 0.008501097257252063,
    "migration_rate": 0.0,
    "weighted_avg_only_violated_deadline": 0.005984217670340218,
    "avg_response_time": 0.07319924617493258,
    "avg_unavailability": 0.03549645999999999,
    "overall_response_time": 7.319924617493268,
    "time": 54000.0,
    "weighted_avg_deadline_violation": 0.0020839905241087624,
    "overall_cost": 221.05852314567423,
    "deadline_satisfaction": 0.64,
    "weighted_overall_response_time": 2561.317131764239,
    "max_migration_cost": 0.0,
    "max_response_time": 0.3108941680055188,
    "avg_cost": 22.10585231456742,
    "overall_migration_cost": 0.0,
    "elapsed_time": 0.0014849305152893066,
    "opt": "CloudOptimizer",
    "overall_power_consumption": 750.0,
    "valid": true,
    "weighted_deadline_satisfaction": 0.6517522191016355,
    "weighted_overall_deadline_violation": 168.05885144104437,
    "weighted_migration_rate": 0.0,
    "overall_deadline_violation": 0.22592592451999108,
    "avg_deadline_violation": 0.0022592592451999103,
    "avg_migration_cost": 0.0,
    "weighted_avg_response_time": 0.031761258547614274
  },
  {
    "max_cost": 81.47235110346394,
    "avg_only_violated_deadline": 0.00627572129932852,
    "max_deadline_violation": 0.00850109816915691,
    "migration_rate": 0.0,
    "weighted_avg_only_violated_deadline": 0.005930532995500976,
    "avg_response_time": 0.07319965268437398,
    "avg_unavailability": 0.03549645999999999,
    "overall_response_time": 7.319965268437405,
    "time": 55800.0,
    "weighted_avg_deadline_violation": 0.0022358836104625804,
    "overall_cost": 175.8465756550873,
    "deadline_satisfaction": 0.64,
    "weighted_overall_response_time": 2138.213513924197,
    "max_migration_cost": 0.0,
    "max_response_time": 0.31089756119352563,
    "avg_cost": 17.584657565508728,
    "overall_migration_cost": 0.0,
    "elapsed_time": 0.0014350637793540955,
    "opt": "CloudOptimizer",
    "overall_power_consumption": 750.0,
    "valid": true,
    "weighted_deadline_satisfaction": 0.6229877462685448,
    "weighted_overall_deadline_violation": 156.62596992521597,
    "weighted_migration_rate": 0.0,
    "overall_deadline_violation": 0.22592596677582677,
    "avg_deadline_violation": 0.0022592596677582667,
    "avg_migration_cost": 0.0,
    "weighted_avg_response_time": 0.030523651689023185
  },
  {
    "max_cost": 77.54622402367364,
    "avg_only_violated_deadline": 0.006275722341211739,
    "max_deadline_violation": 0.008501097677229924,
    "migration_rate": 0.0,
    "weighted_avg_only_violated_deadline": 0.005941284883632528,
    "avg_response_time": 0.07319961014535696,
    "avg_unavailability": 0.03549645999999999,
    "overall_response_time": 7.3199610145357035,
    "time": 57600.0,
    "weighted_avg_deadline_violation": 0.002172660405664487,
    "overall_cost": 175.77062472408647,
    "deadline_satisfaction": 0.64,
    "weighted_overall_response_time": 2102.1668886989246,
    "max_migration_cost": 0.0,
    "max_response_time": 0.31089604235616664,
    "avg_cost": 17.57706247240865,
    "overall_migration_cost": 0.0,
    "elapsed_time": 0.0014445632696151733,
    "opt": "CloudOptimizer",
    "overall_power_consumption": 750.0,
    "valid": true,
    "weighted_deadline_satisfaction": 0.6343113571864083,
    "weighted_overall_deadline_violation": 150.0252897065489,
    "weighted_migration_rate": 0.0,
    "overall_deadline_violation": 0.22592600428362264,
    "avg_deadline_violation": 0.002259260042836226,
    "avg_migration_cost": 0.0,
    "weighted_avg_response_time": 0.03044349905345118
  },
  {
    "max_cost": 115.42434086257711,
    "avg_only_violated_deadline": 0.006275724927992836,
    "max_deadline_violation": 0.008501098126060522,
    "migration_rate": 0.0,
    "weighted_avg_only_violated_deadline": 0.005934965993075298,
    "avg_response_time": 0.07358193138635306,
    "avg_unavailability": 0.03549645999999999,
    "overall_response_time": 7.284611207248959,
    "time": 59400.0,
    "weighted_avg_deadline_violation": 0.0017721980765858154,
    "overall_cost": 207.1155773689218,
    "deadline_satisfaction": 0.6363636363636364,
    "weighted_overall_response_time": 2441.299312848507,
    "max_migration_cost": 0.0,
    "max_response_time": 0.31086072347885146,
    "avg_cost": 20.71155773689218,
    "overall_migration_cost": 0.0,
    "elapsed_time": 0.001431778073310852,
    "opt": "CloudOptimizer",
    "overall_power_consumption": 750.0,
    "valid": true,
    "weighted_deadline_satisfaction": 0.7013970966887512,
    "weighted_overall_deadline_violation": 129.6306926770751,
    "weighted_migration_rate": 0.0,
    "overall_deadline_violation": 0.22592609740774205,
    "avg_deadline_violation": 0.0022820817919973952,
    "avg_migration_cost": 0.0,
    "weighted_avg_response_time": 0.033375320745821516
  },
  {
    "max_cost": 78.17970420070108,
    "avg_only_violated_deadline": 0.006275725129742074,
    "max_deadline_violation": 0.008501097648633823,
    "migration_rate": 0.0,
    "weighted_avg_only_violated_deadline": 0.006038219155046916,
    "avg_response_time": 0.07358176186354558,
    "avg_unavailability": 0.03549645999999999,
    "overall_response_time": 7.284594424491007,
    "time": 61200.0,
    "weighted_avg_deadline_violation": 0.002143212082390833,
    "overall_cost": 160.19600615901803,
    "deadline_satisfaction": 0.6363636363636364,
    "weighted_overall_response_time": 2079.6663044075544,
    "max_migration_cost": 0.0,
    "max_response_time": 0.31085844870748197,
    "avg_cost": 16.0196006159018,
    "overall_migration_cost": 0.0,
    "elapsed_time": 0.001453012228012085,
    "opt": "CloudOptimizer",
    "overall_power_consumption": 750.0,
    "valid": true,
    "weighted_deadline_satisfaction": 0.6450589110202344,
    "weighted_overall_deadline_violation": 132.25098163324895,
    "weighted_migration_rate": 0.0,
    "overall_deadline_violation": 0.22592610467071464,
    "avg_deadline_violation": 0.002282081865360754,
    "avg_migration_cost": 0.0,
    "weighted_avg_response_time": 0.03370232792152518
  },
  {
    "max_cost": 88.17511893966956,
    "avg_only_violated_deadline": 0.006275725686748717,
    "max_deadline_violation": 0.00850109729231708,
    "migration_rate": 0.0,
    "weighted_avg_only_violated_deadline": 0.005892592108743094,
    "avg_response_time": 0.0731974293124199,
    "avg_unavailability": 0.03549645999999999,
    "overall_response_time": 7.319742931241996,
    "time": 63000.0,
    "weighted_avg_deadline_violation": 0.001940884104400494,
    "overall_cost": 172.52354111144857,
    "deadline_satisfaction": 0.64,
    "weighted_overall_response_time": 2184.0874474096568,
    "max_migration_cost": 0.0,
    "max_response_time": 0.31087680626235376,
    "avg_cost": 17.252354111144857,
    "overall_migration_cost": 0.0,
    "elapsed_time": 0.001427382230758667,
    "opt": "CloudOptimizer",
    "overall_power_consumption": 750.0,
    "valid": true,
    "weighted_deadline_satisfaction": 0.6706230350611371,
    "weighted_overall_deadline_violation": 124.80013604344708,
    "weighted_migration_rate": 0.0,
    "overall_deadline_violation": 0.2259261247229538,
    "avg_deadline_violation": 0.0022592612472295383,
    "avg_migration_cost": 0.0,
    "weighted_avg_response_time": 0.033966794778350996
  },
  {
    "max_cost": 68.59531900414036,
    "avg_only_violated_deadline": 0.006275723992520594,
    "max_deadline_violation": 0.008501098129483995,
    "migration_rate": 0.0,
    "weighted_avg_only_violated_deadline": 0.005703471856018922,
    "avg_response_time": 0.07355210642125158,
    "avg_unavailability": 0.03549645999999999,
    "overall_response_time": 7.281658535703904,
    "time": 64800.0,
    "weighted_avg_deadline_violation": 0.0021403403460180702,
    "overall_cost": 149.97011096219282,
    "deadline_satisfaction": 0.6363636363636364,
    "weighted_overall_response_time": 2017.6504810298404,
    "max_migration_cost": 0.0,
    "max_response_time": 0.31086623990427353,
    "avg_cost": 14.99701109621928,
    "overall_migration_cost": 0.0,
    "elapsed_time": 0.0014352723956108093,
    "opt": "CloudOptimizer",
    "overall_power_consumption": 750.0,
    "valid": true,
    "weighted_deadline_satisfaction": 0.6247302695533862,
    "weighted_overall_deadline_violation": 129.42647432527923,
    "weighted_migration_rate": 0.0,
    "overall_deadline_violation": 0.22592606373074126,
    "avg_deadline_violation": 0.002282081451825671,
    "avg_migration_cost": 0.0,
    "weighted_avg_response_time": 0.033366115790635156
  },
  {
    "max_cost": 53.9166989008966,
    "avg_only_violated_deadline": 0.006275725738370312,
    "max_deadline_violation": 0.00850109759999184,
    "migration_rate": 0.0,
    "weighted_avg_only_violated_deadline": 0.00582494873990743,
    "avg_response_time": 0.07358593194027116,
    "avg_unavailability": 0.03549645999999999,
    "overall_response_time": 7.285007262086839,
    "time": 66600.0,
    "weighted_avg_deadline_violation": 0.0022944097507553284,
    "overall_cost": 123.30141393896882,
    "deadline_satisfaction": 0.6363636363636364,
    "weighted_overall_response_time": 1624.445312897715,
    "max_migration_cost": 0.0,
    "max_response_time": 0.3109008356156758,
    "avg_cost": 12.330141393896882,
    "overall_migration_cost": 0.0,
    "elapsed_time": 0.0014312267303466797,
    "opt": "CloudOptimizer",
    "overall_power_consumption": 750.0,
    "valid": true,
    "weighted_deadline_satisfaction": 0.6061064477639008,
    "weighted_overall_deadline_violation": 122.43985477427992,
    "weighted_migration_rate": 0.0,
    "overall_deadline_violation": 0.22592612658133118,
    "avg_deadline_violation": 0.0022820820866801136,
    "avg_migration_cost": 0.0,
    "weighted_avg_response_time": 0.03044060426527264
  },
  {
    "max_cost": 60.28697414377647,
    "avg_only_violated_deadline": 0.006369316833843969,
    "max_deadline_violation": 0.008501097299755143,
    "migration_rate": 0.0,
    "weighted_avg_only_violated_deadline": 0.006042195511550299,
    "avg_response_time": 0.07420217376321947,
    "avg_unavailability": 0.03549645999999999,
    "overall_response_time": 7.271813028795507,
    "time": 68400.0,
    "weighted_avg_deadline_violation": 0.002013040221530344,
    "overall_cost": 148.70619844510034,
    "deadline_satisfaction": 0.6428571428571429,
    "weighted_overall_response_time": 1870.7252922382106,
    "max_migration_cost": 0.0,
    "max_response_time": 0.31088181138051196,
    "avg_cost": 14.870619844510035,
    "overall_migration_cost": 0.0,
    "elapsed_time": 0.0014379248023033142,
    "opt": "CloudOptimizer",
    "overall_power_consumption": 750.0,
    "valid": true,
    "weighted_deadline_satisfaction": 0.6668362985470758,
    "weighted_overall_deadline_violation": 118.37360097177304,
    "weighted_migration_rate": 0.0,
    "overall_deadline_violation": 0.22292608918453904,
    "avg_deadline_violation": 0.002274756012087132,
    "avg_migration_cost": 0.0,
    "weighted_avg_response_time": 0.03181321870581276
  },
  {
    "max_cost": 64.38972436001569,
    "avg_only_violated_deadline": 0.006275726440796149,
    "max_deadline_violation": 0.008501097448525032,
    "migration_rate": 0.0,
    "weighted_avg_only_violated_deadline": 0.005991992040898536,
    "avg_response_time": 0.07140611062407935,
    "avg_unavailability": 0.03549645999999999,
    "overall_response_time": 7.0692049517838536,
    "time": 70200.0,
    "weighted_avg_deadline_violation": 0.002194449939915995,
    "overall_cost": 144.41943525404002,
    "deadline_satisfaction": 0.6363636363636364,
    "weighted_overall_response_time": 1691.8751105171007,
    "max_migration_cost": 0.0,
    "max_response_time": 0.3109149275732092,
    "avg_cost": 14.441943525404001,
    "overall_migration_cost": 0.0,
    "elapsed_time": 0.001381419599056244,
    "opt": "CloudOptimizer",
    "overall_power_consumption": 750.0,
    "valid": true,
    "weighted_deadline_satisfaction": 0.6337695502701431,
    "weighted_overall_deadline_violation": 122.8995384689551,
    "weighted_migration_rate": 0.0,
    "overall_deadline_violation": 0.22592615186866147,
    "avg_deadline_violation": 0.002282082342107691,
    "avg_migration_cost": 0.0,
    "weighted_avg_response_time": 0.030209513240421735
  },
  {
    "max_cost": 65.76712003890417,
    "avg_only_violated_deadline": 0.006260712646931528,
    "max_deadline_violation": 0.008501097520450356,
    "migration_rate": 0.0,
    "weighted_avg_only_violated_deadline": 0.005963604161168315,
    "avg_response_time": 0.07414527321427151,
    "avg_unavailability": 0.03549645999999999,
    "overall_response_time": 7.266236774998613,
    "time": 72000.0,
    "weighted_avg_deadline_violation": 0.0023156032421757463,
    "overall_cost": 160.77115979905895,
    "deadline_satisfaction": 0.6428571428571429,
    "weighted_overall_response_time": 1948.0062285273211,
    "max_migration_cost": 0.0,
    "max_response_time": 0.3109029918809561,
    "avg_cost": 16.07711597990589,
    "overall_migration_cost": 0.0,
    "elapsed_time": 0.0013847053050994873,
    "opt": "CloudOptimizer",
    "overall_power_consumption": 750.0,
    "valid": true,
    "weighted_deadline_satisfaction": 0.6117107742908775,
    "weighted_overall_deadline_violation": 152.1036295525877,
    "weighted_migration_rate": 0.0,
    "overall_deadline_violation": 0.21912494264260343,
    "avg_deadline_violation": 0.0022359688024755457,
    "avg_migration_cost": 0.0,
    "weighted_avg_response_time": 0.02965615976308352
  },
  {
    "max_cost": 82.54397451538715,
    "avg_only_violated_deadline": 0.0062121401774927155,
    "max_deadline_violation": 0.008501097647471725,
    "migration_rate": 0.0,
    "weighted_avg_only_violated_deadline": 0.005909184899061569,
    "avg_response_time": 0.0738015826441213,
    "avg_unavailability": 0.03549645999999999,
    "overall_response_time": 7.306356681768008,
    "time": 73800.0,
    "weighted_avg_deadline_violation": 0.002298698442512715,
    "overall_cost": 164.72899899223182,
    "deadline_satisfaction": 0.6464646464646465,
    "weighted_overall_response_time": 2085.348594684418,
    "max_migration_cost": 0.0,
    "max_response_time": 0.3108849865934514,
    "avg_cost": 16.472899899223183,
    "overall_migration_cost": 0.0,
    "elapsed_time": 0.0013808012008666992,
    "opt": "CloudOptimizer",
    "overall_power_consumption": 750.0,
    "valid": true,
    "weighted_deadline_satisfaction": 0.6109956818447555,
    "weighted_overall_deadline_violation": 149.1998090513566,
    "weighted_migration_rate": 0.0,
    "overall_deadline_violation": 0.2174249062122451,
    "avg_deadline_violation": 0.002196211173861061,
    "avg_migration_cost": 0.0,
    "weighted_avg_response_time": 0.032128644112722246
  },
  {
    "max_cost": 55.425927955057674,
    "avg_only_violated_deadline": 0.006275722086470774,
    "max_deadline_violation": 0.008501097574431925,
    "migration_rate": 0.0,
    "weighted_avg_only_violated_deadline": 0.005813175851470179,
    "avg_response_time": 0.0711331422845412,
    "avg_unavailability": 0.03549645999999999,
    "overall_response_time": 6.971047943885035,
    "time": 75600.0,
    "weighted_avg_deadline_violation": 0.00233021611901941,
    "overall_cost": 151.5133365505153,
    "deadline_satisfaction": 0.6326530612244898,
    "weighted_overall_response_time": 1958.319376834606,
    "max_migration_cost": 0.0,
    "max_response_time": 0.3108965708828351,
    "avg_cost": 15.151333655051534,
    "overall_migration_cost": 0.0,
    "elapsed_time": 0.0013844296336174011,
    "opt": "CloudOptimizer",
    "overall_power_consumption": 750.0,
    "valid": true,
    "weighted_deadline_satisfaction": 0.5991492123139394,
    "weighted_overall_deadline_violation": 147.6083098856994,
    "weighted_migration_rate": 0.0,
    "overall_deadline_violation": 0.22592599511294786,
    "avg_deadline_violation": 0.002305367297070897,
    "avg_migration_cost": 0.0,
    "weighted_avg_response_time": 0.03091497613936265
  },
  {
    "max_cost": 59.709268862772134,
    "avg_only_violated_deadline": 0.006260724826551479,
    "max_deadline_violation": 0.008501096992809508,
    "migration_rate": 0.0,
    "weighted_avg_only_violated_deadline": 0.005792280729658484,
    "avg_response_time": 0.07379989837777401,
    "avg_unavailability": 0.03549645999999999,
    "overall_response_time": 7.306189939399627,
    "time": 77400.0,
    "weighted_avg_deadline_violation": 0.00221577024896029,
    "overall_cost": 155.941980250604,
    "deadline_satisfaction": 0.6464646464646465,
    "weighted_overall_response_time": 1994.93156239797,
    "max_migration_cost": 0.0,
    "max_response_time": 0.3109019204091737,
    "avg_cost": 15.594198025060393,
    "overall_migration_cost": 0.0,
    "elapsed_time": 0.0014325529336929321,
    "opt": "CloudOptimizer",
    "overall_power_consumption": 750.0,
    "valid": true,
    "weighted_deadline_satisfaction": 0.6174615229516109,
    "weighted_overall_deadline_violation": 140.79096616227568,
    "weighted_migration_rate": 0.0,
    "overall_deadline_violation": 0.21912536892930182,
    "avg_deadline_violation": 0.002213387564942442,
    "avg_migration_cost": 0.0,
    "weighted_avg_response_time": 0.031396261600893066
  },
  {
    "max_cost": 81.5957176606286,
    "avg_only_violated_deadline": 0.006275721653556207,
    "max_deadline_violation": 0.008501097649129583,
    "migration_rate": 0.0,
    "weighted_avg_only_violated_deadline": 0.005819172364181875,
    "avg_response_time": 0.07320109842164495,
    "avg_unavailability": 0.03549645999999999,
    "overall_response_time": 7.320109842164491,
    "time": 79200.0,
    "weighted_avg_deadline_violation": 0.0022286645363291772,
    "overall_cost": 170.7183365014752,
    "deadline_satisfaction": 0.64,
    "weighted_overall_response_time": 2046.3270248151239,
    "max_migration_cost": 0.0,
    "max_response_time": 0.310909674346132,
    "avg_cost": 17.071833650147518,
    "overall_migration_cost": 0.0,
    "elapsed_time": 0.0014388412237167358,
    "opt": "CloudOptimizer",
    "overall_power_consumption": 750.0,
    "valid": true,
    "weighted_deadline_satisfaction": 0.6170134863082876,
    "weighted_overall_deadline_violation": 148.4781375219219,
    "weighted_migration_rate": 0.0,
    "overall_deadline_violation": 0.22592597952802349,
    "avg_deadline_violation": 0.002259259795280235,
    "avg_migration_cost": 0.0,
    "weighted_avg_response_time": 0.030715474655412627
  },
  {
    "max_cost": 87.3889009069297,
    "avg_only_violated_deadline": 0.006260723329025898,
    "max_deadline_violation": 0.00850109779244352,
    "migration_rate": 0.0,
    "weighted_avg_only_violated_deadline": 0.005751624479569895,
    "avg_response_time": 0.0738012214195618,
    "avg_unavailability": 0.03549645999999999,
    "overall_response_time": 7.306320920536618,
    "time": 81000.0,
    "weighted_avg_deadline_violation": 0.0019915875064859126,
    "overall_cost": 192.85598952827985,
    "deadline_satisfaction": 0.6464646464646465,
    "weighted_overall_response_time": 2224.833296168737,
    "max_migration_cost": 0.0,
    "max_response_time": 0.31091342034449465,
    "avg_cost": 19.285598952827986,
    "overall_migration_cost": 0.0,
    "elapsed_time": 0.001465722918510437,
    "opt": "CloudOptimizer",
    "overall_power_consumption": 750.0,
    "valid": true,
    "weighted_deadline_satisfaction": 0.6537347816151513,
    "weighted_overall_deadline_violation": 147.14366804411333,
    "weighted_migration_rate": 0.0,
    "overall_deadline_violation": 0.21912531651590633,
    "avg_deadline_violation": 0.0022133870355142064,
    "avg_migration_cost": 0.0,
    "weighted_avg_response_time": 0.03011308781112582
  },
  {
    "max_cost": 89.67083530986429,
    "avg_only_violated_deadline": 0.006194829796911829,
    "max_deadline_violation": 0.00850109794756513,
    "migration_rate": 0.0,
    "weighted_avg_only_violated_deadline": 0.005858423201220846,
    "avg_response_time": 0.07258110917670536,
    "avg_unavailability": 0.03549645999999999,
    "overall_response_time": 6.967786480963719,
    "time": 82800.0,
    "weighted_avg_deadline_violation": 0.0021692183872733966,
    "overall_cost": 182.41989332569557,
    "deadline_satisfaction": 0.6458333333333334,
    "weighted_overall_response_time": 2270.8915464886377,
    "max_migration_cost": 0.0,
    "max_response_time": 0.3109032368193337,
    "avg_cost": 18.24198933256956,
    "overall_migration_cost": 0.0,
    "elapsed_time": 0.001471102237701416,
    "opt": "CloudOptimizer",
    "overall_power_consumption": 750.0,
    "valid": true,
    "weighted_deadline_satisfaction": 0.6297265812375334,
    "weighted_overall_deadline_violation": 152.74352169342342,
    "weighted_migration_rate": 0.0,
    "overall_deadline_violation": 0.21062421309500215,
    "avg_deadline_violation": 0.002194002219739606,
    "avg_migration_cost": 0.0,
    "weighted_avg_response_time": 0.032250531109490374
  },
  {
    "max_cost": 89.67086953513306,
    "avg_only_violated_deadline": 0.006194829796911493,
    "max_deadline_violation": 0.008501097947565338,
    "migration_rate": 0.0,
    "weighted_avg_only_violated_deadline": 0.005858423201220484,
    "avg_response_time": 0.07258110897838593,
    "avg_unavailability": 0.03549645999999999,
    "overall_response_time": 6.9677864619250505,
    "time": 84600.0,
    "weighted_avg_deadline_violation": 0.0021692169463762593,
    "overall_cost": 182.4199680048193,
    "deadline_satisfaction": 0.6458333333333334,
    "weighted_overall_response_time": 2270.9050996155825,
    "max_migration_cost": 0.0,
    "max_response_time": 0.310903235123204,
    "avg_cost": 18.241996800481935,
    "overall_migration_cost": 0.0,
    "elapsed_time": 0.0014668405055999756,
    "opt": "CloudOptimizer",
    "overall_power_consumption": 750.0,
    "valid": true,
    "weighted_deadline_satisfaction": 0.6297268271905745,
    "weighted_overall_deadline_violation": 152.743521693414,
    "weighted_migration_rate": 0.0,
    "overall_deadline_violation": 0.21062421309499071,
    "avg_deadline_violation": 0.0021940022197394875,
    "avg_migration_cost": 0.0,
    "weighted_avg_response_time": 0.032250702164547465
  }
]