[
  {
    "time": 0.0,
    "opt": "ClusterLLGAOptimizer",
    "elapsed_time": 97.75536887394264,
    "valid": true,
    "overall_deadline_violation": 0.428883743053586,
    "weighted_overall_deadline_violation": 350.62805876743795,
    "max_deadline_violation": 0.011010999817142854,
    "avg_deadline_violation": 0.004046073047675341,
    "avg_only_violated_deadline": 0.007030881033665344,
    "weighted_avg_deadline_violation": 0.005509379449418421,
    "weighted_avg_only_violated_deadline": 0.006036647809457801,
    "deadline_satisfaction": 0.42452830188679247,
    "weighted_deadline_satisfaction": 0.08734456219448339,
    "overall_cost": 226.9784560792288,
    "max_cost": 64.30821075866147,
    "avg_cost": 4.829328852749549,
    "overall_migration_cost": 0.0,
    "max_migration_cost": 0.0,
    "avg_migration_cost": 0.0,
    "migration_rate": 0.0,
    "weighted_migration_rate": 0.0,
    "overall_response_time": 22.648857295081598,
    "weighted_overall_response_time": 2350.9178470409574,
    "max_response_time": 0.7109992522609222,
    "avg_response_time": 0.21366846504793954,
    "weighted_avg_response_time": 0.03693970904464672,
    "avg_unavailability": 0.009637491369634679,
    "overall_power_consumption": 957.2152754967751
  },
  {
    "time": 1800.0,
    "opt": "ClusterLLGAOptimizer",
    "elapsed_time": 92.5930321450578,
    "valid": true,
    "overall_deadline_violation": 0.4312666645447809,
    "weighted_overall_deadline_violation": 385.7586319208459,
    "max_deadline_violation": 0.011010999817142854,
    "avg_deadline_violation": 0.003654802241904924,
    "avg_only_violated_deadline": 0.006845502611821923,
    "weighted_avg_deadline_violation": 0.005461812486702111,
    "weighted_avg_only_violated_deadline": 0.006005727850720516,
    "deadline_satisfaction": 0.4661016949152542,
    "weighted_deadline_satisfaction": 0.09056610248383977,
    "overall_cost": 249.1090825999022,
    "max_cost": 74.33885320320574,
    "avg_cost": 5.083858828569434,
    "overall_migration_cost": 3.123378112579939,
    "max_migration_cost": 1.2430000000000003,
    "avg_migration_cost": 1.0411260375266462,
    "migration_rate": 0.061224489795918366,
    "weighted_migration_rate": 0.0006654315426534232,
    "overall_response_time": 23.41931372531539,
    "weighted_overall_response_time": 2687.3338470172457,
    "max_response_time": 0.7109979472023066,
    "avg_response_time": 0.19846876038402866,
    "weighted_avg_response_time": 0.038048956904709656,
    "avg_unavailability": 0.009637491306289313,
    "overall_power_consumption": 984.0942986488619
  },
  {
    "time": 3600.0,
    "opt": "ClusterLLGAOptimizer",
    "elapsed_time": 118.25980895594694,
    "valid": true,
    "overall_deadline_violation": 0.5277833389970398,
    "weighted_overall_deadline_violation": 354.7771609625758,
    "max_deadline_violation": 0.01101098914479888,
    "avg_deadline_violation": 0.004326092942598689,
    "avg_only_violated_deadline": 0.007761519691132941,
    "weighted_avg_deadline_violation": 0.005802354198593756,
    "weighted_avg_only_violated_deadline": 0.006245463654917741,
    "deadline_satisfaction": 0.4426229508196721,
    "weighted_deadline_satisfaction": 0.07094900888184284,
    "overall_cost": 202.23054458252977,
    "max_cost": 59.14864428197512,
    "avg_cost": 4.127153971072037,
    "overall_migration_cost": 147.99462825453344,
    "max_migration_cost": 126.47269486526187,
    "avg_migration_cost": 29.59892565090669,
    "migration_rate": 0.10204081632653061,
    "weighted_migration_rate": 0.005734224835478594,
    "overall_response_time": 25.169176399993898,
    "weighted_overall_response_time": 2397.8014902271857,
    "max_response_time": 0.7109997155560868,
    "avg_response_time": 0.20630472459011415,
    "weighted_avg_response_time": 0.03921586583100735,
    "avg_unavailability": 0.009657188402353176,
    "overall_power_consumption": 943.7147792128328
  },
  {
    "time": 5400.0,
    "opt": "ClusterLLGAOptimizer",
    "elapsed_time": 95.90940651099663,
    "valid": true,
    "overall_deadline_violation": 0.4539978486816594,
    "weighted_overall_deadline_violation": 379.37672106960576,
    "max_deadline_violation": 0.011010989344329127,
    "avg_deadline_violation": 0.003783315405680493,
    "avg_only_violated_deadline": 0.007442587683305889,
    "weighted_avg_deadline_violation": 0.005480145181338562,
    "weighted_avg_only_violated_deadline": 0.006037988567170243,
    "deadline_satisfaction": 0.49166666666666664,
    "weighted_deadline_satisfaction": 0.09238894370631787,
    "overall_cost": 237.58585626796472,
    "max_cost": 62.43213932975635,
    "avg_cost": 4.751717125359295,
    "overall_migration_cost": 1.3310000000000004,
    "max_migration_cost": 1.3310000000000004,
    "avg_migration_cost": 1.3310000000000004,
    "migration_rate": 0.02,
    "weighted_migration_rate": 0.00026906705766514545,
    "overall_response_time": 24.697753023811014,
    "weighted_overall_response_time": 2621.837990861397,
    "max_response_time": 0.7109979611501286,
    "avg_response_time": 0.20581460853175831,
    "weighted_avg_response_time": 0.037872784580351995,
    "avg_unavailability": 0.009657188384423537,
    "overall_power_consumption": 951.7337653351173
  },
  {
    "time": 7200.0,
    "opt": "ClusterLLGAOptimizer",
    "elapsed_time": 128.93740591302048,
    "valid": true,
    "overall_deadline_violation": 0.5061810956941037,
    "weighted_overall_deadline_violation": 449.4636559608073,
    "max_deadline_violation": 0.011010989362663613,
    "avg_deadline_violation": 0.004218175797450866,
    "avg_only_violated_deadline": 0.007443839642560351,
    "weighted_avg_deadline_violation": 0.0056852102174657915,
    "weighted_avg_only_violated_deadline": 0.0061378766132084515,
    "deadline_satisfaction": 0.43333333333333335,
    "weighted_deadline_satisfaction": 0.07374967342428146,
    "overall_cost": 275.64975202499323,
    "max_cost": 69.38392382832768,
    "avg_cost": 5.742703167187359,
    "overall_migration_cost": 14.994631674578855,
    "max_migration_cost": 13.441101327420752,
    "avg_migration_cost": 4.998210558192952,
    "migration_rate": 0.0625,
    "weighted_migration_rate": 0.0004266425542733189,
    "overall_response_time": 21.83067214711701,
    "weighted_overall_response_time": 2715.358443434957,
    "max_response_time": 0.7109876992184214,
    "avg_response_time": 0.18192226789264185,
    "weighted_avg_response_time": 0.03434623325371728,
    "avg_unavailability": 0.00963749313241348,
    "overall_power_consumption": 985.4181545137599
  },
  {
    "time": 9000.0,
    "opt": "ClusterLLGAOptimizer",
    "elapsed_time": 121.77835682604928,
    "valid": true,
    "overall_deadline_violation": 0.4103062316634788,
    "weighted_overall_deadline_violation": 344.81517817506324,
    "max_deadline_violation": 0.011010989038389873,
    "avg_deadline_violation": 0.0035678802753345996,
    "avg_only_violated_deadline": 0.007326896993990695,
    "weighted_avg_deadline_violation": 0.005528433513707619,
    "weighted_avg_only_violated_deadline": 0.006185880152011591,
    "deadline_satisfaction": 0.5130434782608696,
    "weighted_deadline_satisfaction": 0.10628182605351247,
    "overall_cost": 218.5088681208095,
    "max_cost": 52.20528625087298,
    "avg_cost": 4.552268085850197,
    "overall_migration_cost": 0.0,
    "max_migration_cost": 0.0,
    "avg_migration_cost": 0.0,
    "migration_rate": 0.0,
    "weighted_migration_rate": 0.0,
    "overall_response_time": 25.339255278439822,
    "weighted_overall_response_time": 2512.897412486158,
    "max_response_time": 0.7109870057976523,
    "avg_response_time": 0.2203413502473027,
    "weighted_avg_response_time": 0.04028936993209864,
    "avg_unavailability": 0.00963749313241348,
    "overall_power_consumption": 963.6862797057428
  },
  {
    "time": 10800.0,
    "opt": "ClusterLLGAOptimizer",
    "elapsed_time": 133.6510140870232,
    "valid": true,
    "overall_deadline_violation": 0.4334766300802779,
    "weighted_overall_deadline_violation": 417.5177568545411,
    "max_deadline_violation": 0.01101098173075557,
    "avg_deadline_violation": 0.003704928462224598,
    "avg_only_violated_deadline": 0.00637465632470997,
    "weighted_avg_deadline_violation": 0.005559921857460358,
    "weighted_avg_only_violated_deadline": 0.005933840754901047,
    "deadline_satisfaction": 0.4188034188034188,
    "weighted_deadline_satisfaction": 0.06301464985083276,
    "overall_cost": 254.56615340919763,
    "max_cost": 66.74221643461239,
    "avg_cost": 4.803134969984861,
    "overall_migration_cost": 72.48180240918606,
    "max_migration_cost": 46.40346270945169,
    "avg_migration_cost": 9.060225301148257,
    "migration_rate": 0.1509433962264151,
    "weighted_migration_rate": 0.0094554645686004,
    "overall_response_time": 26.05561487237533,
    "weighted_overall_response_time": 2963.8374164654383,
    "max_response_time": 0.7109890293856744,
    "avg_response_time": 0.2226975630117549,
    "weighted_avg_response_time": 0.03946827209915776,
    "avg_unavailability": 0.009637491304455317,
    "overall_power_consumption": 954.5892244041017
  },
  {
    "time": 12600.0,
    "opt": "ClusterLLGAOptimizer",
    "elapsed_time": 118.09247990103904,
    "valid": true,
    "overall_deadline_violation": 0.4475917802645239,
    "weighted_overall_deadline_violation": 402.88405160493664,
    "max_deadline_violation": 0.011010999816822027,
    "avg_deadline_violation": 0.0036389575631262075,
    "avg_only_violated_deadline": 0.007459863004408726,
    "weighted_avg_deadline_violation": 0.005487181811979995,
    "weighted_avg_only_violated_deadline": 0.006130386564568333,
    "deadline_satisfaction": 0.5121951219512195,
    "weighted_deadline_satisfaction": 0.104920749419923,
    "overall_cost": 263.14681363853856,
    "max_cost": 61.0528612410345,
    "avg_cost": 4.965034219595066,
    "overall_migration_cost": 8.801,
    "max_migration_cost": 8.801,
    "avg_migration_cost": 8.801,
    "migration_rate": 0.018867924528301886,
    "weighted_migration_rate": 0.0016396135898401757,
    "overall_response_time": 24.410185526902026,
    "weighted_overall_response_time": 2659.0772016031015,
    "max_response_time": 0.7109879211434652,
    "avg_response_time": 0.19845679290164264,
    "weighted_avg_response_time": 0.03621597826760044,
    "avg_unavailability": 0.009637491304455317,
    "overall_power_consumption": 1002.0738450504922
  },
  {
    "time": 14400.0,
    "opt": "ClusterLLGAOptimizer",
    "elapsed_time": 129.17863334098365,
    "valid": true,
    "overall_deadline_violation": 0.45315678710005675,
    "weighted_overall_deadline_violation": 386.07337959296086,
    "max_deadline_violation": 0.011010996009041395,
    "avg_deadline_violation": 0.003776306559167139,
    "avg_only_violated_deadline": 0.007552613118334277,
    "weighted_avg_deadline_violation": 0.005526805249941702,
    "weighted_avg_only_violated_deadline": 0.0060729662862194795,
    "deadline_satisfaction": 0.5,
    "weighted_deadline_satisfaction": 0.08993315795562785,
    "overall_cost": 224.931993606881,
    "max_cost": 64.52926697304542,
    "avg_cost": 4.49863987213762,
    "overall_migration_cost": 292.54769860933413,
    "max_migration_cost": 139.55956855008156,
    "avg_migration_cost": 48.75794976822235,
    "migration_rate": 0.12,
    "weighted_migration_rate": 0.007519417526751849,
    "overall_response_time": 23.083819831323115,
    "weighted_overall_response_time": 2595.5638360715216,
    "max_response_time": 0.7109971597690626,
    "avg_response_time": 0.192365165261026,
    "weighted_avg_response_time": 0.037156604402207416,
    "avg_unavailability": 0.009657188384423537,
    "overall_power_consumption": 911.8711039809632
  },
  {
    "time": 16200.0,
    "opt": "ClusterLLGAOptimizer",
    "elapsed_time": 125.55790744000115,
    "valid": true,
    "overall_deadline_violation": 0.46829635935712327,
    "weighted_overall_deadline_violation": 317.65902314177015,
    "max_deadline_violation": 0.011010995191045522,
    "avg_deadline_violation": 0.003807287474448156,
    "avg_only_violated_deadline": 0.0070953993841988364,
    "weighted_avg_deadline_violation": 0.0052855841653876665,
    "weighted_avg_only_violated_deadline": 0.005986405785411494,
    "deadline_satisfaction": 0.4634146341463415,
    "weighted_deadline_satisfaction": 0.11706884650747991,
    "overall_cost": 216.18072606756553,
    "max_cost": 61.82370441488408,
    "avg_cost": 4.599589916331181,
    "overall_migration_cost": 0.0,
    "max_migration_cost": 0.0,
    "avg_migration_cost": 0.0,
    "migration_rate": 0.0,
    "weighted_migration_rate": 0.0,
    "overall_response_time": 27.688570841243653,
    "weighted_overall_response_time": 2687.9604071385197,
    "max_response_time": 0.7109972068919381,
    "avg_response_time": 0.2251103320426313,
    "weighted_avg_response_time": 0.044725444360570264,
    "avg_unavailability": 0.009657188403719952,
    "overall_power_consumption": 965.5208591136649
  },
  {
    "time": 18000.0,
    "opt": "ClusterLLGAOptimizer",
    "elapsed_time": 127.01739707402885,
    "valid": true,
    "overall_deadline_violation": 0.48369702947441334,
    "weighted_overall_deadline_violation": 399.5321399459235,
    "max_deadline_violation": 0.011010985279556199,
    "avg_deadline_violation": 0.003997496111358788,
    "avg_only_violated_deadline": 0.007328742870824446,
    "weighted_avg_deadline_violation": 0.005682542842040213,
    "weighted_avg_only_violated_deadline": 0.006191267012960572,
    "deadline_satisfaction": 0.45454545454545453,
    "weighted_deadline_satisfaction": 0.08216802309695495,
    "overall_cost": 231.15134479920198,
    "max_cost": 69.11506669856021,
    "avg_cost": 4.532379309788275,
    "overall_migration_cost": 219.4773195134731,
    "max_migration_cost": 94.00239760728522,
    "avg_migration_cost": 24.386368834830346,
    "migration_rate": 0.17647058823529413,
    "weighted_migration_rate": 0.010912934472392133,
    "overall_response_time": 24.827142091023205,
    "weighted_overall_response_time": 2529.2330271753117,
    "max_response_time": 0.7109974418636403,
    "avg_response_time": 0.20518299248779512,
    "weighted_avg_response_time": 0.03597326371883891,
    "avg_unavailability": 0.00965718838397023,
    "overall_power_consumption": 918.0026518969254
  },
  {
    "time": 19800.0,
    "opt": "ClusterLLGAOptimizer",
    "elapsed_time": 125.53720402601175,
    "valid": true,
    "overall_deadline_violation": 0.44217451686335313,
    "weighted_overall_deadline_violation": 376.4010406429963,
    "max_deadline_violation": 0.011010989577938904,
    "avg_deadline_violation": 0.003565923523091556,
    "avg_only_violated_deadline": 0.007623698566609534,
    "weighted_avg_deadline_violation": 0.005615740153500407,
    "weighted_avg_only_violated_deadline": 0.006225215824933583,
    "deadline_satisfaction": 0.532258064516129,
    "weighted_deadline_satisfaction": 0.09790434397343621,
    "overall_cost": 240.81725440995956,
    "max_cost": 52.13882179162459,
    "avg_cost": 4.721906949214895,
    "overall_migration_cost": 0.0,
    "max_migration_cost": 0.0,
    "avg_migration_cost": 0.0,
    "migration_rate": 0.0,
    "weighted_migration_rate": 0.0,
    "overall_response_time": 23.683586668102514,
    "weighted_overall_response_time": 2371.4251904129183,
    "max_response_time": 0.7109967941654015,
    "avg_response_time": 0.19099666667824602,
    "weighted_avg_response_time": 0.03538063454892304,
    "avg_unavailability": 0.00965718838397023,
    "overall_power_consumption": 993.6135520134711
  },
  {
    "time": 21600.0,
    "opt": "ClusterLLGAOptimizer",
    "elapsed_time": 140.57071165996604,
    "valid": true,
    "overall_deadline_violation": 0.4795580177042372,
    "weighted_overall_deadline_violation": 393.08001511225063,
    "max_deadline_violation": 0.011010982173527091,
    "avg_deadline_violation": 0.003996316814201978,
    "avg_only_violated_deadline": 0.007493094026628709,
    "weighted_avg_deadline_violation": 0.0057027996081067305,
    "weighted_avg_only_violated_deadline": 0.006170592765305777,
    "deadline_satisfaction": 0.4666666666666667,
    "weighted_deadline_satisfaction": 0.07581008421576932,
    "overall_cost": 229.68409178775676,
    "max_cost": 75.69307654542085,
    "avg_cost": 4.417001765149169,
    "overall_migration_cost": 308.39965746643725,
    "max_migration_cost": 146.91302495443733,
    "avg_migration_cost": 61.67993149328744,
    "migration_rate": 0.09615384615384616,
    "weighted_migration_rate": 0.008426739167644868,
    "overall_response_time": 25.55424058660996,
    "weighted_overall_response_time": 2511.123234414828,
    "max_response_time": 0.7109975937496101,
    "avg_response_time": 0.2129520048884164,
    "weighted_avg_response_time": 0.036431342338885245,
    "avg_unavailability": 0.009657188383956478,
    "overall_power_consumption": 895.2578184600136
  },
  {
    "time": 23400.0,
    "opt": "ClusterLLGAOptimizer",
    "elapsed_time": 127.35292155691423,
    "valid": true,
    "overall_deadline_violation": 0.4576288503686059,
    "weighted_overall_deadline_violation": 399.0571636879404,
    "max_deadline_violation": 0.011000370000053938,
    "avg_deadline_violation": 0.0036319750029254446,
    "avg_only_violated_deadline": 0.00715045078700947,
    "weighted_avg_deadline_violation": 0.0055041988309398274,
    "weighted_avg_only_violated_deadline": 0.006063319700574466,
    "deadline_satisfaction": 0.49206349206349204,
    "weighted_deadline_satisfaction": 0.09221365477094373,
    "overall_cost": 264.74852087012783,
    "max_cost": 75.98168473245505,
    "avg_cost": 5.294970417402556,
    "overall_migration_cost": 0.0,
    "max_migration_cost": 0.0,
    "avg_migration_cost": 0.0,
    "migration_rate": 0.0,
    "weighted_migration_rate": 0.0,
    "overall_response_time": 27.178281009554052,
    "weighted_overall_response_time": 2732.0588400099036,
    "max_response_time": 0.7109947787763282,
    "avg_response_time": 0.21570064293296892,
    "weighted_avg_response_time": 0.037683310667242606,
    "avg_unavailability": 0.009657188401903952,
    "overall_power_consumption": 980.0922295901576
  },
  {
    "time": 25200.0,
    "opt": "ClusterLLGAOptimizer",
    "elapsed_time": 146.57282068196218,
    "valid": true,
    "overall_deadline_violation": 0.5087120034645426,
    "weighted_overall_deadline_violation": 435.8008438343318,
    "max_deadline_violation": 0.011010999065538048,
    "avg_deadline_violation": 0.004204231433591264,
    "avg_only_violated_deadline": 0.006874486533304633,
    "weighted_avg_deadline_violation": 0.005731191943710958,
    "weighted_avg_only_violated_deadline": 0.006026391505487033,
    "deadline_satisfaction": 0.3884297520661157,
    "weighted_deadline_satisfaction": 0.048984464668001736,
    "overall_cost": 253.4539713715277,
    "max_cost": 83.705286834952,
    "avg_cost": 5.069079427430553,
    "overall_migration_cost": 255.86923244802261,
    "max_migration_cost": 117.47267565361987,
    "avg_migration_cost": 31.983654056002823,
    "migration_rate": 0.16,
    "weighted_migration_rate": 0.01106188362215994,
    "overall_response_time": 26.862071891819014,
    "weighted_overall_response_time": 2822.2388747461464,
    "max_response_time": 0.7109960821152596,
    "avg_response_time": 0.22200059414726464,
    "weighted_avg_response_time": 0.03711510184299181,
    "avg_unavailability": 0.009657188403515296,
    "overall_power_consumption": 917.6954809949668
  },
  {
    "time": 27000.0,
    "opt": "ClusterLLGAOptimizer",
    "elapsed_time": 135.17950364307035,
    "valid": true,
    "overall_deadline_violation": 0.4737251285776335,
    "weighted_overall_deadline_violation": 358.0896878020938,
    "max_deadline_violation": 0.011010998388649225,
    "avg_deadline_violation": 0.003915083707253172,
    "avg_only_violated_deadline": 0.007895418809627226,
    "weighted_avg_deadline_violation": 0.00569328887618638,
    "weighted_avg_only_violated_deadline": 0.006342734643199647,
    "deadline_satisfaction": 0.5041322314049587,
    "weighted_deadline_satisfaction": 0.10239207590208255,
    "overall_cost": 222.7188558717782,
    "max_cost": 57.23113769758677,
    "avg_cost": 4.4543771174355635,
    "overall_migration_cost": 0.0,
    "max_migration_cost": 0.0,
    "avg_migration_cost": 0.0,
    "migration_rate": 0.0,
    "weighted_migration_rate": 0.0,
    "overall_response_time": 24.89356663114955,
    "weighted_overall_response_time": 2277.52146882229,
    "max_response_time": 0.7109956756792983,
    "avg_response_time": 0.20573195562933536,
    "weighted_avg_response_time": 0.036210446950619486,
    "avg_unavailability": 0.009657188403515296,
    "overall_power_consumption": 969.8954125353223
  },
  {
    "time": 28800.0,
    "opt": "ClusterLLGAOptimizer",
    "elapsed_time": 135.6784645759035,
    "valid": true,
    "overall_deadline_violation": 0.41400229087933954,
    "weighted_overall_deadline_violation": 341.9742703000513,
    "max_deadline_violation": 0.01101098390182749,
    "avg_deadline_violation": 0.0036637370874277827,
    "avg_only_violated_deadline": 0.007527314379624356,
    "weighted_avg_deadline_violation": 0.005598012262980406,
    "weighted_avg_only_violated_deadline": 0.006119684347466895,
    "deadline_satisfaction": 0.5132743362831859,
    "weighted_deadline_satisfaction": 0.08524493337673912,
    "overall_cost": 207.2838500957844,
    "max_cost": 64.77689041599189,
    "avg_cost": 3.986227886457392,
    "overall_migration_cost": 256.64210403240236,
    "max_migration_cost": 119.45505201620117,
    "avg_migration_cost": 51.328420806480466,
    "migration_rate": 0.09615384615384616,
    "weighted_migration_rate": 0.008235920337067024,
    "overall_response_time": 25.72157049451676,
    "weighted_overall_response_time": 2420.2683236234234,
    "max_response_time": 0.7109969035470683,
    "avg_response_time": 0.22762451765059097,
    "weighted_avg_response_time": 0.03961903842490608,
    "avg_unavailability": 0.009657188383956478,
    "overall_power_consumption": 906.4348668499521
  },
  {
    "time": 30600.0,
    "opt": "ClusterLLGAOptimizer",
    "elapsed_time": 134.65130377397873,
    "valid": true,
    "overall_deadline_violation": 0.4267473075612307,
    "weighted_overall_deadline_violation": 385.80951933847103,
    "max_deadline_violation": 0.011010999816868094,
    "avg_deadline_violation": 0.0034415105448486363,
    "avg_only_violated_deadline": 0.0065653431932497066,
    "weighted_avg_deadline_violation": 0.005519135706427754,
    "weighted_avg_only_violated_deadline": 0.006066074786347179,
    "deadline_satisfaction": 0.47580645161290325,
    "weighted_deadline_satisfaction": 0.09016358999569377,
    "overall_cost": 252.77411950865954,
    "max_cost": 61.11134533467024,
    "avg_cost": 5.158655500176726,
    "overall_migration_cost": 0.0,
    "max_migration_cost": 0.0,
    "avg_migration_cost": 0.0,
    "migration_rate": 0.0,
    "weighted_migration_rate": 0.0,
    "overall_response_time": 27.54122067301505,
    "weighted_overall_response_time": 2759.97776948766,
    "max_response_time": 0.7109928502532581,
    "avg_response_time": 0.22210661833076645,
    "weighted_avg_response_time": 0.03948241578550197,
    "avg_unavailability": 0.009657188402353176,
    "overall_power_consumption": 987.8008302137241
  },
  {
    "time": 32400.0,
    "opt": "ClusterLLGAOptimizer",
    "elapsed_time": 141.59361784998327,
    "valid": true,
    "overall_deadline_violation": 0.49487708452277607,
    "weighted_overall_deadline_violation": 465.4203520986782,
    "max_deadline_violation": 0.011010992814847652,
    "avg_deadline_violation": 0.0044185453975247885,
    "avg_only_violated_deadline": 0.007855191817821844,
    "weighted_avg_deadline_violation": 0.005948843088689112,
    "weighted_avg_only_violated_deadline": 0.006259033807788239,
    "deadline_satisfaction": 0.4375,
    "weighted_deadline_satisfaction": 0.049558882189316866,
    "overall_cost": 268.7888980671671,
    "max_cost": 87.40867916344557,
    "avg_cost": 5.071488642776736,
    "overall_migration_cost": 170.36199114413898,
    "max_migration_cost": 129.18603383988463,
    "avg_migration_cost": 18.929110127126552,
    "migration_rate": 0.16981132075471697,
    "weighted_migration_rate": 0.006233139625971638,
    "overall_response_time": 22.960135412764412,
    "weighted_overall_response_time": 2613.7129104270966,
    "max_response_time": 0.710993093692931,
    "avg_response_time": 0.2050012090425394,
    "weighted_avg_response_time": 0.03340758072331813,
    "avg_unavailability": 0.009637491304469193,
    "overall_power_consumption": 944.5728363261909
  },
  {
    "time": 34200.0,
    "opt": "ClusterLLGAOptimizer",
    "elapsed_time": 143.34382126608398,
    "valid": true,
    "overall_deadline_violation": 0.4747513536496538,
    "weighted_overall_deadline_violation": 376.7545701649293,
    "max_deadline_violation": 0.011010997570714894,
    "avg_deadline_violation": 0.0038597671028427136,
    "avg_only_violated_deadline": 0.007782809076223832,
    "weighted_avg_deadline_violation": 0.005425402478807938,
    "weighted_avg_only_violated_deadline": 0.006085021271849643,
    "deadline_satisfaction": 0.5040650406504065,
    "weighted_deadline_satisfaction": 0.10840040873697808,
    "overall_cost": 248.30007807576757,
    "max_cost": 57.15667213556522,
    "avg_cost": 4.775001501457069,
    "overall_migration_cost": 0.0,
    "max_migration_cost": 0.0,
    "avg_migration_cost": 0.0,
    "migration_rate": 0.0,
    "weighted_migration_rate": 0.0,
    "overall_response_time": 23.13110907343161,
    "weighted_overall_response_time": 2608.216892180642,
    "max_response_time": 0.7109841135454631,
    "avg_response_time": 0.1880577973449725,
    "weighted_avg_response_time": 0.037559269383012316,
    "avg_unavailability": 0.009637491322398831,
    "overall_power_consumption": 980.1103876665936
  },
  {
    "time": 36000.0,
    "opt": "ClusterLLGAOptimizer",
    "elapsed_time": 155.58870574401226,
    "valid": true,
    "overall_deadline_violation": 0.5294970798489635,
    "weighted_overall_deadline_violation": 384.823078741799,
    "max_deadline_violation": 0.011010993701252726,
    "avg_deadline_violation": 0.004412475665408029,
    "avg_only_violated_deadline": 0.007673870722448744,
    "weighted_avg_deadline_violation": 0.0056175927200215305,
    "weighted_avg_only_violated_deadline": 0.006036407659099886,
    "deadline_satisfaction": 0.425,
    "weighted_deadline_satisfaction": 0.06938148692575331,
    "overall_cost": 229.2576015467896,
    "max_cost": 68.60868258171642,
    "avg_cost": 4.325615123524331,
    "overall_migration_cost": 249.908431895685,
    "max_migration_cost": 110.90903814740152,
    "avg_migration_cost": 35.70120455652643,
    "migration_rate": 0.1320754716981132,
    "weighted_migration_rate": 0.008937316266064758,
    "overall_response_time": 25.174389767300763,
    "weighted_overall_response_time": 2702.923136904143,
    "max_response_time": 0.7109941091406126,
    "avg_response_time": 0.20978658139417308,
    "weighted_avg_response_time": 0.03945688856888512,
    "avg_unavailability": 0.009637491304469193,
    "overall_power_consumption": 906.5871008779233
  },
  {
    "time": 37800.0,
    "opt": "ClusterLLGAOptimizer",
    "elapsed_time": 138.52589494804852,
    "valid": true,
    "overall_deadline_violation": 0.4370693423968067,
    "weighted_overall_deadline_violation": 382.528465090458,
    "max_deadline_violation": 0.011010993973807018,
    "avg_deadline_violation": 0.003735635405100912,
    "avg_only_violated_deadline": 0.007284489039946778,
    "weighted_avg_deadline_violation": 0.005572876012497524,
    "weighted_avg_only_violated_deadline": 0.006072561121775465,
    "deadline_satisfaction": 0.48717948717948717,
    "weighted_deadline_satisfaction": 0.08228572743156617,
    "overall_cost": 254.64737001508072,
    "max_cost": 71.2842737108331,
    "avg_cost": 4.8046673587751085,
    "overall_migration_cost": 0.0,
    "max_migration_cost": 0.0,
    "avg_migration_cost": 0.0,
    "migration_rate": 0.0,
    "weighted_migration_rate": 0.0,
    "overall_response_time": 25.97600678963025,
    "weighted_overall_response_time": 2736.758913050823,
    "max_response_time": 0.7109948942124081,
    "avg_response_time": 0.22201715204812172,
    "weighted_avg_response_time": 0.03987054426112611,
    "avg_unavailability": 0.009637491304469193,
    "overall_power_consumption": 985.6490828135729
  },
  {
    "time": 39600.0,
    "opt": "ClusterLLGAOptimizer",
    "elapsed_time": 158.54521887202282,
    "valid": true,
    "overall_deadline_violation": 0.4736727256672652,
    "weighted_overall_deadline_violation": 390.5674001958746,
    "max_deadline_violation": 0.011010995960869567,
    "avg_deadline_violation": 0.003671881594319885,
    "avg_only_violated_deadline": 0.006965775377459783,
    "weighted_avg_deadline_violation": 0.005487884770662181,
    "weighted_avg_only_violated_deadline": 0.006026509255099337,
    "deadline_satisfaction": 0.4728682170542636,
    "weighted_deadline_satisfaction": 0.08937586613368244,
    "overall_cost": 252.96899498643336,
    "max_cost": 61.061808756046766,
    "avg_cost": 4.960176372283006,
    "overall_migration_cost": 1.339764474452521,
    "max_migration_cost": 1.339764474452521,
    "avg_migration_cost": 1.339764474452521,
    "migration_rate": 0.0196078431372549,
    "weighted_migration_rate": 0.0006318756331347348,
    "overall_response_time": 27.317904205875635,
    "weighted_overall_response_time": 2855.513193030407,
    "max_response_time": 0.7109941873092405,
    "avg_response_time": 0.21176669927035377,
    "weighted_avg_response_time": 0.040122978406793366,
    "avg_unavailability": 0.00965718840351526,
    "overall_power_consumption": 985.0461136668284
  },
  {
    "time": 41400.0,
    "opt": "ClusterLLGAOptimizer",
    "elapsed_time": 145.30723246594425,
    "valid": true,
    "overall_deadline_violation": 0.5354795407897203,
    "weighted_overall_deadline_violation": 408.4493976456513,
    "max_deadline_violation": 0.011010994102866635,
    "avg_deadline_violation": 0.004087630082364279,
    "avg_only_violated_deadline": 0.008238146781380315,
    "weighted_avg_deadline_violation": 0.005530005515357653,
    "weighted_avg_only_violated_deadline": 0.006112651544674089,
    "deadline_satisfaction": 0.5038167938931297,
    "weighted_deadline_satisfaction": 0.09531805061325509,
    "overall_cost": 260.54294437000726,
    "max_cost": 74.79566864337015,
    "avg_cost": 5.1086851837256315,
    "overall_migration_cost": 0.0,
    "max_migration_cost": 0.0,
    "avg_migration_cost": 0.0,
    "migration_rate": 0.0,
    "weighted_migration_rate": 0.0,
    "overall_response_time": 27.396760935930736,
    "weighted_overall_response_time": 2738.988333030694,
    "max_response_time": 0.710995397343805,
    "avg_response_time": 0.20913557966359345,
    "weighted_avg_response_time": 0.037083224202231285,
    "avg_unavailability": 0.00965718840351526,
    "overall_power_consumption": 962.9136542458634
  },
  {
    "time": 43200.0,
    "opt": "ClusterLLGAOptimizer",
    "elapsed_time": 171.97154023207258,
    "valid": true,
    "overall_deadline_violation": 0.4887711107579757,
    "weighted_overall_deadline_violation": 470.47078539204006,
    "max_deadline_violation": 0.011010993077592804,
    "avg_deadline_violation": 0.0038485914232911445,
    "avg_only_violated_deadline": 0.007519555550122697,
    "weighted_avg_deadline_violation": 0.005554281732728526,
    "weighted_avg_only_violated_deadline": 0.006029010350453548,
    "deadline_satisfaction": 0.4881889763779528,
    "weighted_deadline_satisfaction": 0.07874072030566497,
    "overall_cost": 284.57940832459315,
    "max_cost": 77.72605968160585,
    "avg_cost": 5.369422798577232,
    "overall_migration_cost": 115.29708760539307,
    "max_migration_cost": 105.6350756886915,
    "avg_migration_cost": 38.43236253513103,
    "migration_rate": 0.05660377358490566,
    "weighted_migration_rate": 0.0034353233736392525,
    "overall_response_time": 28.02642095992825,
    "weighted_overall_response_time": 3102.076591896264,
    "max_response_time": 0.7109955708104971,
    "avg_response_time": 0.22068047999943524,
    "weighted_avg_response_time": 0.03662248089121348,
    "avg_unavailability": 0.00965718838395628,
    "overall_power_consumption": 948.3396484111781
  },
  {
    "time": 45000.0,
    "opt": "ClusterLLGAOptimizer",
    "elapsed_time": 150.51010610593949,
    "valid": true,
    "overall_deadline_violation": 0.4372604913290673,
    "weighted_overall_deadline_violation": 428.1010070433008,
    "max_deadline_violation": 0.011010999817053613,
    "avg_deadline_violation": 0.003584102387943174,
    "avg_only_violated_deadline": 0.007287674855484453,
    "weighted_avg_deadline_violation": 0.0056432047265025055,
    "weighted_avg_only_violated_deadline": 0.006214054033368375,
    "deadline_satisfaction": 0.5081967213114754,
    "weighted_deadline_satisfaction": 0.09186423288251262,
    "overall_cost": 262.1653557073531,
    "max_cost": 64.7508560745657,
    "avg_cost": 4.946516145421755,
    "overall_migration_cost": 0.0,
    "max_migration_cost": 0.0,
    "avg_migration_cost": 0.0,
    "migration_rate": 0.0,
    "weighted_migration_rate": 0.0,
    "overall_response_time": 25.952276254273414,
    "weighted_overall_response_time": 2866.325606182199,
    "max_response_time": 0.7109935076474957,
    "avg_response_time": 0.21272357585470014,
    "weighted_avg_response_time": 0.037783751830479766,
    "avg_unavailability": 0.00965718838395628,
    "overall_power_consumption": 974.0159719198139
  },
  {
    "time": 46800.0,
    "opt": "ClusterLLGAOptimizer",
    "elapsed_time": 162.51869576005265,
    "valid": true,
    "overall_deadline_violation": 0.4686157727429095,
    "weighted_overall_deadline_violation": 416.27551848776534,
    "max_deadline_violation": 0.011010992121889815,
    "avg_deadline_violation": 0.003809884331243166,
    "avg_only_violated_deadline": 0.00732212144910796,
    "weighted_avg_deadline_violation": 0.005490491559608225,
    "weighted_avg_only_violated_deadline": 0.00611446960772611,
    "deadline_satisfaction": 0.4796747967479675,
    "weighted_deadline_satisfaction": 0.10204941526398932,
    "overall_cost": 255.49926404611153,
    "max_cost": 66.18123036240645,
    "avg_cost": 5.009789491100226,
    "overall_migration_cost": 131.82374618256358,
    "max_migration_cost": 131.82374618256358,
    "avg_migration_cost": 131.82374618256358,
    "migration_rate": 0.0196078431372549,
    "weighted_migration_rate": 0.0020835535000855387,
    "overall_response_time": 26.229710923003253,
    "weighted_overall_response_time": 3020.837533439428,
    "max_response_time": 0.7109934042069973,
    "avg_response_time": 0.21324968230083957,
    "weighted_avg_response_time": 0.039843522483737834,
    "avg_unavailability": 0.00965718840351526,
    "overall_power_consumption": 958.7041753590258
  },
  {
    "time": 48600.0,
    "opt": "ClusterLLGAOptimizer",
    "elapsed_time": 151.57722931401804,
    "valid": true,
    "overall_deadline_violation": 0.5021625166907616,
    "weighted_overall_deadline_violation": 406.33496511496065,
    "max_deadline_violation": 0.011010999817035579,
    "avg_deadline_violation": 0.003985416799133028,
    "avg_only_violated_deadline": 0.007725577179857871,
    "weighted_avg_deadline_violation": 0.005512707429934062,
    "weighted_avg_only_violated_deadline": 0.006161915457252052,
    "deadline_satisfaction": 0.48412698412698413,
    "weighted_deadline_satisfaction": 0.10535815231835548,
    "overall_cost": 253.2021728338615,
    "max_cost": 59.63586804427521,
    "avg_cost": 4.964748486938462,
    "overall_migration_cost": 0.0,
    "max_migration_cost": 0.0,
    "avg_migration_cost": 0.0,
    "migration_rate": 0.0,
    "weighted_migration_rate": 0.0,
    "overall_response_time": 27.85452794759054,
    "weighted_overall_response_time": 2816.2338676336294,
    "max_response_time": 0.7109927798476725,
    "avg_response_time": 0.22106768212373432,
    "weighted_avg_response_time": 0.038207574290692596,
    "avg_unavailability": 0.00965718840351526,
    "overall_power_consumption": 969.0824472986955
  },
  {
    "time": 50400.0,
    "opt": "ClusterLLGAOptimizer",
    "elapsed_time": 182.16270863707177,
    "valid": true,
    "overall_deadline_violation": 0.45027575135050624,
    "weighted_overall_deadline_violation": 416.495708606169,
    "max_deadline_violation": 0.011010997759163678,
    "avg_deadline_violation": 0.0037838298432815646,
    "avg_only_violated_deadline": 0.007504595855841771,
    "weighted_avg_deadline_violation": 0.005558043329514904,
    "weighted_avg_only_violated_deadline": 0.006115378810166005,
    "deadline_satisfaction": 0.4957983193277311,
    "weighted_deadline_satisfaction": 0.09113670599188492,
    "overall_cost": 248.96248179917526,
    "max_cost": 65.75209731656093,
    "avg_cost": 4.787740034599525,
    "overall_migration_cost": 138.14904127756722,
    "max_migration_cost": 118.52079624008631,
    "avg_migration_cost": 46.04968042585574,
    "migration_rate": 0.057692307692307696,
    "weighted_migration_rate": 0.0037470517344636817,
    "overall_response_time": 22.53957686746465,
    "weighted_overall_response_time": 2786.575497789577,
    "max_response_time": 0.7109918070294096,
    "avg_response_time": 0.18940820897029112,
    "weighted_avg_response_time": 0.03718623514636047,
    "avg_unavailability": 0.009637491324018343,
    "overall_power_consumption": 957.0102651936709
  },
  {
    "time": 52200.0,
    "opt": "ClusterLLGAOptimizer",
    "elapsed_time": 170.87174625101034,
    "valid": true,
    "overall_deadline_violation": 0.45769832887588047,
    "weighted_overall_deadline_violation": 444.79913509956964,
    "max_deadline_violation": 0.011010999817128664,
    "avg_deadline_violation": 0.003721124625007159,
    "avg_only_violated_deadline": 0.007041512751936624,
    "weighted_avg_deadline_violation": 0.005478556277701349,
    "weighted_avg_only_violated_deadline": 0.006036577673717535,
    "deadline_satisfaction": 0.4715447154471545,
    "weighted_deadline_satisfaction": 0.09244002581889042,
    "overall_cost": 277.59656224541925,
    "max_cost": 79.56488693726635,
    "avg_cost": 5.443069847949397,
    "overall_migration_cost": 0.962,
    "max_migration_cost": 0.962,
    "avg_migration_cost": 0.962,
    "migration_rate": 0.0196078431372549,
    "weighted_migration_rate": 0.0023410475539915685,
    "overall_response_time": 27.461507308466047,
    "weighted_overall_response_time": 3166.429433876758,
    "max_response_time": 0.7109905761525163,
    "avg_response_time": 0.2232642870606995,
    "weighted_avg_response_time": 0.03900066453362271,
    "avg_unavailability": 0.009637491324467569,
    "overall_power_consumption": 966.4471129795178
  },
  {
    "time": 54000.0,
    "opt": "ClusterLLGAOptimizer",
    "elapsed_time": 175.88232591806445,
    "valid": true,
    "overall_deadline_violation": 0.4493793994117624,
    "weighted_overall_deadline_violation": 432.0926389851286,
    "max_deadline_violation": 0.011010999817142854,
    "avg_deadline_violation": 0.003941924556243533,
    "avg_only_violated_deadline": 0.007883849112487068,
    "weighted_avg_deadline_violation": 0.005786307962995678,
    "weighted_avg_only_violated_deadline": 0.006248905981614811,
    "deadline_satisfaction": 0.5,
    "weighted_deadline_satisfaction": 0.07402864117017666,
    "overall_cost": 253.21022677897633,
    "max_cost": 77.70864097603788,
    "avg_cost": 4.777551448659931,
    "overall_migration_cost": 16.266332124050077,
    "max_migration_cost": 9.691006832276853,
    "avg_migration_cost": 5.422110708016692,
    "migration_rate": 0.05660377358490566,
    "weighted_migration_rate": 0.0019043832791530832,
    "overall_response_time": 24.329257335334958,
    "weighted_overall_response_time": 2697.808005957289,
    "max_response_time": 0.710993779567724,
    "avg_response_time": 0.21341453802925384,
    "weighted_avg_response_time": 0.03612731747564302,
    "avg_unavailability": 0.009637491304473276,
    "overall_power_consumption": 919.8548849712702
  },
  {
    "time": 55800.0,
    "opt": "ClusterLLGAOptimizer",
    "elapsed_time": 151.58889538201038,
    "valid": true,
    "overall_deadline_violation": 0.3570829800169822,
    "weighted_overall_deadline_violation": 378.09145860593077,
    "max_deadline_violation": 0.011010999817142847,
    "avg_deadline_violation": 0.0031600263718316963,
    "avg_only_violated_deadline": 0.007001627059156506,
    "weighted_avg_deadline_violation": 0.005538592147625291,
    "weighted_avg_only_violated_deadline": 0.006209558783033028,
    "deadline_satisfaction": 0.5486725663716814,
    "weighted_deadline_satisfaction": 0.10805383423393669,
    "overall_cost": 234.2484914547045,
    "max_cost": 54.356088331724514,
    "avg_cost": 4.419782857635936,
    "overall_migration_cost": 0.0,
    "max_migration_cost": 0.0,
    "avg_migration_cost": 0.0,
    "migration_rate": 0.0,
    "weighted_migration_rate": 0.0,
    "overall_response_time": 23.016390321498672,
    "weighted_overall_response_time": 2593.6499231935663,
    "max_response_time": 0.7109931398091891,
    "avg_response_time": 0.20368487010175818,
    "weighted_avg_response_time": 0.03799390007712672,
    "avg_unavailability": 0.009637491304473276,
    "overall_power_consumption": 947.009454865986
  },
  {
    "time": 57600.0,
    "opt": "ClusterLLGAOptimizer",
    "elapsed_time": 175.02384943701327,
    "valid": true,
    "overall_deadline_violation": 0.4837418789630414,
    "weighted_overall_deadline_violation": 420.75386056122693,
    "max_deadline_violation": 0.011010999817142854,
    "avg_deadline_violation": 0.003901144185185816,
    "avg_only_violated_deadline": 0.0073294224085309265,
    "weighted_avg_deadline_violation": 0.005700228503847639,
    "weighted_avg_only_violated_deadline": 0.006233968186606494,
    "deadline_satisfaction": 0.46774193548387094,
    "weighted_deadline_satisfaction": 0.08561796704474332,
    "overall_cost": 250.12164321329823,
    "max_cost": 67.38905727220192,
    "avg_cost": 5.002432864265964,
    "overall_migration_cost": 78.43385630424888,
    "max_migration_cost": 77.44205944328897,
    "avg_migration_cost": 39.21692815212444,
    "migration_rate": 0.04,
    "weighted_migration_rate": 0.002948570599498695,
    "overall_response_time": 28.651755128768126,
    "weighted_overall_response_time": 2690.8672605808983,
    "max_response_time": 0.7109930629262223,
    "avg_response_time": 0.23106254136103335,
    "weighted_avg_response_time": 0.03645494360616003,
    "avg_unavailability": 0.009637312437356394,
    "overall_power_consumption": 949.5082492776771
  },
  {
    "time": 59400.0,
    "opt": "ClusterLLGAOptimizer",
    "elapsed_time": 160.25034953199793,
    "valid": true,
    "overall_deadline_violation": 0.45246393829560133,
    "weighted_overall_deadline_violation": 394.4179834450676,
    "max_deadline_violation": 0.011000370000053938,
    "avg_deadline_violation": 0.003619711506364812,
    "avg_only_violated_deadline": 0.006653881445523551,
    "weighted_avg_deadline_violation": 0.005552696350466758,
    "weighted_avg_only_violated_deadline": 0.006174423412440005,
    "deadline_satisfaction": 0.456,
    "weighted_deadline_satisfaction": 0.10069394669640122,
    "overall_cost": 247.76095785382665,
    "max_cost": 55.418989022326656,
    "avg_cost": 5.056346078649524,
    "overall_migration_cost": 1.331,
    "max_migration_cost": 1.331,
    "avg_migration_cost": 1.331,
    "migration_rate": 0.02040816326530612,
    "weighted_migration_rate": 0.00026159752797817856,
    "overall_response_time": 28.703719774576204,
    "weighted_overall_response_time": 2722.025781701788,
    "max_response_time": 0.7109891758938207,
    "avg_response_time": 0.22962975819660952,
    "weighted_avg_response_time": 0.0383212309233791,
    "avg_unavailability": 0.009637312260109717,
    "overall_power_consumption": 990.447735035091
  },
  {
    "time": 61200.0,
    "opt": "ClusterLLGAOptimizer",
    "elapsed_time": 175.17239257402252,
    "valid": true,
    "overall_deadline_violation": 0.5068622798661162,
    "weighted_overall_deadline_violation": 407.0016167096402,
    "max_deadline_violation": 0.01101099584806646,
    "avg_deadline_violation": 0.0040875990311783576,
    "avg_only_violated_deadline": 0.006758163731548217,
    "weighted_avg_deadline_violation": 0.0056880983577058605,
    "weighted_avg_only_violated_deadline": 0.00617960551507001,
    "deadline_satisfaction": 0.3951612903225806,
    "weighted_deadline_satisfaction": 0.07953697953138367,
    "overall_cost": 232.67543061674138,
    "max_cost": 70.46879245963142,
    "avg_cost": 4.950541076951945,
    "overall_migration_cost": 256.0399392513295,
    "max_migration_cost": 115.13450192403882,
    "avg_migration_cost": 32.004992406416186,
    "migration_rate": 0.1702127659574468,
    "weighted_migration_rate": 0.009519511470235931,
    "overall_response_time": 26.46378772059286,
    "weighted_overall_response_time": 2786.2887101081055,
    "max_response_time": 0.7109944223929902,
    "avg_response_time": 0.21341764290800697,
    "weighted_avg_response_time": 0.03894010142806619,
    "avg_unavailability": 0.009657188583031282,
    "overall_power_consumption": 905.1565896608461
  },
  {
    "time": 63000.0,
    "opt": "ClusterLLGAOptimizer",
    "elapsed_time": 149.0610169019783,
    "valid": true,
    "overall_deadline_violation": 0.4707587127225584,
    "weighted_overall_deadline_violation": 407.7774999229712,
    "max_deadline_violation": 0.011010995244871744,
    "avg_deadline_violation": 0.0038905678737401533,
    "avg_only_violated_deadline": 0.007132707768523613,
    "weighted_avg_deadline_violation": 0.005570249915520701,
    "weighted_avg_only_violated_deadline": 0.006185954041811319,
    "deadline_satisfaction": 0.45454545454545453,
    "weighted_deadline_satisfaction": 0.09953260598592059,
    "overall_cost": 258.8845952215884,
    "max_cost": 70.33483024791053,
    "avg_cost": 5.6279259830780095,
    "overall_migration_cost": 0.0,
    "max_migration_cost": 0.0,
    "avg_migration_cost": 0.0,
    "migration_rate": 0.0,
    "weighted_migration_rate": 0.0,
    "overall_response_time": 26.848201647041684,
    "weighted_overall_response_time": 2583.251290015489,
    "max_response_time": 0.7109934491315923,
    "avg_response_time": 0.2218859640251379,
    "weighted_avg_response_time": 0.03528727132491531,
    "avg_unavailability": 0.009657188594346767,
    "overall_power_consumption": 976.5474231101289
  },
  {
    "time": 64800.0,
    "opt": "ClusterLLGAOptimizer",
    "elapsed_time": 174.3469558749348,
    "valid": true,
    "overall_deadline_violation": 0.4436986972124819,
    "weighted_overall_deadline_violation": 432.6116627552215,
    "max_deadline_violation": 0.011010989918239338,
    "avg_deadline_violation": 0.003997285560472811,
    "avg_only_violated_deadline": 0.007156430600201323,
    "weighted_avg_deadline_violation": 0.005790614729588245,
    "weighted_avg_only_violated_deadline": 0.006212807610920595,
    "deadline_satisfaction": 0.44144144144144143,
    "weighted_deadline_satisfaction": 0.06795524789633564,
    "overall_cost": 265.3191548683823,
    "max_cost": 74.1289210901797,
    "avg_cost": 5.202336369968282,
    "overall_migration_cost": 27.014870954112904,
    "max_migration_cost": 10.279077198076589,
    "avg_migration_cost": 3.8592672791589866,
    "migration_rate": 0.13725490196078433,
    "weighted_migration_rate": 0.003256336340120432,
    "overall_response_time": 24.631919828361067,
    "weighted_overall_response_time": 2493.6679983684994,
    "max_response_time": 0.7109958136390993,
    "avg_response_time": 0.22190918764289247,
    "weighted_avg_response_time": 0.03337836652412621,
    "avg_unavailability": 0.00963749130481967,
    "overall_power_consumption": 980.451282500238
  },
  {
    "time": 66600.0,
    "opt": "ClusterLLGAOptimizer",
    "elapsed_time": 152.47968600899912,
    "valid": true,
    "overall_deadline_violation": 0.41809127965305865,
    "weighted_overall_deadline_violation": 410.6035470993561,
    "max_deadline_violation": 0.011010990312757638,
    "avg_deadline_violation": 0.0035734297406244354,
    "avg_only_violated_deadline": 0.007334934730755421,
    "weighted_avg_deadline_violation": 0.005572574791463436,
    "weighted_avg_only_violated_deadline": 0.006106617982995845,
    "deadline_satisfaction": 0.5128205128205128,
    "weighted_deadline_satisfaction": 0.08745318489210825,
    "overall_cost": 263.7193687111407,
    "max_cost": 72.40301695686038,
    "avg_cost": 5.170968013943936,
    "overall_migration_cost": 0.0,
    "max_migration_cost": 0.0,
    "avg_migration_cost": 0.0,
    "migration_rate": 0.0,
    "weighted_migration_rate": 0.0,
    "overall_response_time": 22.692924898848354,
    "weighted_overall_response_time": 2566.483745901971,
    "max_response_time": 0.7109912649568289,
    "avg_response_time": 0.19395662306708017,
    "weighted_avg_response_time": 0.03483146389296353,
    "avg_unavailability": 0.00963749130481967,
    "overall_power_consumption": 978.3078480546124
  },
  {
    "time": 68400.0,
    "opt": "ClusterLLGAOptimizer",
    "elapsed_time": 180.98954994301312,
    "valid": true,
    "overall_deadline_violation": 0.4631558730005869,
    "weighted_overall_deadline_violation": 333.2953119413369,
    "max_deadline_violation": 0.011010992342629505,
    "avg_deadline_violation": 0.003925049771191416,
    "avg_only_violated_deadline": 0.006912774223889359,
    "weighted_avg_deadline_violation": 0.005550209912103812,
    "weighted_avg_only_violated_deadline": 0.006043235118446736,
    "deadline_satisfaction": 0.4322033898305085,
    "weighted_deadline_satisfaction": 0.08158299266529989,
    "overall_cost": 209.0308543149306,
    "max_cost": 47.627237317083086,
    "avg_cost": 4.019824121440973,
    "overall_migration_cost": 163.5197562618522,
    "max_migration_cost": 131.63818110656837,
    "avg_migration_cost": 27.2532927103087,
    "migration_rate": 0.11538461538461539,
    "weighted_migration_rate": 0.009597003033685794,
    "overall_response_time": 26.77023459997179,
    "weighted_overall_response_time": 2299.068005451052,
    "max_response_time": 0.7109919159738279,
    "avg_response_time": 0.22686639491501512,
    "weighted_avg_response_time": 0.03828529707822927,
    "avg_unavailability": 0.009637491304473313,
    "overall_power_consumption": 957.236107474769
  },
  {
    "time": 70200.0,
    "opt": "ClusterLLGAOptimizer",
    "elapsed_time": 149.5406458270736,
    "valid": true,
    "overall_deadline_violation": 0.4782359568424763,
    "weighted_overall_deadline_violation": 358.8254339615491,
    "max_deadline_violation": 0.01101099981703979,
    "avg_deadline_violation": 0.0038567415874393245,
    "avg_only_violated_deadline": 0.007839933718729118,
    "weighted_avg_deadline_violation": 0.005642668383265987,
    "weighted_avg_only_violated_deadline": 0.006195487703038438,
    "deadline_satisfaction": 0.5080645161290323,
    "weighted_deadline_satisfaction": 0.08922934662614758,
    "overall_cost": 222.99714422084728,
    "max_cost": 58.85772915847685,
    "avg_cost": 4.288406619631679,
    "overall_migration_cost": 13.28811024616878,
    "max_migration_cost": 13.28811024616878,
    "avg_migration_cost": 13.28811024616878,
    "migration_rate": 0.019230769230769232,
    "weighted_migration_rate": 0.0018933160328340945,
    "overall_response_time": 28.034048524617827,
    "weighted_overall_response_time": 2388.3851120668646,
    "max_response_time": 0.7109893991851405,
    "avg_response_time": 0.22608103648885353,
    "weighted_avg_response_time": 0.03755827732202236,
    "avg_unavailability": 0.009637491304473313,
    "overall_power_consumption": 930.6514742788584
  },
  {
    "time": 72000.0,
    "opt": "ClusterLLGAOptimizer",
    "elapsed_time": 177.02243667200673,
    "valid": true,
    "overall_deadline_violation": 0.491844294600752,
    "weighted_overall_deadline_violation": 357.54788174291537,
    "max_deadline_violation": 0.011010999817142854,
    "avg_deadline_violation": 0.003966486246780258,
    "avg_only_violated_deadline": 0.0078070522952500285,
    "weighted_avg_deadline_violation": 0.005748820792788045,
    "weighted_avg_only_violated_deadline": 0.006339293253795062,
    "deadline_satisfaction": 0.49193548387096775,
    "weighted_deadline_satisfaction": 0.0931448408154214,
    "overall_cost": 218.98820812316313,
    "max_cost": 68.27460165166181,
    "avg_cost": 4.131852983455908,
    "overall_migration_cost": 52.28506110748241,
    "max_migration_cost": 39.76593068025789,
    "avg_migration_cost": 10.457012221496484,
    "migration_rate": 0.09433962264150944,
    "weighted_migration_rate": 0.006912897610176544,
    "overall_response_time": 28.445215474710647,
    "weighted_overall_response_time": 2346.0011732060825,
    "max_response_time": 0.7109987932768079,
    "avg_response_time": 0.22939689898960228,
    "weighted_avg_response_time": 0.03772009572169563,
    "avg_unavailability": 0.009657188403500794,
    "overall_power_consumption": 940.7553247216559
  },
  {
    "time": 73800.0,
    "opt": "ClusterLLGAOptimizer",
    "elapsed_time": 159.41543515701778,
    "valid": true,
    "overall_deadline_violation": 0.4536831538304037,
    "weighted_overall_deadline_violation": 421.7275136324709,
    "max_deadline_violation": 0.011000370000053938,
    "avg_deadline_violation": 0.0036884809254504364,
    "avg_only_violated_deadline": 0.007201319902069901,
    "weighted_avg_deadline_violation": 0.0057629456949356336,
    "weighted_avg_only_violated_deadline": 0.006170246459684417,
    "deadline_satisfaction": 0.4878048780487805,
    "weighted_deadline_satisfaction": 0.06601045313344159,
    "overall_cost": 243.98543842010145,
    "max_cost": 77.03190455335375,
    "avg_cost": 4.603498838115122,
    "overall_migration_cost": 0.0,
    "max_migration_cost": 0.0,
    "avg_migration_cost": 0.0,
    "migration_rate": 0.0,
    "weighted_migration_rate": 0.0,
    "overall_response_time": 27.834091495234308,
    "weighted_overall_response_time": 2515.936757056685,
    "max_response_time": 0.7109999462936369,
    "avg_response_time": 0.22629342679052286,
    "weighted_avg_response_time": 0.034380509770216186,
    "avg_unavailability": 0.009657188403500794,
    "overall_power_consumption": 898.6779800930593
  },
  {
    "time": 75600.0,
    "opt": "ClusterLLGAOptimizer",
    "elapsed_time": 174.14558712695725,
    "valid": true,
    "overall_deadline_violation": 0.38560065800096704,
    "weighted_overall_deadline_violation": 383.1606398197527,
    "max_deadline_violation": 0.011010999817142854,
    "avg_deadline_violation": 0.0035376207156052005,
    "avg_only_violated_deadline": 0.00727548411322579,
    "weighted_avg_deadline_violation": 0.005763482382918327,
    "weighted_avg_only_violated_deadline": 0.0062682547126505835,
    "deadline_satisfaction": 0.5137614678899083,
    "weighted_deadline_satisfaction": 0.08052836919877014,
    "overall_cost": 227.3536451130745,
    "max_cost": 56.91657805386116,
    "avg_cost": 4.210252687279156,
    "overall_migration_cost": 33.14054653206267,
    "max_migration_cost": 22.402102573950874,
    "avg_migration_cost": 8.285136633015668,
    "migration_rate": 0.07407407407407407,
    "weighted_migration_rate": 0.003211374620860697,
    "overall_response_time": 23.052081106853397,
    "weighted_overall_response_time": 2426.276254737289,
    "max_response_time": 0.7109999466667045,
    "avg_response_time": 0.21148698263168247,
    "weighted_avg_response_time": 0.03649592102375054,
    "avg_unavailability": 0.009637491323999796,
    "overall_power_consumption": 952.5809860614319
  },
  {
    "time": 77400.0,
    "opt": "ClusterLLGAOptimizer",
    "elapsed_time": 157.8182789570419,
    "valid": true,
    "overall_deadline_violation": 0.456674610849953,
    "weighted_overall_deadline_violation": 376.4063322802996,
    "max_deadline_violation": 0.011010999817142854,
    "avg_deadline_violation": 0.0037741703376029194,
    "avg_only_violated_deadline": 0.007248803346824652,
    "weighted_avg_deadline_violation": 0.005687052994028249,
    "weighted_avg_only_violated_deadline": 0.0062188447695524455,
    "deadline_satisfaction": 0.4793388429752066,
    "weighted_deadline_satisfaction": 0.0855129522010029,
    "overall_cost": 229.43310581247533,
    "max_cost": 67.27341047178322,
    "avg_cost": 4.4986883492642225,
    "overall_migration_cost": 0.0,
    "max_migration_cost": 0.0,
    "avg_migration_cost": 0.0,
    "migration_rate": 0.0,
    "weighted_migration_rate": 0.0,
    "overall_response_time": 27.17310446660118,
    "weighted_overall_response_time": 2372.1248715879683,
    "max_response_time": 0.7109872635209642,
    "avg_response_time": 0.22457111129422452,
    "weighted_avg_response_time": 0.0358399917755031,
    "avg_unavailability": 0.009637491324001227,
    "overall_power_consumption": 922.453408775187
  },
  {
    "time": 79200.0,
    "opt": "ClusterLLGAOptimizer",
    "elapsed_time": 171.82761460798793,
    "valid": true,
    "overall_deadline_violation": 0.46605786285304757,
    "weighted_overall_deadline_violation": 394.4668727921759,
    "max_deadline_violation": 0.011010991396392875,
    "avg_deadline_violation": 0.004017740197009032,
    "avg_only_violated_deadline": 0.007282154107078872,
    "weighted_avg_deadline_violation": 0.005835590331990915,
    "weighted_avg_only_violated_deadline": 0.006158887227049952,
    "deadline_satisfaction": 0.4482758620689655,
    "weighted_deadline_satisfaction": 0.052492744734651216,
    "overall_cost": 218.51697079916266,
    "max_cost": 63.874058546525575,
    "avg_cost": 4.284646486258093,
    "overall_migration_cost": 65.54705065174258,
    "max_migration_cost": 22.401999999999997,
    "avg_migration_cost": 9.363864378820368,
    "migration_rate": 0.13725490196078433,
    "weighted_migration_rate": 0.007540389723800875,
    "overall_response_time": 25.591210066994982,
    "weighted_overall_response_time": 2466.4681933022985,
    "max_response_time": 0.7109894258933381,
    "avg_response_time": 0.22061387988788805,
    "weighted_avg_response_time": 0.036487976394867186,
    "avg_unavailability": 0.009637491324014296,
    "overall_power_consumption": 880.4296290315217
  },
  {
    "time": 81000.0,
    "opt": "ClusterLLGAOptimizer",
    "elapsed_time": 163.46216443600133,
    "valid": true,
    "overall_deadline_violation": 0.4450799260185285,
    "weighted_overall_deadline_violation": 367.08637849955437,
    "max_deadline_violation": 0.011010999809989472,
    "avg_deadline_violation": 0.0035893542420849076,
    "avg_only_violated_deadline": 0.007417998766975475,
    "weighted_avg_deadline_violation": 0.005533734272722603,
    "weighted_avg_only_violated_deadline": 0.00606583111882122,
    "deadline_satisfaction": 0.5161290322580645,
    "weighted_deadline_satisfaction": 0.08772035285446889,
    "overall_cost": 244.97387312452503,
    "max_cost": 59.41338339158935,
    "avg_cost": 4.803409276951473,
    "overall_migration_cost": 0.0,
    "max_migration_cost": 0.0,
    "avg_migration_cost": 0.0,
    "migration_rate": 0.0,
    "weighted_migration_rate": 0.0,
    "overall_response_time": 25.141413587752396,
    "weighted_overall_response_time": 2456.5828782458357,
    "max_response_time": 0.7109886092695038,
    "avg_response_time": 0.20275333538509968,
    "weighted_avg_response_time": 0.03703236530512946,
    "avg_unavailability": 0.009637491324014296,
    "overall_power_consumption": 988.0196576380141
  },
  {
    "time": 82800.0,
    "opt": "ClusterLLGAOptimizer",
    "elapsed_time": 169.40852287691087,
    "valid": true,
    "overall_deadline_violation": 0.4182862873071142,
    "weighted_overall_deadline_violation": 391.88968391095744,
    "max_deadline_violation": 0.011010999262828447,
    "avg_deadline_violation": 0.003605916269888915,
    "avg_only_violated_deadline": 0.007089598089951088,
    "weighted_avg_deadline_violation": 0.0056627160914144775,
    "weighted_avg_only_violated_deadline": 0.006167692019919668,
    "deadline_satisfaction": 0.49137931034482757,
    "weighted_deadline_satisfaction": 0.08187437486733783,
    "overall_cost": 248.10117551515035,
    "max_cost": 57.00159350860638,
    "avg_cost": 4.77117645221443,
    "overall_migration_cost": 22.924706467456012,
    "max_migration_cost": 9.429088611244774,
    "avg_migration_cost": 5.731176616864004,
    "migration_rate": 0.07692307692307693,
    "weighted_migration_rate": 0.0050606239981805905,
    "overall_response_time": 24.804486984786866,
    "weighted_overall_response_time": 2488.287928064239,
    "max_response_time": 0.710987908754962,
    "avg_response_time": 0.21383178435161085,
    "weighted_avg_response_time": 0.03595519011805195,
    "avg_unavailability": 0.009637491324000545,
    "overall_power_consumption": 972.772903759279
  },
  {
    "time": 84600.0,
    "opt": "ClusterLLGAOptimizer",
    "elapsed_time": 170.9303933889605,
    "valid": true,
    "overall_deadline_violation": 0.41667834047825936,
    "weighted_overall_deadline_violation": 379.3819391559209,
    "max_deadline_violation": 0.011010999817141522,
    "avg_deadline_violation": 0.003561353337421019,
    "avg_only_violated_deadline": 0.007440684651397487,
    "weighted_avg_deadline_violation": 0.005624919892860929,
    "weighted_avg_only_violated_deadline": 0.0061670678799396065,
    "deadline_satisfaction": 0.5213675213675214,
    "weighted_deadline_satisfaction": 0.08791017021917179,
    "overall_cost": 232.22061788806786,
    "max_cost": 61.53916505904917,
    "avg_cost": 4.465781113232075,
    "overall_migration_cost": 0.0,
    "max_migration_cost": 0.0,
    "avg_migration_cost": 0.0,
    "migration_rate": 0.0,
    "weighted_migration_rate": 0.0,
    "overall_response_time": 23.88554574622947,
    "weighted_overall_response_time": 2551.184440912426,
    "max_response_time": 0.7109857933727949,
    "avg_response_time": 0.204149963642987,
    "weighted_avg_response_time": 0.03782522737896559,
    "avg_unavailability": 0.009637491324000545,
    "overall_power_consumption": 934.5296453310391
  }
]