[
  {
    "time": 0.0,
    "opt": "ClusterLLGAOptimizer",
    "elapsed_time": 79.90258944313973,
    "valid": true,
    "overall_deadline_violation": 0.13361783999256763,
    "weighted_overall_deadline_violation": 57.85121352144243,
    "max_deadline_violation": 0.009500329964013742,
    "avg_deadline_violation": 0.0011323545762082004,
    "avg_only_violated_deadline": 0.006073538181480348,
    "weighted_avg_deadline_violation": 0.0009785420064312741,
    "weighted_avg_only_violated_deadline": 0.005663148892438987,
    "deadline_satisfaction": 0.8135593220338984,
    "weighted_deadline_satisfaction": 0.8272088505852723,
    "overall_cost": 257.61555910266463,
    "max_cost": 68.38439450748592,
    "avg_cost": 8.05048622195827,
    "overall_migration_cost": 0.0,
    "max_migration_cost": 0.0,
    "avg_migration_cost": 0.0,
    "migration_rate": 0.0,
    "weighted_migration_rate": 0.0,
    "overall_response_time": 5.482852514885792,
    "weighted_overall_response_time": 1024.8673794478789,
    "max_response_time": 0.31099368121538534,
    "avg_response_time": 0.04646485182106609,
    "weighted_avg_response_time": 0.017335432063826553,
    "avg_unavailability": 0.0016391336420998356,
    "overall_power_consumption": 1164.5075569215705
  },
  {
    "time": 1800.0,
    "opt": "ClusterLLGAOptimizer",
    "elapsed_time": 66.58438744698651,
    "valid": true,
    "overall_deadline_violation": 0.14691662362537014,
    "weighted_overall_deadline_violation": 70.18150804222078,
    "max_deadline_violation": 0.009500329958933223,
    "avg_deadline_violation": 0.0011477861220732047,
    "avg_only_violated_deadline": 0.006387679288059572,
    "weighted_avg_deadline_violation": 0.0011073059348686188,
    "weighted_avg_only_violated_deadline": 0.005893280800328692,
    "deadline_satisfaction": 0.8203125,
    "weighted_deadline_satisfaction": 0.8121070465865364,
    "overall_cost": 269.7590669150936,
    "max_cost": 74.6098263852298,
    "avg_cost": 8.429970841096674,
    "overall_migration_cost": 1.4941401142335895,
    "max_migration_cost": 1.4941401142335895,
    "avg_migration_cost": 1.4941401142335895,
    "migration_rate": 0.03125,
    "weighted_migration_rate": 0.0010748650993896295,
    "overall_response_time": 3.9089137842485875,
    "weighted_overall_response_time": 893.1979642993695,
    "max_response_time": 0.3109958405414409,
    "avg_response_time": 0.03053838893944208,
    "weighted_avg_response_time": 0.014092649680400965,
    "avg_unavailability": 0.0016391336420998356,
    "overall_power_consumption": 1172.7642556363612
  },
  {
    "time": 3600.0,
    "opt": "ClusterLLGAOptimizer",
    "elapsed_time": 103.3833651279565,
    "valid": true,
    "overall_deadline_violation": 0.17651745016936224,
    "weighted_overall_deadline_violation": 73.51747754274287,
    "max_deadline_violation": 0.009500329860257797,
    "avg_deadline_violation": 0.0013578265397643247,
    "avg_only_violated_deadline": 0.006789132698821624,
    "weighted_avg_deadline_violation": 0.0011566084453476981,
    "weighted_avg_only_violated_deadline": 0.006050762224099209,
    "deadline_satisfaction": 0.8,
    "weighted_deadline_satisfaction": 0.8088491329668991,
    "overall_cost": 243.28793793314804,
    "max_cost": 79.68713616069306,
    "avg_cost": 8.68885492618386,
    "overall_migration_cost": 21.234791179524528,
    "max_migration_cost": 12.162195050540369,
    "avg_migration_cost": 3.5391318632540876,
    "migration_rate": 0.21428571428571427,
    "weighted_migration_rate": 0.009818205935221721,
    "overall_response_time": 4.948014798417035,
    "weighted_overall_response_time": 965.6833517772419,
    "max_response_time": 0.31099435560667266,
    "avg_response_time": 0.038061652295515606,
    "weighted_avg_response_time": 0.015192544106914672,
    "avg_unavailability": 0.0019211440295881707,
    "overall_power_consumption": 1103.2192747298423
  },
  {
    "time": 5400.0,
    "opt": "ClusterLLGAOptimizer",
    "elapsed_time": 89.96741837402806,
    "valid": true,
    "overall_deadline_violation": 0.18401669176700433,
    "weighted_overall_deadline_violation": 54.77422636907552,
    "max_deadline_violation": 0.009500329866964818,
    "avg_deadline_violation": 0.0013732588937836142,
    "avg_only_violated_deadline": 0.006815433028407568,
    "weighted_avg_deadline_violation": 0.0009450265051686774,
    "weighted_avg_only_violated_deadline": 0.005916400681770075,
    "deadline_satisfaction": 0.7985074626865671,
    "weighted_deadline_satisfaction": 0.8402700297022577,
    "overall_cost": 241.6854685461173,
    "max_cost": 69.57943825871843,
    "avg_cost": 8.333981674004045,
    "overall_migration_cost": 3.9197980963174306,
    "max_migration_cost": 3.9197980963174306,
    "avg_migration_cost": 3.9197980963174306,
    "migration_rate": 0.034482758620689655,
    "weighted_migration_rate": 0.0008700961460031202,
    "overall_response_time": 4.47813182373943,
    "weighted_overall_response_time": 908.2516882693824,
    "max_response_time": 0.31099226874686225,
    "avg_response_time": 0.033418894207010656,
    "weighted_avg_response_time": 0.01567017876245821,
    "avg_unavailability": 0.0016408136619631708,
    "overall_power_consumption": 1126.644162187912
  },
  {
    "time": 7200.0,
    "opt": "ClusterLLGAOptimizer",
    "elapsed_time": 88.28429206018336,
    "valid": true,
    "overall_deadline_violation": 0.19991189909089258,
    "weighted_overall_deadline_violation": 63.307086416980205,
    "max_deadline_violation": 0.009500329897481268,
    "avg_deadline_violation": 0.0015741094416605711,
    "avg_only_violated_deadline": 0.0058797617379674275,
    "weighted_avg_deadline_violation": 0.0012257875492855464,
    "weighted_avg_only_violated_deadline": 0.005615344413727151,
    "deadline_satisfaction": 0.7322834645669292,
    "weighted_deadline_satisfaction": 0.7817075037661068,
    "overall_cost": 181.96982748916065,
    "max_cost": 50.739654991094554,
    "avg_cost": 7.582076145381693,
    "overall_migration_cost": 9.798085733969149,
    "max_migration_cost": 4.013143318955436,
    "avg_migration_cost": 1.9596171467938301,
    "migration_rate": 0.20833333333333334,
    "weighted_migration_rate": 0.023879104179023673,
    "overall_response_time": 4.339980415624275,
    "weighted_overall_response_time": 853.3680142907863,
    "max_response_time": 0.3109886165353938,
    "avg_response_time": 0.03417307413877378,
    "weighted_avg_response_time": 0.01652339328943758,
    "avg_unavailability": 0.009827489098530104,
    "overall_power_consumption": 1013.6512625322271
  },
  {
    "time": 9000.0,
    "opt": "ClusterLLGAOptimizer",
    "elapsed_time": 83.46158959204331,
    "valid": true,
    "overall_deadline_violation": 0.21511890393129252,
    "weighted_overall_deadline_violation": 70.76740513548786,
    "max_deadline_violation": 0.009500329924100163,
    "avg_deadline_violation": 0.0016547607994714798,
    "avg_only_violated_deadline": 0.006939319481654595,
    "weighted_avg_deadline_violation": 0.0013381136598303728,
    "weighted_avg_only_violated_deadline": 0.006375677094940071,
    "deadline_satisfaction": 0.7615384615384615,
    "weighted_deadline_satisfaction": 0.7901221094003742,
    "overall_cost": 186.05678322455663,
    "max_cost": 52.179760234287656,
    "avg_cost": 7.442271328982264,
    "overall_migration_cost": 111.04790061985761,
    "max_migration_cost": 111.04790061985761,
    "avg_migration_cost": 111.04790061985761,
    "migration_rate": 0.04,
    "weighted_migration_rate": 0.00639524078654508,
    "overall_response_time": 3.9906863994888297,
    "weighted_overall_response_time": 870.5828581795053,
    "max_response_time": 0.31098690194667317,
    "avg_response_time": 0.030697587688375664,
    "weighted_avg_response_time": 0.01646151660236557,
    "avg_unavailability": 0.0017111909085301105,
    "overall_power_consumption": 1009.6074557739037
  },
  {
    "time": 10800.0,
    "opt": "ClusterLLGAOptimizer",
    "elapsed_time": 97.80807685898617,
    "valid": true,
    "overall_deadline_violation": 0.2111186423615699,
    "weighted_overall_deadline_violation": 93.76173297229514,
    "max_deadline_violation": 0.009500329853630814,
    "avg_deadline_violation": 0.0018044328406971776,
    "avg_only_violated_deadline": 0.006810278785857092,
    "weighted_avg_deadline_violation": 0.0017854685024160592,
    "weighted_avg_only_violated_deadline": 0.006359966804633535,
    "deadline_satisfaction": 0.7350427350427351,
    "weighted_deadline_satisfaction": 0.7192644934694846,
    "overall_cost": 159.79499641435953,
    "max_cost": 52.44950171608024,
    "avg_cost": 6.9476085397547624,
    "overall_migration_cost": 874.29118794396,
    "max_migration_cost": 477.38959911156235,
    "avg_migration_cost": 97.1434653271067,
    "migration_rate": 0.391304347826087,
    "weighted_migration_rate": 0.03727967223248036,
    "overall_response_time": 4.02536037658903,
    "weighted_overall_response_time": 895.977215275335,
    "max_response_time": 0.31099035863855934,
    "avg_response_time": 0.03440478954349599,
    "weighted_avg_response_time": 0.017061748391844,
    "avg_unavailability": 0.018932107443524655,
    "overall_power_consumption": 912.0238641849858
  },
  {
    "time": 12600.0,
    "opt": "ClusterLLGAOptimizer",
    "elapsed_time": 97.8952942180913,
    "valid": true,
    "overall_deadline_violation": 0.15961801470655126,
    "weighted_overall_deadline_violation": 53.18570474081775,
    "max_deadline_violation": 0.009500329891434105,
    "avg_deadline_violation": 0.001287242054085091,
    "avg_only_violated_deadline": 0.006650750612772971,
    "weighted_avg_deadline_violation": 0.0011164747466772403,
    "weighted_avg_only_violated_deadline": 0.005864451626596382,
    "deadline_satisfaction": 0.8064516129032258,
    "weighted_deadline_satisfaction": 0.8096199239475659,
    "overall_cost": 213.7367293799038,
    "max_cost": 38.46976686501317,
    "avg_cost": 9.292901277387122,
    "overall_migration_cost": 1.602,
    "max_migration_cost": 1.602,
    "avg_migration_cost": 1.602,
    "migration_rate": 0.043478260869565216,
    "weighted_migration_rate": 0.010991876913151148,
    "overall_response_time": 4.184665888566889,
    "weighted_overall_response_time": 815.8662933210005,
    "max_response_time": 0.3109793971167011,
    "avg_response_time": 0.03374730555295875,
    "weighted_avg_response_time": 0.017126671867882408,
    "avg_unavailability": 0.018932107443524655,
    "overall_power_consumption": 1147.7886479449305
  },
  {
    "time": 14400.0,
    "opt": "ClusterLLGAOptimizer",
    "elapsed_time": 111.64160680002533,
    "valid": true,
    "overall_deadline_violation": 0.1847181997494664,
    "weighted_overall_deadline_violation": 57.9531600791587,
    "max_deadline_violation": 0.009500329875119073,
    "avg_deadline_violation": 0.0016492696406202347,
    "avg_only_violated_deadline": 0.006597078562480941,
    "weighted_avg_deadline_violation": 0.0013739253522827772,
    "weighted_avg_only_violated_deadline": 0.006193375647979168,
    "deadline_satisfaction": 0.75,
    "weighted_deadline_satisfaction": 0.7781621153996893,
    "overall_cost": 163.5900379455087,
    "max_cost": 42.07404778986615,
    "avg_cost": 5.6410357912244375,
    "overall_migration_cost": 769.188917890947,
    "max_migration_cost": 186.02924062775767,
    "avg_migration_cost": 64.09907649091225,
    "migration_rate": 0.41379310344827586,
    "weighted_migration_rate": 0.047522439659103806,
    "overall_response_time": 3.5500017495899634,
    "weighted_overall_response_time": 727.9201286476023,
    "max_response_time": 0.3109908336035917,
    "avg_response_time": 0.03169644419276753,
    "weighted_avg_response_time": 0.017257176620219257,
    "avg_unavailability": 0.010043587245214607,
    "overall_power_consumption": 969.3177752029488
  },
  {
    "time": 16200.0,
    "opt": "ClusterLLGAOptimizer",
    "elapsed_time": 111.69611547491513,
    "valid": true,
    "overall_deadline_violation": 0.15781560609541384,
    "weighted_overall_deadline_violation": 29.940786150391904,
    "max_deadline_violation": 0.009500329857522066,
    "avg_deadline_violation": 0.0011604088683486308,
    "avg_only_violated_deadline": 0.0068615480911049485,
    "weighted_avg_deadline_violation": 0.0007464517700113215,
    "weighted_avg_only_violated_deadline": 0.005976592315134926,
    "deadline_satisfaction": 0.8308823529411765,
    "weighted_deadline_satisfaction": 0.8751041177560275,
    "overall_cost": 206.8122560930108,
    "max_cost": 38.28628234619625,
    "avg_cost": 6.893741869767027,
    "overall_migration_cost": 8.363612572256228,
    "max_migration_cost": 5.159612572256228,
    "avg_migration_cost": 2.787870857418743,
    "migration_rate": 0.1,
    "weighted_migration_rate": 0.014435014568782857,
    "overall_response_time": 4.1358904462046535,
    "weighted_overall_response_time": 610.9347319560964,
    "max_response_time": 0.3109931165185536,
    "avg_response_time": 0.030410959163269552,
    "weighted_avg_response_time": 0.015231173615127384,
    "avg_unavailability": 0.009763256877589607,
    "overall_power_consumption": 1171.8623672906283
  },
  {
    "time": 18000.0,
    "opt": "ClusterLLGAOptimizer",
    "elapsed_time": 107.01002319692634,
    "valid": true,
    "overall_deadline_violation": 0.1768160355037565,
    "weighted_overall_deadline_violation": 52.09908754888509,
    "max_deadline_violation": 0.009500329753849804,
    "avg_deadline_violation": 0.0013813752773730974,
    "avg_only_violated_deadline": 0.007072641420150259,
    "weighted_avg_deadline_violation": 0.001223277339061002,
    "weighted_avg_only_violated_deadline": 0.006360192532295895,
    "deadline_satisfaction": 0.8046875,
    "weighted_deadline_satisfaction": 0.8076666181331109,
    "overall_cost": 148.5404697303827,
    "max_cost": 44.27912360662065,
    "avg_cost": 7.817919459493827,
    "overall_migration_cost": 7.094265826554096,
    "max_migration_cost": 3.580912689229708,
    "avg_migration_cost": 2.364755275518032,
    "migration_rate": 0.15789473684210525,
    "weighted_migration_rate": 0.011294563570961485,
    "overall_response_time": 4.1764591529159585,
    "weighted_overall_response_time": 698.9700108219928,
    "max_response_time": 0.3109941002617186,
    "avg_response_time": 0.032628587132155946,
    "weighted_avg_response_time": 0.01641169193451766,
    "avg_unavailability": 0.013871130782555934,
    "overall_power_consumption": 957.9326275186374
  },
  {
    "time": 19800.0,
    "opt": "ClusterLLGAOptimizer",
    "elapsed_time": 104.97272468288429,
    "valid": true,
    "overall_deadline_violation": 0.2145187795496273,
    "weighted_overall_deadline_violation": 53.07703284127416,
    "max_deadline_violation": 0.009500329766294474,
    "avg_deadline_violation": 0.0016629362755785071,
    "avg_only_violated_deadline": 0.007150625984987579,
    "weighted_avg_deadline_violation": 0.0011449798965101749,
    "weighted_avg_only_violated_deadline": 0.006570814865468088,
    "deadline_satisfaction": 0.7674418604651163,
    "weighted_deadline_satisfaction": 0.8257476553589355,
    "overall_cost": 159.48105014105727,
    "max_cost": 52.427156422385124,
    "avg_cost": 8.393739481108277,
    "overall_migration_cost": 0.0,
    "max_migration_cost": 0.0,
    "avg_migration_cost": 0.0,
    "migration_rate": 0.0,
    "weighted_migration_rate": 0.0,
    "overall_response_time": 3.882739666301141,
    "weighted_overall_response_time": 759.3321410245376,
    "max_response_time": 0.3109941599319576,
    "avg_response_time": 0.030098757103109608,
    "weighted_avg_response_time": 0.016380343619567212,
    "avg_unavailability": 0.013871130782555934,
    "overall_power_consumption": 954.7754908859424
  },
  {
    "time": 21600.0,
    "opt": "ClusterLLGAOptimizer",
    "elapsed_time": 123.02071132417768,
    "valid": true,
    "overall_deadline_violation": 0.22077879047670512,
    "weighted_overall_deadline_violation": 82.56111368587237,
    "max_deadline_violation": 0.009500329877817612,
    "avg_deadline_violation": 0.0017384156730449222,
    "avg_only_violated_deadline": 0.005660994627607823,
    "weighted_avg_deadline_violation": 0.0017897301131000014,
    "weighted_avg_only_violated_deadline": 0.0062459960810850685,
    "deadline_satisfaction": 0.6929133858267716,
    "weighted_deadline_satisfaction": 0.7134596163901074,
    "overall_cost": 147.00209332513538,
    "max_cost": 41.28474658265669,
    "avg_cost": 5.65392666635136,
    "overall_migration_cost": 1377.9503720054854,
    "max_migration_cost": 662.2175044656152,
    "avg_migration_cost": 105.99618246196043,
    "migration_rate": 0.5,
    "weighted_migration_rate": 0.04829213642461563,
    "overall_response_time": 3.7333931257062036,
    "weighted_overall_response_time": 829.5420518716786,
    "max_response_time": 0.3109883177181037,
    "avg_response_time": 0.02939679626540319,
    "weighted_avg_response_time": 0.017982514092122245,
    "avg_unavailability": 0.002343868757449927,
    "overall_power_consumption": 912.7796564677104
  },
  {
    "time": 23400.0,
    "opt": "ClusterLLGAOptimizer",
    "elapsed_time": 111.61159972986206,
    "valid": true,
    "overall_deadline_violation": 0.17701806393512737,
    "weighted_overall_deadline_violation": 51.31476802033896,
    "max_deadline_violation": 0.009500329882709688,
    "avg_deadline_violation": 0.0013210303278740848,
    "avg_only_violated_deadline": 0.006556224590189902,
    "weighted_avg_deadline_violation": 0.0012136975789373242,
    "weighted_avg_only_violated_deadline": 0.006262373828665319,
    "deadline_satisfaction": 0.7985074626865671,
    "weighted_deadline_satisfaction": 0.8061920907081979,
    "overall_cost": 194.0037218091941,
    "max_cost": 30.684516430863194,
    "avg_cost": 7.461681608045927,
    "overall_migration_cost": 5.555042603748989,
    "max_migration_cost": 2.8437328006462943,
    "avg_migration_cost": 2.7775213018744944,
    "migration_rate": 0.07692307692307693,
    "weighted_migration_rate": 0.005008945679737032,
    "overall_response_time": 3.8290899913372853,
    "weighted_overall_response_time": 656.5113551437404,
    "max_response_time": 0.31099138214112343,
    "avg_response_time": 0.028575298442815585,
    "weighted_avg_response_time": 0.015527815344834064,
    "avg_unavailability": 0.002343868757449927,
    "overall_power_consumption": 1121.8756152813905
  },
  {
    "time": 25200.0,
    "opt": "ClusterLLGAOptimizer",
    "elapsed_time": 124.6182398989331,
    "valid": true,
    "overall_deadline_violation": 0.22073109717733755,
    "weighted_overall_deadline_violation": 85.58480047345374,
    "max_deadline_violation": 0.009500329772911948,
    "avg_deadline_violation": 0.0016596323096040421,
    "avg_only_violated_deadline": 0.006688821126585989,
    "weighted_avg_deadline_violation": 0.0018114888171273037,
    "weighted_avg_only_violated_deadline": 0.006407623776542467,
    "deadline_satisfaction": 0.7518796992481203,
    "weighted_deadline_satisfaction": 0.7172916387883224,
    "overall_cost": 187.25144470204992,
    "max_cost": 33.11102652455828,
    "avg_cost": 7.490057788081997,
    "overall_migration_cost": 153.9997157763973,
    "max_migration_cost": 113.01198844339525,
    "avg_migration_cost": 17.11107953071081,
    "migration_rate": 0.36,
    "weighted_migration_rate": 0.027135520376276243,
    "overall_response_time": 4.738563715820997,
    "weighted_overall_response_time": 753.6759379935773,
    "max_response_time": 0.3109934101811432,
    "avg_response_time": 0.03562829861519546,
    "weighted_avg_response_time": 0.015952313096024223,
    "avg_unavailability": 0.0023805224721366405,
    "overall_power_consumption": 1072.3614781782667
  },
  {
    "time": 27000.0,
    "opt": "ClusterLLGAOptimizer",
    "elapsed_time": 113.31132011092268,
    "valid": true,
    "overall_deadline_violation": 0.19841726246637648,
    "weighted_overall_deadline_violation": 68.60700800932892,
    "max_deadline_violation": 0.009500329761941713,
    "avg_deadline_violation": 0.001437806249756352,
    "avg_only_violated_deadline": 0.00708633080237059,
    "weighted_avg_deadline_violation": 0.001312298391834165,
    "weighted_avg_only_violated_deadline": 0.006132126535201046,
    "deadline_satisfaction": 0.7971014492753623,
    "weighted_deadline_satisfaction": 0.7859961981702424,
    "overall_cost": 224.34295610829147,
    "max_cost": 35.057376780814444,
    "avg_cost": 8.973718244331659,
    "overall_migration_cost": 0.0,
    "max_migration_cost": 0.0,
    "avg_migration_cost": 0.0,
    "migration_rate": 0.0,
    "weighted_migration_rate": 0.0,
    "overall_response_time": 3.4545672770066194,
    "weighted_overall_response_time": 761.6904512582046,
    "max_response_time": 0.3109943754238621,
    "avg_response_time": 0.025033096210192927,
    "weighted_avg_response_time": 0.014569432238258583,
    "avg_unavailability": 0.0023805224721366405,
    "overall_power_consumption": 1167.6877835813677
  },
  {
    "time": 28800.0,
    "opt": "ClusterLLGAOptimizer",
    "elapsed_time": 121.51224802597426,
    "valid": true,
    "overall_deadline_violation": 0.2331196345481455,
    "weighted_overall_deadline_violation": 82.59067044725445,
    "max_deadline_violation": 0.00950032976047311,
    "avg_deadline_violation": 0.001807128949985623,
    "avg_only_violated_deadline": 0.0070642313499438,
    "weighted_avg_deadline_violation": 0.0016991734021380748,
    "weighted_avg_only_violated_deadline": 0.00638568440270195,
    "deadline_satisfaction": 0.7441860465116279,
    "weighted_deadline_satisfaction": 0.7339089602644459,
    "overall_cost": 186.5813503998092,
    "max_cost": 32.82714741552765,
    "avg_cost": 6.663619657136041,
    "overall_migration_cost": 244.218452278343,
    "max_migration_cost": 83.83763546722322,
    "avg_migration_cost": 30.52730653479288,
    "migration_rate": 0.2857142857142857,
    "weighted_migration_rate": 0.020503703568101786,
    "overall_response_time": 4.631456313059505,
    "weighted_overall_response_time": 787.080433127475,
    "max_response_time": 0.3109932994512156,
    "avg_response_time": 0.03590276211674034,
    "weighted_avg_response_time": 0.016192944433931274,
    "avg_unavailability": 0.0016122564246306063,
    "overall_power_consumption": 1050.4199107238744
  },
  {
    "time": 30600.0,
    "opt": "ClusterLLGAOptimizer",
    "elapsed_time": 119.30584617098793,
    "valid": true,
    "overall_deadline_violation": 0.18431636164653567,
    "weighted_overall_deadline_violation": 53.30952668957199,
    "max_deadline_violation": 0.009500329796516126,
    "avg_deadline_violation": 0.0014628282670359966,
    "avg_only_violated_deadline": 0.007089090832559062,
    "weighted_avg_deadline_violation": 0.0009355725813119797,
    "weighted_avg_only_violated_deadline": 0.006091490574165265,
    "deadline_satisfaction": 0.7936507936507936,
    "weighted_deadline_satisfaction": 0.8464131939594793,
    "overall_cost": 238.12354046799945,
    "max_cost": 51.029165600942385,
    "avg_cost": 9.158597710307673,
    "overall_migration_cost": 93.89458256975105,
    "max_migration_cost": 88.001,
    "avg_migration_cost": 31.298194189917016,
    "migration_rate": 0.11538461538461539,
    "weighted_migration_rate": 0.01609566498737039,
    "overall_response_time": 5.018364355389635,
    "weighted_overall_response_time": 1003.893572183631,
    "max_response_time": 0.3109763273417068,
    "avg_response_time": 0.03982828853483836,
    "weighted_avg_response_time": 0.01761815118261154,
    "avg_unavailability": 0.010367290929561599,
    "overall_power_consumption": 1160.3980630416388
  },
  {
    "time": 32400.0,
    "opt": "ClusterLLGAOptimizer",
    "elapsed_time": 123.29345169081353,
    "valid": true,
    "overall_deadline_violation": 0.22201888479793358,
    "weighted_overall_deadline_violation": 62.20419618016227,
    "max_deadline_violation": 0.00950032968067701,
    "avg_deadline_violation": 0.00174818019525932,
    "avg_only_violated_deadline": 0.00716189950961076,
    "weighted_avg_deadline_violation": 0.001183086853368581,
    "weighted_avg_only_violated_deadline": 0.006113386957643273,
    "deadline_satisfaction": 0.7559055118110236,
    "weighted_deadline_satisfaction": 0.806476039948784,
    "overall_cost": 202.6998601147004,
    "max_cost": 36.57551877055227,
    "avg_cost": 8.445827504779183,
    "overall_migration_cost": 243.48093436831462,
    "max_migration_cost": 110.7889019766231,
    "avg_migration_cost": 34.78299062404494,
    "migration_rate": 0.2916666666666667,
    "weighted_migration_rate": 0.01992810507967337,
    "overall_response_time": 4.8931321244005,
    "weighted_overall_response_time": 989.632094583409,
    "max_response_time": 0.31097863384545055,
    "avg_response_time": 0.03852859940472835,
    "weighted_avg_response_time": 0.018822214459329883,
    "avg_unavailability": 0.010471192261375922,
    "overall_power_consumption": 1074.0903503307795
  },
  {
    "time": 34200.0,
    "opt": "ClusterLLGAOptimizer",
    "elapsed_time": 117.32826436799951,
    "valid": true,
    "overall_deadline_violation": 0.15044837453597038,
    "weighted_overall_deadline_violation": 49.64326541067679,
    "max_deadline_violation": 0.009500329802829159,
    "avg_deadline_violation": 0.0011484608743203846,
    "avg_only_violated_deadline": 0.0065412336754769726,
    "weighted_avg_deadline_violation": 0.0010152542595798346,
    "weighted_avg_only_violated_deadline": 0.006081011517858996,
    "deadline_satisfaction": 0.8244274809160306,
    "weighted_deadline_satisfaction": 0.8330451674695588,
    "overall_cost": 214.4475014802118,
    "max_cost": 28.099301593053262,
    "avg_cost": 8.577900059208472,
    "overall_migration_cost": 0.96766061954214,
    "max_migration_cost": 0.96766061954214,
    "avg_migration_cost": 0.96766061954214,
    "migration_rate": 0.04,
    "weighted_migration_rate": 0.0005913216640436137,
    "overall_response_time": 4.022317845385624,
    "weighted_overall_response_time": 775.6593042524732,
    "max_response_time": 0.31098840940132594,
    "avg_response_time": 0.030704716376989523,
    "weighted_avg_response_time": 0.015863005910479216,
    "avg_unavailability": 0.010460314326515823,
    "overall_power_consumption": 1145.7882573740937
  },
  {
    "time": 36000.0,
    "opt": "ClusterLLGAOptimizer",
    "elapsed_time": 119.789876105031,
    "valid": true,
    "overall_deadline_violation": 0.1687848042766535,
    "weighted_overall_deadline_violation": 89.88654768016228,
    "max_deadline_violation": 0.009500329871246136,
    "avg_deadline_violation": 0.0014303796972597754,
    "avg_only_violated_deadline": 0.006028028724166195,
    "weighted_avg_deadline_violation": 0.0014378101511180706,
    "weighted_avg_only_violated_deadline": 0.00624990389236418,
    "deadline_satisfaction": 0.7627118644067796,
    "weighted_deadline_satisfaction": 0.7699468382426301,
    "overall_cost": 223.86135220486136,
    "max_cost": 52.38192028485219,
    "avg_cost": 7.2213339420923015,
    "overall_migration_cost": 236.17853498255016,
    "max_migration_cost": 143.5542052166014,
    "avg_migration_cost": 19.68154458187918,
    "migration_rate": 0.3870967741935484,
    "weighted_migration_rate": 0.017072803888836443,
    "overall_response_time": 4.848981962684604,
    "weighted_overall_response_time": 1148.046403664627,
    "max_response_time": 0.3109744380150369,
    "avg_response_time": 0.04109306748037802,
    "weighted_avg_response_time": 0.01836395785292679,
    "avg_unavailability": 0.001634081961917205,
    "overall_power_consumption": 1081.5249409626097
  },
  {
    "time": 37800.0,
    "opt": "ClusterLLGAOptimizer",
    "elapsed_time": 116.47889209492132,
    "valid": true,
    "overall_deadline_violation": 0.1576177924442067,
    "weighted_overall_deadline_violation": 59.7676924476608,
    "max_deadline_violation": 0.009500329883257788,
    "avg_deadline_violation": 0.0011762521824194533,
    "avg_only_violated_deadline": 0.006567408018508614,
    "weighted_avg_deadline_violation": 0.0009628936539504625,
    "weighted_avg_only_violated_deadline": 0.005930918677189111,
    "deadline_satisfaction": 0.8208955223880597,
    "weighted_deadline_satisfaction": 0.8376484813973514,
    "overall_cost": 248.45042376201044,
    "max_cost": 54.767422662741815,
    "avg_cost": 7.764075742562826,
    "overall_migration_cost": 73.73357442073996,
    "max_migration_cost": 64.001,
    "avg_migration_cost": 12.288929070123327,
    "migration_rate": 0.1875,
    "weighted_migration_rate": 0.011119071396178534,
    "overall_response_time": 5.064778549359582,
    "weighted_overall_response_time": 989.4149967500058,
    "max_response_time": 0.3109919699687612,
    "avg_response_time": 0.03779685484596699,
    "weighted_avg_response_time": 0.015940073683257706,
    "avg_unavailability": 0.009750341392090888,
    "overall_power_consumption": 1159.918348037506
  },
  {
    "time": 39600.0,
    "opt": "ClusterLLGAOptimizer",
    "elapsed_time": 138.65858191880397,
    "valid": true,
    "overall_deadline_violation": 0.18181952865276865,
    "weighted_overall_deadline_violation": 91.22766351370893,
    "max_deadline_violation": 0.009500329910136638,
    "avg_deadline_violation": 0.0014430121321648312,
    "avg_only_violated_deadline": 0.006493554594741738,
    "weighted_avg_deadline_violation": 0.0014920742095204929,
    "weighted_avg_only_violated_deadline": 0.006330145049304666,
    "deadline_satisfaction": 0.7777777777777778,
    "weighted_deadline_satisfaction": 0.7642906761379206,
    "overall_cost": 208.97518592227323,
    "max_cost": 53.87372522182464,
    "avg_cost": 8.037507150856662,
    "overall_migration_cost": 106.03108016105497,
    "max_migration_cost": 64.001,
    "avg_migration_cost": 13.25388502013187,
    "migration_rate": 0.3076923076923077,
    "weighted_migration_rate": 0.014535710631793448,
    "overall_response_time": 4.676983769346307,
    "weighted_overall_response_time": 1032.7356843879215,
    "max_response_time": 0.3109851885949433,
    "avg_response_time": 0.03711891880433573,
    "weighted_avg_response_time": 0.016890910285071115,
    "avg_unavailability": 0.010054908604843923,
    "overall_power_consumption": 1033.267922127773
  },
  {
    "time": 41400.0,
    "opt": "ClusterLLGAOptimizer",
    "elapsed_time": 127.44017462595366,
    "valid": true,
    "overall_deadline_violation": 0.1916186665608673,
    "weighted_overall_deadline_violation": 64.22293082172219,
    "max_deadline_violation": 0.009500329856018314,
    "avg_deadline_violation": 0.0013399906752508202,
    "avg_only_violated_deadline": 0.006843523805745259,
    "weighted_avg_deadline_violation": 0.0011519621152493431,
    "weighted_avg_only_violated_deadline": 0.0059884395081787,
    "deadline_satisfaction": 0.8041958041958042,
    "weighted_deadline_satisfaction": 0.80763567642688,
    "overall_cost": 231.22606468498836,
    "max_cost": 37.831107304367016,
    "avg_cost": 8.893310180191861,
    "overall_migration_cost": 3.328128039307011,
    "max_migration_cost": 2.5752860822989967,
    "avg_migration_cost": 1.6640640196535055,
    "migration_rate": 0.07692307692307693,
    "weighted_migration_rate": 0.0019636963265329895,
    "overall_response_time": 4.027256462322593,
    "weighted_overall_response_time": 841.1953210173559,
    "max_response_time": 0.31099083411941425,
    "avg_response_time": 0.028162632603654477,
    "weighted_avg_response_time": 0.015088460288848249,
    "avg_unavailability": 0.010054908604843923,
    "overall_power_consumption": 1161.8275746514778
  },
  {
    "time": 43200.0,
    "opt": "ClusterLLGAOptimizer",
    "elapsed_time": 134.3338754249271,
    "valid": true,
    "overall_deadline_violation": 0.2263206585938651,
    "weighted_overall_deadline_violation": 85.05299643061376,
    "max_deadline_violation": 0.009500329881313212,
    "avg_deadline_violation": 0.0018105652687509203,
    "avg_only_violated_deadline": 0.006858201775571666,
    "weighted_avg_deadline_violation": 0.0015897069935372793,
    "weighted_avg_only_violated_deadline": 0.006307651952314755,
    "deadline_satisfaction": 0.736,
    "weighted_deadline_satisfaction": 0.7479716690845798,
    "overall_cost": 205.87297116577946,
    "max_cost": 41.066841456160084,
    "avg_cost": 7.099067971233774,
    "overall_migration_cost": 53.392738103344456,
    "max_migration_cost": 13.570488572850419,
    "avg_migration_cost": 5.932526455927162,
    "migration_rate": 0.3103448275862069,
    "weighted_migration_rate": 0.010673384052711869,
    "overall_response_time": 3.7510725205775164,
    "weighted_overall_response_time": 897.1871056150276,
    "max_response_time": 0.31098623735561615,
    "avg_response_time": 0.03000858016462016,
    "weighted_avg_response_time": 0.0167691283806941,
    "avg_unavailability": 0.012628266557337323,
    "overall_power_consumption": 1082.3022535731948
  },
  {
    "time": 45000.0,
    "opt": "ClusterLLGAOptimizer",
    "elapsed_time": 129.290577046806,
    "valid": true,
    "overall_deadline_violation": 0.1804169026628054,
    "weighted_overall_deadline_violation": 65.65523513651507,
    "max_deadline_violation": 0.009500329894359366,
    "avg_deadline_violation": 0.0013073688598754013,
    "avg_only_violated_deadline": 0.006939111640877129,
    "weighted_avg_deadline_violation": 0.0011819902906884973,
    "weighted_avg_only_violated_deadline": 0.006250164096959345,
    "deadline_satisfaction": 0.8115942028985508,
    "weighted_deadline_satisfaction": 0.8108865187613992,
    "overall_cost": 216.1919753834158,
    "max_cost": 40.97218079296091,
    "avg_cost": 7.454895702876408,
    "overall_migration_cost": 136.41722767569743,
    "max_migration_cost": 136.41722767569743,
    "avg_migration_cost": 136.41722767569743,
    "migration_rate": 0.034482758620689655,
    "weighted_migration_rate": 0.003943790896335872,
    "overall_response_time": 4.54664576942532,
    "weighted_overall_response_time": 889.6762470080736,
    "max_response_time": 0.3109880551448534,
    "avg_response_time": 0.03294670847409656,
    "weighted_avg_response_time": 0.01601682917795032,
    "avg_unavailability": 0.012628266557337323,
    "overall_power_consumption": 1121.1825246976052
  },
  {
    "time": 46800.0,
    "opt": "ClusterLLGAOptimizer",
    "elapsed_time": 128.65492466790602,
    "valid": true,
    "overall_deadline_violation": 0.16647900532391782,
    "weighted_overall_deadline_violation": 76.8577284420181,
    "max_deadline_violation": 0.00950032988958235,
    "avg_deadline_violation": 0.0013212619470152212,
    "avg_only_violated_deadline": 0.006403038666304533,
    "weighted_avg_deadline_violation": 0.0013291331454025146,
    "weighted_avg_only_violated_deadline": 0.006062440547841377,
    "deadline_satisfaction": 0.7936507936507936,
    "weighted_deadline_satisfaction": 0.78075939303425,
    "overall_cost": 209.06386209418946,
    "max_cost": 47.08678356632396,
    "avg_cost": 6.743995551425467,
    "overall_migration_cost": 206.5888528951914,
    "max_migration_cost": 112.1817017922352,
    "avg_migration_cost": 29.51269327074163,
    "migration_rate": 0.22580645161290322,
    "weighted_migration_rate": 0.015234816206068941,
    "overall_response_time": 5.08663806924819,
    "weighted_overall_response_time": 1048.2909444624654,
    "max_response_time": 0.3109789322844978,
    "avg_response_time": 0.04037014340673167,
    "weighted_avg_response_time": 0.018128537865407985,
    "avg_unavailability": 0.00922316444249572,
    "overall_power_consumption": 1062.7702566099006
  },
  {
    "time": 48600.0,
    "opt": "ClusterLLGAOptimizer",
    "elapsed_time": 132.2308637299575,
    "valid": true,
    "overall_deadline_violation": 0.1805178999126171,
    "weighted_overall_deadline_violation": 59.886678187011974,
    "max_deadline_violation": 0.009500329876027024,
    "avg_deadline_violation": 0.0013371696289823487,
    "avg_only_violated_deadline": 0.006942996150485272,
    "weighted_avg_deadline_violation": 0.0010142312852534647,
    "weighted_avg_only_violated_deadline": 0.005919517893719923,
    "deadline_satisfaction": 0.8074074074074075,
    "weighted_deadline_satisfaction": 0.8286631946278136,
    "overall_cost": 240.6693683107978,
    "max_cost": 47.38302262164412,
    "avg_cost": 7.293011160933267,
    "overall_migration_cost": 24.403321128153394,
    "max_migration_cost": 12.802000000000001,
    "avg_migration_cost": 6.100830282038349,
    "migration_rate": 0.12121212121212122,
    "weighted_migration_rate": 0.005995514631451484,
    "overall_response_time": 5.102198049080658,
    "weighted_overall_response_time": 1041.4232434901812,
    "max_response_time": 0.31097789104224527,
    "avg_response_time": 0.03779405962281968,
    "weighted_avg_response_time": 0.017637378908201877,
    "avg_unavailability": 0.004511728609894808,
    "overall_power_consumption": 1165.3636683600387
  },
  {
    "time": 50400.0,
    "opt": "ClusterLLGAOptimizer",
    "elapsed_time": 128.4817131878808,
    "valid": true,
    "overall_deadline_violation": 0.2181185448832869,
    "weighted_overall_deadline_violation": 78.7379400235939,
    "max_deadline_violation": 0.009500329844851978,
    "avg_deadline_violation": 0.0016524132188127792,
    "avg_only_violated_deadline": 0.007036082093009253,
    "weighted_avg_deadline_violation": 0.0013774803170918317,
    "weighted_avg_only_violated_deadline": 0.006198570401840921,
    "deadline_satisfaction": 0.7651515151515151,
    "weighted_deadline_satisfaction": 0.7777745144779298,
    "overall_cost": 169.10081577987748,
    "max_cost": 42.829161343329496,
    "avg_cost": 7.6864007172671585,
    "overall_migration_cost": 613.614500076763,
    "max_migration_cost": 599.0975072491384,
    "avg_migration_cost": 153.40362501919074,
    "migration_rate": 0.18181818181818182,
    "weighted_migration_rate": 0.01759553422702198,
    "overall_response_time": 5.183088704098836,
    "weighted_overall_response_time": 1064.7536448414846,
    "max_response_time": 0.3109880039241406,
    "avg_response_time": 0.03926582351590027,
    "weighted_avg_response_time": 0.018627324868817248,
    "avg_unavailability": 0.010695610346057404,
    "overall_power_consumption": 949.1189027529778
  },
  {
    "time": 52200.0,
    "opt": "ClusterLLGAOptimizer",
    "elapsed_time": 127.57528973394074,
    "valid": true,
    "overall_deadline_violation": 0.17861867177630777,
    "weighted_overall_deadline_violation": 59.582794105954235,
    "max_deadline_violation": 0.00950032979549217,
    "avg_deadline_violation": 0.001332975162509759,
    "avg_only_violated_deadline": 0.0068699489144733745,
    "weighted_avg_deadline_violation": 0.0011120554525083262,
    "weighted_avg_only_violated_deadline": 0.005995914966478756,
    "deadline_satisfaction": 0.8059701492537313,
    "weighted_deadline_satisfaction": 0.8145311501704958,
    "overall_cost": 180.69198483526,
    "max_cost": 38.57065290775511,
    "avg_cost": 8.213272037966364,
    "overall_migration_cost": 0.0,
    "max_migration_cost": 0.0,
    "avg_migration_cost": 0.0,
    "migration_rate": 0.0,
    "weighted_migration_rate": 0.0,
    "overall_response_time": 3.929656277487833,
    "weighted_overall_response_time": 815.8186727183269,
    "max_response_time": 0.31099797219030906,
    "avg_response_time": 0.029325793115580808,
    "weighted_avg_response_time": 0.015226469601966173,
    "avg_unavailability": 0.010695610346057404,
    "overall_power_consumption": 1007.9154512979628
  },
  {
    "time": 54000.0,
    "opt": "ClusterLLGAOptimizer",
    "elapsed_time": 131.02288815705106,
    "valid": true,
    "overall_deadline_violation": 0.2282338020073414,
    "weighted_overall_deadline_violation": 97.7887154888669,
    "max_deadline_violation": 0.00950032984769882,
    "avg_deadline_violation": 0.0018707688689126344,
    "avg_only_violated_deadline": 0.0067127588825688644,
    "weighted_avg_deadline_violation": 0.001808375126829847,
    "weighted_avg_only_violated_deadline": 0.006270575918575016,
    "deadline_satisfaction": 0.7213114754098361,
    "weighted_deadline_satisfaction": 0.7116094039348141,
    "overall_cost": 156.98067592443482,
    "max_cost": 42.237428710444284,
    "avg_cost": 6.037718304785954,
    "overall_migration_cost": 148.71684270238444,
    "max_migration_cost": 97.52140702006571,
    "avg_migration_cost": 14.871684270238447,
    "migration_rate": 0.38461538461538464,
    "weighted_migration_rate": 0.016722950365589722,
    "overall_response_time": 4.290109910383263,
    "weighted_overall_response_time": 949.4632993696878,
    "max_response_time": 0.31099434999184156,
    "avg_response_time": 0.03516483533101041,
    "weighted_avg_response_time": 0.017558118089948935,
    "avg_unavailability": 0.004447600053129632,
    "overall_power_consumption": 910.849794450908
  },
  {
    "time": 55800.0,
    "opt": "ClusterLLGAOptimizer",
    "elapsed_time": 128.7588216799777,
    "valid": true,
    "overall_deadline_violation": 0.15781559022176175,
    "weighted_overall_deadline_violation": 56.526558977706856,
    "max_deadline_violation": 0.009500329941160034,
    "avg_deadline_violation": 0.0012233766683857506,
    "avg_only_violated_deadline": 0.006861547400946164,
    "weighted_avg_deadline_violation": 0.0011523027302612436,
    "weighted_avg_only_violated_deadline": 0.006023702156482758,
    "deadline_satisfaction": 0.8217054263565892,
    "weighted_deadline_satisfaction": 0.8087052280596037,
    "overall_cost": 176.26861083858108,
    "max_cost": 38.31296049459426,
    "avg_cost": 6.779561955330043,
    "overall_migration_cost": 0.0,
    "max_migration_cost": 0.0,
    "avg_migration_cost": 0.0,
    "migration_rate": 0.0,
    "weighted_migration_rate": 0.0,
    "overall_response_time": 3.8990076306861385,
    "weighted_overall_response_time": 792.7723020818217,
    "max_response_time": 0.3109929344336267,
    "avg_response_time": 0.030224865354156107,
    "weighted_avg_response_time": 0.01616078715360418,
    "avg_unavailability": 0.004447600053129632,
    "overall_power_consumption": 1011.0990682465529
  },
  {
    "time": 57600.0,
    "opt": "ClusterLLGAOptimizer",
    "elapsed_time": 134.8922663971316,
    "valid": true,
    "overall_deadline_violation": 0.209619024288939,
    "weighted_overall_deadline_violation": 64.54918005428581,
    "max_deadline_violation": 0.009500329922566133,
    "avg_deadline_violation": 0.001486659746730063,
    "avg_only_violated_deadline": 0.006987300809631297,
    "weighted_avg_deadline_violation": 0.0013491846893202355,
    "weighted_avg_only_violated_deadline": 0.0061450632782448274,
    "deadline_satisfaction": 0.7872340425531915,
    "weighted_deadline_satisfaction": 0.7804441340585198,
    "overall_cost": 154.8069164727067,
    "max_cost": 35.60501540114805,
    "avg_cost": 6.192276658908268,
    "overall_migration_cost": 1100.0802879003966,
    "max_migration_cost": 485.59887322627503,
    "avg_migration_cost": 137.51003598754957,
    "migration_rate": 0.32,
    "weighted_migration_rate": 0.039615681031301725,
    "overall_response_time": 4.246129728580589,
    "weighted_overall_response_time": 858.4310434875624,
    "max_response_time": 0.31098580045301766,
    "avg_response_time": 0.030114395238160133,
    "weighted_avg_response_time": 0.017942629476262625,
    "avg_unavailability": 0.0018857248972712459,
    "overall_power_consumption": 935.3992629570657
  },
  {
    "time": 59400.0,
    "opt": "ClusterLLGAOptimizer",
    "elapsed_time": 135.2578275979031,
    "valid": true,
    "overall_deadline_violation": 0.18101725069672034,
    "weighted_overall_deadline_violation": 50.1104778429613,
    "max_deadline_violation": 0.0095003299560638,
    "avg_deadline_violation": 0.001361031960125717,
    "avg_only_violated_deadline": 0.006704342618397051,
    "weighted_avg_deadline_violation": 0.0011126884326331781,
    "weighted_avg_only_violated_deadline": 0.006039619396188911,
    "deadline_satisfaction": 0.7969924812030075,
    "weighted_deadline_satisfaction": 0.815768451678379,
    "overall_cost": 183.9750683024723,
    "max_cost": 26.854011499316602,
    "avg_cost": 7.359002732098893,
    "overall_migration_cost": 0.0,
    "max_migration_cost": 0.0,
    "avg_migration_cost": 0.0,
    "migration_rate": 0.0,
    "weighted_migration_rate": 0.0,
    "overall_response_time": 3.876067637161198,
    "weighted_overall_response_time": 759.4098666840475,
    "max_response_time": 0.310986060493979,
    "avg_response_time": 0.02914336569294136,
    "weighted_avg_response_time": 0.016862472893092423,
    "avg_unavailability": 0.0018857248972712459,
    "overall_power_consumption": 1083.2712597453033
  },
  {
    "time": 61200.0,
    "opt": "ClusterLLGAOptimizer",
    "elapsed_time": 144.31006738496944,
    "valid": true,
    "overall_deadline_violation": 0.2076189848471725,
    "weighted_overall_deadline_violation": 93.86887652775603,
    "max_deadline_violation": 0.009500329921032124,
    "avg_deadline_violation": 0.001647769721009306,
    "avg_only_violated_deadline": 0.006920632828239084,
    "weighted_avg_deadline_violation": 0.0017111112199068624,
    "weighted_avg_only_violated_deadline": 0.0062258108047145745,
    "deadline_satisfaction": 0.7619047619047619,
    "weighted_deadline_satisfaction": 0.7251584936357044,
    "overall_cost": 199.76603709006773,
    "max_cost": 40.8023749165092,
    "avg_cost": 7.398742114446953,
    "overall_migration_cost": 196.70963719957297,
    "max_migration_cost": 54.299254837373816,
    "avg_migration_cost": 21.85662635550811,
    "migration_rate": 0.3333333333333333,
    "weighted_migration_rate": 0.03260146448575416,
    "overall_response_time": 5.0231423962817745,
    "weighted_overall_response_time": 1081.4527006038495,
    "max_response_time": 0.3109727448274561,
    "avg_response_time": 0.039866209494299726,
    "weighted_avg_response_time": 0.01971351866829528,
    "avg_unavailability": 0.0019301241304173632,
    "overall_power_consumption": 1035.3109432080198
  },
  {
    "time": 63000.0,
    "opt": "ClusterLLGAOptimizer",
    "elapsed_time": 128.14644778589718,
    "valid": true,
    "overall_deadline_violation": 0.15061427103951847,
    "weighted_overall_deadline_violation": 61.64275272592829,
    "max_deadline_violation": 0.009500329942314933,
    "avg_deadline_violation": 0.0011324381281166797,
    "avg_only_violated_deadline": 0.007172108144738973,
    "weighted_avg_deadline_violation": 0.001209089879042985,
    "weighted_avg_only_violated_deadline": 0.006053554505211623,
    "deadline_satisfaction": 0.8421052631578947,
    "weighted_deadline_satisfaction": 0.8002677801939249,
    "overall_cost": 246.41527852694136,
    "max_cost": 28.710791751667408,
    "avg_cost": 8.800545661676475,
    "overall_migration_cost": 30.675031299689856,
    "max_migration_cost": 27.201999999999998,
    "avg_migration_cost": 10.225010433229953,
    "migration_rate": 0.10714285714285714,
    "weighted_migration_rate": 0.015079422675979266,
    "overall_response_time": 3.271093196946046,
    "weighted_overall_response_time": 757.3722203912131,
    "max_response_time": 0.3109927479197908,
    "avg_response_time": 0.024594685691323653,
    "weighted_avg_response_time": 0.014855454142594642,
    "avg_unavailability": 0.0019301239080692905,
    "overall_power_consumption": 1247.999597683382
  },
  {
    "time": 64800.0,
    "opt": "ClusterLLGAOptimizer",
    "elapsed_time": 141.48373200115748,
    "valid": true,
    "overall_deadline_violation": 0.18561796594534047,
    "weighted_overall_deadline_violation": 103.64609665941677,
    "max_deadline_violation": 0.009500329997749999,
    "avg_deadline_violation": 0.0014501403589479715,
    "avg_only_violated_deadline": 0.006629213069476443,
    "weighted_avg_deadline_violation": 0.0020032590510951145,
    "weighted_avg_only_violated_deadline": 0.006467686999602644,
    "deadline_satisfaction": 0.78125,
    "weighted_deadline_satisfaction": 0.6902665433224908,
    "overall_cost": 176.0989182548302,
    "max_cost": 38.091459959431624,
    "avg_cost": 5.031397664423719,
    "overall_migration_cost": 194.0806973705949,
    "max_migration_cost": 66.37937813545315,
    "avg_migration_cost": 10.782260965033048,
    "migration_rate": 0.5142857142857142,
    "weighted_migration_rate": 0.035524325962779886,
    "overall_response_time": 4.717875991472233,
    "weighted_overall_response_time": 882.3617945734645,
    "max_response_time": 0.3109907130400401,
    "avg_response_time": 0.03685840618337681,
    "weighted_avg_response_time": 0.01705418060390821,
    "avg_unavailability": 0.0004776883773753691,
    "overall_power_consumption": 998.4722183475145
  },
  {
    "time": 66600.0,
    "opt": "ClusterLLGAOptimizer",
    "elapsed_time": 139.227043870138,
    "valid": true,
    "overall_deadline_violation": 0.14421800893256814,
    "weighted_overall_deadline_violation": 61.73957478865243,
    "max_deadline_violation": 0.009500329997749999,
    "avg_deadline_violation": 0.001084345931823821,
    "avg_only_violated_deadline": 0.006270348214459486,
    "weighted_avg_deadline_violation": 0.0011752275357674506,
    "weighted_avg_only_violated_deadline": 0.005817725187087318,
    "deadline_satisfaction": 0.8270676691729323,
    "weighted_deadline_satisfaction": 0.7979919129944605,
    "overall_cost": 216.35274046295353,
    "max_cost": 42.18000288111752,
    "avg_cost": 6.009798346193154,
    "overall_migration_cost": 14.97010768988193,
    "max_migration_cost": 5.202053832091845,
    "avg_migration_cost": 2.1385868128402756,
    "migration_rate": 0.19444444444444445,
    "weighted_migration_rate": 0.019954692610329738,
    "overall_response_time": 5.621798630021051,
    "weighted_overall_response_time": 898.6076277161413,
    "max_response_time": 0.3109907788752857,
    "avg_response_time": 0.04226916263173725,
    "weighted_avg_response_time": 0.017105210581022316,
    "avg_unavailability": 0.0004775358719378558,
    "overall_power_consumption": 1144.3010447968873
  },
  {
    "time": 68400.0,
    "opt": "ClusterLLGAOptimizer",
    "elapsed_time": 136.10149945807643,
    "valid": true,
    "overall_deadline_violation": 0.19781916985783743,
    "weighted_overall_deadline_violation": 86.90664147359246,
    "max_deadline_violation": 0.009500329911483082,
    "avg_deadline_violation": 0.0016764336428630282,
    "avg_only_violated_deadline": 0.0065939723285945795,
    "weighted_avg_deadline_violation": 0.0016632012179761137,
    "weighted_avg_only_violated_deadline": 0.006091884965788807,
    "deadline_satisfaction": 0.7457627118644068,
    "weighted_deadline_satisfaction": 0.7269808561198338,
    "overall_cost": 171.1899505048377,
    "max_cost": 48.21669545030763,
    "avg_cost": 5.349685953276179,
    "overall_migration_cost": 74.47685319792478,
    "max_migration_cost": 47.28096234242036,
    "avg_migration_cost": 9.309606649740598,
    "migration_rate": 0.25,
    "weighted_migration_rate": 0.021840494618167193,
    "overall_response_time": 4.658800685685042,
    "weighted_overall_response_time": 892.3353538286168,
    "max_response_time": 0.3109904252322851,
    "avg_response_time": 0.03948136174309357,
    "weighted_avg_response_time": 0.017077328293509903,
    "avg_unavailability": 0.009675105084442802,
    "overall_power_consumption": 975.6004057823676
  },
  {
    "time": 70200.0,
    "opt": "ClusterLLGAOptimizer",
    "elapsed_time": 126.73035071697086,
    "valid": true,
    "overall_deadline_violation": 0.18601778240251857,
    "weighted_overall_deadline_violation": 70.69151130827402,
    "max_deadline_violation": 0.009500329891326768,
    "avg_deadline_violation": 0.0014532639250196757,
    "avg_only_violated_deadline": 0.006889547496389575,
    "weighted_avg_deadline_violation": 0.0012574012434927791,
    "weighted_avg_only_violated_deadline": 0.005943896985222936,
    "deadline_satisfaction": 0.7890625,
    "weighted_deadline_satisfaction": 0.7884550747398901,
    "overall_cost": 191.84734185112984,
    "max_cost": 55.064021404202876,
    "avg_cost": 5.9952294328478075,
    "overall_migration_cost": 5.303369200298353,
    "max_migration_cost": 5.303369200298353,
    "avg_migration_cost": 5.303369200298353,
    "migration_rate": 0.03125,
    "weighted_migration_rate": 0.0021168781424429884,
    "overall_response_time": 5.18325776707701,
    "weighted_overall_response_time": 1028.5825669001333,
    "max_response_time": 0.31098100303538684,
    "avg_response_time": 0.04049420130528912,
    "weighted_avg_response_time": 0.018295562999285385,
    "avg_unavailability": 0.009675105084442802,
    "overall_power_consumption": 1024.2406116071104
  },
  {
    "time": 72000.0,
    "opt": "ClusterLLGAOptimizer",
    "elapsed_time": 140.09461112879217,
    "valid": true,
    "overall_deadline_violation": 0.17785391547988447,
    "weighted_overall_deadline_violation": 73.93751714208908,
    "max_deadline_violation": 0.009500329904071927,
    "avg_deadline_violation": 0.0014343057699990687,
    "avg_only_violated_deadline": 0.006351925552853017,
    "weighted_avg_deadline_violation": 0.001389933422012657,
    "weighted_avg_only_violated_deadline": 0.005408387876008166,
    "deadline_satisfaction": 0.7741935483870968,
    "weighted_deadline_satisfaction": 0.7430041162213128,
    "overall_cost": 179.65820111664243,
    "max_cost": 47.09791660410299,
    "avg_cost": 5.614318784895075,
    "overall_migration_cost": 48.42461725608512,
    "max_migration_cost": 21.573111915713568,
    "avg_migration_cost": 9.684923451217024,
    "migration_rate": 0.15625,
    "weighted_migration_rate": 0.030259796739722292,
    "overall_response_time": 4.612973310563875,
    "weighted_overall_response_time": 974.6511948512846,
    "max_response_time": 0.3109790495748427,
    "avg_response_time": 0.037201397665837695,
    "weighted_avg_response_time": 0.018322231025488477,
    "avg_unavailability": 0.0014852407783289031,
    "overall_power_consumption": 1007.7985724284753
  },
  {
    "time": 73800.0,
    "opt": "ClusterLLGAOptimizer",
    "elapsed_time": 130.23505101911724,
    "valid": true,
    "overall_deadline_violation": 0.1792190089972369,
    "weighted_overall_deadline_violation": 58.95360360310595,
    "max_deadline_violation": 0.009500329873864736,
    "avg_deadline_violation": 0.0013374552910241566,
    "avg_only_violated_deadline": 0.0066377410739717375,
    "weighted_avg_deadline_violation": 0.0012785068727293053,
    "weighted_avg_only_violated_deadline": 0.005888380737324147,
    "deadline_satisfaction": 0.7985074626865671,
    "weighted_deadline_satisfaction": 0.7828763237700733,
    "overall_cost": 168.8675361439394,
    "max_cost": 39.40493524145127,
    "avg_cost": 5.277110504498105,
    "overall_migration_cost": 1.4361895121927095,
    "max_migration_cost": 1.4361895121927095,
    "avg_migration_cost": 1.4361895121927095,
    "migration_rate": 0.03125,
    "weighted_migration_rate": 0.0013564308060000627,
    "overall_response_time": 3.99060749646572,
    "weighted_overall_response_time": 726.7195913609373,
    "max_response_time": 0.31099277024271926,
    "avg_response_time": 0.02978065295869939,
    "weighted_avg_response_time": 0.015760122118354106,
    "avg_unavailability": 0.0014852407783289031,
    "overall_power_consumption": 1022.3339047170039
  },
  {
    "time": 75600.0,
    "opt": "ClusterLLGAOptimizer",
    "elapsed_time": 140.1604535819497,
    "valid": true,
    "overall_deadline_violation": 0.2188207521361447,
    "weighted_overall_deadline_violation": 88.62354091595482,
    "max_deadline_violation": 0.009500329851698762,
    "avg_deadline_violation": 0.0016962849002801921,
    "avg_only_violated_deadline": 0.006838148504254525,
    "weighted_avg_deadline_violation": 0.0016322595879169248,
    "weighted_avg_only_violated_deadline": 0.005985330917678768,
    "deadline_satisfaction": 0.751937984496124,
    "weighted_deadline_satisfaction": 0.7272900011099223,
    "overall_cost": 159.09294321580802,
    "max_cost": 56.53107752697091,
    "avg_cost": 6.36371772863232,
    "overall_migration_cost": 99.49769334923249,
    "max_migration_cost": 41.66141617770169,
    "avg_migration_cost": 19.8995386698465,
    "migration_rate": 0.2,
    "weighted_migration_rate": 0.021971835372012048,
    "overall_response_time": 4.148414693489504,
    "weighted_overall_response_time": 907.7513935536302,
    "max_response_time": 0.31098910383878,
    "avg_response_time": 0.032158253437903114,
    "weighted_avg_response_time": 0.016718875146029235,
    "avg_unavailability": 0.010579968420815886,
    "overall_power_consumption": 924.9009695705782
  },
  {
    "time": 77400.0,
    "opt": "ClusterLLGAOptimizer",
    "elapsed_time": 136.99546772195026,
    "valid": true,
    "overall_deadline_violation": 0.20311921141401384,
    "weighted_overall_deadline_violation": 74.93484209286052,
    "max_deadline_violation": 0.009500329881053943,
    "avg_deadline_violation": 0.00153878190465162,
    "avg_only_violated_deadline": 0.007004110738414269,
    "weighted_avg_deadline_violation": 0.001424359230173911,
    "weighted_avg_only_violated_deadline": 0.005857265896038068,
    "deadline_satisfaction": 0.7803030303030303,
    "weighted_deadline_satisfaction": 0.7568218251561079,
    "overall_cost": 186.44712991821578,
    "max_cost": 46.276002758114096,
    "avg_cost": 7.457885196728631,
    "overall_migration_cost": 0.0,
    "max_migration_cost": 0.0,
    "avg_migration_cost": 0.0,
    "migration_rate": 0.0,
    "weighted_migration_rate": 0.0,
    "overall_response_time": 4.596079899422898,
    "weighted_overall_response_time": 789.99300404055,
    "max_response_time": 0.3109945230268562,
    "avg_response_time": 0.03481878711684019,
    "weighted_avg_response_time": 0.01501616331804055,
    "avg_unavailability": 0.010579968420815886,
    "overall_power_consumption": 1043.3243030359804
  },
  {
    "time": 79200.0,
    "opt": "ClusterLLGAOptimizer",
    "elapsed_time": 154.79076943011023,
    "valid": true,
    "overall_deadline_violation": 0.2283210877215411,
    "weighted_overall_deadline_violation": 73.96111815140111,
    "max_deadline_violation": 0.009500329853434332,
    "avg_deadline_violation": 0.0017429090665766482,
    "avg_only_violated_deadline": 0.0069188208400466945,
    "weighted_avg_deadline_violation": 0.0015163775375301506,
    "weighted_avg_only_violated_deadline": 0.006045090828643537,
    "deadline_satisfaction": 0.7480916030534351,
    "weighted_deadline_satisfaction": 0.7491555411632398,
    "overall_cost": 170.10512492747063,
    "max_cost": 45.598107489223246,
    "avg_cost": 6.300189812128542,
    "overall_migration_cost": 212.50128046888062,
    "max_migration_cost": 72.82332025113574,
    "avg_migration_cost": 42.50025609377613,
    "migration_rate": 0.18518518518518517,
    "weighted_migration_rate": 0.023399861840683257,
    "overall_response_time": 4.6608707499930855,
    "weighted_overall_response_time": 767.1639421717057,
    "max_response_time": 0.31099482960627106,
    "avg_response_time": 0.03557916603048153,
    "weighted_avg_response_time": 0.015728672018328806,
    "avg_unavailability": 0.01053679854313623,
    "overall_power_consumption": 972.0694354367375
  },
  {
    "time": 81000.0,
    "opt": "ClusterLLGAOptimizer",
    "elapsed_time": 152.3183850790374,
    "valid": true,
    "overall_deadline_violation": 0.2022199041982326,
    "weighted_overall_deadline_violation": 71.8803166454336,
    "max_deadline_violation": 0.009500329857575006,
    "avg_deadline_violation": 0.001520450407505509,
    "avg_only_violated_deadline": 0.0069731001447666426,
    "weighted_avg_deadline_violation": 0.0012987750066301763,
    "weighted_avg_only_violated_deadline": 0.005723319916560123,
    "deadline_satisfaction": 0.7819548872180451,
    "weighted_deadline_satisfaction": 0.7730731418888119,
    "overall_cost": 205.34648746428232,
    "max_cost": 54.74263502646818,
    "avg_cost": 7.897941825549318,
    "overall_migration_cost": 0.0,
    "max_migration_cost": 0.0,
    "avg_migration_cost": 0.0,
    "migration_rate": 0.0,
    "weighted_migration_rate": 0.0,
    "overall_response_time": 3.644555296617823,
    "weighted_overall_response_time": 824.9628268938158,
    "max_response_time": 0.31099397781830573,
    "avg_response_time": 0.02740267140314153,
    "weighted_avg_response_time": 0.014905904021733756,
    "avg_unavailability": 0.010536849107933033,
    "overall_power_consumption": 1072.0814305703966
  },
  {
    "time": 82800.0,
    "opt": "ClusterLLGAOptimizer",
    "elapsed_time": 148.85984403593466,
    "valid": true,
    "overall_deadline_violation": 0.21611920172333535,
    "weighted_overall_deadline_violation": 83.83530832651626,
    "max_deadline_violation": 0.009500329866863218,
    "avg_deadline_violation": 0.001589111777377466,
    "avg_only_violated_deadline": 0.006971587152365657,
    "weighted_avg_deadline_violation": 0.0016453384295318316,
    "weighted_avg_only_violated_deadline": 0.005957988341684798,
    "deadline_satisfaction": 0.7720588235294118,
    "weighted_deadline_satisfaction": 0.7238432948885961,
    "overall_cost": 187.10768543834925,
    "max_cost": 49.61935800002973,
    "avg_cost": 6.236922847944975,
    "overall_migration_cost": 207.37070049051854,
    "max_migration_cost": 45.71485592180389,
    "avg_migration_cost": 18.851881862774412,
    "migration_rate": 0.36666666666666664,
    "weighted_migration_rate": 0.049311680908582456,
    "overall_response_time": 4.689240569745825,
    "weighted_overall_response_time": 722.9908187708359,
    "max_response_time": 0.31099755859813016,
    "avg_response_time": 0.03447971007166045,
    "weighted_avg_response_time": 0.014189302837526433,
    "avg_unavailability": 0.009652606903801401,
    "overall_power_consumption": 1060.3022383834448
  },
  {
    "time": 84600.0,
    "opt": "ClusterLLGAOptimizer",
    "elapsed_time": 137.79898618510924,
    "valid": true,
    "overall_deadline_violation": 0.21141745092229972,
    "weighted_overall_deadline_violation": 76.84239794289556,
    "max_deadline_violation": 0.009500329866863218,
    "avg_deadline_violation": 0.0014382139518523793,
    "avg_only_violated_deadline": 0.007047248364076656,
    "weighted_avg_deadline_violation": 0.0015080978644264106,
    "weighted_avg_only_violated_deadline": 0.005997010629412051,
    "deadline_satisfaction": 0.7959183673469388,
    "weighted_deadline_satisfaction": 0.7485250639660339,
    "overall_cost": 237.7267228361726,
    "max_cost": 42.74477941337186,
    "avg_cost": 7.924224094539085,
    "overall_migration_cost": 6.250666490104411,
    "max_migration_cost": 2.7923072737838757,
    "avg_migration_cost": 2.0835554967014707,
    "migration_rate": 0.1,
    "weighted_migration_rate": 0.009440672309068634,
    "overall_response_time": 4.378387154084009,
    "weighted_overall_response_time": 646.548410528286,
    "max_response_time": 0.3109972090740932,
    "avg_response_time": 0.02978494662642182,
    "weighted_avg_response_time": 0.012689066235160959,
    "avg_unavailability": 0.009652606903801401,
    "overall_power_consumption": 1247.4386331072542
  }
]