[
  {
    "time": 0.0,
    "opt": "ClusterLLGAOptimizer",
    "elapsed_time": 105.78665656596422,
    "valid": true,
    "overall_deadline_violation": 0.21897051865666117,
    "weighted_overall_deadline_violation": 106.19100254008761,
    "max_deadline_violation": 0.009800439477424918,
    "avg_deadline_violation": 0.0017241773122571751,
    "avg_only_violated_deadline": 0.007550707539884869,
    "weighted_avg_deadline_violation": 0.0020819408009636643,
    "weighted_avg_only_violated_deadline": 0.007746410159111885,
    "deadline_satisfaction": 0.7716535433070866,
    "weighted_deadline_satisfaction": 0.7312379853118496,
    "overall_cost": 253.86961046593174,
    "max_cost": 54.2695418680853,
    "avg_cost": 9.402578165404883,
    "overall_migration_cost": 0.0,
    "max_migration_cost": 0.0,
    "avg_migration_cost": 0.0,
    "migration_rate": 0.0,
    "weighted_migration_rate": 0.0,
    "overall_response_time": 4.677995969580381,
    "weighted_overall_response_time": 824.4647677020067,
    "max_response_time": 0.19099586119379747,
    "avg_response_time": 0.03683461393370375,
    "weighted_avg_response_time": 0.016164145716468365,
    "avg_unavailability": 0.01716954242708863,
    "overall_power_consumption": 1225.3892480165398
  },
  {
    "time": 1800.0,
    "opt": "ClusterLLGAOptimizer",
    "elapsed_time": 103.34736556001008,
    "valid": true,
    "overall_deadline_violation": 0.23345898108056948,
    "weighted_overall_deadline_violation": 123.50416526021414,
    "max_deadline_violation": 0.009800439453112217,
    "avg_deadline_violation": 0.0015563932072037959,
    "avg_only_violated_deadline": 0.00778196603601898,
    "weighted_avg_deadline_violation": 0.00222478088758305,
    "weighted_avg_only_violated_deadline": 0.007562595882452668,
    "deadline_satisfaction": 0.8,
    "weighted_deadline_satisfaction": 0.7058178273487864,
    "overall_cost": 271.70781668886093,
    "max_cost": 61.18487783846914,
    "avg_cost": 9.703850596030748,
    "overall_migration_cost": 2.9461721772180747,
    "max_migration_cost": 1.4730860886090373,
    "avg_migration_cost": 1.4730860886090373,
    "migration_rate": 0.07142857142857142,
    "weighted_migration_rate": 0.000721012997799845,
    "overall_response_time": 6.765383111372953,
    "weighted_overall_response_time": 892.6785856109727,
    "max_response_time": 0.1909967269886667,
    "avg_response_time": 0.04510255407581973,
    "weighted_avg_response_time": 0.016080544747924707,
    "avg_unavailability": 0.019101778290630964,
    "overall_power_consumption": 1233.9800358727207
  },
  {
    "time": 3600.0,
    "opt": "ClusterLLGAOptimizer",
    "elapsed_time": 137.53489835606888,
    "valid": true,
    "overall_deadline_violation": 0.25317942384284375,
    "weighted_overall_deadline_violation": 130.12768973205476,
    "max_deadline_violation": 0.009800439316068945,
    "avg_deadline_violation": 0.0017704854814184882,
    "avg_only_violated_deadline": 0.007446453642436584,
    "weighted_avg_deadline_violation": 0.0020558013185788026,
    "weighted_avg_only_violated_deadline": 0.007936860539346747,
    "deadline_satisfaction": 0.7622377622377622,
    "weighted_deadline_satisfaction": 0.7409805415646114,
    "overall_cost": 291.58870262310285,
    "max_cost": 86.16591741684088,
    "avg_cost": 11.214950100888574,
    "overall_migration_cost": 23.011829828418712,
    "max_migration_cost": 12.277443034779722,
    "avg_migration_cost": 7.670609942806236,
    "migration_rate": 0.11538461538461539,
    "weighted_migration_rate": 0.0010704348994898443,
    "overall_response_time": 6.387076918653574,
    "weighted_overall_response_time": 1016.6339324681103,
    "max_response_time": 0.1909976314891601,
    "avg_response_time": 0.044664873557018016,
    "weighted_avg_response_time": 0.016061127214226256,
    "avg_unavailability": 0.01744987279471363,
    "overall_power_consumption": 1219.0720849809384
  },
  {
    "time": 5400.0,
    "opt": "ClusterLLGAOptimizer",
    "elapsed_time": 113.19029096490704,
    "valid": true,
    "overall_deadline_violation": 0.24598336275254162,
    "weighted_overall_deadline_violation": 127.00674515969654,
    "max_deadline_violation": 0.009800439418626688,
    "avg_deadline_violation": 0.0016848175530996005,
    "avg_only_violated_deadline": 0.007686980086016927,
    "weighted_avg_deadline_violation": 0.002005982756245851,
    "weighted_avg_only_violated_deadline": 0.007824279365478434,
    "deadline_satisfaction": 0.7808219178082192,
    "weighted_deadline_satisfaction": 0.7436207652430634,
    "overall_cost": 295.4755972803207,
    "max_cost": 88.34273008011165,
    "avg_cost": 10.943540640011879,
    "overall_migration_cost": 5.372036565832455,
    "max_migration_cost": 3.132461329948595,
    "avg_migration_cost": 2.6860182829162276,
    "migration_rate": 0.07407407407407407,
    "weighted_migration_rate": 0.001071999742664512,
    "overall_response_time": 5.971862708300608,
    "weighted_overall_response_time": 1042.5499542687182,
    "max_response_time": 0.1909953861335779,
    "avg_response_time": 0.04090316923493566,
    "weighted_avg_response_time": 0.016466347737345215,
    "avg_unavailability": 0.01748340533279084,
    "overall_power_consumption": 1234.0727035303487
  },
  {
    "time": 7200.0,
    "opt": "ClusterLLGAOptimizer",
    "elapsed_time": 144.8316289309878,
    "valid": true,
    "overall_deadline_violation": 0.25438428327562473,
    "weighted_overall_deadline_violation": 141.2743619512813,
    "max_deadline_violation": 0.009800439476793682,
    "avg_deadline_violation": 0.001884328024263887,
    "avg_only_violated_deadline": 0.0074818906845771985,
    "weighted_avg_deadline_violation": 0.0021492802467623917,
    "weighted_avg_only_violated_deadline": 0.007536390916049145,
    "deadline_satisfaction": 0.7481481481481481,
    "weighted_deadline_satisfaction": 0.7148130622861689,
    "overall_cost": 304.0372881084461,
    "max_cost": 90.48639715284352,
    "avg_cost": 12.161491524337848,
    "overall_migration_cost": 290.85610256876987,
    "max_migration_cost": 271.3260883494326,
    "avg_migration_cost": 72.71402564219248,
    "migration_rate": 0.16,
    "weighted_migration_rate": 0.004734032425579486,
    "overall_response_time": 5.652443439824255,
    "weighted_overall_response_time": 1067.7145326915213,
    "max_response_time": 0.1909974180375467,
    "avg_response_time": 0.041869951406105624,
    "weighted_avg_response_time": 0.01624369576049755,
    "avg_unavailability": 0.011550498022949244,
    "overall_power_consumption": 1225.3574255351175
  },
  {
    "time": 9000.0,
    "opt": "ClusterLLGAOptimizer",
    "elapsed_time": 134.58230235707015,
    "valid": true,
    "overall_deadline_violation": 0.23086245581969372,
    "weighted_overall_deadline_violation": 120.51437384901021,
    "max_deadline_violation": 0.009800439474306123,
    "avg_deadline_violation": 0.001722854147908162,
    "avg_only_violated_deadline": 0.007447175994183672,
    "weighted_avg_deadline_violation": 0.0018275403816405509,
    "weighted_avg_only_violated_deadline": 0.007663074289684661,
    "deadline_satisfaction": 0.7686567164179104,
    "weighted_deadline_satisfaction": 0.7615134197379999,
    "overall_cost": 318.4235311585172,
    "max_cost": 90.36659150815089,
    "avg_cost": 12.73694124634069,
    "overall_migration_cost": 2.5201077172301076,
    "max_migration_cost": 2.5201077172301076,
    "avg_migration_cost": 2.5201077172301076,
    "migration_rate": 0.04,
    "weighted_migration_rate": 0.000306718496603808,
    "overall_response_time": 5.218859430773388,
    "weighted_overall_response_time": 1074.519598875371,
    "max_response_time": 0.1909953736797656,
    "avg_response_time": 0.03894671216995069,
    "weighted_avg_response_time": 0.01629455387843826,
    "avg_unavailability": 0.011550498022949244,
    "overall_power_consumption": 1285.3646231750752
  },
  {
    "time": 10800.0,
    "opt": "ClusterLLGAOptimizer",
    "elapsed_time": 143.34068343997933,
    "valid": true,
    "overall_deadline_violation": 0.24651629037336964,
    "weighted_overall_deadline_violation": 143.55183444654273,
    "max_deadline_violation": 0.009800439454648644,
    "avg_deadline_violation": 0.0017863499302418083,
    "avg_only_violated_deadline": 0.007470190617374835,
    "weighted_avg_deadline_violation": 0.0021069732262595942,
    "weighted_avg_only_violated_deadline": 0.007614451776195917,
    "deadline_satisfaction": 0.7608695652173914,
    "weighted_deadline_satisfaction": 0.7232928530920172,
    "overall_cost": 314.0019228334733,
    "max_cost": 89.31900376639453,
    "avg_cost": 12.076997032056665,
    "overall_migration_cost": 27.743498090776008,
    "max_migration_cost": 13.359931976788864,
    "avg_migration_cost": 5.548699618155202,
    "migration_rate": 0.19230769230769232,
    "weighted_migration_rate": 0.002254973078588955,
    "overall_response_time": 5.748030293854189,
    "weighted_overall_response_time": 1090.049846780294,
    "max_response_time": 0.19099597456585518,
    "avg_response_time": 0.04165239343372601,
    "weighted_avg_response_time": 0.015999139623044816,
    "avg_unavailability": 0.017841507687105174,
    "overall_power_consumption": 1258.2831796211271
  },
  {
    "time": 12600.0,
    "opt": "ClusterLLGAOptimizer",
    "elapsed_time": 148.37430855398998,
    "valid": true,
    "overall_deadline_violation": 0.25951187401477754,
    "weighted_overall_deadline_violation": 137.64898919249876,
    "max_deadline_violation": 0.009800439415810153,
    "avg_deadline_violation": 0.0018536562429626964,
    "avg_only_violated_deadline": 0.007863996182265985,
    "weighted_avg_deadline_violation": 0.0022328782514553012,
    "weighted_avg_only_violated_deadline": 0.007683421641566141,
    "deadline_satisfaction": 0.7642857142857142,
    "weighted_deadline_satisfaction": 0.7093901186711175,
    "overall_cost": 293.0422473400628,
    "max_cost": 67.09766153121835,
    "avg_cost": 11.270855666925492,
    "overall_migration_cost": 2.9432691475371158,
    "max_migration_cost": 2.9432691475371158,
    "avg_migration_cost": 2.9432691475371158,
    "migration_rate": 0.038461538461538464,
    "weighted_migration_rate": 0.0012454570038523754,
    "overall_response_time": 5.473573877123638,
    "weighted_overall_response_time": 918.8716341309732,
    "max_response_time": 0.1909974544280691,
    "avg_response_time": 0.03909695626516887,
    "weighted_avg_response_time": 0.01490551074705642,
    "avg_unavailability": 0.017841507687105174,
    "overall_power_consumption": 1279.7736305618293
  },
  {
    "time": 14400.0,
    "opt": "ClusterLLGAOptimizer",
    "elapsed_time": 164.34334719204344,
    "valid": true,
    "overall_deadline_violation": 0.2527329921382826,
    "weighted_overall_deadline_violation": 124.3388134490946,
    "max_deadline_violation": 0.009800439423520733,
    "avg_deadline_violation": 0.0017673635813865915,
    "avg_only_violated_deadline": 0.007658575519341897,
    "weighted_avg_deadline_violation": 0.0019223612717318738,
    "weighted_avg_only_violated_deadline": 0.00789228858937534,
    "deadline_satisfaction": 0.7692307692307693,
    "weighted_deadline_satisfaction": 0.7564253701619866,
    "overall_cost": 310.00220114025507,
    "max_cost": 85.32871155963312,
    "avg_cost": 11.481563005194628,
    "overall_migration_cost": 3.8722648985233294,
    "max_migration_cost": 2.908221826572256,
    "avg_migration_cost": 1.9361324492616647,
    "migration_rate": 0.07407407407407407,
    "weighted_migration_rate": 0.0013656408452873206,
    "overall_response_time": 5.800204321635611,
    "weighted_overall_response_time": 1027.8113455640957,
    "max_response_time": 0.1909954317568698,
    "avg_response_time": 0.04056086938206719,
    "weighted_avg_response_time": 0.01589065128217557,
    "avg_unavailability": 0.017782872182104375,
    "overall_power_consumption": 1286.7970033038714
  },
  {
    "time": 16200.0,
    "opt": "ClusterLLGAOptimizer",
    "elapsed_time": 156.42361464700662,
    "valid": true,
    "overall_deadline_violation": 0.2125405559215937,
    "weighted_overall_deadline_violation": 116.74833362110397,
    "max_deadline_violation": 0.009800439540342305,
    "avg_deadline_violation": 0.0015627982053058353,
    "avg_only_violated_deadline": 0.007871872441540504,
    "weighted_avg_deadline_violation": 0.0018130128743255847,
    "weighted_avg_only_violated_deadline": 0.00762758111263744,
    "deadline_satisfaction": 0.8014705882352942,
    "weighted_deadline_satisfaction": 0.7623082799707276,
    "overall_cost": 310.0466067447914,
    "max_cost": 81.27567851455343,
    "avg_cost": 11.073093098028265,
    "overall_migration_cost": 4.754772004801476,
    "max_migration_cost": 2.464545282422506,
    "avg_migration_cost": 2.377386002400738,
    "migration_rate": 0.07142857142857142,
    "weighted_migration_rate": 0.0008034214550363682,
    "overall_response_time": 5.540268923833589,
    "weighted_overall_response_time": 1036.5726916879776,
    "max_response_time": 0.19099493356381256,
    "avg_response_time": 0.04073727149877639,
    "weighted_avg_response_time": 0.016097185946171943,
    "avg_unavailability": 0.017755937422624983,
    "overall_power_consumption": 1290.849995793577
  },
  {
    "time": 18000.0,
    "opt": "ClusterLLGAOptimizer",
    "elapsed_time": 164.7976522978861,
    "valid": true,
    "overall_deadline_violation": 0.24138378499711816,
    "weighted_overall_deadline_violation": 104.31703085072918,
    "max_deadline_violation": 0.009800439615294506,
    "avg_deadline_violation": 0.0017491578622979577,
    "avg_only_violated_deadline": 0.007786573709584458,
    "weighted_avg_deadline_violation": 0.001694608317460264,
    "weighted_avg_only_violated_deadline": 0.007632916158701628,
    "deadline_satisfaction": 0.7753623188405797,
    "weighted_deadline_satisfaction": 0.7779867769766622,
    "overall_cost": 300.08349668497726,
    "max_cost": 79.71477341739862,
    "avg_cost": 10.717267738749188,
    "overall_migration_cost": 5.555599356387722,
    "max_migration_cost": 3.029935562821032,
    "avg_migration_cost": 1.8518664521292407,
    "migration_rate": 0.10714285714285714,
    "weighted_migration_rate": 0.00205687080636792,
    "overall_response_time": 5.486025640232804,
    "weighted_overall_response_time": 964.9000141187835,
    "max_response_time": 0.1909961537039796,
    "avg_response_time": 0.0397538089871942,
    "weighted_avg_response_time": 0.015674598635605115,
    "avg_unavailability": 0.01775569256117517,
    "overall_power_consumption": 1282.453203491926
  },
  {
    "time": 19800.0,
    "opt": "ClusterLLGAOptimizer",
    "elapsed_time": 153.5470589150209,
    "valid": true,
    "overall_deadline_violation": 0.2557192356034999,
    "weighted_overall_deadline_violation": 128.8143658938562,
    "max_deadline_violation": 0.009800439476354382,
    "avg_deadline_violation": 0.0017515016137226028,
    "avg_only_violated_deadline": 0.0073062638743857135,
    "weighted_avg_deadline_violation": 0.0021705419582852227,
    "weighted_avg_only_violated_deadline": 0.0076530272438693776,
    "deadline_satisfaction": 0.7602739726027398,
    "weighted_deadline_satisfaction": 0.7163812581453985,
    "overall_cost": 287.9575923682487,
    "max_cost": 57.28491742953927,
    "avg_cost": 10.284199727437453,
    "overall_migration_cost": 0.0,
    "max_migration_cost": 0.0,
    "avg_migration_cost": 0.0,
    "migration_rate": 0.0,
    "weighted_migration_rate": 0.0,
    "overall_response_time": 5.460752054840624,
    "weighted_overall_response_time": 953.8169489933418,
    "max_response_time": 0.19099560055591613,
    "avg_response_time": 0.03740241133452477,
    "weighted_avg_response_time": 0.01607196288975706,
    "avg_unavailability": 0.01775569256117517,
    "overall_power_consumption": 1281.9514338498636
  },
  {
    "time": 21600.0,
    "opt": "ClusterLLGAOptimizer",
    "elapsed_time": 171.28947972902097,
    "valid": true,
    "overall_deadline_violation": 0.22721258174941023,
    "weighted_overall_deadline_violation": 120.6623200149251,
    "max_deadline_violation": 0.009800439425785278,
    "avg_deadline_violation": 0.001588899173072799,
    "avg_only_violated_deadline": 0.00783491661204863,
    "weighted_avg_deadline_violation": 0.0019371571448965996,
    "weighted_avg_only_violated_deadline": 0.007984606445373568,
    "deadline_satisfaction": 0.7972027972027972,
    "weighted_deadline_satisfaction": 0.7573885252642574,
    "overall_cost": 303.4011135948549,
    "max_cost": 74.17101130974079,
    "avg_cost": 10.835754056959104,
    "overall_migration_cost": 3.5875482737924194,
    "max_migration_cost": 1.7937741368962097,
    "avg_migration_cost": 1.7937741368962097,
    "migration_rate": 0.07142857142857142,
    "weighted_migration_rate": 0.0012439362368285413,
    "overall_response_time": 5.9341870457874855,
    "weighted_overall_response_time": 1014.6876634037138,
    "max_response_time": 0.19099553068241598,
    "avg_response_time": 0.041497811509003404,
    "weighted_avg_response_time": 0.016290167939401516,
    "avg_unavailability": 0.017755937422624983,
    "overall_power_consumption": 1287.0731326589835
  },
  {
    "time": 23400.0,
    "opt": "ClusterLLGAOptimizer",
    "elapsed_time": 170.21332734287716,
    "valid": true,
    "overall_deadline_violation": 0.25761210920327615,
    "weighted_overall_deadline_violation": 118.28025471657426,
    "max_deadline_violation": 0.009800439640929887,
    "avg_deadline_violation": 0.001740622359481596,
    "avg_only_violated_deadline": 0.007806427551614429,
    "weighted_avg_deadline_violation": 0.0021551668527527964,
    "weighted_avg_only_violated_deadline": 0.0075298914130816534,
    "deadline_satisfaction": 0.777027027027027,
    "weighted_deadline_satisfaction": 0.7137851352001394,
    "overall_cost": 277.6603344422287,
    "max_cost": 52.39958573449341,
    "avg_cost": 9.574494291111336,
    "overall_migration_cost": 3.144426598783012,
    "max_migration_cost": 3.144426598783012,
    "avg_migration_cost": 3.144426598783012,
    "migration_rate": 0.034482758620689655,
    "weighted_migration_rate": 0.000568895196858544,
    "overall_response_time": 6.093736533813758,
    "weighted_overall_response_time": 867.938119608463,
    "max_response_time": 0.19099645356818032,
    "avg_response_time": 0.041173895498741606,
    "weighted_avg_response_time": 0.015814570826745398,
    "avg_unavailability": 0.01775471833236876,
    "overall_power_consumption": 1273.1694830115205
  },
  {
    "time": 25200.0,
    "opt": "ClusterLLGAOptimizer",
    "elapsed_time": 174.261540108826,
    "valid": true,
    "overall_deadline_violation": 0.257898963083273,
    "weighted_overall_deadline_violation": 133.58301383712336,
    "max_deadline_violation": 0.009800439567884574,
    "avg_deadline_violation": 0.0019103626895057267,
    "avg_only_violated_deadline": 0.007368541802379229,
    "weighted_avg_deadline_violation": 0.0022822134165574894,
    "weighted_avg_only_violated_deadline": 0.007644243585123271,
    "deadline_satisfaction": 0.7407407407407407,
    "weighted_deadline_satisfaction": 0.7014467957301903,
    "overall_cost": 272.1936036305672,
    "max_cost": 56.548553585426525,
    "avg_cost": 10.081244578909898,
    "overall_migration_cost": 27.951855496628053,
    "max_migration_cost": 19.531707772116587,
    "avg_migration_cost": 6.987963874157013,
    "migration_rate": 0.14814814814814814,
    "weighted_migration_rate": 0.006932607836835876,
    "overall_response_time": 5.61223444979954,
    "weighted_overall_response_time": 963.8323963549129,
    "max_response_time": 0.1909945478296433,
    "avg_response_time": 0.04157210703555211,
    "weighted_avg_response_time": 0.01646669859504727,
    "avg_unavailability": 0.01781457304169209,
    "overall_power_consumption": 1238.2867450405058
  },
  {
    "time": 27000.0,
    "opt": "ClusterLLGAOptimizer",
    "elapsed_time": 154.6381320541259,
    "valid": true,
    "overall_deadline_violation": 0.21130775936486104,
    "weighted_overall_deadline_violation": 123.51758259364335,
    "max_deadline_violation": 0.009800439514438628,
    "avg_deadline_violation": 0.0015423924041230738,
    "avg_only_violated_deadline": 0.007546705691602183,
    "weighted_avg_deadline_violation": 0.0018948255079964125,
    "weighted_avg_only_violated_deadline": 0.00775908006865599,
    "deadline_satisfaction": 0.7956204379562044,
    "weighted_deadline_satisfaction": 0.7557925048807199,
    "overall_cost": 304.96904260754974,
    "max_cost": 78.4780517072899,
    "avg_cost": 10.165634753584989,
    "overall_migration_cost": 12.922275863623376,
    "max_migration_cost": 5.210794123023966,
    "avg_migration_cost": 3.230568965905844,
    "migration_rate": 0.13333333333333333,
    "weighted_migration_rate": 0.0023077937407053545,
    "overall_response_time": 5.952846884261109,
    "weighted_overall_response_time": 1035.1072651705394,
    "max_response_time": 0.19099546032774867,
    "avg_response_time": 0.043451437111394896,
    "weighted_avg_response_time": 0.015879096792317585,
    "avg_unavailability": 0.017812565038797683,
    "overall_power_consumption": 1284.8517562877873
  },
  {
    "time": 28800.0,
    "opt": "ClusterLLGAOptimizer",
    "elapsed_time": 181.89411403005943,
    "valid": true,
    "overall_deadline_violation": 0.2530146711527182,
    "weighted_overall_deadline_violation": 144.22467042697258,
    "max_deadline_violation": 0.009800439693211265,
    "avg_deadline_violation": 0.0018202494327533686,
    "avg_only_violated_deadline": 0.007028185309797729,
    "weighted_avg_deadline_violation": 0.0022061609258506787,
    "weighted_avg_only_violated_deadline": 0.0072414776043945965,
    "deadline_satisfaction": 0.7410071942446043,
    "weighted_deadline_satisfaction": 0.6953438170530504,
    "overall_cost": 287.43512803368526,
    "max_cost": 78.53066959339826,
    "avg_cost": 10.26554028691733,
    "overall_migration_cost": 891.4487022219342,
    "max_migration_cost": 853.1593437869933,
    "avg_migration_cost": 178.28974044438684,
    "migration_rate": 0.17857142857142858,
    "weighted_migration_rate": 0.00423807008398275,
    "overall_response_time": 5.5959194458129025,
    "weighted_overall_response_time": 1023.4737987614931,
    "max_response_time": 0.19099690384257276,
    "avg_response_time": 0.04025841327922955,
    "weighted_avg_response_time": 0.01565576746873459,
    "avg_unavailability": 0.012467832369384231,
    "overall_power_consumption": 1219.4163074925423
  },
  {
    "time": 30600.0,
    "opt": "ClusterLLGAOptimizer",
    "elapsed_time": 167.9091121039819,
    "valid": true,
    "overall_deadline_violation": 0.254271854246676,
    "weighted_overall_deadline_violation": 134.04268349152963,
    "max_deadline_violation": 0.009800439588299924,
    "avg_deadline_violation": 0.00197109964532307,
    "avg_only_violated_deadline": 0.007264910121333602,
    "weighted_avg_deadline_violation": 0.0019761599984746345,
    "weighted_avg_only_violated_deadline": 0.007398589351349364,
    "deadline_satisfaction": 0.7286821705426356,
    "weighted_deadline_satisfaction": 0.7329004348492164,
    "overall_cost": 308.505626285295,
    "max_cost": 80.87065172934523,
    "avg_cost": 11.865601010972888,
    "overall_migration_cost": 4.756405837537762,
    "max_migration_cost": 4.756405837537762,
    "avg_migration_cost": 4.756405837537762,
    "migration_rate": 0.038461538461538464,
    "weighted_migration_rate": 0.00043647889688567707,
    "overall_response_time": 5.593654182797935,
    "weighted_overall_response_time": 1080.899117074605,
    "max_response_time": 0.19099555019128106,
    "avg_response_time": 0.04336166033176691,
    "weighted_avg_response_time": 0.01593544341183206,
    "avg_unavailability": 0.012496636401171492,
    "overall_power_consumption": 1273.8794777279074
  },
  {
    "time": 32400.0,
    "opt": "ClusterLLGAOptimizer",
    "elapsed_time": 167.76543319993652,
    "valid": true,
    "overall_deadline_violation": 0.2544166709486858,
    "weighted_overall_deadline_violation": 115.18445205039696,
    "max_deadline_violation": 0.009800439730059146,
    "avg_deadline_violation": 0.001927399022338528,
    "avg_only_violated_deadline": 0.007950520967146428,
    "weighted_avg_deadline_violation": 0.0016766738326052164,
    "weighted_avg_only_violated_deadline": 0.007419944874728502,
    "deadline_satisfaction": 0.7575757575757576,
    "weighted_deadline_satisfaction": 0.7740314974150578,
    "overall_cost": 314.07982514682897,
    "max_cost": 87.32776138756918,
    "avg_cost": 12.079993274878039,
    "overall_migration_cost": 19.0434126661524,
    "max_migration_cost": 9.328411692362572,
    "avg_migration_cost": 4.7608531665381,
    "migration_rate": 0.15384615384615385,
    "weighted_migration_rate": 0.0019403317185477385,
    "overall_response_time": 5.3959080734139135,
    "weighted_overall_response_time": 1115.6180381397694,
    "max_response_time": 0.19099429197938972,
    "avg_response_time": 0.04087809146525691,
    "weighted_avg_response_time": 0.016239410254023704,
    "avg_unavailability": 0.01784150780117148,
    "overall_power_consumption": 1276.9313913702035
  },
  {
    "time": 34200.0,
    "opt": "ClusterLLGAOptimizer",
    "elapsed_time": 168.76741604693234,
    "valid": true,
    "overall_deadline_violation": 0.23320751780490726,
    "weighted_overall_deadline_violation": 126.42987879184574,
    "max_deadline_violation": 0.009800439718781908,
    "avg_deadline_violation": 0.0017274630948511654,
    "avg_only_violated_deadline": 0.008041638544996801,
    "weighted_avg_deadline_violation": 0.0017609468305338468,
    "weighted_avg_only_violated_deadline": 0.007533821957200502,
    "deadline_satisfaction": 0.7851851851851852,
    "weighted_deadline_satisfaction": 0.7662611566164225,
    "overall_cost": 321.33831389609065,
    "max_cost": 94.37328583809352,
    "avg_cost": 11.901419033188544,
    "overall_migration_cost": 5.32841878293533,
    "max_migration_cost": 2.7664187829353306,
    "avg_migration_cost": 2.664209391467665,
    "migration_rate": 0.07407407407407407,
    "weighted_migration_rate": 0.0012515963773604003,
    "overall_response_time": 6.0599469935183725,
    "weighted_overall_response_time": 1149.2543674324513,
    "max_response_time": 0.19099595201028866,
    "avg_response_time": 0.04488849624828429,
    "weighted_avg_response_time": 0.01600710097285865,
    "avg_unavailability": 0.02246790053448409,
    "overall_power_consumption": 1276.1956565662094
  },
  {
    "time": 36000.0,
    "opt": "ClusterLLGAOptimizer",
    "elapsed_time": 177.53360246797092,
    "valid": true,
    "overall_deadline_violation": 0.2507422292792192,
    "weighted_overall_deadline_violation": 136.21372307874432,
    "max_deadline_violation": 0.009800439640362788,
    "avg_deadline_violation": 0.0018436928623472007,
    "avg_only_violated_deadline": 0.00716406369369198,
    "weighted_avg_deadline_violation": 0.0020598671859004217,
    "weighted_avg_only_violated_deadline": 0.007446398407372356,
    "deadline_satisfaction": 0.7426470588235294,
    "weighted_deadline_satisfaction": 0.7233740295360725,
    "overall_cost": 305.4567014875517,
    "max_cost": 83.1659502904503,
    "avg_cost": 12.21826805950207,
    "overall_migration_cost": 30.347100682494,
    "max_migration_cost": 22.103424606143168,
    "avg_migration_cost": 10.115700227498,
    "migration_rate": 0.12,
    "weighted_migration_rate": 0.0015249056464695704,
    "overall_response_time": 5.237608322314778,
    "weighted_overall_response_time": 1054.9275138873793,
    "max_response_time": 0.19099691049891213,
    "avg_response_time": 0.038511825899373416,
    "weighted_avg_response_time": 0.015952948941157133,
    "avg_unavailability": 0.022518335172829237,
    "overall_power_consumption": 1259.3415249461054
  },
  {
    "time": 37800.0,
    "opt": "ClusterLLGAOptimizer",
    "elapsed_time": 150.9869381831959,
    "valid": true,
    "overall_deadline_violation": 0.2606171723499671,
    "weighted_overall_deadline_violation": 141.45108447532644,
    "max_deadline_violation": 0.00980043947189613,
    "avg_deadline_violation": 0.0019304975729627183,
    "avg_only_violated_deadline": 0.007897490071211124,
    "weighted_avg_deadline_violation": 0.0019885985879674094,
    "weighted_avg_only_violated_deadline": 0.007783331487351537,
    "deadline_satisfaction": 0.7555555555555555,
    "weighted_deadline_satisfaction": 0.7445054741406016,
    "overall_cost": 313.86839942500785,
    "max_cost": 88.04236454760989,
    "avg_cost": 13.077849976041994,
    "overall_migration_cost": 0.0,
    "max_migration_cost": 0.0,
    "avg_migration_cost": 0.0,
    "migration_rate": 0.0,
    "weighted_migration_rate": 0.0,
    "overall_response_time": 5.752244295415242,
    "weighted_overall_response_time": 1087.7489960559105,
    "max_response_time": 0.19099854503806862,
    "avg_response_time": 0.04260921700307592,
    "weighted_avg_response_time": 0.015292184755197565,
    "avg_unavailability": 0.022535216197941167,
    "overall_power_consumption": 1261.4403681703925
  },
  {
    "time": 39600.0,
    "opt": "ClusterLLGAOptimizer",
    "elapsed_time": 174.91913120797835,
    "valid": true,
    "overall_deadline_violation": 0.270114923178476,
    "weighted_overall_deadline_violation": 175.06954075235254,
    "max_deadline_violation": 0.00980043936941027,
    "avg_deadline_violation": 0.002093914133166481,
    "avg_only_violated_deadline": 0.007717569233670745,
    "weighted_avg_deadline_violation": 0.002172576912274068,
    "weighted_avg_only_violated_deadline": 0.007596735985630809,
    "deadline_satisfaction": 0.7286821705426356,
    "weighted_deadline_satisfaction": 0.7140117918559377,
    "overall_cost": 325.66999379859044,
    "max_cost": 112.48468033119389,
    "avg_cost": 13.026799751943619,
    "overall_migration_cost": 84.58131819591011,
    "max_migration_cost": 47.0744557667119,
    "avg_migration_cost": 12.083045456558587,
    "migration_rate": 0.28,
    "weighted_migration_rate": 0.0022379164885299088,
    "overall_response_time": 5.984960770106928,
    "weighted_overall_response_time": 1293.653167003537,
    "max_response_time": 0.19099702602308696,
    "avg_response_time": 0.046395044729511024,
    "weighted_avg_response_time": 0.01605396913160262,
    "avg_unavailability": 0.017823781447941167,
    "overall_power_consumption": 1197.0293353273014
  },
  {
    "time": 41400.0,
    "opt": "ClusterLLGAOptimizer",
    "elapsed_time": 170.20789626799524,
    "valid": true,
    "overall_deadline_violation": 0.2341874799536611,
    "weighted_overall_deadline_violation": 124.78657216933834,
    "max_deadline_violation": 0.009800439536060381,
    "avg_deadline_violation": 0.001721966764365154,
    "avg_only_violated_deadline": 0.007554434837214871,
    "weighted_avg_deadline_violation": 0.001571416205430594,
    "weighted_avg_only_violated_deadline": 0.007547038214053124,
    "deadline_satisfaction": 0.7720588235294118,
    "weighted_deadline_satisfaction": 0.7917837221885924,
    "overall_cost": 348.08507510427404,
    "max_cost": 121.08730026777941,
    "avg_cost": 13.92340300417096,
    "overall_migration_cost": 7.582761245394265,
    "max_migration_cost": 4.610387300565278,
    "avg_migration_cost": 3.7913806226971327,
    "migration_rate": 0.08,
    "weighted_migration_rate": 0.0005579351633994113,
    "overall_response_time": 6.051244695703639,
    "weighted_overall_response_time": 1218.1891734853987,
    "max_response_time": 0.190997935518951,
    "avg_response_time": 0.04449444629193858,
    "weighted_avg_response_time": 0.015340450300191998,
    "avg_unavailability": 0.022508281438461775,
    "overall_power_consumption": 1276.3737862872672
  },
  {
    "time": 43200.0,
    "opt": "ClusterLLGAOptimizer",
    "elapsed_time": 189.0741736779455,
    "valid": true,
    "overall_deadline_violation": 0.22431458558587786,
    "weighted_overall_deadline_violation": 123.13522443905072,
    "max_deadline_violation": 0.009800439466373115,
    "avg_deadline_violation": 0.0017254968121990595,
    "avg_only_violated_deadline": 0.008011235199495636,
    "weighted_avg_deadline_violation": 0.0016237996709268893,
    "weighted_avg_only_violated_deadline": 0.007840896458383432,
    "deadline_satisfaction": 0.7846153846153846,
    "weighted_deadline_satisfaction": 0.7929063749858943,
    "overall_cost": 341.480468968372,
    "max_cost": 124.10540117549104,
    "avg_cost": 12.195731034584714,
    "overall_migration_cost": 960.1135482886134,
    "max_migration_cost": 946.8479636656955,
    "avg_migration_cost": 240.02838707215335,
    "migration_rate": 0.14285714285714285,
    "weighted_migration_rate": 0.0022344026700784297,
    "overall_response_time": 5.813974462175272,
    "weighted_overall_response_time": 1174.5886214702477,
    "max_response_time": 0.19099827601668337,
    "avg_response_time": 0.04472288047827135,
    "weighted_avg_response_time": 0.015489447684094066,
    "avg_unavailability": 0.010221741382844847,
    "overall_power_consumption": 1254.0729403320026
  },
  {
    "time": 45000.0,
    "opt": "ClusterLLGAOptimizer",
    "elapsed_time": 180.24455011007376,
    "valid": true,
    "overall_deadline_violation": 0.235815247192745,
    "weighted_overall_deadline_violation": 155.89743319282644,
    "max_deadline_violation": 0.009800439451263314,
    "avg_deadline_violation": 0.0017864791453995838,
    "avg_only_violated_deadline": 0.007860508239758169,
    "weighted_avg_deadline_violation": 0.002040823980949447,
    "weighted_avg_only_violated_deadline": 0.007472774236879973,
    "deadline_satisfaction": 0.7727272727272727,
    "weighted_deadline_satisfaction": 0.726898750550033,
    "overall_cost": 338.30329946731365,
    "max_cost": 106.01541135094804,
    "avg_cost": 13.532131978692547,
    "overall_migration_cost": 3.1165251527207896,
    "max_migration_cost": 3.1165251527207896,
    "avg_migration_cost": 3.1165251527207896,
    "migration_rate": 0.04,
    "weighted_migration_rate": 0.00019783570184353952,
    "overall_response_time": 6.235885525867296,
    "weighted_overall_response_time": 1222.9735273361764,
    "max_response_time": 0.19099623517064057,
    "avg_response_time": 0.047241557014146215,
    "weighted_avg_response_time": 0.01600971646253409,
    "avg_unavailability": 0.017823785869949232,
    "overall_power_consumption": 1269.2740402346897
  },
  {
    "time": 46800.0,
    "opt": "ClusterLLGAOptimizer",
    "elapsed_time": 192.05156841385178,
    "valid": true,
    "overall_deadline_violation": 0.2501169072577114,
    "weighted_overall_deadline_violation": 185.92197463069448,
    "max_deadline_violation": 0.009800439352013378,
    "avg_deadline_violation": 0.0019540383379508695,
    "avg_only_violated_deadline": 0.0075793002199306455,
    "weighted_avg_deadline_violation": 0.002212597282837825,
    "weighted_avg_only_violated_deadline": 0.0073557103373760955,
    "deadline_satisfaction": 0.7421875,
    "weighted_deadline_satisfaction": 0.6992000525639112,
    "overall_cost": 331.9382041067213,
    "max_cost": 130.86254696763731,
    "avg_cost": 13.830758504446724,
    "overall_migration_cost": 122.44245042740492,
    "max_migration_cost": 53.82257124514531,
    "avg_migration_cost": 24.488490085480986,
    "migration_rate": 0.20833333333333334,
    "weighted_migration_rate": 0.0011918798432752765,
    "overall_response_time": 6.139086868670674,
    "weighted_overall_response_time": 1402.6754868525716,
    "max_response_time": 0.19099754836264,
    "avg_response_time": 0.04796161616148964,
    "weighted_avg_response_time": 0.016692787267766285,
    "avg_unavailability": 0.018169063571165232,
    "overall_power_consumption": 1167.543307980354
  },
  {
    "time": 48600.0,
    "opt": "ClusterLLGAOptimizer",
    "elapsed_time": 187.52427741908468,
    "valid": true,
    "overall_deadline_violation": 0.2258146825743575,
    "weighted_overall_deadline_violation": 175.73354383251666,
    "max_deadline_violation": 0.009800439335033806,
    "avg_deadline_violation": 0.0017107172922299803,
    "avg_only_violated_deadline": 0.007527156085811915,
    "weighted_avg_deadline_violation": 0.0020370214906472676,
    "weighted_avg_only_violated_deadline": 0.00764583470896251,
    "deadline_satisfaction": 0.7727272727272727,
    "weighted_deadline_satisfaction": 0.7335776186399302,
    "overall_cost": 364.4647779738655,
    "max_cost": 129.30735905843568,
    "avg_cost": 15.186032415577728,
    "overall_migration_cost": 0.0,
    "max_migration_cost": 0.0,
    "avg_migration_cost": 0.0,
    "migration_rate": 0.0,
    "weighted_migration_rate": 0.0,
    "overall_response_time": 5.527457206650725,
    "weighted_overall_response_time": 1349.9140446297192,
    "max_response_time": 0.19099585027735144,
    "avg_response_time": 0.04187467580796009,
    "weighted_avg_response_time": 0.015647575639048283,
    "avg_unavailability": 0.018169063571165232,
    "overall_power_consumption": 1280.2750539932285
  },
  {
    "time": 50400.0,
    "opt": "ClusterLLGAOptimizer",
    "elapsed_time": 195.38666985207237,
    "valid": true,
    "overall_deadline_violation": 0.2508153208645429,
    "weighted_overall_deadline_violation": 164.9105865021821,
    "max_deadline_violation": 0.009800439265376805,
    "avg_deadline_violation": 0.001990597784639229,
    "avg_only_violated_deadline": 0.007837978777016964,
    "weighted_avg_deadline_violation": 0.002089070422788698,
    "weighted_avg_only_violated_deadline": 0.007563119103143424,
    "deadline_satisfaction": 0.746031746031746,
    "weighted_deadline_satisfaction": 0.7237818954985876,
    "overall_cost": 322.908022277524,
    "max_cost": 124.278543770407,
    "avg_cost": 13.454500928230171,
    "overall_migration_cost": 132.095179017696,
    "max_migration_cost": 54.05962650000255,
    "avg_migration_cost": 22.015863169616004,
    "migration_rate": 0.25,
    "weighted_migration_rate": 0.0021789777063941423,
    "overall_response_time": 5.205383408860977,
    "weighted_overall_response_time": 1278.9867007271564,
    "max_response_time": 0.190998079582998,
    "avg_response_time": 0.041312566736991914,
    "weighted_avg_response_time": 0.016202072555201594,
    "avg_unavailability": 0.01818679000716523,
    "overall_power_consumption": 1167.020689642808
  },
  {
    "time": 52200.0,
    "opt": "ClusterLLGAOptimizer",
    "elapsed_time": 171.5191351431422,
    "valid": true,
    "overall_deadline_violation": 0.2343107427636637,
    "weighted_overall_deadline_violation": 172.40564644742204,
    "max_deadline_violation": 0.00980043947733745,
    "avg_deadline_violation": 0.001761734907997471,
    "avg_only_violated_deadline": 0.007810358092122119,
    "weighted_avg_deadline_violation": 0.0019917416089072246,
    "weighted_avg_only_violated_deadline": 0.007402596284057881,
    "deadline_satisfaction": 0.7744360902255639,
    "weighted_deadline_satisfaction": 0.7309401279661019,
    "overall_cost": 367.8709520304263,
    "max_cost": 128.2393086161377,
    "avg_cost": 14.148882770401007,
    "overall_migration_cost": 11.884655735408877,
    "max_migration_cost": 4.266687438378065,
    "avg_migration_cost": 3.961551911802959,
    "migration_rate": 0.11538461538461539,
    "weighted_migration_rate": 0.0010101880565856916,
    "overall_response_time": 5.786091273465528,
    "weighted_overall_response_time": 1424.6049146281714,
    "max_response_time": 0.1909941436720147,
    "avg_response_time": 0.043504445665154365,
    "weighted_avg_response_time": 0.016457957979839018,
    "avg_unavailability": 0.019333545355253848,
    "overall_power_consumption": 1278.0142194005841
  },
  {
    "time": 54000.0,
    "opt": "ClusterLLGAOptimizer",
    "elapsed_time": 187.75641518109478,
    "valid": true,
    "overall_deadline_violation": 0.24761502296793292,
    "weighted_overall_deadline_violation": 170.128517990501,
    "max_deadline_violation": 0.00980043933718582,
    "avg_deadline_violation": 0.001861767089984459,
    "avg_only_violated_deadline": 0.007987581386062356,
    "weighted_avg_deadline_violation": 0.002214736804657156,
    "weighted_avg_only_violated_deadline": 0.0076267558466294495,
    "deadline_satisfaction": 0.7669172932330827,
    "weighted_deadline_satisfaction": 0.7096095837870656,
    "overall_cost": 334.52408069697714,
    "max_cost": 99.76742995423864,
    "avg_cost": 12.866310796037581,
    "overall_migration_cost": 5.104838451837664,
    "max_migration_cost": 2.1290826606966697,
    "avg_migration_cost": 1.7016128172792213,
    "migration_rate": 0.11538461538461539,
    "weighted_migration_rate": 0.00179582387586647,
    "overall_response_time": 5.522500617809109,
    "weighted_overall_response_time": 1230.3157451549175,
    "max_response_time": 0.1909947765123108,
    "avg_response_time": 0.0415225610361587,
    "weighted_avg_response_time": 0.01601627754316844,
    "avg_unavailability": 0.02338732947816197,
    "overall_power_consumption": 1271.0313747285638
  },
  {
    "time": 55800.0,
    "opt": "ClusterLLGAOptimizer",
    "elapsed_time": 178.08653506217524,
    "valid": true,
    "overall_deadline_violation": 0.2366130648308471,
    "weighted_overall_deadline_violation": 146.87416162214126,
    "max_deadline_violation": 0.009800439421276267,
    "avg_deadline_violation": 0.0017526893691173862,
    "avg_only_violated_deadline": 0.007632679510672488,
    "weighted_avg_deadline_violation": 0.002038116408454115,
    "weighted_avg_only_violated_deadline": 0.007739586042516912,
    "deadline_satisfaction": 0.7703703703703704,
    "weighted_deadline_satisfaction": 0.736663382607564,
    "overall_cost": 329.3751843150594,
    "max_cost": 92.92298051359339,
    "avg_cost": 12.668276319809975,
    "overall_migration_cost": 0.0,
    "max_migration_cost": 0.0,
    "avg_migration_cost": 0.0,
    "migration_rate": 0.0,
    "weighted_migration_rate": 0.0,
    "overall_response_time": 6.170627977433041,
    "weighted_overall_response_time": 1178.635738086842,
    "max_response_time": 0.19099469288337984,
    "avg_response_time": 0.04570835538839296,
    "weighted_avg_response_time": 0.016355476081390548,
    "avg_unavailability": 0.02338732947816197,
    "overall_power_consumption": 1286.817132867564
  },
  {
    "time": 57600.0,
    "opt": "ClusterLLGAOptimizer",
    "elapsed_time": 201.54390842909925,
    "valid": true,
    "overall_deadline_violation": 0.24951624747761758,
    "weighted_overall_deadline_violation": 160.5972154579812,
    "max_deadline_violation": 0.009800439450865157,
    "avg_deadline_violation": 0.0017571566723775898,
    "avg_only_violated_deadline": 0.00804891120895541,
    "weighted_avg_deadline_violation": 0.002218971477329427,
    "weighted_avg_only_violated_deadline": 0.007489129570046622,
    "deadline_satisfaction": 0.7816901408450704,
    "weighted_deadline_satisfaction": 0.7037076930536252,
    "overall_cost": 325.68477025807505,
    "max_cost": 91.02543227538914,
    "avg_cost": 13.027390810323004,
    "overall_migration_cost": 11.006773597795108,
    "max_migration_cost": 7.398768365952415,
    "avg_migration_cost": 3.66892453259837,
    "migration_rate": 0.12,
    "weighted_migration_rate": 0.0012297716383064313,
    "overall_response_time": 6.467903050625043,
    "weighted_overall_response_time": 1138.9701286253612,
    "max_response_time": 0.19099735743160737,
    "avg_response_time": 0.045548613032570774,
    "weighted_avg_response_time": 0.015737148503743265,
    "avg_unavailability": 0.019399783076767638,
    "overall_power_consumption": 1270.1077485385636
  },
  {
    "time": 59400.0,
    "opt": "ClusterLLGAOptimizer",
    "elapsed_time": 182.4482226620894,
    "valid": true,
    "overall_deadline_violation": 0.2514179807695833,
    "weighted_overall_deadline_violation": 160.0166437575161,
    "max_deadline_violation": 0.009800439355514194,
    "avg_deadline_violation": 0.0017220409641752286,
    "avg_only_violated_deadline": 0.0076187266899873755,
    "weighted_avg_deadline_violation": 0.002335946652722697,
    "weighted_avg_only_violated_deadline": 0.007685172467220864,
    "deadline_satisfaction": 0.773972602739726,
    "weighted_deadline_satisfaction": 0.6960449927849922,
    "overall_cost": 310.0709851625436,
    "max_cost": 80.91849451573364,
    "avg_cost": 12.402839406501743,
    "overall_migration_cost": 2.8555286316319246,
    "max_migration_cost": 2.8555286316319246,
    "avg_migration_cost": 2.8555286316319246,
    "migration_rate": 0.04,
    "weighted_migration_rate": 0.0009696290342047239,
    "overall_response_time": 6.2861990448271285,
    "weighted_overall_response_time": 1046.9135205694859,
    "max_response_time": 0.19099674307900785,
    "avg_response_time": 0.0430561578412817,
    "weighted_avg_response_time": 0.015282998547140545,
    "avg_unavailability": 0.019399783076767638,
    "overall_power_consumption": 1270.4664977127059
  },
  {
    "time": 61200.0,
    "opt": "ClusterLLGAOptimizer",
    "elapsed_time": 205.4472309029661,
    "valid": true,
    "overall_deadline_violation": 0.22681306403838836,
    "weighted_overall_deadline_violation": 147.19137700246054,
    "max_deadline_violation": 0.009800439350322406,
    "avg_deadline_violation": 0.0017182807881696096,
    "avg_only_violated_deadline": 0.007821140139254775,
    "weighted_avg_deadline_violation": 0.0022052205993298817,
    "weighted_avg_only_violated_deadline": 0.007784110927116083,
    "deadline_satisfaction": 0.7803030303030303,
    "weighted_deadline_satisfaction": 0.7167023157843297,
    "overall_cost": 306.5961432658308,
    "max_cost": 77.88108663584252,
    "avg_cost": 13.330267098514382,
    "overall_migration_cost": 5.357805684786136,
    "max_migration_cost": 3.071298872006457,
    "avg_migration_cost": 2.678902842393068,
    "migration_rate": 0.08695652173913043,
    "weighted_migration_rate": 0.0006277235404703979,
    "overall_response_time": 5.5740377539540775,
    "weighted_overall_response_time": 1110.5194348935743,
    "max_response_time": 0.1909934106902053,
    "avg_response_time": 0.04222755874207634,
    "weighted_avg_response_time": 0.016637797564340685,
    "avg_unavailability": 0.02450285501594924,
    "overall_power_consumption": 1262.6014002693298
  },
  {
    "time": 63000.0,
    "opt": "ClusterLLGAOptimizer",
    "elapsed_time": 181.15886276005767,
    "valid": true,
    "overall_deadline_violation": 0.22621334754189446,
    "weighted_overall_deadline_violation": 133.09191149835155,
    "max_deadline_violation": 0.009800439327683156,
    "avg_deadline_violation": 0.0018097067803351562,
    "avg_only_violated_deadline": 0.008378272131181278,
    "weighted_avg_deadline_violation": 0.002110955632492993,
    "weighted_avg_only_violated_deadline": 0.00790948753806034,
    "deadline_satisfaction": 0.784,
    "weighted_deadline_satisfaction": 0.7331109477908518,
    "overall_cost": 298.6825333152043,
    "max_cost": 74.27917937553454,
    "avg_cost": 12.986197100661055,
    "overall_migration_cost": 5.685059314967314,
    "max_migration_cost": 3.721738661728572,
    "avg_migration_cost": 2.842529657483657,
    "migration_rate": 0.08695652173913043,
    "weighted_migration_rate": 0.0007189286281189096,
    "overall_response_time": 5.741742819145239,
    "weighted_overall_response_time": 1002.8700024074092,
    "max_response_time": 0.190995802654298,
    "avg_response_time": 0.04593394255316191,
    "weighted_avg_response_time": 0.015906406756104063,
    "avg_unavailability": 0.020179529192165237,
    "overall_power_consumption": 1262.7354360604659
  },
  {
    "time": 64800.0,
    "opt": "ClusterLLGAOptimizer",
    "elapsed_time": 205.81649376498535,
    "valid": true,
    "overall_deadline_violation": 0.23977639273698723,
    "weighted_overall_deadline_violation": 131.0640134689031,
    "max_deadline_violation": 0.009800439462688845,
    "avg_deadline_violation": 0.0016536302947378425,
    "avg_only_violated_deadline": 0.007734722346354425,
    "weighted_avg_deadline_violation": 0.0022678481753352123,
    "weighted_avg_only_violated_deadline": 0.007720617002987496,
    "deadline_satisfaction": 0.7862068965517242,
    "weighted_deadline_satisfaction": 0.7062607594111112,
    "overall_cost": 275.0539278879985,
    "max_cost": 63.874685402182294,
    "avg_cost": 9.823354567428519,
    "overall_migration_cost": 22.873558647972715,
    "max_migration_cost": 9.12906924915748,
    "avg_migration_cost": 3.8122597746621194,
    "migration_rate": 0.21428571428571427,
    "weighted_migration_rate": 0.003331838694676053,
    "overall_response_time": 6.260270347474916,
    "weighted_overall_response_time": 948.4313150843382,
    "max_response_time": 0.1909944935327553,
    "avg_response_time": 0.04317427825844764,
    "weighted_avg_response_time": 0.01641105113765744,
    "avg_unavailability": 0.017543500819688525,
    "overall_power_consumption": 1235.7153892661468
  },
  {
    "time": 66600.0,
    "opt": "ClusterLLGAOptimizer",
    "elapsed_time": 188.0671465860214,
    "valid": true,
    "overall_deadline_violation": 0.19081411459383474,
    "weighted_overall_deadline_violation": 109.02734133193292,
    "max_deadline_violation": 0.009800439476987414,
    "avg_deadline_violation": 0.001403044960248785,
    "avg_only_violated_deadline": 0.007950588108076449,
    "weighted_avg_deadline_violation": 0.001943954679142414,
    "weighted_avg_only_violated_deadline": 0.007832856642149654,
    "deadline_satisfaction": 0.8235294117647058,
    "weighted_deadline_satisfaction": 0.7518204701102619,
    "overall_cost": 279.02260453052793,
    "max_cost": 63.99731350229203,
    "avg_cost": 9.621469121742342,
    "overall_migration_cost": 3.1549732094070375,
    "max_migration_cost": 3.1549732094070375,
    "avg_migration_cost": 3.1549732094070375,
    "migration_rate": 0.034482758620689655,
    "weighted_migration_rate": 0.0004338302177065901,
    "overall_response_time": 6.398976861976076,
    "weighted_overall_response_time": 943.8785367279203,
    "max_response_time": 0.19099368972488623,
    "avg_response_time": 0.0470513004557065,
    "weighted_avg_response_time": 0.01682932992402454,
    "avg_unavailability": 0.017516566060209134,
    "overall_power_consumption": 1252.6307281332233
  },
  {
    "time": 68400.0,
    "opt": "ClusterLLGAOptimizer",
    "elapsed_time": 202.4703554918524,
    "valid": true,
    "overall_deadline_violation": 0.2316103949406585,
    "weighted_overall_deadline_violation": 136.52449149006713,
    "max_deadline_violation": 0.009800439293496646,
    "avg_deadline_violation": 0.0017030176098577826,
    "avg_only_violated_deadline": 0.007471303062601887,
    "weighted_avg_deadline_violation": 0.002295664385850404,
    "weighted_avg_only_violated_deadline": 0.0078079429069278115,
    "deadline_satisfaction": 0.7720588235294118,
    "weighted_deadline_satisfaction": 0.7059834564346633,
    "overall_cost": 280.7423601801125,
    "max_cost": 65.96658347498048,
    "avg_cost": 10.397865191856019,
    "overall_migration_cost": 9.390218687891537,
    "max_migration_cost": 4.820884259864628,
    "avg_migration_cost": 2.347554671972884,
    "migration_rate": 0.14814814814814814,
    "weighted_migration_rate": 0.005080366591556836,
    "overall_response_time": 5.7229198983568,
    "weighted_overall_response_time": 1041.7812029435931,
    "max_response_time": 0.1909929970829796,
    "avg_response_time": 0.04208029337027056,
    "weighted_avg_response_time": 0.017517589550003904,
    "avg_unavailability": 0.023118128723812557,
    "overall_power_consumption": 1234.5388956850088
  },
  {
    "time": 70200.0,
    "opt": "ClusterLLGAOptimizer",
    "elapsed_time": 191.25399855407886,
    "valid": true,
    "overall_deadline_violation": 0.21681607354119556,
    "weighted_overall_deadline_violation": 128.18898304433566,
    "max_deadline_violation": 0.009800439428728542,
    "avg_deadline_violation": 0.0015598278672028449,
    "avg_only_violated_deadline": 0.007743431197899838,
    "weighted_avg_deadline_violation": 0.0020224516999193345,
    "weighted_avg_only_violated_deadline": 0.00762123922233205,
    "deadline_satisfaction": 0.7985611510791367,
    "weighted_deadline_satisfaction": 0.7346295476471768,
    "overall_cost": 291.5114521804468,
    "max_cost": 83.56979159220397,
    "avg_cost": 11.211978930017182,
    "overall_migration_cost": 9.425498081106749,
    "max_migration_cost": 9.425498081106749,
    "avg_migration_cost": 9.425498081106749,
    "migration_rate": 0.038461538461538464,
    "weighted_migration_rate": 0.00019887174970173658,
    "overall_response_time": 5.557844282524546,
    "weighted_overall_response_time": 1081.605948606035,
    "max_response_time": 0.19099343740485114,
    "avg_response_time": 0.039984491241183806,
    "weighted_avg_response_time": 0.017064616142906507,
    "avg_unavailability": 0.01754345318027023,
    "overall_power_consumption": 1216.6839582309108
  },
  {
    "time": 72000.0,
    "opt": "ClusterLLGAOptimizer",
    "elapsed_time": 206.59515096293762,
    "valid": true,
    "overall_deadline_violation": 0.24171600165477952,
    "weighted_overall_deadline_violation": 170.07281434952037,
    "max_deadline_violation": 0.009800439350339403,
    "avg_deadline_violation": 0.0018311818307180264,
    "avg_only_violated_deadline": 0.008057200055159319,
    "weighted_avg_deadline_violation": 0.002714170538037923,
    "weighted_avg_only_violated_deadline": 0.007443455852543943,
    "deadline_satisfaction": 0.7727272727272727,
    "weighted_deadline_satisfaction": 0.6353615052193392,
    "overall_cost": 266.21048263787156,
    "max_cost": 68.3706951131997,
    "avg_cost": 9.859647505106354,
    "overall_migration_cost": 34.57174133754,
    "max_migration_cost": 7.1005930027901885,
    "avg_migration_cost": 4.938820191077143,
    "migration_rate": 0.25925925925925924,
    "weighted_migration_rate": 0.0026335410907774234,
    "overall_response_time": 6.063695526414951,
    "weighted_overall_response_time": 1077.0358185221767,
    "max_response_time": 0.19099479607014302,
    "avg_response_time": 0.0459370873213254,
    "weighted_avg_response_time": 0.01718827843371133,
    "avg_unavailability": 0.017543450883480173,
    "overall_power_consumption": 1164.6555049743845
  },
  {
    "time": 73800.0,
    "opt": "ClusterLLGAOptimizer",
    "elapsed_time": 191.38769103912637,
    "valid": true,
    "overall_deadline_violation": 0.24931961843833494,
    "weighted_overall_deadline_violation": 108.57737196158666,
    "max_deadline_violation": 0.00980043959447472,
    "avg_deadline_violation": 0.0017936663197002515,
    "avg_only_violated_deadline": 0.007123417669666712,
    "weighted_avg_deadline_violation": 0.001629171904520488,
    "weighted_avg_only_violated_deadline": 0.007276883620745148,
    "deadline_satisfaction": 0.7482014388489209,
    "weighted_deadline_satisfaction": 0.7761168118896393,
    "overall_cost": 316.83471114839546,
    "max_cost": 90.18402181515485,
    "avg_cost": 11.734618931422052,
    "overall_migration_cost": 0.0,
    "max_migration_cost": 0.0,
    "avg_migration_cost": 0.0,
    "migration_rate": 0.0,
    "weighted_migration_rate": 0.0,
    "overall_response_time": 5.460749455724408,
    "weighted_overall_response_time": 1157.1664035666615,
    "max_response_time": 0.1909926680220416,
    "avg_response_time": 0.03928596730736978,
    "weighted_avg_response_time": 0.01736294551513727,
    "avg_unavailability": 0.017543450883480173,
    "overall_power_consumption": 1276.1074402784598
  },
  {
    "time": 75600.0,
    "opt": "ClusterLLGAOptimizer",
    "elapsed_time": 193.69479749188758,
    "valid": true,
    "overall_deadline_violation": 0.20120436177226747,
    "weighted_overall_deadline_violation": 123.87395339743749,
    "max_deadline_violation": 0.009800439476702835,
    "avg_deadline_violation": 0.0015359111585669263,
    "avg_only_violated_deadline": 0.0074520133989728655,
    "weighted_avg_deadline_violation": 0.00182681467379718,
    "weighted_avg_only_violated_deadline": 0.007453488526635867,
    "deadline_satisfaction": 0.7938931297709924,
    "weighted_deadline_satisfaction": 0.7549047446348306,
    "overall_cost": 319.21628444628755,
    "max_cost": 93.53516649791845,
    "avg_cost": 12.277549401780291,
    "overall_migration_cost": 5.965178862977343,
    "max_migration_cost": 2.2362120148334843,
    "avg_migration_cost": 1.9883929543257808,
    "migration_rate": 0.11538461538461539,
    "weighted_migration_rate": 0.001342723065829605,
    "overall_response_time": 5.453771942514647,
    "weighted_overall_response_time": 1126.0329078506063,
    "max_response_time": 0.19099481945535524,
    "avg_response_time": 0.0416318468894248,
    "weighted_avg_response_time": 0.016606020739809126,
    "avg_unavailability": 0.01940330672088918,
    "overall_power_consumption": 1275.1956226904304
  },
  {
    "time": 77400.0,
    "opt": "ClusterLLGAOptimizer",
    "elapsed_time": 190.21357401111163,
    "valid": true,
    "overall_deadline_violation": 0.24901489775407215,
    "weighted_overall_deadline_violation": 131.2561235323168,
    "max_deadline_violation": 0.009800439296025733,
    "avg_deadline_violation": 0.0017536260405216348,
    "avg_only_violated_deadline": 0.007781715554814756,
    "weighted_avg_deadline_violation": 0.0018946407396414429,
    "weighted_avg_only_violated_deadline": 0.007918374997380538,
    "deadline_satisfaction": 0.7746478873239436,
    "weighted_deadline_satisfaction": 0.7607285913753509,
    "overall_cost": 326.1754441083966,
    "max_cost": 97.9508039090632,
    "avg_cost": 12.545209388784484,
    "overall_migration_cost": 8.961841618900989,
    "max_migration_cost": 3.6621657571974477,
    "avg_migration_cost": 2.987280539633663,
    "migration_rate": 0.11538461538461539,
    "weighted_migration_rate": 0.0010908866707761789,
    "overall_response_time": 5.698655119514768,
    "weighted_overall_response_time": 1166.916894110644,
    "max_response_time": 0.19099489369581382,
    "avg_response_time": 0.040131374081089945,
    "weighted_avg_response_time": 0.01684407727319128,
    "avg_unavailability": 0.01951108527948018,
    "overall_power_consumption": 1268.172228033669
  },
  {
    "time": 79200.0,
    "opt": "ClusterLLGAOptimizer",
    "elapsed_time": 206.55099956900813,
    "valid": true,
    "overall_deadline_violation": 0.2475835525878517,
    "weighted_overall_deadline_violation": 133.46999920686144,
    "max_deadline_violation": 0.009800439645738911,
    "avg_deadline_violation": 0.0018339522413914936,
    "avg_only_violated_deadline": 0.007073815788224334,
    "weighted_avg_deadline_violation": 0.0021470074564300026,
    "weighted_avg_only_violated_deadline": 0.006804294922912676,
    "deadline_satisfaction": 0.7407407407407407,
    "weighted_deadline_satisfaction": 0.6844629045692583,
    "overall_cost": 297.6711207091101,
    "max_cost": 82.28720103310644,
    "avg_cost": 11.024856322559634,
    "overall_migration_cost": 51.041795654687746,
    "max_migration_cost": 29.08550436261819,
    "avg_migration_cost": 10.208359130937549,
    "migration_rate": 0.18518518518518517,
    "weighted_migration_rate": 0.0045390498300088775,
    "overall_response_time": 6.183280660391539,
    "weighted_overall_response_time": 1080.4229425042558,
    "max_response_time": 0.1909965715142391,
    "avg_response_time": 0.04580207896586326,
    "weighted_avg_response_time": 0.017379756705171473,
    "avg_unavailability": 0.019498080544246565,
    "overall_power_consumption": 1245.746077748055
  },
  {
    "time": 81000.0,
    "opt": "ClusterLLGAOptimizer",
    "elapsed_time": 198.65319488197565,
    "valid": true,
    "overall_deadline_violation": 0.20441303959014212,
    "weighted_overall_deadline_violation": 94.06899185293717,
    "max_deadline_violation": 0.009800439546962485,
    "avg_deadline_violation": 0.0015724079968472478,
    "avg_only_violated_deadline": 0.007862039984236237,
    "weighted_avg_deadline_violation": 0.0015781150643469355,
    "weighted_avg_only_violated_deadline": 0.007884519007536069,
    "deadline_satisfaction": 0.8,
    "weighted_deadline_satisfaction": 0.7998463745424971,
    "overall_cost": 291.1334782610454,
    "max_cost": 85.99485318315146,
    "avg_cost": 10.397624223608764,
    "overall_migration_cost": 9.746984929491544,
    "max_migration_cost": 8.144984929491544,
    "avg_migration_cost": 4.873492464745772,
    "migration_rate": 0.07142857142857142,
    "weighted_migration_rate": 0.0033715869468892838,
    "overall_response_time": 4.918928609193667,
    "weighted_overall_response_time": 970.8355338107516,
    "max_response_time": 0.19099741193581798,
    "avg_response_time": 0.037837912378412816,
    "weighted_avg_response_time": 0.016286877861997714,
    "avg_unavailability": 0.017548172587947188,
    "overall_power_consumption": 1238.2114937338872
  },
  {
    "time": 82800.0,
    "opt": "ClusterLLGAOptimizer",
    "elapsed_time": 217.8945886439178,
    "valid": true,
    "overall_deadline_violation": 0.2254108517482518,
    "weighted_overall_deadline_violation": 119.88251907367648,
    "max_deadline_violation": 0.009800439462376399,
    "avg_deadline_violation": 0.0016453346842938098,
    "avg_only_violated_deadline": 0.00777278799131903,
    "weighted_avg_deadline_violation": 0.0016507301245045174,
    "weighted_avg_only_violated_deadline": 0.00785240808644183,
    "deadline_satisfaction": 0.7883211678832117,
    "weighted_deadline_satisfaction": 0.7897803952198164,
    "overall_cost": 338.09429572496555,
    "max_cost": 109.01763991389792,
    "avg_cost": 13.003626758652523,
    "overall_migration_cost": 7.920809215296586,
    "max_migration_cost": 3.3763157301940083,
    "avg_migration_cost": 1.5841618430593172,
    "migration_rate": 0.19230769230769232,
    "weighted_migration_rate": 0.0029387781483730118,
    "overall_response_time": 5.460671911793219,
    "weighted_overall_response_time": 1187.9360101572097,
    "max_response_time": 0.19099683042947435,
    "avg_response_time": 0.03985891906418405,
    "weighted_avg_response_time": 0.016357361966552082,
    "avg_unavailability": 0.01751146434495739,
    "overall_power_consumption": 1283.442322135905
  },
  {
    "time": 84600.0,
    "opt": "ClusterLLGAOptimizer",
    "elapsed_time": 199.85765924211591,
    "valid": true,
    "overall_deadline_violation": 0.21651074182886576,
    "weighted_overall_deadline_violation": 119.88250807662658,
    "max_deadline_violation": 0.009800439462376366,
    "avg_deadline_violation": 0.0015803703783128884,
    "avg_only_violated_deadline": 0.007732526493888061,
    "weighted_avg_deadline_violation": 0.001650728877000788,
    "weighted_avg_only_violated_deadline": 0.007852408276804768,
    "deadline_satisfaction": 0.7956204379562044,
    "weighted_deadline_satisfaction": 0.7897805591850241,
    "overall_cost": 338.1514581448376,
    "max_cost": 109.01771665040208,
    "avg_cost": 13.005825313262985,
    "overall_migration_cost": 0.0,
    "max_migration_cost": 0.0,
    "avg_migration_cost": 0.0,
    "migration_rate": 0.0,
    "weighted_migration_rate": 0.0,
    "overall_response_time": 5.315040146087122,
    "weighted_overall_response_time": 1185.798573568782,
    "max_response_time": 0.19099683154153158,
    "avg_response_time": 0.038795913475088484,
    "weighted_avg_response_time": 0.016327919553077587,
    "avg_unavailability": 0.01751146434495739,
    "overall_power_consumption": 1283.6335061079967
  }
]