[
  {
    "time": 0.0,
    "opt": "ClusterLLGAOptimizer",
    "elapsed_time": 41.75626424816437,
    "valid": true,
    "overall_deadline_violation": 0.12994847540365959,
    "weighted_overall_deadline_violation": 49.19741584155274,
    "max_deadline_violation": 0.009600328953040613,
    "avg_deadline_violation": 0.0010920039949887364,
    "avg_only_violated_deadline": 0.006839393442297875,
    "weighted_avg_deadline_violation": 0.0004895110132934984,
    "weighted_avg_only_violated_deadline": 0.0079184519657722,
    "deadline_satisfaction": 0.8403361344537815,
    "weighted_deadline_satisfaction": 0.9381809707996679,
    "overall_cost": 457.0260885134047,
    "max_cost": 95.51973232135227,
    "avg_cost": 14.282065266043901,
    "overall_migration_cost": 0.0,
    "max_migration_cost": 0.0,
    "avg_migration_cost": 0.0,
    "migration_rate": 0.0,
    "weighted_migration_rate": 0.0,
    "overall_response_time": 1.8590215330653812,
    "weighted_overall_response_time": 2079.3648953512543,
    "max_response_time": 0.03600534738245999,
    "avg_response_time": 0.01562202968962505,
    "weighted_avg_response_time": 0.020689542316785974,
    "avg_unavailability": 0.005865861260145251,
    "overall_power_consumption": 1275.2265367639188
  },
  {
    "time": 1800.0,
    "opt": "ClusterLLGAOptimizer",
    "elapsed_time": 37.82044301717542,
    "valid": true,
    "overall_deadline_violation": 0.1681572597306229,
    "weighted_overall_deadline_violation": 60.978964244630966,
    "max_deadline_violation": 0.009600328841478378,
    "avg_deadline_violation": 0.0012274252535081963,
    "avg_only_violated_deadline": 0.007311185205679256,
    "weighted_avg_deadline_violation": 0.0005824857610662853,
    "weighted_avg_only_violated_deadline": 0.007738907161390709,
    "deadline_satisfaction": 0.8321167883211679,
    "weighted_deadline_satisfaction": 0.9247328144764035,
    "overall_cost": 472.4063588714124,
    "max_cost": 93.68325498373713,
    "avg_cost": 14.762698714731638,
    "overall_migration_cost": 0.0,
    "max_migration_cost": 0.0,
    "avg_migration_cost": 0.0,
    "migration_rate": 0.0,
    "weighted_migration_rate": 0.0,
    "overall_response_time": 2.055467306836338,
    "weighted_overall_response_time": 2234.3450403476636,
    "max_response_time": 0.03600527296884636,
    "avg_response_time": 0.015003410998805398,
    "weighted_avg_response_time": 0.02134300225386625,
    "avg_unavailability": 0.005865861260145251,
    "overall_power_consumption": 1276.3448434675256
  },
  {
    "time": 3600.0,
    "opt": "ClusterLLGAOptimizer",
    "elapsed_time": 57.0523159080185,
    "valid": true,
    "overall_deadline_violation": 0.14946879356617745,
    "weighted_overall_deadline_violation": 54.41264781748689,
    "max_deadline_violation": 0.009600328813974865,
    "avg_deadline_violation": 0.001060062365717571,
    "avg_only_violated_deadline": 0.006794036071189885,
    "weighted_avg_deadline_violation": 0.0005290874148968485,
    "weighted_avg_only_violated_deadline": 0.007946577351503472,
    "deadline_satisfaction": 0.8439716312056738,
    "weighted_deadline_satisfaction": 0.9334194595366584,
    "overall_cost": 466.5900478520151,
    "max_cost": 91.90780942145719,
    "avg_cost": 15.05129186619404,
    "overall_migration_cost": 0.0,
    "max_migration_cost": 0.0,
    "avg_migration_cost": 0.0,
    "migration_rate": 0.0,
    "weighted_migration_rate": 0.0,
    "overall_response_time": 2.022951162272937,
    "weighted_overall_response_time": 2164.5736548455493,
    "max_response_time": 0.036005290959485306,
    "avg_response_time": 0.014347171363637853,
    "weighted_avg_response_time": 0.021047471963457735,
    "avg_unavailability": 0.00586625323202732,
    "overall_power_consumption": 1281.3550169574464
  },
  {
    "time": 5400.0,
    "opt": "ClusterLLGAOptimizer",
    "elapsed_time": 47.26191191188991,
    "valid": true,
    "overall_deadline_violation": 0.16801610959728067,
    "weighted_overall_deadline_violation": 54.357272058266425,
    "max_deadline_violation": 0.009600328912224863,
    "avg_deadline_violation": 0.0012175080405600045,
    "avg_only_violated_deadline": 0.007305048243360029,
    "weighted_avg_deadline_violation": 0.0005242536535207795,
    "weighted_avg_only_violated_deadline": 0.007848098647162056,
    "deadline_satisfaction": 0.8333333333333334,
    "weighted_deadline_satisfaction": 0.9331999154074911,
    "overall_cost": 467.67607766239774,
    "max_cost": 84.96929347838568,
    "avg_cost": 15.086325085883797,
    "overall_migration_cost": 0.0,
    "max_migration_cost": 0.0,
    "avg_migration_cost": 0.0,
    "migration_rate": 0.0,
    "weighted_migration_rate": 0.0,
    "overall_response_time": 2.021542852947442,
    "weighted_overall_response_time": 2205.028853307138,
    "max_response_time": 0.03600511460300879,
    "avg_response_time": 0.014648861253242345,
    "weighted_avg_response_time": 0.02126660129717094,
    "avg_unavailability": 0.00586625323202732,
    "overall_power_consumption": 1279.0497535953723
  },
  {
    "time": 7200.0,
    "opt": "ClusterLLGAOptimizer",
    "elapsed_time": 52.320708779850975,
    "valid": true,
    "overall_deadline_violation": 0.17778709560919845,
    "weighted_overall_deadline_violation": 80.9098696957545,
    "max_deadline_violation": 0.009600328205400301,
    "avg_deadline_violation": 0.0014815591300766544,
    "avg_only_violated_deadline": 0.00658470724478513,
    "weighted_avg_deadline_violation": 0.0008294324783742194,
    "weighted_avg_only_violated_deadline": 0.007963409855534087,
    "deadline_satisfaction": 0.775,
    "weighted_deadline_satisfaction": 0.8958445573666146,
    "overall_cost": 360.8392973333584,
    "max_cost": 93.45235491824069,
    "avg_cost": 15.688665101450363,
    "overall_migration_cost": 38.369481455539926,
    "max_migration_cost": 32.275318256784836,
    "avg_migration_cost": 9.592370363884983,
    "migration_rate": 0.17391304347826086,
    "weighted_migration_rate": 0.005519508213626908,
    "overall_response_time": 2.0287723110114175,
    "weighted_overall_response_time": 2186.1536256758777,
    "max_response_time": 0.036004991417274826,
    "avg_response_time": 0.016906435925095147,
    "weighted_avg_response_time": 0.022410947226457773,
    "avg_unavailability": 0.024439268541727524,
    "overall_power_consumption": 985.4664332972626
  },
  {
    "time": 9000.0,
    "opt": "ClusterLLGAOptimizer",
    "elapsed_time": 47.452309380983934,
    "valid": true,
    "overall_deadline_violation": 0.16110875802460645,
    "weighted_overall_deadline_violation": 52.296908893619424,
    "max_deadline_violation": 0.00960032840867302,
    "avg_deadline_violation": 0.001299264177617794,
    "avg_only_violated_deadline": 0.0070047286097654985,
    "weighted_avg_deadline_violation": 0.0005532133137588697,
    "weighted_avg_only_violated_deadline": 0.008718585909508785,
    "deadline_satisfaction": 0.8145161290322581,
    "weighted_deadline_satisfaction": 0.9365478164118889,
    "overall_cost": 364.6076488393256,
    "max_cost": 89.5764631918535,
    "avg_cost": 15.852506471275024,
    "overall_migration_cost": 0.0,
    "max_migration_cost": 0.0,
    "avg_migration_cost": 0.0,
    "migration_rate": 0.0,
    "weighted_migration_rate": 0.0,
    "overall_response_time": 1.93309679481913,
    "weighted_overall_response_time": 2086.690833156266,
    "max_response_time": 0.03600499233160785,
    "avg_response_time": 0.015589490280799433,
    "weighted_avg_response_time": 0.02207367844529483,
    "avg_unavailability": 0.024439268541727524,
    "overall_power_consumption": 1022.2185157045221
  },
  {
    "time": 10800.0,
    "opt": "ClusterLLGAOptimizer",
    "elapsed_time": 58.003733014222234,
    "valid": true,
    "overall_deadline_violation": 0.2202809904318766,
    "weighted_overall_deadline_violation": 89.18763571307639,
    "max_deadline_violation": 0.009600327824899458,
    "avg_deadline_violation": 0.0017344959876525712,
    "avg_only_violated_deadline": 0.006478852659761076,
    "weighted_avg_deadline_violation": 0.0009210602242534958,
    "weighted_avg_only_violated_deadline": 0.008051300030466356,
    "deadline_satisfaction": 0.7322834645669292,
    "weighted_deadline_satisfaction": 0.8856010556347198,
    "overall_cost": 380.84979826426553,
    "max_cost": 92.48333744431757,
    "avg_cost": 13.601778509438056,
    "overall_migration_cost": 1139.4915799376795,
    "max_migration_cost": 635.2747948176246,
    "avg_migration_cost": 126.61017554863106,
    "migration_rate": 0.32142857142857145,
    "weighted_migration_rate": 0.004081246830943575,
    "overall_response_time": 2.131280120825459,
    "weighted_overall_response_time": 2184.8443480840306,
    "max_response_time": 0.036005085844377976,
    "avg_response_time": 0.01678173323484613,
    "weighted_avg_response_time": 0.022563365528370127,
    "avg_unavailability": 0.013219584245286317,
    "overall_power_consumption": 1036.1451392177842
  },
  {
    "time": 12600.0,
    "opt": "ClusterLLGAOptimizer",
    "elapsed_time": 55.144912897842005,
    "valid": true,
    "overall_deadline_violation": 0.15829495298162657,
    "weighted_overall_deadline_violation": 36.032853824357915,
    "max_deadline_violation": 0.009600329144147615,
    "avg_deadline_violation": 0.0012869508372489963,
    "avg_only_violated_deadline": 0.0071952251355284795,
    "weighted_avg_deadline_violation": 0.00044294742751407754,
    "weighted_avg_only_violated_deadline": 0.0064898763070080434,
    "deadline_satisfaction": 0.8211382113821138,
    "weighted_deadline_satisfaction": 0.9317479399359635,
    "overall_cost": 364.7479162135867,
    "max_cost": 68.77719566575321,
    "avg_cost": 13.02671129334238,
    "overall_migration_cost": 3.4381915104502836,
    "max_migration_cost": 1.9961915104502839,
    "avg_migration_cost": 1.7190957552251418,
    "migration_rate": 0.07142857142857142,
    "weighted_migration_rate": 0.0020423916716747715,
    "overall_response_time": 1.8130229312524995,
    "weighted_overall_response_time": 1718.0980493005059,
    "max_response_time": 0.03600511820842452,
    "avg_response_time": 0.014740023831321138,
    "weighted_avg_response_time": 0.0211203673976044,
    "avg_unavailability": 0.013219584245286317,
    "overall_power_consumption": 1173.2560200556184
  },
  {
    "time": 14400.0,
    "opt": "ClusterLLGAOptimizer",
    "elapsed_time": 69.42185016581789,
    "valid": true,
    "overall_deadline_violation": 0.17211415200303204,
    "weighted_overall_deadline_violation": 52.697997646632615,
    "max_deadline_violation": 0.00960032867383121,
    "avg_deadline_violation": 0.0013552295433309608,
    "avg_only_violated_deadline": 0.008195912000144382,
    "weighted_avg_deadline_violation": 0.0007151250297771666,
    "weighted_avg_only_violated_deadline": 0.008328482308964368,
    "deadline_satisfaction": 0.8346456692913385,
    "weighted_deadline_satisfaction": 0.914135012449094,
    "overall_cost": 313.82716803207217,
    "max_cost": 60.657058501219254,
    "avg_cost": 12.55308672128289,
    "overall_migration_cost": 23.984975472716965,
    "max_migration_cost": 13.094726843001713,
    "avg_migration_cost": 7.994991824238988,
    "migration_rate": 0.12,
    "weighted_migration_rate": 0.000637125412551002,
    "overall_response_time": 1.975976629013449,
    "weighted_overall_response_time": 1642.1287243885768,
    "max_response_time": 0.03600514878350512,
    "avg_response_time": 0.015558871094594074,
    "weighted_avg_response_time": 0.022284098170120135,
    "avg_unavailability": 0.01325712145217257,
    "overall_power_consumption": 1081.373767780608
  },
  {
    "time": 16200.0,
    "opt": "ClusterLLGAOptimizer",
    "elapsed_time": 72.24084158614278,
    "valid": true,
    "overall_deadline_violation": 0.1605143754634115,
    "weighted_overall_deadline_violation": 41.33091347933984,
    "max_deadline_violation": 0.009600328701243922,
    "avg_deadline_violation": 0.0013049949224667606,
    "avg_only_violated_deadline": 0.008025718773170576,
    "weighted_avg_deadline_violation": 0.0005694831428363857,
    "weighted_avg_only_violated_deadline": 0.008959092661177954,
    "deadline_satisfaction": 0.8373983739837398,
    "weighted_deadline_satisfaction": 0.9364351765995123,
    "overall_cost": 326.1082558863068,
    "max_cost": 56.81901635239825,
    "avg_cost": 13.044330235452273,
    "overall_migration_cost": 1.922,
    "max_migration_cost": 1.922,
    "avg_migration_cost": 1.922,
    "migration_rate": 0.04,
    "weighted_migration_rate": 0.0012247840684154934,
    "overall_response_time": 1.8801744866464478,
    "weighted_overall_response_time": 1569.717588112071,
    "max_response_time": 0.036005131844194196,
    "avg_response_time": 0.015285971436149983,
    "weighted_avg_response_time": 0.02162854943650019,
    "avg_unavailability": 0.01325712145217257,
    "overall_power_consumption": 1134.0687617174124
  },
  {
    "time": 18000.0,
    "opt": "ClusterLLGAOptimizer",
    "elapsed_time": 68.72990184416994,
    "valid": true,
    "overall_deadline_violation": 0.18373234681461825,
    "weighted_overall_deadline_violation": 71.02165536209581,
    "max_deadline_violation": 0.009600327858702623,
    "avg_deadline_violation": 0.0014467113922410888,
    "avg_only_violated_deadline": 0.007655514450609094,
    "weighted_avg_deadline_violation": 0.000906580320914885,
    "weighted_avg_only_violated_deadline": 0.007569923830348786,
    "deadline_satisfaction": 0.8110236220472441,
    "weighted_deadline_satisfaction": 0.880239175289943,
    "overall_cost": 330.76832419185865,
    "max_cost": 88.62484263025806,
    "avg_cost": 13.782013507994112,
    "overall_migration_cost": 3.034906799956735,
    "max_migration_cost": 3.034906799956735,
    "avg_migration_cost": 3.034906799956735,
    "migration_rate": 0.041666666666666664,
    "weighted_migration_rate": 0.00021693324839657422,
    "overall_response_time": 2.0011956423614565,
    "weighted_overall_response_time": 1681.6241972141574,
    "max_response_time": 0.036005110413938494,
    "avg_response_time": 0.01575744600284611,
    "weighted_avg_response_time": 0.021465669824168657,
    "avg_unavailability": 0.01323745450475997,
    "overall_power_consumption": 1071.4957718596736
  },
  {
    "time": 19800.0,
    "opt": "ClusterLLGAOptimizer",
    "elapsed_time": 66.14050749200396,
    "valid": true,
    "overall_deadline_violation": 0.16146600256683538,
    "weighted_overall_deadline_violation": 54.55807001024202,
    "max_deadline_violation": 0.009600328831020567,
    "avg_deadline_violation": 0.001291728020534683,
    "avg_only_violated_deadline": 0.007339363753037973,
    "weighted_avg_deadline_violation": 0.0007813155074017112,
    "weighted_avg_only_violated_deadline": 0.007738670810072282,
    "deadline_satisfaction": 0.824,
    "weighted_deadline_satisfaction": 0.8990375057193555,
    "overall_cost": 299.9491553778939,
    "max_cost": 72.64293540340132,
    "avg_cost": 12.497881474078913,
    "overall_migration_cost": 0.0,
    "max_migration_cost": 0.0,
    "avg_migration_cost": 0.0,
    "migration_rate": 0.0,
    "weighted_migration_rate": 0.0,
    "overall_response_time": 2.004951552591631,
    "weighted_overall_response_time": 1444.6318972094516,
    "max_response_time": 0.036005315386736195,
    "avg_response_time": 0.016039612420733044,
    "weighted_avg_response_time": 0.02068829237480375,
    "avg_unavailability": 0.01323745450475997,
    "overall_power_consumption": 1079.2114334779778
  },
  {
    "time": 21600.0,
    "opt": "ClusterLLGAOptimizer",
    "elapsed_time": 74.27452903799713,
    "valid": true,
    "overall_deadline_violation": 0.20552000081849958,
    "weighted_overall_deadline_violation": 71.55902661460371,
    "max_deadline_violation": 0.009600327973191207,
    "avg_deadline_violation": 0.0016182677229803117,
    "avg_only_violated_deadline": 0.007904615416096137,
    "weighted_avg_deadline_violation": 0.0008829105667066602,
    "weighted_avg_only_violated_deadline": 0.00863576444520478,
    "deadline_satisfaction": 0.7952755905511811,
    "weighted_deadline_satisfaction": 0.8977611568369125,
    "overall_cost": 299.68529361529613,
    "max_cost": 68.53614274415747,
    "avg_cost": 15.77291019027874,
    "overall_migration_cost": 2.4743652844178756,
    "max_migration_cost": 2.4743652844178756,
    "avg_migration_cost": 2.4743652844178756,
    "migration_rate": 0.05263157894736842,
    "weighted_migration_rate": 0.003303369667073633,
    "overall_response_time": 2.0073150661595798,
    "weighted_overall_response_time": 1788.1015572512426,
    "max_response_time": 0.03600522236053235,
    "avg_response_time": 0.01580563044220143,
    "weighted_avg_response_time": 0.022061979234909965,
    "avg_unavailability": 0.024439927836064503,
    "overall_power_consumption": 970.0599678906813
  },
  {
    "time": 23400.0,
    "opt": "ClusterLLGAOptimizer",
    "elapsed_time": 74.05417469702661,
    "valid": true,
    "overall_deadline_violation": 0.20852065969383302,
    "weighted_overall_deadline_violation": 77.7654464314776,
    "max_deadline_violation": 0.009600327749139694,
    "avg_deadline_violation": 0.0016418949582191569,
    "avg_only_violated_deadline": 0.00802002537283973,
    "weighted_avg_deadline_violation": 0.0010137488334720978,
    "weighted_avg_only_violated_deadline": 0.008691823022636231,
    "deadline_satisfaction": 0.7952755905511811,
    "weighted_deadline_satisfaction": 0.8833675247606887,
    "overall_cost": 280.43983052276303,
    "max_cost": 58.69524862624477,
    "avg_cost": 14.759991080145424,
    "overall_migration_cost": 0.0,
    "max_migration_cost": 0.0,
    "avg_migration_cost": 0.0,
    "migration_rate": 0.0,
    "weighted_migration_rate": 0.0,
    "overall_response_time": 2.0042058147552395,
    "weighted_overall_response_time": 1682.6363991419112,
    "max_response_time": 0.036005061083455546,
    "avg_response_time": 0.01578114814767905,
    "weighted_avg_response_time": 0.021934815076138342,
    "avg_unavailability": 0.024439927836064503,
    "overall_power_consumption": 970.0925116511194
  },
  {
    "time": 25200.0,
    "opt": "ClusterLLGAOptimizer",
    "elapsed_time": 72.02504426799715,
    "valid": true,
    "overall_deadline_violation": 0.2011178709666181,
    "weighted_overall_deadline_violation": 66.58271005784273,
    "max_deadline_violation": 0.009600328077688264,
    "avg_deadline_violation": 0.0016219183142469197,
    "avg_only_violated_deadline": 0.008044714838664722,
    "weighted_avg_deadline_violation": 0.0008574218127431185,
    "weighted_avg_only_violated_deadline": 0.008693835848519467,
    "deadline_satisfaction": 0.7983870967741935,
    "weighted_deadline_satisfaction": 0.9013758911851166,
    "overall_cost": 290.46876007489476,
    "max_cost": 73.83998765171185,
    "avg_cost": 14.523438003744737,
    "overall_migration_cost": 450.8445158942228,
    "max_migration_cost": 450.4213924191788,
    "avg_migration_cost": 225.4222579471114,
    "migration_rate": 0.1,
    "weighted_migration_rate": 0.003195993839136993,
    "overall_response_time": 1.9560574135692161,
    "weighted_overall_response_time": 1695.4840878871416,
    "max_response_time": 0.036005231891302766,
    "avg_response_time": 0.015774656561042058,
    "weighted_avg_response_time": 0.02183367181735899,
    "avg_unavailability": 0.019110582877716904,
    "overall_power_consumption": 956.100406225847
  },
  {
    "time": 27000.0,
    "opt": "ClusterLLGAOptimizer",
    "elapsed_time": 71.03816686593927,
    "valid": true,
    "overall_deadline_violation": 0.21512025065953488,
    "weighted_overall_deadline_violation": 78.37599957401096,
    "max_deadline_violation": 0.009600328140736115,
    "avg_deadline_violation": 0.0017209620052762796,
    "avg_only_violated_deadline": 0.007967416691093885,
    "weighted_avg_deadline_violation": 0.0009156149255223117,
    "weighted_avg_only_violated_deadline": 0.008203081959398076,
    "deadline_satisfaction": 0.784,
    "weighted_deadline_satisfaction": 0.8883815948622437,
    "overall_cost": 311.388769984645,
    "max_cost": 65.06763412538781,
    "avg_cost": 15.569438499232252,
    "overall_migration_cost": 0.0,
    "max_migration_cost": 0.0,
    "avg_migration_cost": 0.0,
    "migration_rate": 0.0,
    "weighted_migration_rate": 0.0,
    "overall_response_time": 1.9874908704746017,
    "weighted_overall_response_time": 1957.5384877041054,
    "max_response_time": 0.03600496229415609,
    "avg_response_time": 0.015899926963796805,
    "weighted_avg_response_time": 0.02286862644646368,
    "avg_unavailability": 0.019110582877716904,
    "overall_power_consumption": 953.554679413176
  },
  {
    "time": 28800.0,
    "opt": "ClusterLLGAOptimizer",
    "elapsed_time": 89.00162282492965,
    "valid": true,
    "overall_deadline_violation": 0.2603671514423994,
    "weighted_overall_deadline_violation": 169.97323304549536,
    "max_deadline_violation": 0.009600325183982262,
    "avg_deadline_violation": 0.002169726262019995,
    "avg_only_violated_deadline": 0.007657857395364689,
    "weighted_avg_deadline_violation": 0.0019421578874498863,
    "weighted_avg_only_violated_deadline": 0.008587021336335245,
    "deadline_satisfaction": 0.7166666666666667,
    "weighted_deadline_satisfaction": 0.7738263582469728,
    "overall_cost": 321.7255537386094,
    "max_cost": 71.70206550673794,
    "avg_cost": 10.724185124620313,
    "overall_migration_cost": 2640.1816046884146,
    "max_migration_cost": 1465.1061729061526,
    "avg_migration_cost": 203.09089266833956,
    "migration_rate": 0.43333333333333335,
    "weighted_migration_rate": 0.008804703136301285,
    "overall_response_time": 2.0948154331508015,
    "weighted_overall_response_time": 2013.4410516260978,
    "max_response_time": 0.0360050142399387,
    "avg_response_time": 0.017456795276256685,
    "weighted_avg_response_time": 0.02300609542612129,
    "avg_unavailability": 0.00603784394618544,
    "overall_power_consumption": 976.5087562661138
  },
  {
    "time": 30600.0,
    "opt": "ClusterLLGAOptimizer",
    "elapsed_time": 83.71059751301073,
    "valid": true,
    "overall_deadline_violation": 0.1835246512541362,
    "weighted_overall_deadline_violation": 44.87900934555658,
    "max_deadline_violation": 0.009600328804067854,
    "avg_deadline_violation": 0.0013903382670767894,
    "avg_only_violated_deadline": 0.007646860468922344,
    "weighted_avg_deadline_violation": 0.00047326435663473725,
    "weighted_avg_only_violated_deadline": 0.00636169784241187,
    "deadline_satisfaction": 0.8181818181818182,
    "weighted_deadline_satisfaction": 0.9256072249330044,
    "overall_cost": 414.7068132668331,
    "max_cost": 66.7097513120272,
    "avg_cost": 14.810957616672612,
    "overall_migration_cost": 4.806,
    "max_migration_cost": 1.922,
    "avg_migration_cost": 1.6019999999999999,
    "migration_rate": 0.10714285714285714,
    "weighted_migration_rate": 0.004601972219958815,
    "overall_response_time": 2.184137406804626,
    "weighted_overall_response_time": 2063.2255886584257,
    "max_response_time": 0.03600488981964686,
    "avg_response_time": 0.016546495506095653,
    "weighted_avg_response_time": 0.021757412764848248,
    "avg_unavailability": 0.012018300512401438,
    "overall_power_consumption": 1226.5027398029445
  },
  {
    "time": 32400.0,
    "opt": "ClusterLLGAOptimizer",
    "elapsed_time": 86.34119772189297,
    "valid": true,
    "overall_deadline_violation": 0.1856151181372716,
    "weighted_overall_deadline_violation": 108.80404432905546,
    "max_deadline_violation": 0.009600326410387185,
    "avg_deadline_violation": 0.0014849209450981725,
    "avg_only_violated_deadline": 0.008437050824421437,
    "weighted_avg_deadline_violation": 0.0011355178040852152,
    "weighted_avg_only_violated_deadline": 0.009113977357241516,
    "deadline_satisfaction": 0.824,
    "weighted_deadline_satisfaction": 0.8754091918844861,
    "overall_cost": 407.4515614228522,
    "max_cost": 79.00070362914146,
    "avg_cost": 14.55184147938758,
    "overall_migration_cost": 111.78398528122214,
    "max_migration_cost": 104.29515709615087,
    "avg_migration_cost": 55.89199264061107,
    "migration_rate": 0.07142857142857142,
    "weighted_migration_rate": 0.001219095256125415,
    "overall_response_time": 1.9264605526769845,
    "weighted_overall_response_time": 2049.359524655224,
    "max_response_time": 0.03600479553023381,
    "avg_response_time": 0.015411684421415888,
    "weighted_avg_response_time": 0.02138784676220154,
    "avg_unavailability": 0.012018300512401438,
    "overall_power_consumption": 1188.6213917336538
  },
  {
    "time": 34200.0,
    "opt": "ClusterLLGAOptimizer",
    "elapsed_time": 84.99791486095637,
    "valid": true,
    "overall_deadline_violation": 0.16040009960414575,
    "weighted_overall_deadline_violation": 46.04178134757787,
    "max_deadline_violation": 0.009600328679036277,
    "avg_deadline_violation": 0.0012629929102688636,
    "avg_only_violated_deadline": 0.008020004980207286,
    "weighted_avg_deadline_violation": 0.0005413288598609342,
    "weighted_avg_only_violated_deadline": 0.008331737944110783,
    "deadline_satisfaction": 0.84251968503937,
    "weighted_deadline_satisfaction": 0.9350280981600522,
    "overall_cost": 375.43698659393266,
    "max_cost": 62.458343266877115,
    "avg_cost": 12.946102985997676,
    "overall_migration_cost": 495.78712096735205,
    "max_migration_cost": 495.78712096735205,
    "avg_migration_cost": 495.78712096735205,
    "migration_rate": 0.034482758620689655,
    "weighted_migration_rate": 0.0010859170665573278,
    "overall_response_time": 1.9676934952045364,
    "weighted_overall_response_time": 1834.0181800698617,
    "max_response_time": 0.036005117544662416,
    "avg_response_time": 0.01549364956853965,
    "weighted_avg_response_time": 0.021563174606268196,
    "avg_unavailability": 0.00642595287240144,
    "overall_power_consumption": 1193.762057742707
  },
  {
    "time": 36000.0,
    "opt": "ClusterLLGAOptimizer",
    "elapsed_time": 90.2047340341378,
    "valid": true,
    "overall_deadline_violation": 0.20091060113135142,
    "weighted_overall_deadline_violation": 87.8024777333779,
    "max_deadline_violation": 0.009600327371323379,
    "avg_deadline_violation": 0.001633419521393101,
    "avg_only_violated_deadline": 0.006697020037711713,
    "weighted_avg_deadline_violation": 0.0009287332595535784,
    "weighted_avg_only_violated_deadline": 0.007049397832855487,
    "deadline_satisfaction": 0.7560975609756098,
    "weighted_deadline_satisfaction": 0.8682535329152535,
    "overall_cost": 348.7484886443649,
    "max_cost": 71.02631303992047,
    "avg_cost": 16.607070887826897,
    "overall_migration_cost": 13.673472741103964,
    "max_migration_cost": 9.497418355264152,
    "avg_migration_cost": 4.557824247034655,
    "migration_rate": 0.14285714285714285,
    "weighted_migration_rate": 0.0035355178766129608,
    "overall_response_time": 1.993882280217823,
    "weighted_overall_response_time": 2074.825564935306,
    "max_response_time": 0.03600510212390423,
    "avg_response_time": 0.016210425042421324,
    "weighted_avg_response_time": 0.021946527702542646,
    "avg_unavailability": 0.024722607867923897,
    "overall_power_consumption": 1008.6487911116433
  },
  {
    "time": 37800.0,
    "opt": "ClusterLLGAOptimizer",
    "elapsed_time": 82.3987093330361,
    "valid": true,
    "overall_deadline_violation": 0.181516023500039,
    "weighted_overall_deadline_violation": 69.96762670333597,
    "max_deadline_violation": 0.009600327904263685,
    "avg_deadline_violation": 0.0014406033611114209,
    "avg_only_violated_deadline": 0.008250728340910863,
    "weighted_avg_deadline_violation": 0.0007558068145322535,
    "weighted_avg_only_violated_deadline": 0.008809456207285866,
    "deadline_satisfaction": 0.8253968253968254,
    "weighted_deadline_satisfaction": 0.9142050545745191,
    "overall_cost": 345.7579833992707,
    "max_cost": 77.46672898275732,
    "avg_cost": 16.464665876155745,
    "overall_migration_cost": 0.0,
    "max_migration_cost": 0.0,
    "avg_migration_cost": 0.0,
    "migration_rate": 0.0,
    "weighted_migration_rate": 0.0,
    "overall_response_time": 1.9876063500676466,
    "weighted_overall_response_time": 1929.450856091863,
    "max_response_time": 0.03600539160424103,
    "avg_response_time": 0.01577465357196545,
    "weighted_avg_response_time": 0.020842383457173784,
    "avg_unavailability": 0.024722607867923897,
    "overall_power_consumption": 1022.5162302970747
  },
  {
    "time": 39600.0,
    "opt": "ClusterLLGAOptimizer",
    "elapsed_time": 82.80851816898212,
    "valid": true,
    "overall_deadline_violation": 0.19361621873155452,
    "weighted_overall_deadline_violation": 47.14457662174458,
    "max_deadline_violation": 0.00960032879711222,
    "avg_deadline_violation": 0.0015366366565996393,
    "avg_only_violated_deadline": 0.008067342447148107,
    "weighted_avg_deadline_violation": 0.0004748240862218787,
    "weighted_avg_only_violated_deadline": 0.008392704391950973,
    "deadline_satisfaction": 0.8095238095238095,
    "weighted_deadline_satisfaction": 0.9434241855727388,
    "overall_cost": 376.8215352254382,
    "max_cost": 73.38542729987977,
    "avg_cost": 17.12825160115628,
    "overall_migration_cost": 78.06112601523118,
    "max_migration_cost": 75.98673680187315,
    "avg_migration_cost": 39.03056300761559,
    "migration_rate": 0.09090909090909091,
    "weighted_migration_rate": 0.0018904389744923815,
    "overall_response_time": 2.0348621868438608,
    "weighted_overall_response_time": 2240.582653769809,
    "max_response_time": 0.03600495090191844,
    "avg_response_time": 0.016149699895586192,
    "weighted_avg_response_time": 0.022566383822188046,
    "avg_unavailability": 0.024381810202742295,
    "overall_power_consumption": 1023.3543613574121
  },
  {
    "time": 41400.0,
    "opt": "ClusterLLGAOptimizer",
    "elapsed_time": 76.96863013203256,
    "valid": true,
    "overall_deadline_violation": 0.18551611198051515,
    "weighted_overall_deadline_violation": 48.62082729918328,
    "max_deadline_violation": 0.00960032878206404,
    "avg_deadline_violation": 0.001508261073012319,
    "avg_only_violated_deadline": 0.008432550544568873,
    "weighted_avg_deadline_violation": 0.000524910565916597,
    "weighted_avg_only_violated_deadline": 0.00835234841009919,
    "deadline_satisfaction": 0.8211382113821138,
    "weighted_deadline_satisfaction": 0.9371541343651438,
    "overall_cost": 358.73201936762575,
    "max_cost": 68.29111722266542,
    "avg_cost": 16.306000880346623,
    "overall_migration_cost": 0.0,
    "max_migration_cost": 0.0,
    "avg_migration_cost": 0.0,
    "migration_rate": 0.0,
    "weighted_migration_rate": 0.0,
    "overall_response_time": 1.9678298925012678,
    "weighted_overall_response_time": 2024.4241006033076,
    "max_response_time": 0.03600540148183815,
    "avg_response_time": 0.015998617012205424,
    "weighted_avg_response_time": 0.02185568735315883,
    "avg_unavailability": 0.024381810202742295,
    "overall_power_consumption": 1044.6363807183575
  },
  {
    "time": 43200.0,
    "opt": "ClusterLLGAOptimizer",
    "elapsed_time": 103.9331385968253,
    "valid": true,
    "overall_deadline_violation": 0.19684351247705442,
    "weighted_overall_deadline_violation": 69.06442605185275,
    "max_deadline_violation": 0.009600327779936824,
    "avg_deadline_violation": 0.001613471413746348,
    "avg_only_violated_deadline": 0.007570904326040555,
    "weighted_avg_deadline_violation": 0.0008770095530630901,
    "weighted_avg_only_violated_deadline": 0.008199541429940012,
    "deadline_satisfaction": 0.7868852459016393,
    "weighted_deadline_satisfaction": 0.8930416340283673,
    "overall_cost": 300.307027956521,
    "max_cost": 68.26873054395584,
    "avg_cost": 12.012281118260839,
    "overall_migration_cost": 3205.37662186585,
    "max_migration_cost": 2222.63642416097,
    "avg_migration_cost": 400.6720777332313,
    "migration_rate": 0.32,
    "weighted_migration_rate": 0.00855084405761063,
    "overall_response_time": 1.9966219765185205,
    "weighted_overall_response_time": 1747.1371954063786,
    "max_response_time": 0.03600540277415404,
    "avg_response_time": 0.01636575390588952,
    "weighted_avg_response_time": 0.022185893642739454,
    "avg_unavailability": 0.006787440413377069,
    "overall_power_consumption": 955.7341823015582
  },
  {
    "time": 45000.0,
    "opt": "ClusterLLGAOptimizer",
    "elapsed_time": 96.49077503406443,
    "valid": true,
    "overall_deadline_violation": 0.19921009889608687,
    "weighted_overall_deadline_violation": 42.02784707707093,
    "max_deadline_violation": 0.009600328791908605,
    "avg_deadline_violation": 0.001486642529075275,
    "avg_only_violated_deadline": 0.007968403955843474,
    "weighted_avg_deadline_violation": 0.00048015837430250577,
    "weighted_avg_only_violated_deadline": 0.00851480393280494,
    "deadline_satisfaction": 0.8134328358208955,
    "weighted_deadline_satisfaction": 0.943608992280773,
    "overall_cost": 386.58851831978984,
    "max_cost": 74.33125498732512,
    "avg_cost": 14.868789166145763,
    "overall_migration_cost": 2.884,
    "max_migration_cost": 1.442,
    "avg_migration_cost": 1.442,
    "migration_rate": 0.07692307692307693,
    "weighted_migration_rate": 0.006191914470837715,
    "overall_response_time": 2.1114103581326598,
    "weighted_overall_response_time": 1791.4062366730093,
    "max_response_time": 0.03600522607783979,
    "avg_response_time": 0.015756793717407895,
    "weighted_avg_response_time": 0.020466399450319632,
    "avg_unavailability": 0.0067864479737930845,
    "overall_power_consumption": 1212.4702958208268
  },
  {
    "time": 46800.0,
    "opt": "ClusterLLGAOptimizer",
    "elapsed_time": 95.5968367389869,
    "valid": true,
    "overall_deadline_violation": 0.18291797591601908,
    "weighted_overall_deadline_violation": 42.05412054439102,
    "max_deadline_violation": 0.009600328793851386,
    "avg_deadline_violation": 0.0014517299675874532,
    "avg_only_violated_deadline": 0.007035306766000735,
    "weighted_avg_deadline_violation": 0.00043728884983158616,
    "weighted_avg_only_violated_deadline": 0.008011943129773122,
    "deadline_satisfaction": 0.7936507936507936,
    "weighted_deadline_satisfaction": 0.9454203752137754,
    "overall_cost": 415.0091040781549,
    "max_cost": 81.27824234038401,
    "avg_cost": 15.961888618390573,
    "overall_migration_cost": 899.0349667018545,
    "max_migration_cost": 895.4845812144624,
    "avg_migration_cost": 449.51748335092725,
    "migration_rate": 0.07692307692307693,
    "weighted_migration_rate": 0.001411593971558876,
    "overall_response_time": 2.0739688141876313,
    "weighted_overall_response_time": 2135.046053096965,
    "max_response_time": 0.03600507830597639,
    "avg_response_time": 0.01646006995387009,
    "weighted_avg_response_time": 0.02220072185104256,
    "avg_unavailability": 0.006396314064533757,
    "overall_power_consumption": 1204.1933467982221
  },
  {
    "time": 48600.0,
    "opt": "ClusterLLGAOptimizer",
    "elapsed_time": 92.97341724787839,
    "valid": true,
    "overall_deadline_violation": 0.21200663814042892,
    "weighted_overall_deadline_violation": 71.04294018760814,
    "max_deadline_violation": 0.009600327679702876,
    "avg_deadline_violation": 0.0016183712835147253,
    "avg_only_violated_deadline": 0.007852097708904777,
    "weighted_avg_deadline_violation": 0.0006311380993092463,
    "weighted_avg_only_violated_deadline": 0.008335249503279423,
    "deadline_satisfaction": 0.7938931297709924,
    "weighted_deadline_satisfaction": 0.9242808389765741,
    "overall_cost": 470.3023915030186,
    "max_cost": 96.78405039511716,
    "avg_cost": 17.41860709270439,
    "overall_migration_cost": 46.58867127886903,
    "max_migration_cost": 34.66401810720781,
    "avg_migration_cost": 15.529557092956344,
    "migration_rate": 0.1111111111111111,
    "weighted_migration_rate": 0.0005304187276180751,
    "overall_response_time": 2.1123519813356633,
    "weighted_overall_response_time": 2457.7987997102837,
    "max_response_time": 0.03600498203596725,
    "avg_response_time": 0.016124824285005054,
    "weighted_avg_response_time": 0.02183482917285381,
    "avg_unavailability": 0.006767742977167024,
    "overall_power_consumption": 1204.1406230539287
  },
  {
    "time": 50400.0,
    "opt": "ClusterLLGAOptimizer",
    "elapsed_time": 94.26864475081675,
    "valid": true,
    "overall_deadline_violation": 0.2297202314744979,
    "weighted_overall_deadline_violation": 115.89482202150319,
    "max_deadline_violation": 0.009600326659937418,
    "avg_deadline_violation": 0.0018985143097065942,
    "avg_only_violated_deadline": 0.00820429398123207,
    "weighted_avg_deadline_violation": 0.001140221748517231,
    "weighted_avg_only_violated_deadline": 0.008674333736557694,
    "deadline_satisfaction": 0.768595041322314,
    "weighted_deadline_satisfaction": 0.8685522389216124,
    "overall_cost": 362.199052096485,
    "max_cost": 88.94206891789523,
    "avg_cost": 16.463593277112953,
    "overall_migration_cost": 217.97520442659945,
    "max_migration_cost": 196.84079910808813,
    "avg_migration_cost": 31.13931491808564,
    "migration_rate": 0.3181818181818182,
    "weighted_migration_rate": 0.005523622250900837,
    "overall_response_time": 2.0737297343265317,
    "weighted_overall_response_time": 2398.382748659917,
    "max_response_time": 0.036004981927147364,
    "avg_response_time": 0.01713826226716142,
    "weighted_avg_response_time": 0.0235962929455397,
    "avg_unavailability": 0.02389223999642667,
    "overall_power_consumption": 924.5964621736248
  },
  {
    "time": 52200.0,
    "opt": "ClusterLLGAOptimizer",
    "elapsed_time": 88.53689470118843,
    "valid": true,
    "overall_deadline_violation": 0.1826161954593213,
    "weighted_overall_deadline_violation": 51.991359813681754,
    "max_deadline_violation": 0.009600328639118832,
    "avg_deadline_violation": 0.0014968540611419781,
    "avg_only_violated_deadline": 0.008300736157241877,
    "weighted_avg_deadline_violation": 0.0005590587835607222,
    "weighted_avg_only_violated_deadline": 0.008442150667414853,
    "deadline_satisfaction": 0.819672131147541,
    "weighted_deadline_satisfaction": 0.9337776823009584,
    "overall_cost": 347.03204762885076,
    "max_cost": 83.12408583563227,
    "avg_cost": 15.77418398312958,
    "overall_migration_cost": 0.0,
    "max_migration_cost": 0.0,
    "avg_migration_cost": 0.0,
    "migration_rate": 0.0,
    "weighted_migration_rate": 0.0,
    "overall_response_time": 1.9883882573223342,
    "weighted_overall_response_time": 2085.7749291811992,
    "max_response_time": 0.036005213287512765,
    "avg_response_time": 0.016298264404281424,
    "weighted_avg_response_time": 0.022428164965645616,
    "avg_unavailability": 0.02389223999642667,
    "overall_power_consumption": 968.933040984432
  },
  {
    "time": 54000.0,
    "opt": "ClusterLLGAOptimizer",
    "elapsed_time": 103.07373981596902,
    "valid": true,
    "overall_deadline_violation": 0.2401159939120558,
    "weighted_overall_deadline_violation": 135.6477745512062,
    "max_deadline_violation": 0.009600326757805562,
    "avg_deadline_violation": 0.0019056824913655226,
    "avg_only_violated_deadline": 0.008003866463735194,
    "weighted_avg_deadline_violation": 0.0014640472587295291,
    "weighted_avg_only_violated_deadline": 0.008628461478929308,
    "deadline_satisfaction": 0.7619047619047619,
    "weighted_deadline_satisfaction": 0.8303234867183764,
    "overall_cost": 342.60743395296396,
    "max_cost": 76.63918770078497,
    "avg_cost": 14.275309748040165,
    "overall_migration_cost": 1511.5524689973138,
    "max_migration_cost": 907.6414208858823,
    "avg_migration_cost": 188.94405862466422,
    "migration_rate": 0.3333333333333333,
    "weighted_migration_rate": 0.007868140922643652,
    "overall_response_time": 2.136098630577027,
    "weighted_overall_response_time": 2122.784171950015,
    "max_response_time": 0.0360050313676183,
    "avg_response_time": 0.016953163734738316,
    "weighted_avg_response_time": 0.022911222525399098,
    "avg_unavailability": 0.012039020163574825,
    "overall_power_consumption": 948.807967890392
  },
  {
    "time": 55800.0,
    "opt": "ClusterLLGAOptimizer",
    "elapsed_time": 95.08813392487355,
    "valid": true,
    "overall_deadline_violation": 0.18261617023538546,
    "weighted_overall_deadline_violation": 70.09830393431744,
    "max_deadline_violation": 0.009600328172032326,
    "avg_deadline_violation": 0.001472711050285367,
    "avg_only_violated_deadline": 0.00830073501069934,
    "weighted_avg_deadline_violation": 0.0007640475461548186,
    "weighted_avg_only_violated_deadline": 0.008421277472879782,
    "deadline_satisfaction": 0.8225806451612904,
    "weighted_deadline_satisfaction": 0.9092717763290202,
    "overall_cost": 399.0433671567057,
    "max_cost": 71.07927397629301,
    "avg_cost": 15.961734686268228,
    "overall_migration_cost": 1.442,
    "max_migration_cost": 1.442,
    "avg_migration_cost": 1.442,
    "migration_rate": 0.04,
    "weighted_migration_rate": 0.002075755833222817,
    "overall_response_time": 1.9593924509369987,
    "weighted_overall_response_time": 2062.7790212692175,
    "max_response_time": 0.03600493211391462,
    "avg_response_time": 0.015801552023685484,
    "weighted_avg_response_time": 0.022483586064181577,
    "avg_unavailability": 0.012038027723990841,
    "overall_power_consumption": 1182.95258210212
  },
  {
    "time": 57600.0,
    "opt": "ClusterLLGAOptimizer",
    "elapsed_time": 96.60058863507584,
    "valid": true,
    "overall_deadline_violation": 0.2147347839143411,
    "weighted_overall_deadline_violation": 83.34296709508372,
    "max_deadline_violation": 0.00960032761205152,
    "avg_deadline_violation": 0.0017178782713147287,
    "avg_only_violated_deadline": 0.007953140144975597,
    "weighted_avg_deadline_violation": 0.0008813149512934029,
    "weighted_avg_only_violated_deadline": 0.00840515394909023,
    "deadline_satisfaction": 0.784,
    "weighted_deadline_satisfaction": 0.8951458882690906,
    "overall_cost": 335.66505265290584,
    "max_cost": 82.11622706515566,
    "avg_cost": 18.648058480716987,
    "overall_migration_cost": 6.393791372237805,
    "max_migration_cost": 3.944207919148433,
    "avg_migration_cost": 2.131263790745935,
    "migration_rate": 0.16666666666666666,
    "weighted_migration_rate": 0.0034640721731741854,
    "overall_response_time": 2.084021478789446,
    "weighted_overall_response_time": 2195.5883117279704,
    "max_response_time": 0.03600485337841802,
    "avg_response_time": 0.016672171830315576,
    "weighted_avg_response_time": 0.023217373624379204,
    "avg_unavailability": 0.03035500663733886,
    "overall_power_consumption": 920.0558972029448
  },
  {
    "time": 59400.0,
    "opt": "ClusterLLGAOptimizer",
    "elapsed_time": 80.59878980112262,
    "valid": true,
    "overall_deadline_violation": 0.24342065183778075,
    "weighted_overall_deadline_violation": 65.21915960476201,
    "max_deadline_violation": 0.009600328363636862,
    "avg_deadline_violation": 0.0018724665525983138,
    "avg_only_violated_deadline": 0.00839381558061313,
    "weighted_avg_deadline_violation": 0.0007255610462510219,
    "weighted_avg_only_violated_deadline": 0.008326777060607754,
    "deadline_satisfaction": 0.7769230769230769,
    "weighted_deadline_satisfaction": 0.912864120058708,
    "overall_cost": 326.04774066896863,
    "max_cost": 82.17805888866965,
    "avg_cost": 18.11376337049826,
    "overall_migration_cost": 0.0,
    "max_migration_cost": 0.0,
    "avg_migration_cost": 0.0,
    "migration_rate": 0.0,
    "weighted_migration_rate": 0.0,
    "overall_response_time": 2.05356705731642,
    "weighted_overall_response_time": 2105.7753164903406,
    "max_response_time": 0.036004836790461334,
    "avg_response_time": 0.0157966696716648,
    "weighted_avg_response_time": 0.02342668245131374,
    "avg_unavailability": 0.03035500663733886,
    "overall_power_consumption": 916.2814617539395
  },
  {
    "time": 61200.0,
    "opt": "ClusterLLGAOptimizer",
    "elapsed_time": 107.21715033007786,
    "valid": true,
    "overall_deadline_violation": 0.2458630194253425,
    "weighted_overall_deadline_violation": 152.33882451070323,
    "max_deadline_violation": 0.009600326140974584,
    "avg_deadline_violation": 0.0021757789329676326,
    "avg_only_violated_deadline": 0.006829528317370624,
    "weighted_avg_deadline_violation": 0.0016198681584997578,
    "weighted_avg_only_violated_deadline": 0.008293313578335558,
    "deadline_satisfaction": 0.6814159292035398,
    "weighted_deadline_satisfaction": 0.8046778114442334,
    "overall_cost": 337.43016351003416,
    "max_cost": 82.79173368627339,
    "avg_cost": 12.497413463334595,
    "overall_migration_cost": 5588.01336349357,
    "max_migration_cost": 2296.393896870535,
    "avg_migration_cost": 349.25083521834813,
    "migration_rate": 0.5925925925925926,
    "weighted_migration_rate": 0.0078695730651427,
    "overall_response_time": 2.076294982180819,
    "weighted_overall_response_time": 2324.086474441328,
    "max_response_time": 0.036004795994498365,
    "avg_response_time": 0.018374291877706363,
    "weighted_avg_response_time": 0.024712765702632568,
    "avg_unavailability": 0.01152550733070036,
    "overall_power_consumption": 845.3655743194586
  },
  {
    "time": 63000.0,
    "opt": "ClusterLLGAOptimizer",
    "elapsed_time": 93.23625759989955,
    "valid": true,
    "overall_deadline_violation": 0.20325538004225396,
    "weighted_overall_deadline_violation": 50.93072369580494,
    "max_deadline_violation": 0.009600328621341527,
    "avg_deadline_violation": 0.0016660277052643767,
    "avg_only_violated_deadline": 0.006556625162653355,
    "weighted_avg_deadline_violation": 0.0006433549609290741,
    "weighted_avg_only_violated_deadline": 0.006787817505363949,
    "deadline_satisfaction": 0.7459016393442623,
    "weighted_deadline_satisfaction": 0.9052191723745265,
    "overall_cost": 367.0903477529118,
    "max_cost": 56.877732931220386,
    "avg_cost": 14.683613910116474,
    "overall_migration_cost": 8.883631998154108,
    "max_migration_cost": 4.077631998154107,
    "avg_migration_cost": 2.2209079995385266,
    "migration_rate": 0.16,
    "weighted_migration_rate": 0.009728031815414463,
    "overall_response_time": 2.012711727620168,
    "weighted_overall_response_time": 1741.711789597849,
    "max_response_time": 0.03600518467089105,
    "avg_response_time": 0.016497637111640717,
    "weighted_avg_response_time": 0.022001236955498608,
    "avg_unavailability": 0.011542216762953405,
    "overall_power_consumption": 1204.3014025785244
  },
  {
    "time": 64800.0,
    "opt": "ClusterLLGAOptimizer",
    "elapsed_time": 106.45508621796034,
    "valid": true,
    "overall_deadline_violation": 0.24372236997485916,
    "weighted_overall_deadline_violation": 76.25173886569308,
    "max_deadline_violation": 0.00960032805908975,
    "avg_deadline_violation": 0.0019040810154285876,
    "avg_only_violated_deadline": 0.008124078999161973,
    "weighted_avg_deadline_violation": 0.0008846767239421027,
    "weighted_avg_only_violated_deadline": 0.008359411404804961,
    "deadline_satisfaction": 0.765625,
    "weighted_deadline_satisfaction": 0.8941699742838841,
    "overall_cost": 334.97532365120355,
    "max_cost": 86.65531385392899,
    "avg_cost": 15.95120588815255,
    "overall_migration_cost": 920.7756294042726,
    "max_migration_cost": 497.53791282506484,
    "avg_migration_cost": 184.15512588085454,
    "migration_rate": 0.23809523809523808,
    "weighted_migration_rate": 0.009528428473285921,
    "overall_response_time": 2.092656779207414,
    "weighted_overall_response_time": 1885.5430044515062,
    "max_response_time": 0.036005206903761196,
    "avg_response_time": 0.016348881087557925,
    "weighted_avg_response_time": 0.02187617007617661,
    "avg_unavailability": 0.012216053863770494,
    "overall_power_consumption": 1005.5835472677691
  },
  {
    "time": 66600.0,
    "opt": "ClusterLLGAOptimizer",
    "elapsed_time": 95.59742979612201,
    "valid": true,
    "overall_deadline_violation": 0.18651861829546945,
    "weighted_overall_deadline_violation": 72.51237177122894,
    "max_deadline_violation": 0.009600328187627117,
    "avg_deadline_violation": 0.0014238062465303015,
    "avg_only_violated_deadline": 0.007771609095644563,
    "weighted_avg_deadline_violation": 0.0009648834395700544,
    "weighted_avg_only_violated_deadline": 0.008314112991050612,
    "deadline_satisfaction": 0.816793893129771,
    "weighted_deadline_satisfaction": 0.8839463162686548,
    "overall_cost": 310.62929597895504,
    "max_cost": 63.285796129942334,
    "avg_cost": 14.791871237093098,
    "overall_migration_cost": 0.0,
    "max_migration_cost": 0.0,
    "avg_migration_cost": 0.0,
    "migration_rate": 0.0,
    "weighted_migration_rate": 0.0,
    "overall_response_time": 2.019976320891983,
    "weighted_overall_response_time": 1590.2968106116707,
    "max_response_time": 0.0360053249343998,
    "avg_response_time": 0.01541966657169452,
    "weighted_avg_response_time": 0.02116123109862347,
    "avg_unavailability": 0.012216053863770494,
    "overall_power_consumption": 1075.136493661499
  },
  {
    "time": 68400.0,
    "opt": "ClusterLLGAOptimizer",
    "elapsed_time": 97.47590554296039,
    "valid": true,
    "overall_deadline_violation": 0.24172133037737192,
    "weighted_overall_deadline_violation": 87.31666629174364,
    "max_deadline_violation": 0.009600327990237453,
    "avg_deadline_violation": 0.001997696945267537,
    "avg_only_violated_deadline": 0.00805737767924573,
    "weighted_avg_deadline_violation": 0.0010447112393910396,
    "weighted_avg_only_violated_deadline": 0.008135439289767147,
    "deadline_satisfaction": 0.7520661157024794,
    "weighted_deadline_satisfaction": 0.8715851471345757,
    "overall_cost": 292.90097913743114,
    "max_cost": 81.09522746000489,
    "avg_cost": 17.22946936102536,
    "overall_migration_cost": 57.56139683073689,
    "max_migration_cost": 29.721353802264808,
    "avg_migration_cost": 28.780698415368445,
    "migration_rate": 0.11764705882352941,
    "weighted_migration_rate": 0.0002718130413718454,
    "overall_response_time": 1.9610209801704526,
    "weighted_overall_response_time": 1937.5222156803366,
    "max_response_time": 0.03600521889612722,
    "avg_response_time": 0.01620678496008638,
    "weighted_avg_response_time": 0.023181728314362767,
    "avg_unavailability": 0.03009455986487507,
    "overall_power_consumption": 910.098867861065
  },
  {
    "time": 70200.0,
    "opt": "ClusterLLGAOptimizer",
    "elapsed_time": 90.21494946698658,
    "valid": true,
    "overall_deadline_violation": 0.23601908759135343,
    "weighted_overall_deadline_violation": 102.51618213986717,
    "max_deadline_violation": 0.009600327223964068,
    "avg_deadline_violation": 0.0019668257299279455,
    "avg_only_violated_deadline": 0.008429253128262624,
    "weighted_avg_deadline_violation": 0.001249555859542814,
    "weighted_avg_only_violated_deadline": 0.00850348514923222,
    "deadline_satisfaction": 0.7666666666666667,
    "weighted_deadline_satisfaction": 0.8530536788606448,
    "overall_cost": 294.06560236735396,
    "max_cost": 75.23867990292767,
    "avg_cost": 16.336977909297442,
    "overall_migration_cost": 1.442,
    "max_migration_cost": 1.442,
    "avg_migration_cost": 1.442,
    "migration_rate": 0.05555555555555555,
    "weighted_migration_rate": 0.0012796485013330163,
    "overall_response_time": 1.807467837365922,
    "weighted_overall_response_time": 1803.1100057324143,
    "max_response_time": 0.03600540763503807,
    "avg_response_time": 0.01506223197804936,
    "weighted_avg_response_time": 0.02197786365072817,
    "avg_unavailability": 0.03007788020800138,
    "overall_power_consumption": 946.968796371642
  },
  {
    "time": 72000.0,
    "opt": "ClusterLLGAOptimizer",
    "elapsed_time": 98.16122764605097,
    "valid": true,
    "overall_deadline_violation": 0.2429208917128316,
    "weighted_overall_deadline_violation": 113.23662160226664,
    "max_deadline_violation": 0.009600327000366289,
    "avg_deadline_violation": 0.002007610675312658,
    "avg_only_violated_deadline": 0.00809736305709439,
    "weighted_avg_deadline_violation": 0.00135622677037485,
    "weighted_avg_only_violated_deadline": 0.008445667339705403,
    "deadline_satisfaction": 0.7520661157024794,
    "weighted_deadline_satisfaction": 0.83941745325454,
    "overall_cost": 292.20886760784595,
    "max_cost": 80.93384870539352,
    "avg_cost": 17.18875691810859,
    "overall_migration_cost": 30.75798745964874,
    "max_migration_cost": 30.75798745964874,
    "avg_migration_cost": 30.75798745964874,
    "migration_rate": 0.058823529411764705,
    "weighted_migration_rate": 0.00015888106272725298,
    "overall_response_time": 1.9345856084894948,
    "weighted_overall_response_time": 1860.5845135861327,
    "max_response_time": 0.03600539178738495,
    "avg_response_time": 0.01598831081396276,
    "weighted_avg_response_time": 0.02228408522053499,
    "avg_unavailability": 0.03009455986487507,
    "overall_power_consumption": 930.4906809690121
  },
  {
    "time": 73800.0,
    "opt": "ClusterLLGAOptimizer",
    "elapsed_time": 88.15406961506233,
    "valid": true,
    "overall_deadline_violation": 0.22231829955307575,
    "weighted_overall_deadline_violation": 93.43866039995135,
    "max_deadline_violation": 0.009600327521063738,
    "avg_deadline_violation": 0.0017644309488339344,
    "avg_only_violated_deadline": 0.008234011094558359,
    "weighted_avg_deadline_violation": 0.0012070347851029322,
    "weighted_avg_only_violated_deadline": 0.00845196642460306,
    "deadline_satisfaction": 0.7857142857142857,
    "weighted_deadline_satisfaction": 0.8571888807332056,
    "overall_cost": 277.0193633907692,
    "max_cost": 66.28044115779232,
    "avg_cost": 16.295256670045244,
    "overall_migration_cost": 0.0,
    "max_migration_cost": 0.0,
    "avg_migration_cost": 0.0,
    "migration_rate": 0.0,
    "weighted_migration_rate": 0.0,
    "overall_response_time": 1.972787017910051,
    "weighted_overall_response_time": 1676.6606839366555,
    "max_response_time": 0.036005461181586214,
    "avg_response_time": 0.015657039824682955,
    "weighted_avg_response_time": 0.021658998102749665,
    "avg_unavailability": 0.03009455986487507,
    "overall_power_consumption": 956.5420354710177
  },
  {
    "time": 75600.0,
    "opt": "ClusterLLGAOptimizer",
    "elapsed_time": 94.75970861292444,
    "valid": true,
    "overall_deadline_violation": 0.20121764483351473,
    "weighted_overall_deadline_violation": 108.27813376052045,
    "max_deadline_violation": 0.00960032712708508,
    "avg_deadline_violation": 0.0017198089302009802,
    "avg_only_violated_deadline": 0.008048705793340587,
    "weighted_avg_deadline_violation": 0.001212806748922711,
    "weighted_avg_only_violated_deadline": 0.008449831321477483,
    "deadline_satisfaction": 0.7863247863247863,
    "weighted_deadline_satisfaction": 0.8564697089467285,
    "overall_cost": 309.53167291876656,
    "max_cost": 67.16045232449575,
    "avg_cost": 17.19620405104259,
    "overall_migration_cost": 508.51725816794544,
    "max_migration_cost": 492.57012837727603,
    "avg_migration_cost": 254.25862908397272,
    "migration_rate": 0.1111111111111111,
    "weighted_migration_rate": 0.002617833204641889,
    "overall_response_time": 1.9441295248725778,
    "weighted_overall_response_time": 2061.75210621097,
    "max_response_time": 0.03600500156528264,
    "avg_response_time": 0.016616491665577573,
    "weighted_avg_response_time": 0.02309336873637542,
    "avg_unavailability": 0.024502212224875072,
    "overall_power_consumption": 928.1741343270633
  },
  {
    "time": 77400.0,
    "opt": "ClusterLLGAOptimizer",
    "elapsed_time": 90.75742237805389,
    "valid": true,
    "overall_deadline_violation": 0.25542202738393954,
    "weighted_overall_deadline_violation": 109.1709341280077,
    "max_deadline_violation": 0.009600327009199007,
    "avg_deadline_violation": 0.00198001571615457,
    "avg_only_violated_deadline": 0.0082394202381916,
    "weighted_avg_deadline_violation": 0.0011066880399486483,
    "weighted_avg_only_violated_deadline": 0.008536734619344111,
    "deadline_satisfaction": 0.7596899224806202,
    "weighted_deadline_satisfaction": 0.8703616676286372,
    "overall_cost": 361.3979448094117,
    "max_cost": 75.53564519033733,
    "avg_cost": 20.07766360052288,
    "overall_migration_cost": 0.0,
    "max_migration_cost": 0.0,
    "avg_migration_cost": 0.0,
    "migration_rate": 0.0,
    "weighted_migration_rate": 0.0,
    "overall_response_time": 2.0792586503583417,
    "weighted_overall_response_time": 2284.451195379081,
    "max_response_time": 0.03600496825610956,
    "avg_response_time": 0.016118284111304955,
    "weighted_avg_response_time": 0.023157948001141286,
    "avg_unavailability": 0.024502212224875072,
    "overall_power_consumption": 977.9129783331035
  },
  {
    "time": 79200.0,
    "opt": "ClusterLLGAOptimizer",
    "elapsed_time": 99.85478961793706,
    "valid": true,
    "overall_deadline_violation": 0.21821951343997026,
    "weighted_overall_deadline_violation": 116.97672418570939,
    "max_deadline_violation": 0.00960032657539576,
    "avg_deadline_violation": 0.0018034670532228942,
    "avg_only_violated_deadline": 0.008082204201480378,
    "weighted_avg_deadline_violation": 0.0013503222268811505,
    "weighted_avg_only_violated_deadline": 0.008715340820896868,
    "deadline_satisfaction": 0.7768595041322314,
    "weighted_deadline_satisfaction": 0.8450637496994425,
    "overall_cost": 307.7947615739122,
    "max_cost": 75.23035017537357,
    "avg_cost": 19.237172598369508,
    "overall_migration_cost": 0.0,
    "max_migration_cost": 0.0,
    "avg_migration_cost": 0.0,
    "migration_rate": 0.0,
    "weighted_migration_rate": 0.0,
    "overall_response_time": 2.007742015688024,
    "weighted_overall_response_time": 1912.2846630529189,
    "max_response_time": 0.036005273085633116,
    "avg_response_time": 0.016592909220562183,
    "weighted_avg_response_time": 0.022074481078345563,
    "avg_unavailability": 0.02949397734250007,
    "overall_power_consumption": 970.098537662257
  },
  {
    "time": 81000.0,
    "opt": "ClusterLLGAOptimizer",
    "elapsed_time": 82.3998451330699,
    "valid": true,
    "overall_deadline_violation": 0.19261760400750866,
    "weighted_overall_deadline_violation": 127.18357809905054,
    "max_deadline_violation": 0.009600326460512473,
    "avg_deadline_violation": 0.001660496586271626,
    "avg_only_violated_deadline": 0.008025733500312859,
    "weighted_avg_deadline_violation": 0.0013340896878775233,
    "weighted_avg_only_violated_deadline": 0.008572902729681217,
    "deadline_satisfaction": 0.7931034482758621,
    "weighted_deadline_satisfaction": 0.8443829668965425,
    "overall_cost": 342.06795699598706,
    "max_cost": 87.3690467355942,
    "avg_cost": 21.37924731224919,
    "overall_migration_cost": 0.0,
    "max_migration_cost": 0.0,
    "avg_migration_cost": 0.0,
    "migration_rate": 0.0,
    "weighted_migration_rate": 0.0,
    "overall_response_time": 1.9203889161299972,
    "weighted_overall_response_time": 2133.2403287324346,
    "max_response_time": 0.0360052258375647,
    "avg_response_time": 0.016555076863189636,
    "weighted_avg_response_time": 0.02237658325754906,
    "avg_unavailability": 0.02949397734250007,
    "overall_power_consumption": 970.9911279906868
  },
  {
    "time": 82800.0,
    "opt": "ClusterLLGAOptimizer",
    "elapsed_time": 100.3383946409449,
    "valid": true,
    "overall_deadline_violation": 0.18611652253146083,
    "weighted_overall_deadline_violation": 101.84721377588646,
    "max_deadline_violation": 0.009600327534617632,
    "avg_deadline_violation": 0.0016184045437518328,
    "avg_only_violated_deadline": 0.008092022718759166,
    "weighted_avg_deadline_violation": 0.0011376652808672446,
    "weighted_avg_only_violated_deadline": 0.008238392630826503,
    "deadline_satisfaction": 0.8,
    "weighted_deadline_satisfaction": 0.8619068874418155,
    "overall_cost": 312.942418389234,
    "max_cost": 81.08259114672698,
    "avg_cost": 13.606192103879733,
    "overall_migration_cost": 9544.947678777202,
    "max_migration_cost": 2930.56320921704,
    "avg_migration_cost": 1193.1184598471502,
    "migration_rate": 0.34782608695652173,
    "weighted_migration_rate": 0.008787797607004842,
    "overall_response_time": 1.909704015915543,
    "weighted_overall_response_time": 2051.6258017452415,
    "max_response_time": 0.036005244314824186,
    "avg_response_time": 0.01660612187752647,
    "weighted_avg_response_time": 0.02291730286420072,
    "avg_unavailability": 0.007233200296530964,
    "overall_power_consumption": 925.099589168922
  },
  {
    "time": 84600.0,
    "opt": "ClusterLLGAOptimizer",
    "elapsed_time": 96.95343287708238,
    "valid": true,
    "overall_deadline_violation": 0.18811560852501952,
    "weighted_overall_deadline_violation": 84.23467638328228,
    "max_deadline_violation": 0.00960032753461798,
    "avg_deadline_violation": 0.0014812252639765315,
    "avg_only_violated_deadline": 0.008178939501087805,
    "weighted_avg_deadline_violation": 0.0009409278739477222,
    "weighted_avg_only_violated_deadline": 0.008725972927489499,
    "deadline_satisfaction": 0.8188976377952756,
    "weighted_deadline_satisfaction": 0.8921692879674759,
    "overall_cost": 368.77995362867654,
    "max_cost": 77.56053399881807,
    "avg_cost": 16.03391102733376,
    "overall_migration_cost": 22.566,
    "max_migration_cost": 19.201999999999998,
    "avg_migration_cost": 7.521999999999999,
    "migration_rate": 0.13043478260869565,
    "weighted_migration_rate": 0.00615589163318203,
    "overall_response_time": 2.018939021634419,
    "weighted_overall_response_time": 1926.3296958495898,
    "max_response_time": 0.03600534305824349,
    "avg_response_time": 0.01589715765066471,
    "weighted_avg_response_time": 0.02151770960679852,
    "avg_unavailability": 0.011927955389657277,
    "overall_power_consumption": 1130.598786651539
  }
]