[
  {
    "time": 0.0,
    "opt": "ClusterLLGAOptimizer",
    "elapsed_time": 72.14860253897496,
    "valid": true,
    "overall_deadline_violation": 0.18891775957822626,
    "weighted_overall_deadline_violation": 68.58453353201891,
    "max_deadline_violation": 0.008600652655973916,
    "avg_deadline_violation": 0.0015235303191792435,
    "avg_only_violated_deadline": 0.0067470628420795075,
    "weighted_avg_deadline_violation": 0.0008440180171776346,
    "weighted_avg_only_violated_deadline": 0.008056722032015533,
    "deadline_satisfaction": 0.7741935483870968,
    "weighted_deadline_satisfaction": 0.8952405191809149,
    "overall_cost": 301.3694093430737,
    "max_cost": 158.56991947107596,
    "avg_cost": 14.350924254432082,
    "overall_migration_cost": 0.0,
    "max_migration_cost": 0.0,
    "avg_migration_cost": 0.0,
    "migration_rate": 0.0,
    "weighted_migration_rate": 0.0,
    "overall_response_time": 8.304859687381374,
    "weighted_overall_response_time": 1515.5043857618862,
    "max_response_time": 0.41098067586104475,
    "avg_response_time": 0.06697467489823687,
    "weighted_avg_response_time": 0.01865016703944772,
    "avg_unavailability": 0.02644109147729292,
    "overall_power_consumption": 951.3002768308606
  },
  {
    "time": 1800.0,
    "opt": "ClusterLLGAOptimizer",
    "elapsed_time": 59.41097346809693,
    "valid": true,
    "overall_deadline_violation": 0.16141526949429297,
    "weighted_overall_deadline_violation": 62.17342844482225,
    "max_deadline_violation": 0.008600653082298584,
    "avg_deadline_violation": 0.0012913221559543438,
    "avg_only_violated_deadline": 0.006725636228928876,
    "weighted_avg_deadline_violation": 0.0007879249742343544,
    "weighted_avg_only_violated_deadline": 0.008072118543972856,
    "deadline_satisfaction": 0.808,
    "weighted_deadline_satisfaction": 0.90238932072886,
    "overall_cost": 295.9232089890135,
    "max_cost": 158.05015434995602,
    "avg_cost": 14.091581380429211,
    "overall_migration_cost": 0.0,
    "max_migration_cost": 0.0,
    "avg_migration_cost": 0.0,
    "migration_rate": 0.0,
    "weighted_migration_rate": 0.0,
    "overall_response_time": 8.481749130159699,
    "weighted_overall_response_time": 1474.2767716663702,
    "max_response_time": 0.41098162877090266,
    "avg_response_time": 0.06785399304127761,
    "weighted_avg_response_time": 0.018683535979690215,
    "avg_unavailability": 0.02644109147729292,
    "overall_power_consumption": 945.0500308798487
  },
  {
    "time": 3600.0,
    "opt": "ClusterLLGAOptimizer",
    "elapsed_time": 82.51942561403848,
    "valid": true,
    "overall_deadline_violation": 0.21391730829677205,
    "weighted_overall_deadline_violation": 141.30889616773433,
    "max_deadline_violation": 0.008600646905732671,
    "avg_deadline_violation": 0.0018930735247501952,
    "avg_only_violated_deadline": 0.007130576943225736,
    "weighted_avg_deadline_violation": 0.00178154682342237,
    "weighted_avg_only_violated_deadline": 0.008083282087742633,
    "deadline_satisfaction": 0.7345132743362832,
    "weighted_deadline_satisfaction": 0.7796010575798311,
    "overall_cost": 272.9812708544816,
    "max_cost": 162.42845399987775,
    "avg_cost": 11.374219618936731,
    "overall_migration_cost": 114.26160932340183,
    "max_migration_cost": 67.2858439973855,
    "avg_migration_cost": 14.282701165425227,
    "migration_rate": 0.3333333333333333,
    "weighted_migration_rate": 0.0012855521153853603,
    "overall_response_time": 8.219566905620777,
    "weighted_overall_response_time": 1422.5504203036355,
    "max_response_time": 0.41372853523008507,
    "avg_response_time": 0.07273953013823692,
    "weighted_avg_response_time": 0.01793475323338331,
    "avg_unavailability": 0.026422871226907254,
    "overall_power_consumption": 840.5790317881775
  },
  {
    "time": 5400.0,
    "opt": "ClusterLLGAOptimizer",
    "elapsed_time": 67.2567152378615,
    "valid": true,
    "overall_deadline_violation": 0.14081249240706334,
    "weighted_overall_deadline_violation": 48.8837456957761,
    "max_deadline_violation": 0.008600656534033186,
    "avg_deadline_violation": 0.001074904522191323,
    "avg_only_violated_deadline": 0.007040624620353167,
    "weighted_avg_deadline_violation": 0.0006350136913852211,
    "weighted_avg_only_violated_deadline": 0.007522179409916057,
    "deadline_satisfaction": 0.8473282442748091,
    "weighted_deadline_satisfaction": 0.91558115583522,
    "overall_cost": 279.71631840775024,
    "max_cost": 147.97871415001828,
    "avg_cost": 11.654846600322927,
    "overall_migration_cost": 0.0,
    "max_migration_cost": 0.0,
    "avg_migration_cost": 0.0,
    "migration_rate": 0.0,
    "weighted_migration_rate": 0.0,
    "overall_response_time": 11.265750930458474,
    "weighted_overall_response_time": 1417.3002195164202,
    "max_response_time": 0.4109886988559396,
    "avg_response_time": 0.08599809870578982,
    "weighted_avg_response_time": 0.018411130967690408,
    "avg_unavailability": 0.026422871226907254,
    "overall_power_consumption": 952.9590726091243
  },
  {
    "time": 7200.0,
    "opt": "ClusterLLGAOptimizer",
    "elapsed_time": 90.86557635292411,
    "valid": true,
    "overall_deadline_violation": 0.20705467066680389,
    "weighted_overall_deadline_violation": 125.00640432355674,
    "max_deadline_violation": 0.008600645230903176,
    "avg_deadline_violation": 0.0016303517375338887,
    "avg_only_violated_deadline": 0.006679182924735608,
    "weighted_avg_deadline_violation": 0.0015875036208566338,
    "weighted_avg_only_violated_deadline": 0.007918964822904669,
    "deadline_satisfaction": 0.7559055118110236,
    "weighted_deadline_satisfaction": 0.7995314215483105,
    "overall_cost": 281.89649516629595,
    "max_cost": 152.6981055768506,
    "avg_cost": 9.396549838876528,
    "overall_migration_cost": 18084.76659936348,
    "max_migration_cost": 3956.732041885362,
    "avg_migration_cost": 1391.1358922587292,
    "migration_rate": 0.43333333333333335,
    "weighted_migration_rate": 0.008546166121771306,
    "overall_response_time": 8.150697826746509,
    "weighted_overall_response_time": 1424.2154533977364,
    "max_response_time": 0.4109952844976252,
    "avg_response_time": 0.06417872304524812,
    "weighted_avg_response_time": 0.018086650851078162,
    "avg_unavailability": 0.0013536805995651433,
    "overall_power_consumption": 870.5794301146989
  },
  {
    "time": 9000.0,
    "opt": "ClusterLLGAOptimizer",
    "elapsed_time": 96.6020513928961,
    "valid": true,
    "overall_deadline_violation": 0.160414857310177,
    "weighted_overall_deadline_violation": 42.66779041302527,
    "max_deadline_violation": 0.00860065767846683,
    "avg_deadline_violation": 0.001263109112678559,
    "avg_only_violated_deadline": 0.0072915844231898645,
    "weighted_avg_deadline_violation": 0.0005917480423133238,
    "weighted_avg_only_violated_deadline": 0.007579104245534176,
    "deadline_satisfaction": 0.8267716535433071,
    "weighted_deadline_satisfaction": 0.9219237494111526,
    "overall_cost": 321.1351138456165,
    "max_cost": 121.65902488355157,
    "avg_cost": 11.073624615366088,
    "overall_migration_cost": 12.193953334801025,
    "max_migration_cost": 8.002,
    "avg_migration_cost": 4.064651111600341,
    "migration_rate": 0.10344827586206896,
    "weighted_migration_rate": 0.0013689922379911603,
    "overall_response_time": 7.345597414579492,
    "weighted_overall_response_time": 1257.7936015812602,
    "max_response_time": 0.4109874366158733,
    "avg_response_time": 0.057839349721098395,
    "weighted_avg_response_time": 0.017443999189203915,
    "avg_unavailability": 0.006946028239565142,
    "overall_power_consumption": 1082.2570329025007
  },
  {
    "time": 10800.0,
    "opt": "ClusterLLGAOptimizer",
    "elapsed_time": 93.9551940029487,
    "valid": true,
    "overall_deadline_violation": 0.20877913402406734,
    "weighted_overall_deadline_violation": 84.2813578529036,
    "max_deadline_violation": 0.008600654748076402,
    "avg_deadline_violation": 0.0017693146951192154,
    "avg_only_violated_deadline": 0.006326640424971741,
    "weighted_avg_deadline_violation": 0.0011950474518945267,
    "weighted_avg_only_violated_deadline": 0.006013922529115871,
    "deadline_satisfaction": 0.7203389830508474,
    "weighted_deadline_satisfaction": 0.8012865237108042,
    "overall_cost": 243.80739907066825,
    "max_cost": 126.35530300806495,
    "avg_cost": 11.082154503212196,
    "overall_migration_cost": 79.83986008263211,
    "max_migration_cost": 28.966735187595898,
    "avg_migration_cost": 13.306643347105352,
    "migration_rate": 0.2727272727272727,
    "weighted_migration_rate": 0.010949234987409953,
    "overall_response_time": 7.678406382210592,
    "weighted_overall_response_time": 1346.3596706439455,
    "max_response_time": 0.41098612293711223,
    "avg_response_time": 0.06507124052720842,
    "weighted_avg_response_time": 0.019090386471285005,
    "avg_unavailability": 0.03225489122901215,
    "overall_power_consumption": 856.3902248371148
  },
  {
    "time": 12600.0,
    "opt": "ClusterLLGAOptimizer",
    "elapsed_time": 85.84665918489918,
    "valid": true,
    "overall_deadline_violation": 0.17271668876257606,
    "weighted_overall_deadline_violation": 31.444388258573063,
    "max_deadline_violation": 0.008600658161849262,
    "avg_deadline_violation": 0.0013599739272643783,
    "avg_only_violated_deadline": 0.006908667550503042,
    "weighted_avg_deadline_violation": 0.0004729317905946986,
    "weighted_avg_only_violated_deadline": 0.007156161149390387,
    "deadline_satisfaction": 0.8031496062992126,
    "weighted_deadline_satisfaction": 0.9339126410484785,
    "overall_cost": 241.46757509533816,
    "max_cost": 118.18722804604938,
    "avg_cost": 10.975798867969917,
    "overall_migration_cost": 0.0,
    "max_migration_cost": 0.0,
    "avg_migration_cost": 0.0,
    "migration_rate": 0.0,
    "weighted_migration_rate": 0.0,
    "overall_response_time": 7.65256603629402,
    "weighted_overall_response_time": 1242.8867772332408,
    "max_response_time": 0.41098453232247184,
    "avg_response_time": 0.060256425482630084,
    "weighted_avg_response_time": 0.018693340898534788,
    "avg_unavailability": 0.03225489122901215,
    "overall_power_consumption": 885.2807847834782
  },
  {
    "time": 14400.0,
    "opt": "ClusterLLGAOptimizer",
    "elapsed_time": 110.46018076711334,
    "valid": true,
    "overall_deadline_violation": 0.3165128183970675,
    "weighted_overall_deadline_violation": 193.81675861270935,
    "max_deadline_violation": 0.09670202368038147,
    "avg_deadline_violation": 0.0025120064952148216,
    "avg_only_violated_deadline": 0.009591297527183868,
    "weighted_avg_deadline_violation": 0.003011797847375649,
    "weighted_avg_only_violated_deadline": 0.01472878749931103,
    "deadline_satisfaction": 0.7380952380952381,
    "weighted_deadline_satisfaction": 0.7955162400491872,
    "overall_cost": 246.83016088925837,
    "max_cost": 100.2888270247272,
    "avg_cost": 9.141857810713272,
    "overall_migration_cost": 14041.001445916183,
    "max_migration_cost": 3158.0275117791803,
    "avg_migration_cost": 1276.4546769014712,
    "migration_rate": 0.4074074074074074,
    "weighted_migration_rate": 0.01777144956130912,
    "overall_response_time": 7.991400340369672,
    "weighted_overall_response_time": 1284.1196504666223,
    "max_response_time": 0.41099001028683974,
    "avg_response_time": 0.06342381222515613,
    "weighted_avg_response_time": 0.019954460216602434,
    "avg_unavailability": 0.015161617538267334,
    "overall_power_consumption": 931.0968503013427
  },
  {
    "time": 16200.0,
    "opt": "ClusterLLGAOptimizer",
    "elapsed_time": 114.17926523112692,
    "valid": true,
    "overall_deadline_violation": 0.14581344781354894,
    "weighted_overall_deadline_violation": 33.65969031822696,
    "max_deadline_violation": 0.008600657831273116,
    "avg_deadline_violation": 0.0011046473319208255,
    "avg_only_violated_deadline": 0.006943497514930903,
    "weighted_avg_deadline_violation": 0.000589470644314209,
    "weighted_avg_only_violated_deadline": 0.007726853826563094,
    "deadline_satisfaction": 0.8409090909090909,
    "weighted_deadline_satisfaction": 0.9237114280216164,
    "overall_cost": 274.42808506438246,
    "max_cost": 79.4498893128405,
    "avg_cost": 9.801003038013661,
    "overall_migration_cost": 616.2293426547766,
    "max_migration_cost": 609.6169890521455,
    "avg_migration_cost": 205.40978088492554,
    "migration_rate": 0.10714285714285714,
    "weighted_migration_rate": 0.006417157388798356,
    "overall_response_time": 7.588553493767376,
    "weighted_overall_response_time": 956.8659111181415,
    "max_response_time": 0.41099454247920447,
    "avg_response_time": 0.05748904161944982,
    "weighted_avg_response_time": 0.016757265435792777,
    "avg_unavailability": 0.009569269898267336,
    "overall_power_consumption": 1098.8423080326904
  },
  {
    "time": 18000.0,
    "opt": "ClusterLLGAOptimizer",
    "elapsed_time": 108.8120815528091,
    "valid": true,
    "overall_deadline_violation": 0.19121768839001024,
    "weighted_overall_deadline_violation": 48.82479479575565,
    "max_deadline_violation": 0.00860065645556811,
    "avg_deadline_violation": 0.001416427321407483,
    "avg_only_violated_deadline": 0.0068292031567860805,
    "weighted_avg_deadline_violation": 0.0007959794880825471,
    "weighted_avg_only_violated_deadline": 0.007851573723517493,
    "deadline_satisfaction": 0.7925925925925926,
    "weighted_deadline_satisfaction": 0.8986216628523296,
    "overall_cost": 297.14808733497813,
    "max_cost": 78.37669810258235,
    "avg_cost": 10.24648577017166,
    "overall_migration_cost": 227.71736860145896,
    "max_migration_cost": 215.42806768169217,
    "avg_migration_cost": 56.92934215036474,
    "migration_rate": 0.13793103448275862,
    "weighted_migration_rate": 0.0013816386292500513,
    "overall_response_time": 8.150691611241738,
    "weighted_overall_response_time": 1027.4243742663482,
    "max_response_time": 0.41099265612322944,
    "avg_response_time": 0.06037549341660547,
    "weighted_avg_response_time": 0.01674986512269277,
    "avg_unavailability": 0.009480565388894005,
    "overall_power_consumption": 1134.269152904511
  },
  {
    "time": 19800.0,
    "opt": "ClusterLLGAOptimizer",
    "elapsed_time": 104.15375797497109,
    "valid": true,
    "overall_deadline_violation": 0.12211337198429217,
    "weighted_overall_deadline_violation": 49.044664290811376,
    "max_deadline_violation": 0.008600655148142422,
    "avg_deadline_violation": 0.0009181456540172342,
    "avg_only_violated_deadline": 0.006784076221349565,
    "weighted_avg_deadline_violation": 0.0008189556302613514,
    "weighted_avg_only_violated_deadline": 0.008024803690592556,
    "deadline_satisfaction": 0.8646616541353384,
    "weighted_deadline_satisfaction": 0.8979469577278996,
    "overall_cost": 296.9351344427012,
    "max_cost": 72.67310906954776,
    "avg_cost": 10.239142566989699,
    "overall_migration_cost": 0.0,
    "max_migration_cost": 0.0,
    "avg_migration_cost": 0.0,
    "migration_rate": 0.0,
    "weighted_migration_rate": 0.0,
    "overall_response_time": 9.144828630757873,
    "weighted_overall_response_time": 971.8525104066155,
    "max_response_time": 0.41099541697453285,
    "avg_response_time": 0.06875811000569827,
    "weighted_avg_response_time": 0.016228148294823597,
    "avg_unavailability": 0.009480565388894005,
    "overall_power_consumption": 1165.2984618624628
  },
  {
    "time": 21600.0,
    "opt": "ClusterLLGAOptimizer",
    "elapsed_time": 117.20443500601687,
    "valid": true,
    "overall_deadline_violation": 0.17171635090200332,
    "weighted_overall_deadline_violation": 42.866256881765736,
    "max_deadline_violation": 0.008600658013975679,
    "avg_deadline_violation": 0.0013008814462272978,
    "avg_only_violated_deadline": 0.006604475034692436,
    "weighted_avg_deadline_violation": 0.0007030114897891806,
    "weighted_avg_only_violated_deadline": 0.00712619644814546,
    "deadline_satisfaction": 0.803030303030303,
    "weighted_deadline_satisfaction": 0.9013482865783007,
    "overall_cost": 306.8961284055928,
    "max_cost": 85.33513059040666,
    "avg_cost": 10.582625117434233,
    "overall_migration_cost": 14.757447221912942,
    "max_migration_cost": 11.884304200723667,
    "avg_migration_cost": 7.378723610956471,
    "migration_rate": 0.06896551724137931,
    "weighted_migration_rate": 0.0007019165238198704,
    "overall_response_time": 7.503800577689349,
    "weighted_overall_response_time": 1055.190965868211,
    "max_response_time": 0.4109938139535372,
    "avg_response_time": 0.0568469740734042,
    "weighted_avg_response_time": 0.01730525189015615,
    "avg_unavailability": 0.009480565388894005,
    "overall_power_consumption": 1138.206122468138
  },
  {
    "time": 23400.0,
    "opt": "ClusterLLGAOptimizer",
    "elapsed_time": 107.25190271507017,
    "valid": true,
    "overall_deadline_violation": 0.14191425557594103,
    "weighted_overall_deadline_violation": 35.59344833090408,
    "max_deadline_violation": 0.008600657862218834,
    "avg_deadline_violation": 0.0010283641708401525,
    "avg_only_violated_deadline": 0.00675782169409243,
    "weighted_avg_deadline_violation": 0.0006346812517286283,
    "weighted_avg_only_violated_deadline": 0.008024572993042819,
    "deadline_satisfaction": 0.8478260869565217,
    "weighted_deadline_satisfaction": 0.920907785089763,
    "overall_cost": 287.8028942153519,
    "max_cost": 75.5232763856758,
    "avg_cost": 9.924237731563858,
    "overall_migration_cost": 0.482,
    "max_migration_cost": 0.482,
    "avg_migration_cost": 0.482,
    "migration_rate": 0.034482758620689655,
    "weighted_migration_rate": 0.0021492484215387027,
    "overall_response_time": 9.651696136245887,
    "weighted_overall_response_time": 1037.4709750609904,
    "max_response_time": 0.4109834909873852,
    "avg_response_time": 0.06993982707424554,
    "weighted_avg_response_time": 0.01849956685742409,
    "avg_unavailability": 0.009480565388894005,
    "overall_power_consumption": 1142.2452327892029
  },
  {
    "time": 25200.0,
    "opt": "ClusterLLGAOptimizer",
    "elapsed_time": 105.09436280396767,
    "valid": true,
    "overall_deadline_violation": 0.16441576559573318,
    "weighted_overall_deadline_violation": 69.652038678199,
    "max_deadline_violation": 0.008600654100719328,
    "avg_deadline_violation": 0.001347670209801092,
    "avg_only_violated_deadline": 0.006850656899822216,
    "weighted_avg_deadline_violation": 0.0010025228791176683,
    "weighted_avg_only_violated_deadline": 0.007763653910124961,
    "deadline_satisfaction": 0.8032786885245902,
    "weighted_deadline_satisfaction": 0.8708697102262337,
    "overall_cost": 243.6475222353247,
    "max_cost": 109.85970896957214,
    "avg_cost": 11.60226296358689,
    "overall_migration_cost": 10.305423692635943,
    "max_migration_cost": 9.66442361153283,
    "avg_migration_cost": 5.152711846317971,
    "migration_rate": 0.09523809523809523,
    "weighted_migration_rate": 0.0057466641374528575,
    "overall_response_time": 8.716447779784648,
    "weighted_overall_response_time": 1243.8831365555839,
    "max_response_time": 0.4109841859768559,
    "avg_response_time": 0.07144629327692331,
    "weighted_avg_response_time": 0.017903586556985242,
    "avg_unavailability": 0.032265771485926256,
    "overall_power_consumption": 867.9571542066003
  },
  {
    "time": 27000.0,
    "opt": "ClusterLLGAOptimizer",
    "elapsed_time": 106.14848143607378,
    "valid": true,
    "overall_deadline_violation": 0.19061779549101326,
    "weighted_overall_deadline_violation": 63.424470620422646,
    "max_deadline_violation": 0.008600653245728127,
    "avg_deadline_violation": 0.001381288373123285,
    "avg_only_violated_deadline": 0.006807778410393331,
    "weighted_avg_deadline_violation": 0.0009387779036408335,
    "weighted_avg_only_violated_deadline": 0.008217716337650694,
    "deadline_satisfaction": 0.7971014492753623,
    "weighted_deadline_satisfaction": 0.8857617049471903,
    "overall_cost": 237.95418419276893,
    "max_cost": 115.203525928007,
    "avg_cost": 10.816099281489496,
    "overall_migration_cost": 1.6902846860602911,
    "max_migration_cost": 1.6902846860602911,
    "avg_migration_cost": 1.6902846860602911,
    "migration_rate": 0.045454545454545456,
    "weighted_migration_rate": 0.00021385040287140686,
    "overall_response_time": 9.582295863621246,
    "weighted_overall_response_time": 1212.6532959987962,
    "max_response_time": 0.410985551223421,
    "avg_response_time": 0.06943692654798,
    "weighted_avg_response_time": 0.01794909926602255,
    "avg_unavailability": 0.032076759583462254,
    "overall_power_consumption": 873.9657513249075
  },
  {
    "time": 28800.0,
    "opt": "ClusterLLGAOptimizer",
    "elapsed_time": 115.40640231780708,
    "valid": true,
    "overall_deadline_violation": 0.2253026616724353,
    "weighted_overall_deadline_violation": 122.25564801576412,
    "max_deadline_violation": 0.008600652855258942,
    "avg_deadline_violation": 0.0018620054683672338,
    "avg_only_violated_deadline": 0.006626548872718685,
    "weighted_avg_deadline_violation": 0.0016563006585696583,
    "weighted_avg_only_violated_deadline": 0.006920947401800802,
    "deadline_satisfaction": 0.71900826446281,
    "weighted_deadline_satisfaction": 0.7606829582119503,
    "overall_cost": 268.57698586480524,
    "max_cost": 123.89917125397794,
    "avg_cost": 11.190707744366883,
    "overall_migration_cost": 12100.470415450955,
    "max_migration_cost": 3078.0349800252734,
    "avg_migration_cost": 1210.0470415450955,
    "migration_rate": 0.4166666666666667,
    "weighted_migration_rate": 0.014337279235389121,
    "overall_response_time": 8.272376125444321,
    "weighted_overall_response_time": 1397.9376156350597,
    "max_response_time": 0.4109848902347916,
    "avg_response_time": 0.06836674483838281,
    "weighted_avg_response_time": 0.018939043152567392,
    "avg_unavailability": 0.010562976970526803,
    "overall_power_consumption": 887.7507084646104
  },
  {
    "time": 30600.0,
    "opt": "ClusterLLGAOptimizer",
    "elapsed_time": 120.65613665711135,
    "valid": true,
    "overall_deadline_violation": 0.16771582085516815,
    "weighted_overall_deadline_violation": 58.29532738717165,
    "max_deadline_violation": 0.008600654887381725,
    "avg_deadline_violation": 0.0012610212094373544,
    "avg_only_violated_deadline": 0.006988159202298671,
    "weighted_avg_deadline_violation": 0.0008349675242723807,
    "weighted_avg_only_violated_deadline": 0.007908266870802703,
    "deadline_satisfaction": 0.8195488721804511,
    "weighted_deadline_satisfaction": 0.8944183930672499,
    "overall_cost": 301.7155606672533,
    "max_cost": 105.97142649148093,
    "avg_cost": 11.60444464104821,
    "overall_migration_cost": 17.986262488736784,
    "max_migration_cost": 5.47865227623281,
    "avg_migration_cost": 4.496565622184196,
    "migration_rate": 0.15384615384615385,
    "weighted_migration_rate": 0.0014559495217997987,
    "overall_response_time": 7.681993875456828,
    "weighted_overall_response_time": 1192.075467972843,
    "max_response_time": 0.4109846522612554,
    "avg_response_time": 0.05775935244704381,
    "weighted_avg_response_time": 0.017074169523544992,
    "avg_unavailability": 0.0025029375159402708,
    "overall_power_consumption": 1056.5804895931242
  },
  {
    "time": 32400.0,
    "opt": "ClusterLLGAOptimizer",
    "elapsed_time": 129.51128253806382,
    "valid": true,
    "overall_deadline_violation": 0.19722359277630194,
    "weighted_overall_deadline_violation": 85.14296891204282,
    "max_deadline_violation": 0.00860065465995617,
    "avg_deadline_violation": 0.0014291564693934924,
    "avg_only_violated_deadline": 0.00680081354401041,
    "weighted_avg_deadline_violation": 0.0012008952655766505,
    "weighted_avg_only_violated_deadline": 0.007128637427446115,
    "deadline_satisfaction": 0.7898550724637681,
    "weighted_deadline_satisfaction": 0.8315392979655467,
    "overall_cost": 293.59077800970545,
    "max_cost": 111.84215408186593,
    "avg_cost": 11.291953000373292,
    "overall_migration_cost": 33.46270046570882,
    "max_migration_cost": 22.910247091351128,
    "avg_migration_cost": 6.692540093141765,
    "migration_rate": 0.19230769230769232,
    "weighted_migration_rate": 0.005594371009913545,
    "overall_response_time": 8.504068982637717,
    "weighted_overall_response_time": 1216.600025077323,
    "max_response_time": 0.4109855438347473,
    "avg_response_time": 0.06162368827998351,
    "weighted_avg_response_time": 0.017159481621143502,
    "avg_unavailability": 0.002313908944341324,
    "overall_power_consumption": 1041.736818322399
  },
  {
    "time": 34200.0,
    "opt": "ClusterLLGAOptimizer",
    "elapsed_time": 117.52713813097216,
    "valid": true,
    "overall_deadline_violation": 0.15061611044526274,
    "weighted_overall_deadline_violation": 69.30721713367913,
    "max_deadline_violation": 0.008600652401634738,
    "avg_deadline_violation": 0.0011240008242183789,
    "avg_only_violated_deadline": 0.007172195735488703,
    "weighted_avg_deadline_violation": 0.0009980065327835214,
    "weighted_avg_only_violated_deadline": 0.008450130684446147,
    "deadline_satisfaction": 0.8432835820895522,
    "weighted_deadline_satisfaction": 0.8818945445872789,
    "overall_cost": 295.4956623908871,
    "max_cost": 114.86712215007083,
    "avg_cost": 12.312319266286963,
    "overall_migration_cost": 0.0,
    "max_migration_cost": 0.0,
    "avg_migration_cost": 0.0,
    "migration_rate": 0.0,
    "weighted_migration_rate": 0.0,
    "overall_response_time": 9.52422647481001,
    "weighted_overall_response_time": 1132.7071548287925,
    "max_response_time": 0.41098792622255653,
    "avg_response_time": 0.07107631697619413,
    "weighted_avg_response_time": 0.01631069875550435,
    "avg_unavailability": 0.0025046524430701227,
    "overall_power_consumption": 1062.6604266947425
  },
  {
    "time": 36000.0,
    "opt": "ClusterLLGAOptimizer",
    "elapsed_time": 126.92518819496036,
    "valid": true,
    "overall_deadline_violation": 0.1980881628741954,
    "weighted_overall_deadline_violation": 112.7040958091283,
    "max_deadline_violation": 0.008600646556052288,
    "avg_deadline_violation": 0.001500667900562087,
    "avg_only_violated_deadline": 0.005659661796405585,
    "weighted_avg_deadline_violation": 0.0015027795929406717,
    "weighted_avg_only_violated_deadline": 0.007332822373986004,
    "deadline_satisfaction": 0.7348484848484849,
    "weighted_deadline_satisfaction": 0.7950612306835707,
    "overall_cost": 283.11495575994786,
    "max_cost": 123.26231358136921,
    "avg_cost": 12.30934590260643,
    "overall_migration_cost": 218.04391826774787,
    "max_migration_cost": 183.95440684405168,
    "avg_migration_cost": 43.60878365354957,
    "migration_rate": 0.21739130434782608,
    "weighted_migration_rate": 0.012506505140973647,
    "overall_response_time": 8.3971472275338,
    "weighted_overall_response_time": 1255.413766671232,
    "max_response_time": 0.41098802015574026,
    "avg_response_time": 0.06361475172374093,
    "weighted_avg_response_time": 0.01673949979994876,
    "avg_unavailability": 0.010612968740444803,
    "overall_power_consumption": 974.3805507190503
  },
  {
    "time": 37800.0,
    "opt": "ClusterLLGAOptimizer",
    "elapsed_time": 119.88208279805258,
    "valid": true,
    "overall_deadline_violation": 0.19911783776422007,
    "weighted_overall_deadline_violation": 85.48728285257535,
    "max_deadline_violation": 0.008600653367726242,
    "avg_deadline_violation": 0.0014641017482663239,
    "avg_only_violated_deadline": 0.007111351348722145,
    "weighted_avg_deadline_violation": 0.0010943760903013371,
    "weighted_avg_only_violated_deadline": 0.007983488744338943,
    "deadline_satisfaction": 0.7941176470588235,
    "weighted_deadline_satisfaction": 0.8629200684879333,
    "overall_cost": 301.5526945533576,
    "max_cost": 136.63709264718676,
    "avg_cost": 14.359652121588455,
    "overall_migration_cost": 0.0,
    "max_migration_cost": 0.0,
    "avg_migration_cost": 0.0,
    "migration_rate": 0.0,
    "weighted_migration_rate": 0.0,
    "overall_response_time": 8.266997535231559,
    "weighted_overall_response_time": 1279.7956946157576,
    "max_response_time": 0.41098359872426016,
    "avg_response_time": 0.0607867465825849,
    "weighted_avg_response_time": 0.016383463854774783,
    "avg_unavailability": 0.011321704992603753,
    "overall_power_consumption": 1008.9596310542644
  },
  {
    "time": 39600.0,
    "opt": "ClusterLLGAOptimizer",
    "elapsed_time": 127.47358539002016,
    "valid": true,
    "overall_deadline_violation": 0.2144190150011127,
    "weighted_overall_deadline_violation": 125.48465767683226,
    "max_deadline_violation": 0.008600649967377865,
    "avg_deadline_violation": 0.0015882890000082429,
    "avg_only_violated_deadline": 0.007147300500037092,
    "weighted_avg_deadline_violation": 0.001552086502058344,
    "weighted_avg_only_violated_deadline": 0.008179501200699813,
    "deadline_satisfaction": 0.7777777777777778,
    "weighted_deadline_satisfaction": 0.8102468030782175,
    "overall_cost": 307.2871646769045,
    "max_cost": 147.38293258907646,
    "avg_cost": 12.291486587076182,
    "overall_migration_cost": 3514.264211422105,
    "max_migration_cost": 1203.190793227783,
    "avg_migration_cost": 439.28302642776316,
    "migration_rate": 0.32,
    "weighted_migration_rate": 0.0041926904938364784,
    "overall_response_time": 9.322120521256448,
    "weighted_overall_response_time": 1361.3948101717463,
    "max_response_time": 0.41098759271301327,
    "avg_response_time": 0.0690527446018996,
    "weighted_avg_response_time": 0.01683873190523088,
    "avg_unavailability": 0.007213099904678476,
    "overall_power_consumption": 962.6572492799476
  },
  {
    "time": 41400.0,
    "opt": "ClusterLLGAOptimizer",
    "elapsed_time": 122.63302607205696,
    "valid": true,
    "overall_deadline_violation": 0.1896182892896102,
    "weighted_overall_deadline_violation": 35.993586047343214,
    "max_deadline_violation": 0.008600657166501973,
    "avg_deadline_violation": 0.0012987554060932206,
    "avg_only_violated_deadline": 0.007022899603318897,
    "weighted_avg_deadline_violation": 0.0004899620216974466,
    "weighted_avg_only_violated_deadline": 0.00789185025045321,
    "deadline_satisfaction": 0.815068493150685,
    "weighted_deadline_satisfaction": 0.937915443635121,
    "overall_cost": 334.73935363874284,
    "max_cost": 135.78161709142586,
    "avg_cost": 13.947473068280951,
    "overall_migration_cost": 2.683456688195662,
    "max_migration_cost": 2.683456688195662,
    "avg_migration_cost": 2.683456688195662,
    "migration_rate": 0.041666666666666664,
    "weighted_migration_rate": 0.00045210261761956174,
    "overall_response_time": 9.039846541380781,
    "weighted_overall_response_time": 1210.0289169077353,
    "max_response_time": 0.41097919918941195,
    "avg_response_time": 0.06191675713274514,
    "weighted_avg_response_time": 0.01647149616214044,
    "avg_unavailability": 0.007271141837925427,
    "overall_power_consumption": 1123.11514417474
  },
  {
    "time": 43200.0,
    "opt": "ClusterLLGAOptimizer",
    "elapsed_time": 129.56177763314918,
    "valid": true,
    "overall_deadline_violation": 0.17931706007376427,
    "weighted_overall_deadline_violation": 56.59707452170165,
    "max_deadline_violation": 0.008600654875484691,
    "avg_deadline_violation": 0.0013088836501734616,
    "avg_only_violated_deadline": 0.007172682402950571,
    "weighted_avg_deadline_violation": 0.0007923600359987094,
    "weighted_avg_only_violated_deadline": 0.008040038046937481,
    "deadline_satisfaction": 0.8175182481751825,
    "weighted_deadline_satisfaction": 0.9014482230839039,
    "overall_cost": 321.2489588279156,
    "max_cost": 112.99997143001272,
    "avg_cost": 12.849958353116625,
    "overall_migration_cost": 205.60683264572097,
    "max_migration_cost": 192.3180875724839,
    "avg_migration_cost": 41.12136652914419,
    "migration_rate": 0.2,
    "weighted_migration_rate": 0.0024371151721030763,
    "overall_response_time": 8.75851772559199,
    "weighted_overall_response_time": 1217.3703916133557,
    "max_response_time": 0.4109719675782933,
    "avg_response_time": 0.06393078631818976,
    "weighted_avg_response_time": 0.01704320683488077,
    "avg_unavailability": 0.007213099904678476,
    "overall_power_consumption": 1120.8830212155717
  },
  {
    "time": 45000.0,
    "opt": "ClusterLLGAOptimizer",
    "elapsed_time": 123.55773182795383,
    "valid": true,
    "overall_deadline_violation": 0.17131562637805986,
    "weighted_overall_deadline_violation": 63.67414166553559,
    "max_deadline_violation": 0.008600655267192454,
    "avg_deadline_violation": 0.001232486520705467,
    "avg_only_violated_deadline": 0.0071381510990858295,
    "weighted_avg_deadline_violation": 0.000815937921366586,
    "weighted_avg_only_violated_deadline": 0.008071142972583394,
    "deadline_satisfaction": 0.8273381294964028,
    "weighted_deadline_satisfaction": 0.8989067689497988,
    "overall_cost": 331.6449713667343,
    "max_cost": 145.1684370669133,
    "avg_cost": 13.818540473613933,
    "overall_migration_cost": 1.7683882842013858,
    "max_migration_cost": 1.7683882842013858,
    "avg_migration_cost": 1.7683882842013858,
    "migration_rate": 0.041666666666666664,
    "weighted_migration_rate": 0.00029419792741882615,
    "overall_response_time": 7.583197632821216,
    "weighted_overall_response_time": 1234.233188474314,
    "max_response_time": 0.41098531039311775,
    "avg_response_time": 0.054555378653389996,
    "weighted_avg_response_time": 0.01581580270960241,
    "avg_unavailability": 0.007271141837925427,
    "overall_power_consumption": 1081.263756504166
  },
  {
    "time": 46800.0,
    "opt": "ClusterLLGAOptimizer",
    "elapsed_time": 129.1128187919967,
    "valid": true,
    "overall_deadline_violation": 0.1635168299610751,
    "weighted_overall_deadline_violation": 55.19845349224724,
    "max_deadline_violation": 0.008600655424648747,
    "avg_deadline_violation": 0.0011935535033655116,
    "avg_only_violated_deadline": 0.0068132012483781285,
    "weighted_avg_deadline_violation": 0.0007379617269520798,
    "weighted_avg_only_violated_deadline": 0.007819005329710194,
    "deadline_satisfaction": 0.8248175182481752,
    "weighted_deadline_satisfaction": 0.905619487922842,
    "overall_cost": 333.97799445014556,
    "max_cost": 126.32014704346554,
    "avg_cost": 12.84530747885175,
    "overall_migration_cost": 21.254248450935727,
    "max_migration_cost": 12.802000000000001,
    "avg_migration_cost": 5.313562112733932,
    "migration_rate": 0.15384615384615385,
    "weighted_migration_rate": 0.0020869222248175836,
    "overall_response_time": 8.828712326698444,
    "weighted_overall_response_time": 1212.2854642409534,
    "max_response_time": 0.41098725105847805,
    "avg_response_time": 0.06444315566933173,
    "weighted_avg_response_time": 0.01620734310746241,
    "avg_unavailability": 0.007154992647470476,
    "overall_power_consumption": 1124.1632075161315
  },
  {
    "time": 48600.0,
    "opt": "ClusterLLGAOptimizer",
    "elapsed_time": 130.02627207781188,
    "valid": true,
    "overall_deadline_violation": 0.16411608496787272,
    "weighted_overall_deadline_violation": 55.72716161893897,
    "max_deadline_violation": 0.008600655472132639,
    "avg_deadline_violation": 0.0012339555260742305,
    "avg_only_violated_deadline": 0.006838170206994694,
    "weighted_avg_deadline_violation": 0.0007030047472642445,
    "weighted_avg_only_violated_deadline": 0.008081297676027352,
    "deadline_satisfaction": 0.8195488721804511,
    "weighted_deadline_satisfaction": 0.9130084331196382,
    "overall_cost": 352.63869152985495,
    "max_cost": 150.71729828386682,
    "avg_cost": 13.563026597302114,
    "overall_migration_cost": 1.7856023792706086,
    "max_migration_cost": 1.7856023792706086,
    "avg_migration_cost": 1.7856023792706086,
    "migration_rate": 0.038461538461538464,
    "weighted_migration_rate": 0.0003241280848559283,
    "overall_response_time": 7.240314724419574,
    "weighted_overall_response_time": 1231.355914554851,
    "max_response_time": 0.4109933000193013,
    "avg_response_time": 0.054438456574583294,
    "weighted_avg_response_time": 0.015533700772762376,
    "avg_unavailability": 0.007154992647470476,
    "overall_power_consumption": 1133.3523015857559
  },
  {
    "time": 50400.0,
    "opt": "ClusterLLGAOptimizer",
    "elapsed_time": 136.77091194782406,
    "valid": true,
    "overall_deadline_violation": 0.22953712376340837,
    "weighted_overall_deadline_violation": 100.5302921901807,
    "max_deadline_violation": 0.008600652988864104,
    "avg_deadline_violation": 0.0016877729688485905,
    "avg_only_violated_deadline": 0.00655820353609738,
    "weighted_avg_deadline_violation": 0.0013540627837213231,
    "weighted_avg_only_violated_deadline": 0.006871307582725614,
    "deadline_satisfaction": 0.7426470588235294,
    "weighted_deadline_satisfaction": 0.8029395762859723,
    "overall_cost": 298.28165934811096,
    "max_cost": 130.4635854245918,
    "avg_cost": 11.04746886474485,
    "overall_migration_cost": 363.3224614332266,
    "max_migration_cost": 215.74159494356687,
    "avg_migration_cost": 40.369162381469614,
    "migration_rate": 0.3333333333333333,
    "weighted_migration_rate": 0.011776011017104635,
    "overall_response_time": 8.817282002087824,
    "weighted_overall_response_time": 1267.1220963060175,
    "max_response_time": 0.410998152996158,
    "avg_response_time": 0.06483295589770466,
    "weighted_avg_response_time": 0.01706712310945131,
    "avg_unavailability": 0.00714074882732121,
    "overall_power_consumption": 1022.1565289038908
  },
  {
    "time": 52200.0,
    "opt": "ClusterLLGAOptimizer",
    "elapsed_time": 128.32904571294785,
    "valid": true,
    "overall_deadline_violation": 0.1773161853577738,
    "weighted_overall_deadline_violation": 72.83992123882501,
    "max_deadline_violation": 0.008600652509362868,
    "avg_deadline_violation": 0.0012665441811269555,
    "avg_only_violated_deadline": 0.0068198532829912995,
    "weighted_avg_deadline_violation": 0.0009712678464089014,
    "weighted_avg_only_violated_deadline": 0.008064617399186375,
    "deadline_satisfaction": 0.8142857142857143,
    "weighted_deadline_satisfaction": 0.879564299416499,
    "overall_cost": 309.83947113332033,
    "max_cost": 136.6806439586024,
    "avg_cost": 11.475535967900758,
    "overall_migration_cost": 2.19596343096581,
    "max_migration_cost": 2.19596343096581,
    "avg_migration_cost": 2.19596343096581,
    "migration_rate": 0.037037037037037035,
    "weighted_migration_rate": 0.00022869724089704657,
    "overall_response_time": 9.101017280182571,
    "weighted_overall_response_time": 1225.213798345869,
    "max_response_time": 0.41099165269689003,
    "avg_response_time": 0.06500726628701836,
    "weighted_avg_response_time": 0.016337342861864106,
    "avg_unavailability": 0.0071441945715020405,
    "overall_power_consumption": 1072.5484577797718
  },
  {
    "time": 54000.0,
    "opt": "ClusterLLGAOptimizer",
    "elapsed_time": 140.16465861001052,
    "valid": true,
    "overall_deadline_violation": 0.2246320876704754,
    "weighted_overall_deadline_violation": 82.96926753158023,
    "max_deadline_violation": 0.008600652711436868,
    "avg_deadline_violation": 0.0016396502749669742,
    "avg_only_violated_deadline": 0.005911370728170406,
    "weighted_avg_deadline_violation": 0.0012142724002981186,
    "weighted_avg_only_violated_deadline": 0.006639445873823275,
    "deadline_satisfaction": 0.7226277372262774,
    "weighted_deadline_satisfaction": 0.8171123880856508,
    "overall_cost": 224.1766199223382,
    "max_cost": 127.02985304438879,
    "avg_cost": 11.79876946959675,
    "overall_migration_cost": 52.739769465397416,
    "max_migration_cost": 48.05879233673846,
    "avg_migration_cost": 13.184942366349354,
    "migration_rate": 0.21052631578947367,
    "weighted_migration_rate": 0.008753104288978455,
    "overall_response_time": 7.784840859196998,
    "weighted_overall_response_time": 1167.4479538631037,
    "max_response_time": 0.4109882156913279,
    "avg_response_time": 0.0568236559065474,
    "weighted_avg_response_time": 0.017085842400873366,
    "avg_unavailability": 0.02412585140499369,
    "overall_power_consumption": 859.9507730460388
  },
  {
    "time": 55800.0,
    "opt": "ClusterLLGAOptimizer",
    "elapsed_time": 132.22970644501038,
    "valid": true,
    "overall_deadline_violation": 0.20311839833344109,
    "weighted_overall_deadline_violation": 88.66977312781647,
    "max_deadline_violation": 0.008600651735199761,
    "avg_deadline_violation": 0.001410544432871119,
    "avg_only_violated_deadline": 0.00677061327778137,
    "weighted_avg_deadline_violation": 0.001207542854511327,
    "weighted_avg_only_violated_deadline": 0.007901344183451267,
    "deadline_satisfaction": 0.7916666666666666,
    "weighted_deadline_satisfaction": 0.8471724776854516,
    "overall_cost": 241.76569403259612,
    "max_cost": 127.87976747453932,
    "avg_cost": 12.724510212241903,
    "overall_migration_cost": 1.934442883732893,
    "max_migration_cost": 1.934442883732893,
    "avg_migration_cost": 1.934442883732893,
    "migration_rate": 0.05263157894736842,
    "weighted_migration_rate": 0.0003352659125939396,
    "overall_response_time": 7.146726264605761,
    "weighted_overall_response_time": 1185.3057805432693,
    "max_response_time": 0.41099504548567733,
    "avg_response_time": 0.04963004350420668,
    "weighted_avg_response_time": 0.016142000539944794,
    "avg_unavailability": 0.02412585140499369,
    "overall_power_consumption": 874.5379321202092
  },
  {
    "time": 57600.0,
    "opt": "ClusterLLGAOptimizer",
    "elapsed_time": 142.076632614946,
    "valid": true,
    "overall_deadline_violation": 0.21612045046096223,
    "weighted_overall_deadline_violation": 69.80879593189152,
    "max_deadline_violation": 0.00860065448165342,
    "avg_deadline_violation": 0.0015437175032925875,
    "avg_only_violated_deadline": 0.006753764076905071,
    "weighted_avg_deadline_violation": 0.0010442818271875248,
    "weighted_avg_only_violated_deadline": 0.007864498326943541,
    "deadline_satisfaction": 0.7714285714285715,
    "weighted_deadline_satisfaction": 0.8672157099188584,
    "overall_cost": 233.898878055726,
    "max_cost": 119.4871837261273,
    "avg_cost": 9.355955122229041,
    "overall_migration_cost": 10597.721183964493,
    "max_migration_cost": 3417.8827980428755,
    "avg_migration_cost": 1766.2868639940823,
    "migration_rate": 0.24,
    "weighted_migration_rate": 0.0051736032803773235,
    "overall_response_time": 8.800865368646207,
    "weighted_overall_response_time": 1118.7111989331709,
    "max_response_time": 0.41099120549879653,
    "avg_response_time": 0.06286332406175858,
    "weighted_avg_response_time": 0.016734993911897183,
    "avg_unavailability": 0.002238264272849453,
    "overall_power_consumption": 900.8825178586596
  },
  {
    "time": 59400.0,
    "opt": "ClusterLLGAOptimizer",
    "elapsed_time": 139.07186403498054,
    "valid": true,
    "overall_deadline_violation": 0.183718385620408,
    "weighted_overall_deadline_violation": 56.68616395148427,
    "max_deadline_violation": 0.008600654775261625,
    "avg_deadline_violation": 0.0012847439553874689,
    "avg_only_violated_deadline": 0.007066091754631078,
    "weighted_avg_deadline_violation": 0.0008505595020130533,
    "weighted_avg_only_violated_deadline": 0.008016421686153663,
    "deadline_satisfaction": 0.8181818181818182,
    "weighted_deadline_satisfaction": 0.8938978592553111,
    "overall_cost": 274.6963537116674,
    "max_cost": 128.49674903814358,
    "avg_cost": 11.445681404652806,
    "overall_migration_cost": 0.0,
    "max_migration_cost": 0.0,
    "avg_migration_cost": 0.0,
    "migration_rate": 0.0,
    "weighted_migration_rate": 0.0,
    "overall_response_time": 8.200763708177135,
    "weighted_overall_response_time": 1137.6562658880746,
    "max_response_time": 0.4109848195738092,
    "avg_response_time": 0.05734799795928065,
    "weighted_avg_response_time": 0.017070203371037134,
    "avg_unavailability": 0.0023179728952767865,
    "overall_power_consumption": 1030.335305093447
  },
  {
    "time": 61200.0,
    "opt": "ClusterLLGAOptimizer",
    "elapsed_time": 135.8610482418444,
    "valid": true,
    "overall_deadline_violation": 0.1839168406019214,
    "weighted_overall_deadline_violation": 69.49714250975762,
    "max_deadline_violation": 0.00860065434283407,
    "avg_deadline_violation": 0.00133273072899943,
    "avg_only_violated_deadline": 0.006811734837108199,
    "weighted_avg_deadline_violation": 0.0009977625461552882,
    "weighted_avg_only_violated_deadline": 0.007850046937054522,
    "deadline_satisfaction": 0.8043478260869565,
    "weighted_deadline_satisfaction": 0.8728972509138059,
    "overall_cost": 234.99449445584722,
    "max_cost": 131.7142602351583,
    "avg_cost": 11.749724722792362,
    "overall_migration_cost": 5.678454956045313,
    "max_migration_cost": 5.496142281052629,
    "avg_migration_cost": 2.8392274780226563,
    "migration_rate": 0.1,
    "weighted_migration_rate": 0.0005358587457791083,
    "overall_response_time": 6.771896213341742,
    "weighted_overall_response_time": 1179.197211710864,
    "max_response_time": 0.4109899491186441,
    "avg_response_time": 0.049071711690882175,
    "weighted_avg_response_time": 0.01692959983513935,
    "avg_unavailability": 0.02403310120378569,
    "overall_power_consumption": 865.0304586501196
  },
  {
    "time": 63000.0,
    "opt": "ClusterLLGAOptimizer",
    "elapsed_time": 137.1717222740408,
    "valid": true,
    "overall_deadline_violation": 0.19811721106218755,
    "weighted_overall_deadline_violation": 78.0994373884849,
    "max_deadline_violation": 0.008600653614516623,
    "avg_deadline_violation": 0.0013758139657096358,
    "avg_only_violated_deadline": 0.006603907035406252,
    "weighted_avg_deadline_violation": 0.0011897671514365315,
    "weighted_avg_only_violated_deadline": 0.00796686454347553,
    "deadline_satisfaction": 0.7916666666666666,
    "weighted_deadline_satisfaction": 0.8506605522230333,
    "overall_cost": 216.1943916629992,
    "max_cost": 119.54853112731482,
    "avg_cost": 11.37865219278943,
    "overall_migration_cost": 0.0,
    "max_migration_cost": 0.0,
    "avg_migration_cost": 0.0,
    "migration_rate": 0.0,
    "weighted_migration_rate": 0.0,
    "overall_response_time": 7.396098919217338,
    "weighted_overall_response_time": 1105.966662778113,
    "max_response_time": 0.41098811266616436,
    "avg_response_time": 0.0513617980501204,
    "weighted_avg_response_time": 0.01684830070429281,
    "avg_unavailability": 0.02409120846099369,
    "overall_power_consumption": 863.6581414948441
  },
  {
    "time": 64800.0,
    "opt": "ClusterLLGAOptimizer",
    "elapsed_time": 147.49961799010634,
    "valid": true,
    "overall_deadline_violation": 0.2487198035683387,
    "weighted_overall_deadline_violation": 91.56294155368846,
    "max_deadline_violation": 0.00860065091273405,
    "avg_deadline_violation": 0.001763970238073324,
    "avg_only_violated_deadline": 0.006908883432453852,
    "weighted_avg_deadline_violation": 0.0013733203091635914,
    "weighted_avg_only_violated_deadline": 0.007786584428828867,
    "deadline_satisfaction": 0.7446808510638298,
    "weighted_deadline_satisfaction": 0.8236299469021304,
    "overall_cost": 249.92654682515078,
    "max_cost": 138.3742278024979,
    "avg_cost": 8.618156787074167,
    "overall_migration_cost": 19126.613843082847,
    "max_migration_cost": 3194.5238092132768,
    "avg_migration_cost": 1366.186703077346,
    "migration_rate": 0.4827586206896552,
    "weighted_migration_rate": 0.010675550144448391,
    "overall_response_time": 8.712982214528433,
    "weighted_overall_response_time": 1239.9987499089464,
    "max_response_time": 0.4109803247477717,
    "avg_response_time": 0.061794200103038543,
    "weighted_avg_response_time": 0.018598304485323975,
    "avg_unavailability": 0.001597739784882332,
    "overall_power_consumption": 886.9382730647812
  },
  {
    "time": 66600.0,
    "opt": "ClusterLLGAOptimizer",
    "elapsed_time": 132.94728159019724,
    "valid": true,
    "overall_deadline_violation": 0.14931608835981952,
    "weighted_overall_deadline_violation": 71.58894969991273,
    "max_deadline_violation": 0.00860065292188611,
    "avg_deadline_violation": 0.001074216463020284,
    "avg_only_violated_deadline": 0.006787094925446341,
    "weighted_avg_deadline_violation": 0.0010374542572985208,
    "weighted_avg_only_violated_deadline": 0.008090599804334644,
    "deadline_satisfaction": 0.841726618705036,
    "weighted_deadline_satisfaction": 0.8717704147543313,
    "overall_cost": 302.27090678357206,
    "max_cost": 130.55671502469514,
    "avg_cost": 10.795389527984714,
    "overall_migration_cost": 0.0,
    "max_migration_cost": 0.0,
    "avg_migration_cost": 0.0,
    "migration_rate": 0.0,
    "weighted_migration_rate": 0.0,
    "overall_response_time": 7.886400602562727,
    "weighted_overall_response_time": 1105.3280916590834,
    "max_response_time": 0.4109880417274067,
    "avg_response_time": 0.05673669498246563,
    "weighted_avg_response_time": 0.016018217046209347,
    "avg_unavailability": 0.0015981587352711922,
    "overall_power_consumption": 1082.8783337119391
  },
  {
    "time": 68400.0,
    "opt": "ClusterLLGAOptimizer",
    "elapsed_time": 137.60084265307523,
    "valid": true,
    "overall_deadline_violation": 0.19461905948585492,
    "weighted_overall_deadline_violation": 102.11855493831189,
    "max_deadline_violation": 0.008600648535247852,
    "avg_deadline_violation": 0.0014205770765390868,
    "avg_only_violated_deadline": 0.006950680695923391,
    "weighted_avg_deadline_violation": 0.001445218387606068,
    "weighted_avg_only_violated_deadline": 0.00814914305146878,
    "deadline_satisfaction": 0.7956204379562044,
    "weighted_deadline_satisfaction": 0.8226539430614629,
    "overall_cost": 282.56481645653196,
    "max_cost": 130.91131940255462,
    "avg_cost": 11.773534019022163,
    "overall_migration_cost": 37.47708054159611,
    "max_migration_cost": 33.47891769912174,
    "avg_migration_cost": 9.369270135399027,
    "migration_rate": 0.16666666666666666,
    "weighted_migration_rate": 0.003306569237726957,
    "overall_response_time": 8.230453496600314,
    "weighted_overall_response_time": 1195.0740982958496,
    "max_response_time": 0.4109929704548072,
    "avg_response_time": 0.060076302894892825,
    "weighted_avg_response_time": 0.01691311693993557,
    "avg_unavailability": 0.007764364007553089,
    "overall_power_consumption": 1032.2176109780116
  },
  {
    "time": 70200.0,
    "opt": "ClusterLLGAOptimizer",
    "elapsed_time": 130.19325027614832,
    "valid": true,
    "overall_deadline_violation": 0.21122029420910696,
    "weighted_overall_deadline_violation": 60.7598160013128,
    "max_deadline_violation": 0.008600655668463887,
    "avg_deadline_violation": 0.0014467143438979928,
    "avg_only_violated_deadline": 0.006813557877713125,
    "weighted_avg_deadline_violation": 0.0007935197789064721,
    "weighted_avg_only_violated_deadline": 0.007895653360345855,
    "deadline_satisfaction": 0.7876712328767124,
    "weighted_deadline_satisfaction": 0.8994991620463291,
    "overall_cost": 315.73992302853696,
    "max_cost": 154.47617994394034,
    "avg_cost": 13.15583012618904,
    "overall_migration_cost": 0.0,
    "max_migration_cost": 0.0,
    "avg_migration_cost": 0.0,
    "migration_rate": 0.0,
    "weighted_migration_rate": 0.0,
    "overall_response_time": 8.130049614120516,
    "weighted_overall_response_time": 1289.7169928644862,
    "max_response_time": 0.4109814118458302,
    "avg_response_time": 0.055685271329592584,
    "weighted_avg_response_time": 0.016843631373202883,
    "avg_unavailability": 0.007764364007553089,
    "overall_power_consumption": 1030.0137741121102
  },
  {
    "time": 72000.0,
    "opt": "ClusterLLGAOptimizer",
    "elapsed_time": 133.14355539507233,
    "valid": true,
    "overall_deadline_violation": 0.23131453244044728,
    "weighted_overall_deadline_violation": 78.73686075501043,
    "max_deadline_violation": 0.008600653277979608,
    "avg_deadline_violation": 0.0015735682478941995,
    "avg_only_violated_deadline": 0.006425403678901313,
    "weighted_avg_deadline_violation": 0.001063667965274046,
    "weighted_avg_only_violated_deadline": 0.006544078618736614,
    "deadline_satisfaction": 0.7551020408163265,
    "weighted_deadline_satisfaction": 0.837461004482951,
    "overall_cost": 256.3692946384551,
    "max_cost": 145.81773613767973,
    "avg_cost": 12.208061649450242,
    "overall_migration_cost": 18.81305840631905,
    "max_migration_cost": 14.364744017342979,
    "avg_migration_cost": 6.271019468773017,
    "migration_rate": 0.14285714285714285,
    "weighted_migration_rate": 0.008166159042779739,
    "overall_response_time": 12.248919027075798,
    "weighted_overall_response_time": 1421.196490974475,
    "max_response_time": 0.4109868593341083,
    "avg_response_time": 0.08332597977602581,
    "weighted_avg_response_time": 0.01919915482169179,
    "avg_unavailability": 0.024067087730904973,
    "overall_power_consumption": 865.4687152481822
  },
  {
    "time": 73800.0,
    "opt": "ClusterLLGAOptimizer",
    "elapsed_time": 128.4982592978049,
    "valid": true,
    "overall_deadline_violation": 0.17671680898545453,
    "weighted_overall_deadline_violation": 58.57233448936876,
    "max_deadline_violation": 0.008600654515632593,
    "avg_deadline_violation": 0.0012444845703201014,
    "avg_only_violated_deadline": 0.006796800345594402,
    "weighted_avg_deadline_violation": 0.0008575039018912079,
    "weighted_avg_only_violated_deadline": 0.008085647397401953,
    "deadline_satisfaction": 0.8169014084507042,
    "weighted_deadline_satisfaction": 0.8939474033746836,
    "overall_cost": 233.86040116425576,
    "max_cost": 138.97539290338852,
    "avg_cost": 10.630018234738897,
    "overall_migration_cost": 2.4845078377361403,
    "max_migration_cost": 2.4845078377361403,
    "avg_migration_cost": 2.4845078377361403,
    "migration_rate": 0.045454545454545456,
    "weighted_migration_rate": 0.0004796878544378245,
    "overall_response_time": 8.842197248402414,
    "weighted_overall_response_time": 1146.8453967721164,
    "max_response_time": 0.4109943969954589,
    "avg_response_time": 0.06226899470705925,
    "weighted_avg_response_time": 0.01678991303951796,
    "avg_unavailability": 0.02406586864064875,
    "overall_power_consumption": 871.4729926889434
  },
  {
    "time": 75600.0,
    "opt": "ClusterLLGAOptimizer",
    "elapsed_time": 141.6103045179043,
    "valid": true,
    "overall_deadline_violation": 0.1887190474960938,
    "weighted_overall_deadline_violation": 51.12266844620903,
    "max_deadline_violation": 0.008600655492473621,
    "avg_deadline_violation": 0.0013290073767330546,
    "avg_only_violated_deadline": 0.00673996598200335,
    "weighted_avg_deadline_violation": 0.0006835239133167354,
    "weighted_avg_only_violated_deadline": 0.008152849622719026,
    "deadline_satisfaction": 0.8028169014084507,
    "weighted_deadline_satisfaction": 0.9161613491052254,
    "overall_cost": 261.30613284105596,
    "max_cost": 154.9693548695717,
    "avg_cost": 13.065306642052796,
    "overall_migration_cost": 1.8001675054961577,
    "max_migration_cost": 1.8001675054961577,
    "avg_migration_cost": 1.8001675054961577,
    "migration_rate": 0.05,
    "weighted_migration_rate": 0.00028044249943456244,
    "overall_response_time": 8.520332381415232,
    "weighted_overall_response_time": 1312.9312990169205,
    "max_response_time": 0.4109823120476245,
    "avg_response_time": 0.06000234071419177,
    "weighted_avg_response_time": 0.01755424680862131,
    "avg_unavailability": 0.024107996799905773,
    "overall_power_consumption": 866.5007992575552
  },
  {
    "time": 77400.0,
    "opt": "ClusterLLGAOptimizer",
    "elapsed_time": 131.10888703004457,
    "valid": true,
    "overall_deadline_violation": 0.18861744388519205,
    "weighted_overall_deadline_violation": 93.25548166790487,
    "max_deadline_violation": 0.008600651025005372,
    "avg_deadline_violation": 0.0013472674563228004,
    "avg_only_violated_deadline": 0.006985831255007113,
    "weighted_avg_deadline_violation": 0.0011687313794559206,
    "weighted_avg_only_violated_deadline": 0.008254889601717347,
    "deadline_satisfaction": 0.8071428571428572,
    "weighted_deadline_satisfaction": 0.8584195021563005,
    "overall_cost": 268.53186948039263,
    "max_cost": 160.70534446301784,
    "avg_cost": 13.426593474019631,
    "overall_migration_cost": 0.0,
    "max_migration_cost": 0.0,
    "avg_migration_cost": 0.0,
    "migration_rate": 0.0,
    "weighted_migration_rate": 0.0,
    "overall_response_time": 7.702710890836156,
    "weighted_overall_response_time": 1366.7082723534531,
    "max_response_time": 0.41098417932233317,
    "avg_response_time": 0.05501936350597253,
    "weighted_avg_response_time": 0.017128374824653417,
    "avg_unavailability": 0.024107996799905773,
    "overall_power_consumption": 862.3885759356133
  },
  {
    "time": 79200.0,
    "opt": "ClusterLLGAOptimizer",
    "elapsed_time": 150.24112069397233,
    "valid": true,
    "overall_deadline_violation": 0.24462221438609727,
    "weighted_overall_deadline_violation": 130.33339087936383,
    "max_deadline_violation": 0.008600646827753711,
    "avg_deadline_violation": 0.0018962962355511415,
    "avg_only_violated_deadline": 0.006989206125317064,
    "weighted_avg_deadline_violation": 0.001717835611197792,
    "weighted_avg_only_violated_deadline": 0.00820587207340025,
    "deadline_satisfaction": 0.7286821705426356,
    "weighted_deadline_satisfaction": 0.7906577636316997,
    "overall_cost": 279.2607347495534,
    "max_cost": 150.440856711322,
    "avg_cost": 9.62968050860529,
    "overall_migration_cost": 24147.788689199773,
    "max_migration_cost": 4297.930773915893,
    "avg_migration_cost": 1509.2367930749858,
    "migration_rate": 0.5517241379310345,
    "weighted_migration_rate": 0.008455048544327003,
    "overall_response_time": 8.781806867260268,
    "weighted_overall_response_time": 1373.176678591175,
    "max_response_time": 0.4109862672370892,
    "avg_response_time": 0.06807602222682378,
    "weighted_avg_response_time": 0.018098906067238043,
    "avg_unavailability": 0.007198090641000199,
    "overall_power_consumption": 865.5996047378885
  },
  {
    "time": 81000.0,
    "opt": "ClusterLLGAOptimizer",
    "elapsed_time": 144.87069381703623,
    "valid": true,
    "overall_deadline_violation": 0.15461678538754817,
    "weighted_overall_deadline_violation": 43.66450114157871,
    "max_deadline_violation": 0.008600656131641531,
    "avg_deadline_violation": 0.0011802808044851002,
    "avg_only_violated_deadline": 0.006722468929893399,
    "weighted_avg_deadline_violation": 0.000545542913824201,
    "weighted_avg_only_violated_deadline": 0.008178135902290615,
    "deadline_satisfaction": 0.8244274809160306,
    "weighted_deadline_satisfaction": 0.9332925106231849,
    "overall_cost": 355.59103206764837,
    "max_cost": 155.20983588478185,
    "avg_cost": 13.170038224727715,
    "overall_migration_cost": 0.482,
    "max_migration_cost": 0.482,
    "avg_migration_cost": 0.482,
    "migration_rate": 0.037037037037037035,
    "weighted_migration_rate": 0.0021559043022736156,
    "overall_response_time": 5.850024812095059,
    "weighted_overall_response_time": 1278.385508248058,
    "max_response_time": 0.41098698089616664,
    "avg_response_time": 0.044656677954924125,
    "weighted_avg_response_time": 0.015972108622035255,
    "avg_unavailability": 0.007255855951680911,
    "overall_power_consumption": 1127.890596968263
  },
  {
    "time": 82800.0,
    "opt": "ClusterLLGAOptimizer",
    "elapsed_time": 148.84734544111416,
    "valid": true,
    "overall_deadline_violation": 0.13561368883720445,
    "weighted_overall_deadline_violation": 35.602653696544714,
    "max_deadline_violation": 0.008600657906645626,
    "avg_deadline_violation": 0.0010431822218246495,
    "avg_only_violated_deadline": 0.0064577947065335446,
    "weighted_avg_deadline_violation": 0.00042766699819859935,
    "weighted_avg_only_violated_deadline": 0.00791613445620498,
    "deadline_satisfaction": 0.8384615384615385,
    "weighted_deadline_satisfaction": 0.9459752735928609,
    "overall_cost": 362.2955598418933,
    "max_cost": 163.41192695230515,
    "avg_cost": 12.939127137210473,
    "overall_migration_cost": 640.9924986274282,
    "max_migration_cost": 541.7856544165503,
    "avg_migration_cost": 160.24812465685707,
    "migration_rate": 0.14285714285714285,
    "weighted_migration_rate": 0.0026460970405315252,
    "overall_response_time": 7.163248025588106,
    "weighted_overall_response_time": 1309.7277636074994,
    "max_response_time": 0.41098666388609706,
    "avg_response_time": 0.05510190788913926,
    "weighted_avg_response_time": 0.01573274132578901,
    "avg_unavailability": 0.0016111124521137137,
    "overall_power_consumption": 1113.346628271667
  },
  {
    "time": 84600.0,
    "opt": "ClusterLLGAOptimizer",
    "elapsed_time": 139.38054481707513,
    "valid": true,
    "overall_deadline_violation": 0.12701303181469184,
    "weighted_overall_deadline_violation": 33.622525765824186,
    "max_deadline_violation": 0.008600658201339643,
    "avg_deadline_violation": 0.000969565128356426,
    "avg_only_violated_deadline": 0.00635065159073459,
    "weighted_avg_deadline_violation": 0.00040388120853020344,
    "weighted_avg_only_violated_deadline": 0.007879203403701131,
    "deadline_satisfaction": 0.8473282442748091,
    "weighted_deadline_satisfaction": 0.9487408576937502,
    "overall_cost": 367.80840878504245,
    "max_cost": 163.4119542906339,
    "avg_cost": 13.622533658705272,
    "overall_migration_cost": 0.0,
    "max_migration_cost": 0.0,
    "avg_migration_cost": 0.0,
    "migration_rate": 0.0,
    "weighted_migration_rate": 0.0,
    "overall_response_time": 7.085113793956742,
    "weighted_overall_response_time": 1300.0270748206885,
    "max_response_time": 0.41098666381566173,
    "avg_response_time": 0.0540848381218072,
    "weighted_avg_response_time": 0.015616212468911593,
    "avg_unavailability": 0.0016637666364000727,
    "overall_power_consumption": 1136.0544210334554
  }
]