[
  {
    "time": 0.0,
    "opt": "ClusterLLGAOptimizer",
    "elapsed_time": 262.9735698690638,
    "valid": true,
    "overall_deadline_violation": 0.3726197201063722,
    "weighted_overall_deadline_violation": 168.7555639298011,
    "max_deadline_violation": 0.01100095000000395,
    "avg_deadline_violation": 0.0032401714791858464,
    "avg_only_violated_deadline": 0.006210328668439538,
    "weighted_avg_deadline_violation": 0.0024541750796302727,
    "weighted_avg_only_violated_deadline": 0.006888305380771572,
    "deadline_satisfaction": 0.4782608695652174,
    "weighted_deadline_satisfaction": 0.6437186007343689,
    "overall_cost": 373.1715478152014,
    "max_cost": 131.8498392754588,
    "avg_cost": 9.101745068663451,
    "overall_migration_cost": 0.0,
    "max_migration_cost": 0.0,
    "avg_migration_cost": 0.0,
    "migration_rate": 0.0,
    "weighted_migration_rate": 0.0,
    "overall_response_time": 19.11994014281244,
    "weighted_overall_response_time": 2722.3729226625487,
    "max_response_time": 0.9109993952078437,
    "avg_response_time": 0.16626034906793424,
    "weighted_avg_response_time": 0.03959087113144247,
    "avg_unavailability": 0.0036364387128407527,
    "overall_power_consumption": 1237.769079481565
  },
  {
    "time": 1800.0,
    "opt": "ClusterLLGAOptimizer",
    "elapsed_time": 266.53374080965295,
    "valid": true,
    "overall_deadline_violation": 0.5609700115847991,
    "weighted_overall_deadline_violation": 268.10948667914937,
    "max_deadline_violation": 0.011000306431593554,
    "avg_deadline_violation": 0.004217819635975931,
    "avg_only_violated_deadline": 0.007900986078659139,
    "weighted_avg_deadline_violation": 0.0041542696788305035,
    "weighted_avg_only_violated_deadline": 0.008313690833171723,
    "deadline_satisfaction": 0.46616541353383456,
    "weighted_deadline_satisfaction": 0.5003098188045533,
    "overall_cost": 309.2004045061023,
    "max_cost": 97.16187357053005,
    "avg_cost": 7.361914393002434,
    "overall_migration_cost": 45.925566410540014,
    "max_migration_cost": 45.925566410540014,
    "avg_migration_cost": 45.925566410540014,
    "migration_rate": 0.023809523809523808,
    "weighted_migration_rate": 0.00268081982672947,
    "overall_response_time": 28.338046006164515,
    "weighted_overall_response_time": 2425.925307475771,
    "max_response_time": 0.9109824030698749,
    "avg_response_time": 0.21306801508394368,
    "weighted_avg_response_time": 0.037588927093857714,
    "avg_unavailability": 0.003636311694758527,
    "overall_power_consumption": 1035.2427841800372
  },
  {
    "time": 3600.0,
    "opt": "ClusterLLGAOptimizer",
    "elapsed_time": 351.8950792690739,
    "valid": true,
    "overall_deadline_violation": 0.6347094544366271,
    "weighted_overall_deadline_violation": 195.5499103309945,
    "max_deadline_violation": 0.010999258237917364,
    "avg_deadline_violation": 0.004377306582321567,
    "avg_only_violated_deadline": 0.008242979927748405,
    "weighted_avg_deadline_violation": 0.003936457959485633,
    "weighted_avg_only_violated_deadline": 0.008258551933142956,
    "deadline_satisfaction": 0.4689655172413793,
    "weighted_deadline_satisfaction": 0.5233476774919867,
    "overall_cost": 284.675169248905,
    "max_cost": 61.87695758926937,
    "avg_cost": 8.133576264254428,
    "overall_migration_cost": 0.8982981027974598,
    "max_migration_cost": 0.8982981027974598,
    "avg_migration_cost": 0.8982981027974598,
    "migration_rate": 0.02857142857142857,
    "weighted_migration_rate": 0.0003157786483279532,
    "overall_response_time": 24.710091616828606,
    "weighted_overall_response_time": 1513.7742518116206,
    "max_response_time": 0.9109871932054145,
    "avg_response_time": 0.17041442494364545,
    "weighted_avg_response_time": 0.030472571899020622,
    "avg_unavailability": 0.0036372094803262425,
    "overall_power_consumption": 1208.7312348898886
  },
  {
    "time": 5400.0,
    "opt": "ClusterLLGAOptimizer",
    "elapsed_time": 282.90715497685596,
    "valid": true,
    "overall_deadline_violation": 0.5709307791579097,
    "weighted_overall_deadline_violation": 207.78172665460545,
    "max_deadline_violation": 0.010998970867989566,
    "avg_deadline_violation": 0.004292712625247443,
    "avg_only_violated_deadline": 0.007820969577505615,
    "weighted_avg_deadline_violation": 0.003001397251133886,
    "weighted_avg_only_violated_deadline": 0.008205027125395097,
    "deadline_satisfaction": 0.45112781954887216,
    "weighted_deadline_satisfaction": 0.6342002036965407,
    "overall_cost": 348.0601402161642,
    "max_cost": 131.47225356014354,
    "avg_cost": 9.944575434747547,
    "overall_migration_cost": 0.0,
    "max_migration_cost": 0.0,
    "avg_migration_cost": 0.0,
    "migration_rate": 0.0,
    "weighted_migration_rate": 0.0,
    "overall_response_time": 23.5086067125387,
    "weighted_overall_response_time": 2861.387508972372,
    "max_response_time": 0.9109859638043146,
    "avg_response_time": 0.17675644144765945,
    "weighted_avg_response_time": 0.04133260774242469,
    "avg_unavailability": 0.0036372094803262425,
    "overall_power_consumption": 1137.6459669768064
  },
  {
    "time": 7200.0,
    "opt": "ClusterLLGAOptimizer",
    "elapsed_time": 332.8963108533062,
    "valid": true,
    "overall_deadline_violation": 0.6100915270525947,
    "weighted_overall_deadline_violation": 210.23548212190914,
    "max_deadline_violation": 0.011000673451825316,
    "avg_deadline_violation": 0.004150282496956426,
    "avg_only_violated_deadline": 0.007094087523867379,
    "weighted_avg_deadline_violation": 0.0032157207487918077,
    "weighted_avg_only_violated_deadline": 0.007896558362269166,
    "deadline_satisfaction": 0.41496598639455784,
    "weighted_deadline_satisfaction": 0.5927693304773176,
    "overall_cost": 351.6579977059488,
    "max_cost": 101.59968187057879,
    "avg_cost": 9.254157834367074,
    "overall_migration_cost": 7.906188615074958,
    "max_migration_cost": 2.3330283165150294,
    "avg_migration_cost": 1.5812377230149917,
    "migration_rate": 0.13157894736842105,
    "weighted_migration_rate": 0.002093905002014043,
    "overall_response_time": 29.202515827152652,
    "weighted_overall_response_time": 2466.472578445221,
    "max_response_time": 0.9109934583299335,
    "avg_response_time": 0.19865657025273922,
    "weighted_avg_response_time": 0.03772668137071693,
    "avg_unavailability": 0.003636699414908367,
    "overall_power_consumption": 1252.059677735816
  },
  {
    "time": 9000.0,
    "opt": "ClusterLLGAOptimizer",
    "elapsed_time": 317.74417221173644,
    "valid": true,
    "overall_deadline_violation": 0.5645377999838462,
    "weighted_overall_deadline_violation": 229.26694109484998,
    "max_deadline_violation": 0.011000331076564007,
    "avg_deadline_violation": 0.004120713868495227,
    "avg_only_violated_deadline": 0.007056722499798075,
    "weighted_avg_deadline_violation": 0.003810441024559494,
    "weighted_avg_only_violated_deadline": 0.007248611544784156,
    "deadline_satisfaction": 0.41605839416058393,
    "weighted_deadline_satisfaction": 0.47432125435093114,
    "overall_cost": 327.176300822285,
    "max_cost": 76.72488427436429,
    "avg_cost": 8.609902653218029,
    "overall_migration_cost": 0.0,
    "max_migration_cost": 0.0,
    "avg_migration_cost": 0.0,
    "migration_rate": 0.0,
    "weighted_migration_rate": 0.0,
    "overall_response_time": 25.12845821999758,
    "weighted_overall_response_time": 2099.7149486977332,
    "max_response_time": 0.9109898978407935,
    "avg_response_time": 0.18341940306567572,
    "weighted_avg_response_time": 0.0348974864940892,
    "avg_unavailability": 0.003636699414908367,
    "overall_power_consumption": 1211.1673264646977
  },
  {
    "time": 10800.0,
    "opt": "ClusterLLGAOptimizer",
    "elapsed_time": 332.4977775090374,
    "valid": true,
    "overall_deadline_violation": 0.5588818899429043,
    "weighted_overall_deadline_violation": 281.88750921158635,
    "max_deadline_violation": 0.011000543078558522,
    "avg_deadline_violation": 0.004109425661344886,
    "avg_only_violated_deadline": 0.0074517585325720595,
    "weighted_avg_deadline_violation": 0.004538851437606051,
    "weighted_avg_only_violated_deadline": 0.00798866253382578,
    "deadline_satisfaction": 0.4485294117647059,
    "weighted_deadline_satisfaction": 0.43183838115735385,
    "overall_cost": 330.10673871499677,
    "max_cost": 103.71337180652758,
    "avg_cost": 8.252668467874916,
    "overall_migration_cost": 13.734485142280162,
    "max_migration_cost": 2.5723380295985177,
    "avg_migration_cost": 1.7168106427850203,
    "migration_rate": 0.2,
    "weighted_migration_rate": 0.0037951083507906337,
    "overall_response_time": 23.27969255981303,
    "weighted_overall_response_time": 2073.988273732366,
    "max_response_time": 0.9109941250501967,
    "avg_response_time": 0.17117420999862515,
    "weighted_avg_response_time": 0.03339461434150455,
    "avg_unavailability": 0.003636475708722402,
    "overall_power_consumption": 1149.332786989461
  },
  {
    "time": 12600.0,
    "opt": "ClusterLLGAOptimizer",
    "elapsed_time": 304.1696250261739,
    "valid": true,
    "overall_deadline_violation": 0.5189454524809767,
    "weighted_overall_deadline_violation": 245.61964206550377,
    "max_deadline_violation": 0.010999824462811392,
    "avg_deadline_violation": 0.003844040388747975,
    "avg_only_violated_deadline": 0.007745454514641443,
    "weighted_avg_deadline_violation": 0.0038376018046727646,
    "weighted_avg_only_violated_deadline": 0.008044465966804117,
    "deadline_satisfaction": 0.5037037037037037,
    "weighted_deadline_satisfaction": 0.5229513282163395,
    "overall_cost": 338.8204044773334,
    "max_cost": 93.38312525946428,
    "avg_cost": 8.470510111933333,
    "overall_migration_cost": 0.0,
    "max_migration_cost": 0.0,
    "avg_migration_cost": 0.0,
    "migration_rate": 0.0,
    "weighted_migration_rate": 0.0,
    "overall_response_time": 21.73635535801895,
    "weighted_overall_response_time": 2274.846029365425,
    "max_response_time": 0.9109962587685175,
    "avg_response_time": 0.16101003968902927,
    "weighted_avg_response_time": 0.03554256961793494,
    "avg_unavailability": 0.003636475708722402,
    "overall_power_consumption": 1182.1420503683098
  },
  {
    "time": 14400.0,
    "opt": "ClusterLLGAOptimizer",
    "elapsed_time": 349.8869385579601,
    "valid": true,
    "overall_deadline_violation": 0.5683159700414159,
    "weighted_overall_deadline_violation": 256.108241212309,
    "max_deadline_violation": 0.011000640445537113,
    "avg_deadline_violation": 0.004059399786010119,
    "avg_only_violated_deadline": 0.007016246543721193,
    "weighted_avg_deadline_violation": 0.0038476401404484305,
    "weighted_avg_only_violated_deadline": 0.007836165577434414,
    "deadline_satisfaction": 0.42142857142857143,
    "weighted_deadline_satisfaction": 0.5089894282570581,
    "overall_cost": 351.836616316413,
    "max_cost": 90.39476225217791,
    "avg_cost": 8.58138088576617,
    "overall_migration_cost": 8.355254569044288,
    "max_migration_cost": 2.6155482008603914,
    "avg_migration_cost": 1.6710509138088576,
    "migration_rate": 0.12195121951219512,
    "weighted_migration_rate": 0.0016105506816244965,
    "overall_response_time": 26.888777379305072,
    "weighted_overall_response_time": 2301.677725833363,
    "max_response_time": 0.910996941373411,
    "avg_response_time": 0.1920626955664648,
    "weighted_avg_response_time": 0.03457923714743337,
    "avg_unavailability": 0.0036368072774051402,
    "overall_power_consumption": 1195.7410432259155
  },
  {
    "time": 16200.0,
    "opt": "ClusterLLGAOptimizer",
    "elapsed_time": 325.373637245968,
    "valid": true,
    "overall_deadline_violation": 0.5366194765386424,
    "weighted_overall_deadline_violation": 368.27402682371195,
    "max_deadline_violation": 0.011000547157407503,
    "avg_deadline_violation": 0.004096331881974373,
    "avg_only_violated_deadline": 0.007891462890274158,
    "weighted_avg_deadline_violation": 0.004332026314852092,
    "weighted_avg_only_violated_deadline": 0.008498673267030198,
    "deadline_satisfaction": 0.48091603053435117,
    "weighted_deadline_satisfaction": 0.49027028352086643,
    "overall_cost": 408.5580243587094,
    "max_cost": 138.80987672612085,
    "avg_cost": 9.964829862407544,
    "overall_migration_cost": 0.0,
    "max_migration_cost": 0.0,
    "avg_migration_cost": 0.0,
    "migration_rate": 0.0,
    "weighted_migration_rate": 0.0,
    "overall_response_time": 22.1049785073573,
    "weighted_overall_response_time": 3001.159948664084,
    "max_response_time": 0.910996016742391,
    "avg_response_time": 0.16874029394929216,
    "weighted_avg_response_time": 0.035302798801275286,
    "avg_unavailability": 0.0036368072774051402,
    "overall_power_consumption": 1122.9126308308118
  },
  {
    "time": 18000.0,
    "opt": "ClusterLLGAOptimizer",
    "elapsed_time": 366.748912634328,
    "valid": true,
    "overall_deadline_violation": 0.571801375906729,
    "weighted_overall_deadline_violation": 284.98710574351264,
    "max_deadline_violation": 0.010999934410835743,
    "avg_deadline_violation": 0.0043318286053540085,
    "avg_only_violated_deadline": 0.007941685776482348,
    "weighted_avg_deadline_violation": 0.0038661138758349927,
    "weighted_avg_only_violated_deadline": 0.00855904180650598,
    "deadline_satisfaction": 0.45454545454545453,
    "weighted_deadline_satisfaction": 0.5483006201820105,
    "overall_cost": 366.267781399639,
    "max_cost": 106.63739244262221,
    "avg_cost": 9.391481574349719,
    "overall_migration_cost": 297.5914935504123,
    "max_migration_cost": 267.4355046130351,
    "avg_migration_cost": 42.51307050720175,
    "migration_rate": 0.1794871794871795,
    "weighted_migration_rate": 0.006340747507403089,
    "overall_response_time": 23.261151646818355,
    "weighted_overall_response_time": 2580.527607108158,
    "max_response_time": 0.9109968786187681,
    "avg_response_time": 0.17622084580923006,
    "weighted_avg_response_time": 0.03500724554813731,
    "avg_unavailability": 0.0036372642780018736,
    "overall_power_consumption": 1162.4158623106769
  },
  {
    "time": 19800.0,
    "opt": "ClusterLLGAOptimizer",
    "elapsed_time": 310.7848831708543,
    "valid": true,
    "overall_deadline_violation": 0.539603683600912,
    "weighted_overall_deadline_violation": 301.2413658208669,
    "max_deadline_violation": 0.010999358908067525,
    "avg_deadline_violation": 0.0042156537781321245,
    "avg_only_violated_deadline": 0.00805378632240167,
    "weighted_avg_deadline_violation": 0.0037093643319747833,
    "weighted_avg_only_violated_deadline": 0.008437784024051792,
    "deadline_satisfaction": 0.4765625,
    "weighted_deadline_satisfaction": 0.5603864330490932,
    "overall_cost": 394.017513537441,
    "max_cost": 129.41358709920704,
    "avg_cost": 10.103013167626692,
    "overall_migration_cost": 0.0,
    "max_migration_cost": 0.0,
    "avg_migration_cost": 0.0,
    "migration_rate": 0.0,
    "weighted_migration_rate": 0.0,
    "overall_response_time": 24.40233852382702,
    "weighted_overall_response_time": 2996.363486901538,
    "max_response_time": 0.9109942562024245,
    "avg_response_time": 0.19064326971739864,
    "weighted_avg_response_time": 0.03689600800227897,
    "avg_unavailability": 0.0036372642780018736,
    "overall_power_consumption": 1132.919523826939
  },
  {
    "time": 21600.0,
    "opt": "ClusterLLGAOptimizer",
    "elapsed_time": 330.7106307009235,
    "valid": true,
    "overall_deadline_violation": 0.5528103865104554,
    "weighted_overall_deadline_violation": 224.4120865680013,
    "max_deadline_violation": 0.010999072184668446,
    "avg_deadline_violation": 0.004187957473564056,
    "avg_only_violated_deadline": 0.007677922034867436,
    "weighted_avg_deadline_violation": 0.003258917571546572,
    "weighted_avg_only_violated_deadline": 0.007444861449682146,
    "deadline_satisfaction": 0.45454545454545453,
    "weighted_deadline_satisfaction": 0.5622594733867465,
    "overall_cost": 377.0672415604468,
    "max_cost": 107.5939335790568,
    "avg_cost": 9.922822146327546,
    "overall_migration_cost": 13.027022366175117,
    "max_migration_cost": 2.3091963275594236,
    "avg_migration_cost": 1.6283777957718897,
    "migration_rate": 0.21052631578947367,
    "weighted_migration_rate": 0.0028428537529179222,
    "overall_response_time": 20.030611930527016,
    "weighted_overall_response_time": 2447.271382823872,
    "max_response_time": 0.9109953994058362,
    "avg_response_time": 0.1517470600797501,
    "weighted_avg_response_time": 0.035539332278393426,
    "avg_unavailability": 0.00367746863886734,
    "overall_power_consumption": 1271.447765218911
  },
  {
    "time": 23400.0,
    "opt": "ClusterLLGAOptimizer",
    "elapsed_time": 338.31439103139564,
    "valid": true,
    "overall_deadline_violation": 0.6647191349700781,
    "weighted_overall_deadline_violation": 298.9852379899181,
    "max_deadline_violation": 0.010999953293152676,
    "avg_deadline_violation": 0.004714320106170767,
    "avg_only_violated_deadline": 0.008308989187125975,
    "weighted_avg_deadline_violation": 0.004418421631561356,
    "weighted_avg_only_violated_deadline": 0.008154069724814243,
    "deadline_satisfaction": 0.4326241134751773,
    "weighted_deadline_satisfaction": 0.4581329592859212,
    "overall_cost": 365.4860052729328,
    "max_cost": 107.51366739705067,
    "avg_cost": 9.371436032639304,
    "overall_migration_cost": 1.055020999635681,
    "max_migration_cost": 1.055020999635681,
    "avg_migration_cost": 1.055020999635681,
    "migration_rate": 0.02564102564102564,
    "weighted_migration_rate": 0.00026436875229294394,
    "overall_response_time": 25.588225894371284,
    "weighted_overall_response_time": 2173.6962439052704,
    "max_response_time": 0.910988861791197,
    "avg_response_time": 0.18147677939270399,
    "weighted_avg_response_time": 0.03212301239045982,
    "avg_unavailability": 0.003677397474225135,
    "overall_power_consumption": 1223.4824419927036
  },
  {
    "time": 25200.0,
    "opt": "ClusterLLGAOptimizer",
    "elapsed_time": 365.92705058073625,
    "valid": true,
    "overall_deadline_violation": 0.5768622941467948,
    "weighted_overall_deadline_violation": 337.33430683470124,
    "max_deadline_violation": 0.011000169415759986,
    "avg_deadline_violation": 0.004337310482306725,
    "avg_only_violated_deadline": 0.007491718105802524,
    "weighted_avg_deadline_violation": 0.00434772020327042,
    "weighted_avg_only_violated_deadline": 0.008355175779693845,
    "deadline_satisfaction": 0.42105263157894735,
    "weighted_deadline_satisfaction": 0.4796374944214842,
    "overall_cost": 376.61752562208596,
    "max_cost": 120.15661696485118,
    "avg_cost": 9.910987516370684,
    "overall_migration_cost": 418.9738925902501,
    "max_migration_cost": 334.9516607703965,
    "avg_migration_cost": 41.897389259025005,
    "migration_rate": 0.2631578947368421,
    "weighted_migration_rate": 0.007192310963386227,
    "overall_response_time": 24.093101304136493,
    "weighted_overall_response_time": 2571.551187517739,
    "max_response_time": 0.9109983918896746,
    "avg_response_time": 0.18115113762508633,
    "weighted_avg_response_time": 0.033143338300285825,
    "avg_unavailability": 0.003637264290137142,
    "overall_power_consumption": 1140.154362446668
  },
  {
    "time": 27000.0,
    "opt": "ClusterLLGAOptimizer",
    "elapsed_time": 327.0859210169874,
    "valid": true,
    "overall_deadline_violation": 0.5209958576201973,
    "weighted_overall_deadline_violation": 331.72673276206655,
    "max_deadline_violation": 0.011000066422878041,
    "avg_deadline_violation": 0.003917262087369907,
    "avg_only_violated_deadline": 0.007893876630609057,
    "weighted_avg_deadline_violation": 0.00452148336783898,
    "weighted_avg_only_violated_deadline": 0.007978567521424599,
    "deadline_satisfaction": 0.5037593984962406,
    "weighted_deadline_satisfaction": 0.43329634602983735,
    "overall_cost": 365.75176681410113,
    "max_cost": 127.36455988729206,
    "avg_cost": 9.625046495107926,
    "overall_migration_cost": 0.0,
    "max_migration_cost": 0.0,
    "avg_migration_cost": 0.0,
    "migration_rate": 0.0,
    "weighted_migration_rate": 0.0,
    "overall_response_time": 23.172274156453557,
    "weighted_overall_response_time": 2302.1465352849336,
    "max_response_time": 0.9109956459725115,
    "avg_response_time": 0.17422762523649293,
    "weighted_avg_response_time": 0.03137859039260781,
    "avg_unavailability": 0.003637264290137142,
    "overall_power_consumption": 1136.4329254854201
  },
  {
    "time": 28800.0,
    "opt": "ClusterLLGAOptimizer",
    "elapsed_time": 348.94545888667926,
    "valid": true,
    "overall_deadline_violation": 0.5957202965383689,
    "weighted_overall_deadline_violation": 345.69249577637214,
    "max_deadline_violation": 0.011000478192503715,
    "avg_deadline_violation": 0.0043168137430316614,
    "avg_only_violated_deadline": 0.0075407632473211295,
    "weighted_avg_deadline_violation": 0.0037937109263542494,
    "weighted_avg_only_violated_deadline": 0.008107831674349924,
    "deadline_satisfaction": 0.427536231884058,
    "weighted_deadline_satisfaction": 0.5320930331649457,
    "overall_cost": 445.6437780779667,
    "max_cost": 152.56250395829508,
    "avg_cost": 11.141094451949167,
    "overall_migration_cost": 64.38748221659228,
    "max_migration_cost": 33.430023947342164,
    "avg_migration_cost": 8.048435277074034,
    "migration_rate": 0.2,
    "weighted_migration_rate": 0.00506460027626892,
    "overall_response_time": 23.809751328710554,
    "weighted_overall_response_time": 3432.4849558156657,
    "max_response_time": 0.9109978062659633,
    "avg_response_time": 0.17253442991819226,
    "weighted_avg_response_time": 0.03766889892179867,
    "avg_unavailability": 0.003636458156970198,
    "overall_power_consumption": 1140.417320834597
  },
  {
    "time": 30600.0,
    "opt": "ClusterLLGAOptimizer",
    "elapsed_time": 317.3429295080714,
    "valid": true,
    "overall_deadline_violation": 0.5280109374335091,
    "weighted_overall_deadline_violation": 317.4116536362777,
    "max_deadline_violation": 0.011000174571817456,
    "avg_deadline_violation": 0.00412508544869929,
    "avg_only_violated_deadline": 0.007436773766669143,
    "weighted_avg_deadline_violation": 0.0038758395000852387,
    "weighted_avg_only_violated_deadline": 0.007434237985892266,
    "deadline_satisfaction": 0.4453125,
    "weighted_deadline_satisfaction": 0.47865006374018376,
    "overall_cost": 423.2691840411548,
    "max_cost": 125.4454382351639,
    "avg_cost": 10.58172960102887,
    "overall_migration_cost": 0.0,
    "max_migration_cost": 0.0,
    "avg_migration_cost": 0.0,
    "migration_rate": 0.0,
    "weighted_migration_rate": 0.0,
    "overall_response_time": 23.292314127124612,
    "weighted_overall_response_time": 2808.566673127544,
    "max_response_time": 0.9109923106277189,
    "avg_response_time": 0.1819712041181609,
    "weighted_avg_response_time": 0.03429475107679722,
    "avg_unavailability": 0.003636458156970198,
    "overall_power_consumption": 1245.653881587458
  },
  {
    "time": 32400.0,
    "opt": "ClusterLLGAOptimizer",
    "elapsed_time": 356.96907807001844,
    "valid": true,
    "overall_deadline_violation": 0.6380503599127223,
    "weighted_overall_deadline_violation": 372.44019392871456,
    "max_deadline_violation": 0.011000608785718458,
    "avg_deadline_violation": 0.004557502570805162,
    "avg_only_violated_deadline": 0.007975629498909035,
    "weighted_avg_deadline_violation": 0.00420704716782184,
    "weighted_avg_only_violated_deadline": 0.008494357974791717,
    "deadline_satisfaction": 0.42857142857142855,
    "weighted_deadline_satisfaction": 0.5047245265260916,
    "overall_cost": 424.732626258234,
    "max_cost": 148.70237341183625,
    "avg_cost": 10.61831565645585,
    "overall_migration_cost": 2826.033789013358,
    "max_migration_cost": 2821.4647403113986,
    "avg_migration_cost": 471.00563150222627,
    "migration_rate": 0.15,
    "weighted_migration_rate": 0.0029472856731391395,
    "overall_response_time": 26.213742560710227,
    "weighted_overall_response_time": 3077.4540182445476,
    "max_response_time": 0.9109923913292151,
    "avg_response_time": 0.1872410182907872,
    "weighted_avg_response_time": 0.03476261268953085,
    "avg_unavailability": 0.0017224727659005646,
    "overall_power_consumption": 1154.3174799016244
  },
  {
    "time": 34200.0,
    "opt": "ClusterLLGAOptimizer",
    "elapsed_time": 321.45300939213485,
    "valid": true,
    "overall_deadline_violation": 0.5553303000224894,
    "weighted_overall_deadline_violation": 341.26553737670093,
    "max_deadline_violation": 0.010999883423497392,
    "avg_deadline_violation": 0.004083311029577129,
    "avg_only_violated_deadline": 0.007933290000321277,
    "weighted_avg_deadline_violation": 0.0039017415325927453,
    "weighted_avg_only_violated_deadline": 0.008312211114281551,
    "deadline_satisfaction": 0.4852941176470588,
    "weighted_deadline_satisfaction": 0.5306012468945831,
    "overall_cost": 422.65288385387333,
    "max_cost": 144.39677208655135,
    "avg_cost": 10.566322096346832,
    "overall_migration_cost": 2.3453294379322696,
    "max_migration_cost": 2.3453294379322696,
    "avg_migration_cost": 2.3453294379322696,
    "migration_rate": 0.025,
    "weighted_migration_rate": 0.0002653317955489031,
    "overall_response_time": 24.230159206178254,
    "weighted_overall_response_time": 3208.97855736324,
    "max_response_time": 0.9109942342088643,
    "avg_response_time": 0.17816293533954597,
    "weighted_avg_response_time": 0.036688746864712025,
    "avg_unavailability": 0.001723731535038355,
    "overall_power_consumption": 1127.3881950711768
  },
  {
    "time": 36000.0,
    "opt": "ClusterLLGAOptimizer",
    "elapsed_time": 392.3989409999922,
    "valid": true,
    "overall_deadline_violation": 0.5862918559461138,
    "weighted_overall_deadline_violation": 276.2705527888513,
    "max_deadline_violation": 0.011000854869343268,
    "avg_deadline_violation": 0.004217927021195061,
    "avg_only_violated_deadline": 0.00803139528693306,
    "weighted_avg_deadline_violation": 0.0034450365830161565,
    "weighted_avg_only_violated_deadline": 0.007959520838024441,
    "deadline_satisfaction": 0.4748201438848921,
    "weighted_deadline_satisfaction": 0.5671804053130395,
    "overall_cost": 379.48620422400063,
    "max_cost": 134.17585929049136,
    "avg_cost": 9.986479058526335,
    "overall_migration_cost": 25.766336525270965,
    "max_migration_cost": 22.401999999999997,
    "avg_migration_cost": 6.441584131317741,
    "migration_rate": 0.10526315789473684,
    "weighted_migration_rate": 0.00269151036290418,
    "overall_response_time": 19.65270215988153,
    "weighted_overall_response_time": 2921.2972759167787,
    "max_response_time": 0.9109930998488663,
    "avg_response_time": 0.14138634647396778,
    "weighted_avg_response_time": 0.03642797208680604,
    "avg_unavailability": 0.003650594540123007,
    "overall_power_consumption": 1136.2899835146761
  },
  {
    "time": 37800.0,
    "opt": "ClusterLLGAOptimizer",
    "elapsed_time": 330.0221301210113,
    "valid": true,
    "overall_deadline_violation": 0.5559934729519636,
    "weighted_overall_deadline_violation": 379.13922702541004,
    "max_deadline_violation": 0.011000835309071921,
    "avg_deadline_violation": 0.004058346517897546,
    "avg_only_violated_deadline": 0.0077221315687772745,
    "weighted_avg_deadline_violation": 0.005221467009168172,
    "weighted_avg_only_violated_deadline": 0.008293314550941492,
    "deadline_satisfaction": 0.4744525547445255,
    "weighted_deadline_satisfaction": 0.370400462071536,
    "overall_cost": 355.9367565074526,
    "max_cost": 154.82793038707229,
    "avg_cost": 9.366756750196123,
    "overall_migration_cost": 0.0,
    "max_migration_cost": 0.0,
    "avg_migration_cost": 0.0,
    "migration_rate": 0.0,
    "weighted_migration_rate": 0.0,
    "overall_response_time": 25.379955573900105,
    "weighted_overall_response_time": 2156.2801198086654,
    "max_response_time": 0.91099525268687,
    "avg_response_time": 0.18525515017445315,
    "weighted_avg_response_time": 0.029696071272919393,
    "avg_unavailability": 0.003650594540123007,
    "overall_power_consumption": 1117.5066601801998
  },
  {
    "time": 39600.0,
    "opt": "ClusterLLGAOptimizer",
    "elapsed_time": 371.73517776466906,
    "valid": true,
    "overall_deadline_violation": 0.5249430762491846,
    "weighted_overall_deadline_violation": 325.41948022482177,
    "max_deadline_violation": 0.01100041395571294,
    "avg_deadline_violation": 0.003917485643650634,
    "avg_only_violated_deadline": 0.007191001044509382,
    "weighted_avg_deadline_violation": 0.0039828899606830104,
    "weighted_avg_only_violated_deadline": 0.008042778036506113,
    "deadline_satisfaction": 0.4552238805970149,
    "weighted_deadline_satisfaction": 0.5047867860327987,
    "overall_cost": 396.7084079244514,
    "max_cost": 134.4565669801146,
    "avg_cost": 10.721848862823013,
    "overall_migration_cost": 1553.8036922816684,
    "max_migration_cost": 1543.762462933164,
    "avg_migration_cost": 221.97195604023833,
    "migration_rate": 0.1891891891891892,
    "weighted_migration_rate": 0.003897276259520492,
    "overall_response_time": 21.72415013303975,
    "weighted_overall_response_time": 2919.2487685299657,
    "max_response_time": 0.9109967894404865,
    "avg_response_time": 0.1621205233808937,
    "weighted_avg_response_time": 0.0357294117883831,
    "avg_unavailability": 0.001775018322917005,
    "overall_power_consumption": 1120.8518177067908
  },
  {
    "time": 41400.0,
    "opt": "ClusterLLGAOptimizer",
    "elapsed_time": 327.92963617295027,
    "valid": true,
    "overall_deadline_violation": 0.5974724243084424,
    "weighted_overall_deadline_violation": 330.89731029070396,
    "max_deadline_violation": 0.0109998054964624,
    "avg_deadline_violation": 0.004237393080201719,
    "avg_only_violated_deadline": 0.007861479267216347,
    "weighted_avg_deadline_violation": 0.004031801771006139,
    "weighted_avg_only_violated_deadline": 0.007844456653867524,
    "deadline_satisfaction": 0.46099290780141844,
    "weighted_deadline_satisfaction": 0.48603173566924457,
    "overall_cost": 429.41345725599024,
    "max_cost": 132.03456383934684,
    "avg_cost": 11.605769115026762,
    "overall_migration_cost": 0.0,
    "max_migration_cost": 0.0,
    "avg_migration_cost": 0.0,
    "migration_rate": 0.0,
    "weighted_migration_rate": 0.0,
    "overall_response_time": 22.746067649886026,
    "weighted_overall_response_time": 2858.186230934517,
    "max_response_time": 0.910995664283677,
    "avg_response_time": 0.16131962872259586,
    "weighted_avg_response_time": 0.034825427555223304,
    "avg_unavailability": 0.001775018322917005,
    "overall_power_consumption": 1227.7961925757281
  },
  {
    "time": 43200.0,
    "opt": "ClusterLLGAOptimizer",
    "elapsed_time": 392.72763514332473,
    "valid": true,
    "overall_deadline_violation": 0.5164413827212706,
    "weighted_overall_deadline_violation": 311.5166873000841,
    "max_deadline_violation": 0.011000949766106438,
    "avg_deadline_violation": 0.003883017915197523,
    "avg_only_violated_deadline": 0.006885885102950273,
    "weighted_avg_deadline_violation": 0.004326063004062788,
    "weighted_avg_only_violated_deadline": 0.007987539295531587,
    "deadline_satisfaction": 0.43609022556390975,
    "weighted_deadline_satisfaction": 0.45839853251390106,
    "overall_cost": 390.91527811935345,
    "max_cost": 120.74463479988448,
    "avg_cost": 9.091052979519846,
    "overall_migration_cost": 10.652119008890837,
    "max_migration_cost": 1.404513763676722,
    "avg_migration_cost": 1.1835687787656484,
    "migration_rate": 0.20930232558139536,
    "weighted_migration_rate": 0.0021223519121973625,
    "overall_response_time": 24.924899924562094,
    "weighted_overall_response_time": 2370.4251831783163,
    "max_response_time": 0.9109963639408905,
    "avg_response_time": 0.18740526259069248,
    "weighted_avg_response_time": 0.03291832863826074,
    "avg_unavailability": 0.0036364500063441373,
    "overall_power_consumption": 1236.2920896750422
  },
  {
    "time": 45000.0,
    "opt": "ClusterLLGAOptimizer",
    "elapsed_time": 373.8521874640137,
    "valid": true,
    "overall_deadline_violation": 0.5686868339880247,
    "weighted_overall_deadline_violation": 367.5918438800859,
    "max_deadline_violation": 0.01100095000000384,
    "avg_deadline_violation": 0.004275840857052817,
    "avg_only_violated_deadline": 0.008241838173739488,
    "weighted_avg_deadline_violation": 0.004447386891032283,
    "weighted_avg_only_violated_deadline": 0.00841210753838634,
    "deadline_satisfaction": 0.48120300751879697,
    "weighted_deadline_satisfaction": 0.4713112177016457,
    "overall_cost": 398.92178472727454,
    "max_cost": 143.43462348309907,
    "avg_cost": 9.277250807611034,
    "overall_migration_cost": 0.0,
    "max_migration_cost": 0.0,
    "avg_migration_cost": 0.0,
    "migration_rate": 0.0,
    "weighted_migration_rate": 0.0,
    "overall_response_time": 24.039145141288877,
    "weighted_overall_response_time": 2843.564450417535,
    "max_response_time": 0.9109936816512705,
    "avg_response_time": 0.18074545219014204,
    "weighted_avg_response_time": 0.03440345990026326,
    "avg_unavailability": 0.0036364500063441373,
    "overall_power_consumption": 1138.7528362538098
  },
  {
    "time": 46800.0,
    "opt": "ClusterLLGAOptimizer",
    "elapsed_time": 385.9142268700525,
    "valid": true,
    "overall_deadline_violation": 0.49724678303336894,
    "weighted_overall_deadline_violation": 366.0030588534058,
    "max_deadline_violation": 0.011000950000004006,
    "avg_deadline_violation": 0.00394640303994737,
    "avg_only_violated_deadline": 0.00789280607989474,
    "weighted_avg_deadline_violation": 0.003953144072713616,
    "weighted_avg_only_violated_deadline": 0.008387096431594871,
    "deadline_satisfaction": 0.5,
    "weighted_deadline_satisfaction": 0.5286635720770057,
    "overall_cost": 450.5885104256733,
    "max_cost": 152.49901715644222,
    "avg_cost": 10.728297867277938,
    "overall_migration_cost": 2643.162935607696,
    "max_migration_cost": 2640.180159757192,
    "avg_migration_cost": 881.054311869232,
    "migration_rate": 0.07142857142857142,
    "weighted_migration_rate": 0.0020276548456295857,
    "overall_response_time": 23.092998854399976,
    "weighted_overall_response_time": 3479.233427736456,
    "max_response_time": 0.9109983384592933,
    "avg_response_time": 0.18327776868571408,
    "weighted_avg_response_time": 0.03757867774529247,
    "avg_unavailability": 0.0016865467056009949,
    "overall_power_consumption": 1144.7825246319085
  },
  {
    "time": 48600.0,
    "opt": "ClusterLLGAOptimizer",
    "elapsed_time": 334.0116712101735,
    "valid": true,
    "overall_deadline_violation": 0.5077318172378971,
    "weighted_overall_deadline_violation": 322.38598844398956,
    "max_deadline_violation": 0.01100095000000395,
    "avg_deadline_violation": 0.0041279009531536345,
    "avg_only_violated_deadline": 0.008059235194252334,
    "weighted_avg_deadline_violation": 0.004492209163235787,
    "weighted_avg_only_violated_deadline": 0.008439418178224679,
    "deadline_satisfaction": 0.4878048780487805,
    "weighted_deadline_satisfaction": 0.46771103548031895,
    "overall_cost": 366.6598423674846,
    "max_cost": 125.9823239132629,
    "avg_cost": 8.942922984572794,
    "overall_migration_cost": 0.0,
    "max_migration_cost": 0.0,
    "avg_migration_cost": 0.0,
    "migration_rate": 0.0,
    "weighted_migration_rate": 0.0,
    "overall_response_time": 22.811510642306178,
    "weighted_overall_response_time": 2406.1292564704027,
    "max_response_time": 0.9109902857222537,
    "avg_response_time": 0.1854594361163105,
    "weighted_avg_response_time": 0.03352762303974618,
    "avg_unavailability": 0.0016868021315413284,
    "overall_power_consumption": 1155.9792427137577
  },
  {
    "time": 50400.0,
    "opt": "ClusterLLGAOptimizer",
    "elapsed_time": 356.4551771469414,
    "valid": true,
    "overall_deadline_violation": 0.5759700786564574,
    "weighted_overall_deadline_violation": 396.1187676133055,
    "max_deadline_violation": 0.011000515840436376,
    "avg_deadline_violation": 0.004464884330670214,
    "avg_only_violated_deadline": 0.007578553666532336,
    "weighted_avg_deadline_violation": 0.005109586138022218,
    "weighted_avg_only_violated_deadline": 0.0085170194011913,
    "deadline_satisfaction": 0.4108527131782946,
    "weighted_deadline_satisfaction": 0.4000734415014333,
    "overall_cost": 373.0167156606454,
    "max_cost": 149.8019202459134,
    "avg_cost": 9.564531170785779,
    "overall_migration_cost": 43.450694351917846,
    "max_migration_cost": 22.401999999999997,
    "avg_migration_cost": 5.431336793989731,
    "migration_rate": 0.20512820512820512,
    "weighted_migration_rate": 0.004613312932213407,
    "overall_response_time": 24.71644449912496,
    "weighted_overall_response_time": 2640.0330125388305,
    "max_response_time": 0.9109947749341276,
    "avg_response_time": 0.1916003449544572,
    "weighted_avg_response_time": 0.03405412009652115,
    "avg_unavailability": 0.0036364582389942107,
    "overall_power_consumption": 1089.428784420794
  },
  {
    "time": 52200.0,
    "opt": "ClusterLLGAOptimizer",
    "elapsed_time": 332.23425790295005,
    "valid": true,
    "overall_deadline_violation": 0.5784999066411762,
    "weighted_overall_deadline_violation": 278.3311708783028,
    "max_deadline_violation": 0.01100072298685889,
    "avg_deadline_violation": 0.004253675784126293,
    "avg_only_violated_deadline": 0.007611840876857576,
    "weighted_avg_deadline_violation": 0.003848743887882927,
    "weighted_avg_only_violated_deadline": 0.008212785678437804,
    "deadline_satisfaction": 0.4411764705882353,
    "weighted_deadline_satisfaction": 0.5313716881730421,
    "overall_cost": 368.60576423509076,
    "max_cost": 112.61561130875208,
    "avg_cost": 9.451429852181814,
    "overall_migration_cost": 0.0,
    "max_migration_cost": 0.0,
    "avg_migration_cost": 0.0,
    "migration_rate": 0.0,
    "weighted_migration_rate": 0.0,
    "overall_response_time": 26.757827203050418,
    "weighted_overall_response_time": 2713.4310089075507,
    "max_response_time": 0.9109908987981659,
    "avg_response_time": 0.1967487294341943,
    "weighted_avg_response_time": 0.037521133467624264,
    "avg_unavailability": 0.0036364582389942107,
    "overall_power_consumption": 1138.488894425678
  },
  {
    "time": 54000.0,
    "opt": "ClusterLLGAOptimizer",
    "elapsed_time": 362.6936847930774,
    "valid": true,
    "overall_deadline_violation": 0.5203919115942173,
    "weighted_overall_deadline_violation": 251.63673948122855,
    "max_deadline_violation": 0.011000787051812622,
    "avg_deadline_violation": 0.003854754900697904,
    "avg_only_violated_deadline": 0.0075419117622350295,
    "weighted_avg_deadline_violation": 0.0031159036978797216,
    "weighted_avg_only_violated_deadline": 0.008083899803961968,
    "deadline_satisfaction": 0.4888888888888889,
    "weighted_deadline_satisfaction": 0.6145543891634334,
    "overall_cost": 428.44556828107375,
    "max_cost": 141.51480669188547,
    "avg_cost": 10.449891909294484,
    "overall_migration_cost": 6.225143383853678,
    "max_migration_cost": 1.8073832179383962,
    "avg_migration_cost": 1.2450286767707357,
    "migration_rate": 0.12195121951219512,
    "weighted_migration_rate": 0.0013369288892004598,
    "overall_response_time": 21.07467686315189,
    "weighted_overall_response_time": 3084.046489859963,
    "max_response_time": 0.9109950288685519,
    "avg_response_time": 0.15610871750482863,
    "weighted_avg_response_time": 0.03818834992854643,
    "avg_unavailability": 0.0036360819115699348,
    "overall_power_consumption": 1250.3323996202228
  },
  {
    "time": 55800.0,
    "opt": "ClusterLLGAOptimizer",
    "elapsed_time": 354.8618843271397,
    "valid": true,
    "overall_deadline_violation": 0.5464557904556387,
    "weighted_overall_deadline_violation": 354.7896876013192,
    "max_deadline_violation": 0.010998300094380187,
    "avg_deadline_violation": 0.004078028286982378,
    "avg_only_violated_deadline": 0.008407012160855978,
    "weighted_avg_deadline_violation": 0.0043754243623546915,
    "weighted_avg_only_violated_deadline": 0.008717366578776368,
    "deadline_satisfaction": 0.5149253731343284,
    "weighted_deadline_satisfaction": 0.49807957221768506,
    "overall_cost": 415.7666600858315,
    "max_cost": 152.1159710733625,
    "avg_cost": 10.394166502145792,
    "overall_migration_cost": 0.0,
    "max_migration_cost": 0.0,
    "avg_migration_cost": 0.0,
    "migration_rate": 0.0,
    "weighted_migration_rate": 0.0,
    "overall_response_time": 21.88199291782647,
    "weighted_overall_response_time": 2738.502664080199,
    "max_response_time": 0.9109983000943802,
    "avg_response_time": 0.1632984546106453,
    "weighted_avg_response_time": 0.03377243389964073,
    "avg_unavailability": 0.0036360819935939473,
    "overall_power_consumption": 1176.8574935730885
  },
  {
    "time": 57600.0,
    "opt": "ClusterLLGAOptimizer",
    "elapsed_time": 383.8077374799177,
    "valid": true,
    "overall_deadline_violation": 0.5428822408213776,
    "weighted_overall_deadline_violation": 319.2586997352999,
    "max_deadline_violation": 0.011000875750065309,
    "avg_deadline_violation": 0.004144139242911278,
    "avg_only_violated_deadline": 0.007336246497586183,
    "weighted_avg_deadline_violation": 0.004477335339781601,
    "weighted_avg_only_violated_deadline": 0.00819174181717687,
    "deadline_satisfaction": 0.4351145038167939,
    "weighted_deadline_satisfaction": 0.45343305005129814,
    "overall_cost": 397.95161404163764,
    "max_cost": 133.63060170487415,
    "avg_cost": 9.706136927844817,
    "overall_migration_cost": 12.543767672030352,
    "max_migration_cost": 2.488091248289274,
    "avg_migration_cost": 1.7919668102900503,
    "migration_rate": 0.17073170731707318,
    "weighted_migration_rate": 0.0021721699121905347,
    "overall_response_time": 22.82828142526633,
    "weighted_overall_response_time": 2313.0188056436205,
    "max_response_time": 0.9109988913067254,
    "avg_response_time": 0.17426169026920857,
    "weighted_avg_response_time": 0.032438147648518274,
    "avg_unavailability": 0.003636081231736748,
    "overall_power_consumption": 1236.3347418038877
  },
  {
    "time": 59400.0,
    "opt": "ClusterLLGAOptimizer",
    "elapsed_time": 330.18602552311495,
    "valid": true,
    "overall_deadline_violation": 0.5180371438280366,
    "weighted_overall_deadline_violation": 261.3000269143657,
    "max_deadline_violation": 0.01100068631371831,
    "avg_deadline_violation": 0.003837312176503977,
    "avg_only_violated_deadline": 0.00796980221273903,
    "weighted_avg_deadline_violation": 0.003841820213963553,
    "weighted_avg_only_violated_deadline": 0.008252201814041744,
    "deadline_satisfaction": 0.5185185185185185,
    "weighted_deadline_satisfaction": 0.5344490718311796,
    "overall_cost": 369.1117694264422,
    "max_cost": 110.65192100323185,
    "avg_cost": 9.00272608357176,
    "overall_migration_cost": 0.0,
    "max_migration_cost": 0.0,
    "avg_migration_cost": 0.0,
    "migration_rate": 0.0,
    "weighted_migration_rate": 0.0,
    "overall_response_time": 21.058697941735264,
    "weighted_overall_response_time": 2309.1412640678273,
    "max_response_time": 0.9109951425658022,
    "avg_response_time": 0.155990355123965,
    "weighted_avg_response_time": 0.033950649335755596,
    "avg_unavailability": 0.003636081231736748,
    "overall_power_consumption": 1185.6690383470427
  },
  {
    "time": 61200.0,
    "opt": "ClusterLLGAOptimizer",
    "elapsed_time": 379.7160270498134,
    "valid": true,
    "overall_deadline_violation": 0.541895901402363,
    "weighted_overall_deadline_violation": 281.5653726930138,
    "max_deadline_violation": 0.011000649314870325,
    "avg_deadline_violation": 0.003984528686782079,
    "avg_only_violated_deadline": 0.007741370020033754,
    "weighted_avg_deadline_violation": 0.00371016124681369,
    "weighted_avg_only_violated_deadline": 0.008293769753335713,
    "deadline_satisfaction": 0.4852941176470588,
    "weighted_deadline_satisfaction": 0.5526568307106088,
    "overall_cost": 408.0835702151419,
    "max_cost": 121.31472479767444,
    "avg_cost": 9.716275481312902,
    "overall_migration_cost": 87.9661637543436,
    "max_migration_cost": 80.35015305212688,
    "avg_migration_cost": 14.661027292390601,
    "migration_rate": 0.14285714285714285,
    "weighted_migration_rate": 0.003552984354018812,
    "overall_response_time": 25.653529324428117,
    "weighted_overall_response_time": 2734.441727103767,
    "max_response_time": 0.9109977899173607,
    "avg_response_time": 0.18862889209138323,
    "weighted_avg_response_time": 0.03603148935019031,
    "avg_unavailability": 0.0036359440169601116,
    "overall_power_consumption": 1216.5501144941531
  },
  {
    "time": 63000.0,
    "opt": "ClusterLLGAOptimizer",
    "elapsed_time": 352.81833266606554,
    "valid": true,
    "overall_deadline_violation": 0.47358094690418356,
    "weighted_overall_deadline_violation": 269.9435766817005,
    "max_deadline_violation": 0.011000947105362036,
    "avg_deadline_violation": 0.0035607589992795734,
    "avg_only_violated_deadline": 0.007399702295377864,
    "weighted_avg_deadline_violation": 0.0034858272139934405,
    "weighted_avg_only_violated_deadline": 0.008022767136991594,
    "deadline_satisfaction": 0.518796992481203,
    "weighted_deadline_satisfaction": 0.5655081152834545,
    "overall_cost": 406.5981258800309,
    "max_cost": 136.32540839724575,
    "avg_cost": 9.680907759048356,
    "overall_migration_cost": 0.0,
    "max_migration_cost": 0.0,
    "avg_migration_cost": 0.0,
    "migration_rate": 0.0,
    "weighted_migration_rate": 0.0,
    "overall_response_time": 23.92742248322668,
    "weighted_overall_response_time": 2973.86085900521,
    "max_response_time": 0.9109972299482868,
    "avg_response_time": 0.17990543220471208,
    "weighted_avg_response_time": 0.038401969924157876,
    "avg_unavailability": 0.0036359440169601116,
    "overall_power_consumption": 1186.1943789223392
  },
  {
    "time": 64800.0,
    "opt": "ClusterLLGAOptimizer",
    "elapsed_time": 374.89399873884395,
    "valid": true,
    "overall_deadline_violation": 0.528374077735971,
    "weighted_overall_deadline_violation": 338.08677907583143,
    "max_deadline_violation": 0.011000854307604335,
    "avg_deadline_violation": 0.004160425808944651,
    "avg_only_violated_deadline": 0.007238001064876312,
    "weighted_avg_deadline_violation": 0.00466189074506215,
    "weighted_avg_only_violated_deadline": 0.00857192201617949,
    "deadline_satisfaction": 0.4251968503937008,
    "weighted_deadline_satisfaction": 0.4561440554098789,
    "overall_cost": 353.39624682732807,
    "max_cost": 132.29912251166047,
    "avg_cost": 8.834906170683203,
    "overall_migration_cost": 15.165373946765234,
    "max_migration_cost": 11.308292628104608,
    "avg_migration_cost": 2.527562324460872,
    "migration_rate": 0.15,
    "weighted_migration_rate": 0.001486267402900301,
    "overall_response_time": 27.226150231870747,
    "weighted_overall_response_time": 2505.398379643701,
    "max_response_time": 0.9109971959637513,
    "avg_response_time": 0.21437913568402167,
    "weighted_avg_response_time": 0.034547028282744335,
    "avg_unavailability": 0.003636317843799831,
    "overall_power_consumption": 1076.7357866338975
  },
  {
    "time": 66600.0,
    "opt": "ClusterLLGAOptimizer",
    "elapsed_time": 336.52531975694,
    "valid": true,
    "overall_deadline_violation": 0.5388849684187778,
    "weighted_overall_deadline_violation": 308.7454493074594,
    "max_deadline_violation": 0.011000916777853587,
    "avg_deadline_violation": 0.004051766679840434,
    "avg_only_violated_deadline": 0.007924778947334968,
    "weighted_avg_deadline_violation": 0.004715586184642842,
    "weighted_avg_only_violated_deadline": 0.008155242420977725,
    "deadline_satisfaction": 0.48872180451127817,
    "weighted_deadline_satisfaction": 0.4217724083206968,
    "overall_cost": 343.14592654909507,
    "max_cost": 130.4753985707503,
    "avg_cost": 8.578648163727376,
    "overall_migration_cost": 0.0,
    "max_migration_cost": 0.0,
    "avg_migration_cost": 0.0,
    "migration_rate": 0.0,
    "weighted_migration_rate": 0.0,
    "overall_response_time": 25.007899051321495,
    "weighted_overall_response_time": 2148.080155597566,
    "max_response_time": 0.9109961359318731,
    "avg_response_time": 0.18802931617534957,
    "weighted_avg_response_time": 0.032808441802016836,
    "avg_unavailability": 0.003636317843799831,
    "overall_power_consumption": 1120.1923411344947
  },
  {
    "time": 68400.0,
    "opt": "ClusterLLGAOptimizer",
    "elapsed_time": 415.972956687212,
    "valid": true,
    "overall_deadline_violation": 0.5779589571678938,
    "weighted_overall_deadline_violation": 225.69253477681238,
    "max_deadline_violation": 0.01100046465657284,
    "avg_deadline_violation": 0.004098999696226196,
    "avg_only_violated_deadline": 0.007706119428905249,
    "weighted_avg_deadline_violation": 0.0033276849198638227,
    "weighted_avg_only_violated_deadline": 0.008033722200406136,
    "deadline_satisfaction": 0.46808510638297873,
    "weighted_deadline_satisfaction": 0.5857854134294568,
    "overall_cost": 371.7783369229687,
    "max_cost": 120.57215592066223,
    "avg_cost": 10.327176025638023,
    "overall_migration_cost": 14.98269447976393,
    "max_migration_cost": 8.382892421865217,
    "avg_migration_cost": 2.996538895952786,
    "migration_rate": 0.1388888888888889,
    "weighted_migration_rate": 0.0016221358831215401,
    "overall_response_time": 25.315874392006243,
    "weighted_overall_response_time": 2575.719174227825,
    "max_response_time": 0.9109926316315012,
    "avg_response_time": 0.17954520845394498,
    "weighted_avg_response_time": 0.03797725016628523,
    "avg_unavailability": 0.003645085104969904,
    "overall_power_consumption": 1204.6895754564907
  },
  {
    "time": 70200.0,
    "opt": "ClusterLLGAOptimizer",
    "elapsed_time": 345.61665062466636,
    "valid": true,
    "overall_deadline_violation": 0.49147132598506815,
    "weighted_overall_deadline_violation": 274.450226550876,
    "max_deadline_violation": 0.010999881691564795,
    "avg_deadline_violation": 0.003963478435363452,
    "avg_only_violated_deadline": 0.008191188766417801,
    "weighted_avg_deadline_violation": 0.004191473002773986,
    "weighted_avg_only_violated_deadline": 0.008491884336088242,
    "deadline_satisfaction": 0.5161290322580645,
    "weighted_deadline_satisfaction": 0.5064142613246221,
    "overall_cost": 343.5385914540007,
    "max_cost": 112.7233155786412,
    "avg_cost": 9.542738651500024,
    "overall_migration_cost": 0.0,
    "max_migration_cost": 0.0,
    "avg_migration_cost": 0.0,
    "migration_rate": 0.0,
    "weighted_migration_rate": 0.0,
    "overall_response_time": 20.932549924786773,
    "weighted_overall_response_time": 2199.6731110524324,
    "max_response_time": 0.9109943216315215,
    "avg_response_time": 0.16881088649021606,
    "weighted_avg_response_time": 0.033593961920796646,
    "avg_unavailability": 0.003645085104969904,
    "overall_power_consumption": 1133.9243805661622
  },
  {
    "time": 72000.0,
    "opt": "ClusterLLGAOptimizer",
    "elapsed_time": 380.31238976772875,
    "valid": true,
    "overall_deadline_violation": 0.5054050463618788,
    "weighted_overall_deadline_violation": 285.9563577629543,
    "max_deadline_violation": 0.011000575109266886,
    "avg_deadline_violation": 0.003887731125860605,
    "avg_only_violated_deadline": 0.0067387339514917155,
    "weighted_avg_deadline_violation": 0.004336355564021934,
    "weighted_avg_only_violated_deadline": 0.00786349754721124,
    "deadline_satisfaction": 0.4230769230769231,
    "weighted_deadline_satisfaction": 0.4485462050458954,
    "overall_cost": 357.677090655753,
    "max_cost": 110.35725123605128,
    "avg_cost": 8.72383147940861,
    "overall_migration_cost": 2263.6068130440062,
    "max_migration_cost": 2234.458201259863,
    "avg_migration_cost": 205.7824375494551,
    "migration_rate": 0.2682926829268293,
    "weighted_migration_rate": 0.0053966019515185315,
    "overall_response_time": 23.168692094867744,
    "weighted_overall_response_time": 2203.380948329011,
    "max_response_time": 0.9109967945740161,
    "avg_response_time": 0.1782207084220599,
    "weighted_avg_response_time": 0.03341294213457155,
    "avg_unavailability": 0.0016864134387106057,
    "overall_power_consumption": 1200.852633348653
  },
  {
    "time": 73800.0,
    "opt": "ClusterLLGAOptimizer",
    "elapsed_time": 358.43062804313377,
    "valid": true,
    "overall_deadline_violation": 0.4803120592425114,
    "weighted_overall_deadline_violation": 280.1946767766835,
    "max_deadline_violation": 0.01100066999172078,
    "avg_deadline_violation": 0.0038424964739400894,
    "avg_only_violated_deadline": 0.007873968184303462,
    "weighted_avg_deadline_violation": 0.004310907145035508,
    "weighted_avg_only_violated_deadline": 0.00848367455180386,
    "deadline_satisfaction": 0.512,
    "weighted_deadline_satisfaction": 0.4918584961372793,
    "overall_cost": 364.57387974318567,
    "max_cost": 117.36049547165122,
    "avg_cost": 8.68033047007585,
    "overall_migration_cost": 1.0999904223848076,
    "max_migration_cost": 1.0999904223848076,
    "avg_migration_cost": 1.0999904223848076,
    "migration_rate": 0.023809523809523808,
    "weighted_migration_rate": 0.00023699468919766706,
    "overall_response_time": 21.315635436382827,
    "weighted_overall_response_time": 2073.77541292422,
    "max_response_time": 0.9109961111929192,
    "avg_response_time": 0.1705250834910627,
    "weighted_avg_response_time": 0.03190586397863326,
    "avg_unavailability": 0.0016864057509487554,
    "overall_power_consumption": 1212.9846429666513
  },
  {
    "time": 75600.0,
    "opt": "ClusterLLGAOptimizer",
    "elapsed_time": 408.2942096758634,
    "valid": true,
    "overall_deadline_violation": 0.5839084940510091,
    "weighted_overall_deadline_violation": 267.310439081428,
    "max_deadline_violation": 0.010998175342122885,
    "avg_deadline_violation": 0.0044916038003923785,
    "avg_only_violated_deadline": 0.007583227195467652,
    "weighted_avg_deadline_violation": 0.004306354022812655,
    "weighted_avg_only_violated_deadline": 0.008167210117736742,
    "deadline_satisfaction": 0.4076923076923077,
    "weighted_deadline_satisfaction": 0.4727264315802845,
    "overall_cost": 317.7114697162882,
    "max_cost": 107.45208131997866,
    "avg_cost": 8.146447941443286,
    "overall_migration_cost": 256.9370702756465,
    "max_migration_cost": 209.94268613958985,
    "avg_migration_cost": 51.38741405512929,
    "migration_rate": 0.1282051282051282,
    "weighted_migration_rate": 0.00930830848075796,
    "overall_response_time": 23.942007270849246,
    "weighted_overall_response_time": 1994.264569154565,
    "max_response_time": 0.9109943070712078,
    "avg_response_time": 0.1841692866988404,
    "weighted_avg_response_time": 0.03212747425593593,
    "avg_unavailability": 0.003676941255018006,
    "overall_power_consumption": 1111.7268114532703
  },
  {
    "time": 77400.0,
    "opt": "ClusterLLGAOptimizer",
    "elapsed_time": 358.3094975329004,
    "valid": true,
    "overall_deadline_violation": 0.43990732427823587,
    "weighted_overall_deadline_violation": 251.10944375335868,
    "max_deadline_violation": 0.01100095000000395,
    "avg_deadline_violation": 0.003665894368985299,
    "avg_only_violated_deadline": 0.00758460903927993,
    "weighted_avg_deadline_violation": 0.0040067748066512,
    "weighted_avg_only_violated_deadline": 0.008081160458022695,
    "deadline_satisfaction": 0.5166666666666667,
    "weighted_deadline_satisfaction": 0.5041832385999199,
    "overall_cost": 316.33913206031065,
    "max_cost": 100.46424908661315,
    "avg_cost": 7.715588586836846,
    "overall_migration_cost": 2.363301588616678,
    "max_migration_cost": 1.26022229175761,
    "avg_migration_cost": 1.181650794308339,
    "migration_rate": 0.04878048780487805,
    "weighted_migration_rate": 0.0005594863949050039,
    "overall_response_time": 18.851483310302488,
    "weighted_overall_response_time": 2156.7981147981945,
    "max_response_time": 0.9109971836888388,
    "avg_response_time": 0.15709569425252082,
    "weighted_avg_response_time": 0.03441449361774798,
    "avg_unavailability": 0.0036363175263244125,
    "overall_power_consumption": 1092.6438905187806
  },
  {
    "time": 79200.0,
    "opt": "ClusterLLGAOptimizer",
    "elapsed_time": 404.7363278721459,
    "valid": true,
    "overall_deadline_violation": 0.5214708887037773,
    "weighted_overall_deadline_violation": 225.7611902642077,
    "max_deadline_violation": 0.01100086858150634,
    "avg_deadline_violation": 0.004042409989951764,
    "avg_only_violated_deadline": 0.007783147592593695,
    "weighted_avg_deadline_violation": 0.00373786194033008,
    "weighted_avg_only_violated_deadline": 0.008498855620693128,
    "deadline_satisfaction": 0.4806201550387597,
    "weighted_deadline_satisfaction": 0.5601923238666296,
    "overall_cost": 311.7397814431643,
    "max_cost": 89.0631512313966,
    "avg_cost": 7.793494536079107,
    "overall_migration_cost": 204.5392824441372,
    "max_migration_cost": 175.9775895210183,
    "avg_migration_cost": 29.219897492019598,
    "migration_rate": 0.175,
    "weighted_migration_rate": 0.007320827879348482,
    "overall_response_time": 22.67781804612803,
    "weighted_overall_response_time": 2150.0105872012787,
    "max_response_time": 0.9109966404787869,
    "avg_response_time": 0.17579703911727165,
    "weighted_avg_response_time": 0.03559709592158579,
    "avg_unavailability": 0.00363671009085497,
    "overall_power_consumption": 1114.73836382248
  },
  {
    "time": 81000.0,
    "opt": "ClusterLLGAOptimizer",
    "elapsed_time": 336.3237635833211,
    "valid": true,
    "overall_deadline_violation": 0.5177327753634605,
    "weighted_overall_deadline_violation": 183.6352775700423,
    "max_deadline_violation": 0.011000949991884001,
    "avg_deadline_violation": 0.0039521585905607694,
    "avg_only_violated_deadline": 0.007503373555992186,
    "weighted_avg_deadline_violation": 0.0037400846869450094,
    "weighted_avg_only_violated_deadline": 0.007810457043210917,
    "deadline_satisfaction": 0.4732824427480916,
    "weighted_deadline_satisfaction": 0.521143939944462,
    "overall_cost": 275.0229759079648,
    "max_cost": 71.78126783512651,
    "avg_cost": 7.0518711771273015,
    "overall_migration_cost": 0.0,
    "max_migration_cost": 0.0,
    "avg_migration_cost": 0.0,
    "migration_rate": 0.0,
    "weighted_migration_rate": 0.0,
    "overall_response_time": 23.828444083680584,
    "weighted_overall_response_time": 1685.2273917578327,
    "max_response_time": 0.9109977324917158,
    "avg_response_time": 0.1818965197227526,
    "weighted_avg_response_time": 0.03432288852848383,
    "avg_unavailability": 0.003636710160115408,
    "overall_power_consumption": 1141.5249732334714
  },
  {
    "time": 82800.0,
    "opt": "ClusterLLGAOptimizer",
    "elapsed_time": 432.8544943360612,
    "valid": true,
    "overall_deadline_violation": 0.5056274756129582,
    "weighted_overall_deadline_violation": 279.067580587199,
    "max_deadline_violation": 0.010998971225413934,
    "avg_deadline_violation": 0.004110792484658195,
    "avg_only_violated_deadline": 0.007435698170778793,
    "weighted_avg_deadline_violation": 0.004125837948413902,
    "weighted_avg_only_violated_deadline": 0.0077449683514814955,
    "deadline_satisfaction": 0.44715447154471544,
    "weighted_deadline_satisfaction": 0.46728795249051064,
    "overall_cost": 373.6956486870169,
    "max_cost": 123.71548274897346,
    "avg_cost": 9.581939709923509,
    "overall_migration_cost": 54.7223187952025,
    "max_migration_cost": 45.13531582810672,
    "avg_migration_cost": 9.120386465867083,
    "migration_rate": 0.15384615384615385,
    "weighted_migration_rate": 0.004292720070493135,
    "overall_response_time": 20.655093308952832,
    "weighted_overall_response_time": 2212.7452747833495,
    "max_response_time": 0.9109954672182082,
    "avg_response_time": 0.16792758787766526,
    "weighted_avg_response_time": 0.03271404154386203,
    "avg_unavailability": 0.0036769007527523777,
    "overall_power_consumption": 1215.4480340314303
  },
  {
    "time": 84600.0,
    "opt": "ClusterLLGAOptimizer",
    "elapsed_time": 375.20654533524066,
    "valid": true,
    "overall_deadline_violation": 0.45228832721737644,
    "weighted_overall_deadline_violation": 272.42959348816214,
    "max_deadline_violation": 0.011000819347825097,
    "avg_deadline_violation": 0.003932941975803275,
    "avg_only_violated_deadline": 0.006958281957190409,
    "weighted_avg_deadline_violation": 0.005328351647400315,
    "weighted_avg_only_violated_deadline": 0.007977687828670666,
    "deadline_satisfaction": 0.43478260869565216,
    "weighted_deadline_satisfaction": 0.33209323781121347,
    "overall_cost": 279.3008763992658,
    "max_cost": 112.31455352404049,
    "avg_cost": 6.982521909981647,
    "overall_migration_cost": 0.9947566129712826,
    "max_migration_cost": 0.9947566129712826,
    "avg_migration_cost": 0.9947566129712826,
    "migration_rate": 0.025,
    "weighted_migration_rate": 0.0003237159543322238,
    "overall_response_time": 22.0409645708378,
    "weighted_overall_response_time": 1572.7275540060675,
    "max_response_time": 0.9109938716730718,
    "avg_response_time": 0.19166056148554603,
    "weighted_avg_response_time": 0.03076040802323567,
    "avg_unavailability": 0.003676900053857948,
    "overall_power_consumption": 1099.5459077446308
  }
]