[
  {
    "time": 0.0,
    "elapsed_time": 6.539718770887703,
    "id": -1,
    "type": "global"
  },
  {
    "time": 0.0,
    "elapsed_time": 2.9396205791272223,
    "id": 11,
    "type": "cluster"
  },
  {
    "time": 0.0,
    "elapsed_time": 2.9999349829740822,
    "id": 12,
    "type": "cluster"
  },
  {
    "time": 0.0,
    "elapsed_time": 3.513994268141687,
    "id": 13,
    "type": "cluster"
  },
  {
    "time": 0.0,
    "elapsed_time": 3.131646289024502,
    "id": 14,
    "type": "cluster"
  },
  {
    "time": 0.0,
    "elapsed_time": 3.1975509258918464,
    "id": 15,
    "type": "cluster"
  },
  {
    "time": 0.0,
    "elapsed_time": 2.8331184932030737,
    "id": 16,
    "type": "cluster"
  },
  {
    "time": 0.0,
    "elapsed_time": 2.584449052112177,
    "id": 17,
    "type": "cluster"
  },
  {
    "time": 0.0,
    "elapsed_time": 21.242718269117177,
    "id": -2,
    "type": "all_clusters"
  },
  {
    "time": 1800.0,
    "elapsed_time": 2.9349699339363724,
    "id": 11,
    "type": "cluster"
  },
  {
    "time": 1800.0,
    "elapsed_time": 4.194698575884104,
    "id": 12,
    "type": "cluster"
  },
  {
    "time": 1800.0,
    "elapsed_time": 3.512031137943268,
    "id": 13,
    "type": "cluster"
  },
  {
    "time": 1800.0,
    "elapsed_time": 3.3097126490902156,
    "id": 14,
    "type": "cluster"
  },
  {
    "time": 1800.0,
    "elapsed_time": 3.1894493279978633,
    "id": 15,
    "type": "cluster"
  },
  {
    "time": 1800.0,
    "elapsed_time": 2.918719431851059,
    "id": 16,
    "type": "cluster"
  },
  {
    "time": 1800.0,
    "elapsed_time": 3.047483197879046,
    "id": 17,
    "type": "cluster"
  },
  {
    "time": 1800.0,
    "elapsed_time": 26.533652839018032,
    "id": -2,
    "type": "all_clusters"
  },
  {
    "time": 3600.0,
    "elapsed_time": 6.661349190864712,
    "id": -1,
    "type": "global"
  },
  {
    "time": 3600.0,
    "elapsed_time": 2.9283873320091516,
    "id": 11,
    "type": "cluster"
  },
  {
    "time": 3600.0,
    "elapsed_time": 3.307852947851643,
    "id": 12,
    "type": "cluster"
  },
  {
    "time": 3600.0,
    "elapsed_time": 3.4119503810070455,
    "id": 13,
    "type": "cluster"
  },
  {
    "time": 3600.0,
    "elapsed_time": 6.461950744967908,
    "id": 14,
    "type": "cluster"
  },
  {
    "time": 3600.0,
    "elapsed_time": 4.3001752300187945,
    "id": 15,
    "type": "cluster"
  },
  {
    "time": 3600.0,
    "elapsed_time": 2.7732628399971873,
    "id": 16,
    "type": "cluster"
  },
  {
    "time": 3600.0,
    "elapsed_time": 2.9378136249724776,
    "id": 17,
    "type": "cluster"
  },
  {
    "time": 3600.0,
    "elapsed_time": 41.8295285589993,
    "id": -2,
    "type": "all_clusters"
  },
  {
    "time": 5400.0,
    "elapsed_time": 3.046056452905759,
    "id": 11,
    "type": "cluster"
  },
  {
    "time": 5400.0,
    "elapsed_time": 3.2665404682047665,
    "id": 12,
    "type": "cluster"
  },
  {
    "time": 5400.0,
    "elapsed_time": 3.6591771619860083,
    "id": 13,
    "type": "cluster"
  },
  {
    "time": 5400.0,
    "elapsed_time": 6.687879299977794,
    "id": 14,
    "type": "cluster"
  },
  {
    "time": 5400.0,
    "elapsed_time": 4.134109809063375,
    "id": 15,
    "type": "cluster"
  },
  {
    "time": 5400.0,
    "elapsed_time": 2.7989741950295866,
    "id": 16,
    "type": "cluster"
  },
  {
    "time": 5400.0,
    "elapsed_time": 3.2360856339801103,
    "id": 17,
    "type": "cluster"
  },
  {
    "time": 5400.0,
    "elapsed_time": 36.713097920874134,
    "id": -2,
    "type": "all_clusters"
  },
  {
    "time": 7200.0,
    "elapsed_time": 6.537405250128359,
    "id": -1,
    "type": "global"
  },
  {
    "time": 7200.0,
    "elapsed_time": 3.0535110731143504,
    "id": 11,
    "type": "cluster"
  },
  {
    "time": 7200.0,
    "elapsed_time": 3.2638766339514405,
    "id": 12,
    "type": "cluster"
  },
  {
    "time": 7200.0,
    "elapsed_time": 5.642373798880726,
    "id": 13,
    "type": "cluster"
  },
  {
    "time": 7200.0,
    "elapsed_time": 3.2976580129470676,
    "id": 14,
    "type": "cluster"
  },
  {
    "time": 7200.0,
    "elapsed_time": 3.2369688048493117,
    "id": 15,
    "type": "cluster"
  },
  {
    "time": 7200.0,
    "elapsed_time": 2.639330093981698,
    "id": 16,
    "type": "cluster"
  },
  {
    "time": 7200.0,
    "elapsed_time": 2.92074305517599,
    "id": 17,
    "type": "cluster"
  },
  {
    "time": 7200.0,
    "elapsed_time": 39.73626573011279,
    "id": -2,
    "type": "all_clusters"
  },
  {
    "time": 9000.0,
    "elapsed_time": 3.003387609962374,
    "id": 11,
    "type": "cluster"
  },
  {
    "time": 9000.0,
    "elapsed_time": 3.3741419960279018,
    "id": 12,
    "type": "cluster"
  },
  {
    "time": 9000.0,
    "elapsed_time": 3.3546416289173067,
    "id": 13,
    "type": "cluster"
  },
  {
    "time": 9000.0,
    "elapsed_time": 3.3426064939703792,
    "id": 14,
    "type": "cluster"
  },
  {
    "time": 9000.0,
    "elapsed_time": 3.306833827169612,
    "id": 15,
    "type": "cluster"
  },
  {
    "time": 9000.0,
    "elapsed_time": 2.608178453054279,
    "id": 16,
    "type": "cluster"
  },
  {
    "time": 9000.0,
    "elapsed_time": 2.889624204020947,
    "id": 17,
    "type": "cluster"
  },
  {
    "time": 9000.0,
    "elapsed_time": 42.67270122398622,
    "id": -2,
    "type": "all_clusters"
  },
  {
    "time": 10800.0,
    "elapsed_time": 6.679693995043635,
    "id": -1,
    "type": "global"
  },
  {
    "time": 10800.0,
    "elapsed_time": 3.0266014158260077,
    "id": 11,
    "type": "cluster"
  },
  {
    "time": 10800.0,
    "elapsed_time": 3.0914523189421743,
    "id": 12,
    "type": "cluster"
  },
  {
    "time": 10800.0,
    "elapsed_time": 3.2524311640299857,
    "id": 13,
    "type": "cluster"
  },
  {
    "time": 10800.0,
    "elapsed_time": 3.5439503649249673,
    "id": 14,
    "type": "cluster"
  },
  {
    "time": 10800.0,
    "elapsed_time": 3.2924075338523835,
    "id": 15,
    "type": "cluster"
  },
  {
    "time": 10800.0,
    "elapsed_time": 3.012313317041844,
    "id": 16,
    "type": "cluster"
  },
  {
    "time": 10800.0,
    "elapsed_time": 3.002003380097449,
    "id": 17,
    "type": "cluster"
  },
  {
    "time": 10800.0,
    "elapsed_time": 42.44958077813499,
    "id": -2,
    "type": "all_clusters"
  },
  {
    "time": 12600.0,
    "elapsed_time": 3.0801661550067365,
    "id": 11,
    "type": "cluster"
  },
  {
    "time": 12600.0,
    "elapsed_time": 3.927937099011615,
    "id": 12,
    "type": "cluster"
  },
  {
    "time": 12600.0,
    "elapsed_time": 3.1458187052048743,
    "id": 13,
    "type": "cluster"
  },
  {
    "time": 12600.0,
    "elapsed_time": 4.282786013092846,
    "id": 14,
    "type": "cluster"
  },
  {
    "time": 12600.0,
    "elapsed_time": 4.859903363976628,
    "id": 15,
    "type": "cluster"
  },
  {
    "time": 12600.0,
    "elapsed_time": 2.7538963619153947,
    "id": 16,
    "type": "cluster"
  },
  {
    "time": 12600.0,
    "elapsed_time": 2.9669044548645616,
    "id": 17,
    "type": "cluster"
  },
  {
    "time": 12600.0,
    "elapsed_time": 45.70255643199198,
    "id": -2,
    "type": "all_clusters"
  },
  {
    "time": 14400.0,
    "elapsed_time": 6.712567233946174,
    "id": -1,
    "type": "global"
  },
  {
    "time": 14400.0,
    "elapsed_time": 2.9970437751617283,
    "id": 11,
    "type": "cluster"
  },
  {
    "time": 14400.0,
    "elapsed_time": 3.285402410896495,
    "id": 12,
    "type": "cluster"
  },
  {
    "time": 14400.0,
    "elapsed_time": 4.127090045949444,
    "id": 13,
    "type": "cluster"
  },
  {
    "time": 14400.0,
    "elapsed_time": 3.135137654840946,
    "id": 14,
    "type": "cluster"
  },
  {
    "time": 14400.0,
    "elapsed_time": 3.2874985937960446,
    "id": 15,
    "type": "cluster"
  },
  {
    "time": 14400.0,
    "elapsed_time": 2.7941971300169826,
    "id": 16,
    "type": "cluster"
  },
  {
    "time": 14400.0,
    "elapsed_time": 5.207556253997609,
    "id": 17,
    "type": "cluster"
  },
  {
    "time": 14400.0,
    "elapsed_time": 51.34326135390438,
    "id": -2,
    "type": "all_clusters"
  },
  {
    "time": 16200.0,
    "elapsed_time": 3.221865160856396,
    "id": 11,
    "type": "cluster"
  },
  {
    "time": 16200.0,
    "elapsed_time": 3.769818387925625,
    "id": 12,
    "type": "cluster"
  },
  {
    "time": 16200.0,
    "elapsed_time": 3.381908660987392,
    "id": 13,
    "type": "cluster"
  },
  {
    "time": 16200.0,
    "elapsed_time": 6.884922605007887,
    "id": 14,
    "type": "cluster"
  },
  {
    "time": 16200.0,
    "elapsed_time": 3.4067274110857397,
    "id": 15,
    "type": "cluster"
  },
  {
    "time": 16200.0,
    "elapsed_time": 2.7908535599708557,
    "id": 16,
    "type": "cluster"
  },
  {
    "time": 16200.0,
    "elapsed_time": 3.2433048330713063,
    "id": 17,
    "type": "cluster"
  },
  {
    "time": 16200.0,
    "elapsed_time": 63.060510685201734,
    "id": -2,
    "type": "all_clusters"
  },
  {
    "time": 18000.0,
    "elapsed_time": 6.942192019894719,
    "id": -1,
    "type": "global"
  },
  {
    "time": 18000.0,
    "elapsed_time": 3.153027008054778,
    "id": 11,
    "type": "cluster"
  },
  {
    "time": 18000.0,
    "elapsed_time": 3.4588825860992074,
    "id": 12,
    "type": "cluster"
  },
  {
    "time": 18000.0,
    "elapsed_time": 4.600346621824428,
    "id": 13,
    "type": "cluster"
  },
  {
    "time": 18000.0,
    "elapsed_time": 4.036257834872231,
    "id": 14,
    "type": "cluster"
  },
  {
    "time": 18000.0,
    "elapsed_time": 3.3433732739649713,
    "id": 15,
    "type": "cluster"
  },
  {
    "time": 18000.0,
    "elapsed_time": 3.0607912798877805,
    "id": 16,
    "type": "cluster"
  },
  {
    "time": 18000.0,
    "elapsed_time": 3.1308650991413742,
    "id": 17,
    "type": "cluster"
  },
  {
    "time": 18000.0,
    "elapsed_time": 50.829427043907344,
    "id": -2,
    "type": "all_clusters"
  },
  {
    "time": 19800.0,
    "elapsed_time": 3.0481011387892067,
    "id": 11,
    "type": "cluster"
  },
  {
    "time": 19800.0,
    "elapsed_time": 3.4561797191854566,
    "id": 12,
    "type": "cluster"
  },
  {
    "time": 19800.0,
    "elapsed_time": 3.166197498096153,
    "id": 13,
    "type": "cluster"
  },
  {
    "time": 19800.0,
    "elapsed_time": 3.139586718985811,
    "id": 14,
    "type": "cluster"
  },
  {
    "time": 19800.0,
    "elapsed_time": 3.315958831924945,
    "id": 15,
    "type": "cluster"
  },
  {
    "time": 19800.0,
    "elapsed_time": 2.812927853083238,
    "id": 16,
    "type": "cluster"
  },
  {
    "time": 19800.0,
    "elapsed_time": 3.0360681959427893,
    "id": 17,
    "type": "cluster"
  },
  {
    "time": 19800.0,
    "elapsed_time": 50.28531535691582,
    "id": -2,
    "type": "all_clusters"
  },
  {
    "time": 21600.0,
    "elapsed_time": 7.63065094104968,
    "id": -1,
    "type": "global"
  },
  {
    "time": 21600.0,
    "elapsed_time": 3.089935777010396,
    "id": 11,
    "type": "cluster"
  },
  {
    "time": 21600.0,
    "elapsed_time": 6.8688180348835886,
    "id": 12,
    "type": "cluster"
  },
  {
    "time": 21600.0,
    "elapsed_time": 6.027322125155479,
    "id": 13,
    "type": "cluster"
  },
  {
    "time": 21600.0,
    "elapsed_time": 3.520730682183057,
    "id": 14,
    "type": "cluster"
  },
  {
    "time": 21600.0,
    "elapsed_time": 8.013687195954844,
    "id": 15,
    "type": "cluster"
  },
  {
    "time": 21600.0,
    "elapsed_time": 2.8476235771086067,
    "id": 16,
    "type": "cluster"
  },
  {
    "time": 21600.0,
    "elapsed_time": 3.112887131050229,
    "id": 17,
    "type": "cluster"
  },
  {
    "time": 21600.0,
    "elapsed_time": 69.65137868397869,
    "id": -2,
    "type": "all_clusters"
  },
  {
    "time": 23400.0,
    "elapsed_time": 3.2486028759740293,
    "id": 11,
    "type": "cluster"
  },
  {
    "time": 23400.0,
    "elapsed_time": 4.381360749015585,
    "id": 12,
    "type": "cluster"
  },
  {
    "time": 23400.0,
    "elapsed_time": 6.849363012006506,
    "id": 13,
    "type": "cluster"
  },
  {
    "time": 23400.0,
    "elapsed_time": 3.6847449028864503,
    "id": 14,
    "type": "cluster"
  },
  {
    "time": 23400.0,
    "elapsed_time": 5.835809960030019,
    "id": 15,
    "type": "cluster"
  },
  {
    "time": 23400.0,
    "elapsed_time": 3.064533299067989,
    "id": 16,
    "type": "cluster"
  },
  {
    "time": 23400.0,
    "elapsed_time": 3.1761093919631094,
    "id": 17,
    "type": "cluster"
  },
  {
    "time": 23400.0,
    "elapsed_time": 68.54399412404746,
    "id": -2,
    "type": "all_clusters"
  },
  {
    "time": 25200.0,
    "elapsed_time": 7.1516088610515,
    "id": -1,
    "type": "global"
  },
  {
    "time": 25200.0,
    "elapsed_time": 3.186609463999048,
    "id": 11,
    "type": "cluster"
  },
  {
    "time": 25200.0,
    "elapsed_time": 3.3319473119918257,
    "id": 12,
    "type": "cluster"
  },
  {
    "time": 25200.0,
    "elapsed_time": 3.235235488973558,
    "id": 13,
    "type": "cluster"
  },
  {
    "time": 25200.0,
    "elapsed_time": 3.1498285201378167,
    "id": 14,
    "type": "cluster"
  },
  {
    "time": 25200.0,
    "elapsed_time": 5.229448097990826,
    "id": 15,
    "type": "cluster"
  },
  {
    "time": 25200.0,
    "elapsed_time": 2.729436188004911,
    "id": 16,
    "type": "cluster"
  },
  {
    "time": 25200.0,
    "elapsed_time": 3.0016175520140678,
    "id": 17,
    "type": "cluster"
  },
  {
    "time": 25200.0,
    "elapsed_time": 62.80363834486343,
    "id": -2,
    "type": "all_clusters"
  },
  {
    "time": 27000.0,
    "elapsed_time": 3.0256722760386765,
    "id": 11,
    "type": "cluster"
  },
  {
    "time": 27000.0,
    "elapsed_time": 3.2374886530451477,
    "id": 12,
    "type": "cluster"
  },
  {
    "time": 27000.0,
    "elapsed_time": 4.262831500032917,
    "id": 13,
    "type": "cluster"
  },
  {
    "time": 27000.0,
    "elapsed_time": 4.308617878938094,
    "id": 14,
    "type": "cluster"
  },
  {
    "time": 27000.0,
    "elapsed_time": 3.1661993029993027,
    "id": 15,
    "type": "cluster"
  },
  {
    "time": 27000.0,
    "elapsed_time": 2.6665169820189476,
    "id": 16,
    "type": "cluster"
  },
  {
    "time": 27000.0,
    "elapsed_time": 3.0033154969569296,
    "id": 17,
    "type": "cluster"
  },
  {
    "time": 27000.0,
    "elapsed_time": 62.02884867298417,
    "id": -2,
    "type": "all_clusters"
  },
  {
    "time": 28800.0,
    "elapsed_time": 7.033840346848592,
    "id": -1,
    "type": "global"
  },
  {
    "time": 28800.0,
    "elapsed_time": 3.1801821140106767,
    "id": 11,
    "type": "cluster"
  },
  {
    "time": 28800.0,
    "elapsed_time": 3.294182817917317,
    "id": 12,
    "type": "cluster"
  },
  {
    "time": 28800.0,
    "elapsed_time": 3.1835206798277795,
    "id": 13,
    "type": "cluster"
  },
  {
    "time": 28800.0,
    "elapsed_time": 3.314481679117307,
    "id": 14,
    "type": "cluster"
  },
  {
    "time": 28800.0,
    "elapsed_time": 4.504181308904663,
    "id": 15,
    "type": "cluster"
  },
  {
    "time": 28800.0,
    "elapsed_time": 2.7513148500584066,
    "id": 16,
    "type": "cluster"
  },
  {
    "time": 28800.0,
    "elapsed_time": 3.0057839259970933,
    "id": 17,
    "type": "cluster"
  },
  {
    "time": 28800.0,
    "elapsed_time": 62.46538836299442,
    "id": -2,
    "type": "all_clusters"
  },
  {
    "time": 30600.0,
    "elapsed_time": 3.179184584878385,
    "id": 11,
    "type": "cluster"
  },
  {
    "time": 30600.0,
    "elapsed_time": 3.257764081005007,
    "id": 12,
    "type": "cluster"
  },
  {
    "time": 30600.0,
    "elapsed_time": 3.3890491689089686,
    "id": 13,
    "type": "cluster"
  },
  {
    "time": 30600.0,
    "elapsed_time": 3.2801135070621967,
    "id": 14,
    "type": "cluster"
  },
  {
    "time": 30600.0,
    "elapsed_time": 5.202106483979151,
    "id": 15,
    "type": "cluster"
  },
  {
    "time": 30600.0,
    "elapsed_time": 3.5230669020675123,
    "id": 16,
    "type": "cluster"
  },
  {
    "time": 30600.0,
    "elapsed_time": 3.042149315122515,
    "id": 17,
    "type": "cluster"
  },
  {
    "time": 30600.0,
    "elapsed_time": 66.460181344999,
    "id": -2,
    "type": "all_clusters"
  },
  {
    "time": 32400.0,
    "elapsed_time": 7.073500296100974,
    "id": -1,
    "type": "global"
  },
  {
    "time": 32400.0,
    "elapsed_time": 3.1791047791484743,
    "id": 11,
    "type": "cluster"
  },
  {
    "time": 32400.0,
    "elapsed_time": 3.895673305960372,
    "id": 12,
    "type": "cluster"
  },
  {
    "time": 32400.0,
    "elapsed_time": 3.211476240074262,
    "id": 13,
    "type": "cluster"
  },
  {
    "time": 32400.0,
    "elapsed_time": 3.198922456940636,
    "id": 14,
    "type": "cluster"
  },
  {
    "time": 32400.0,
    "elapsed_time": 3.2938573169521987,
    "id": 15,
    "type": "cluster"
  },
  {
    "time": 32400.0,
    "elapsed_time": 2.7475135622080415,
    "id": 16,
    "type": "cluster"
  },
  {
    "time": 32400.0,
    "elapsed_time": 2.9960735568311065,
    "id": 17,
    "type": "cluster"
  },
  {
    "time": 32400.0,
    "elapsed_time": 65.0470398219768,
    "id": -2,
    "type": "all_clusters"
  },
  {
    "time": 34200.0,
    "elapsed_time": 3.1166059048846364,
    "id": 11,
    "type": "cluster"
  },
  {
    "time": 34200.0,
    "elapsed_time": 5.516756932018325,
    "id": 12,
    "type": "cluster"
  },
  {
    "time": 34200.0,
    "elapsed_time": 3.270064467797056,
    "id": 13,
    "type": "cluster"
  },
  {
    "time": 34200.0,
    "elapsed_time": 3.2455904921516776,
    "id": 14,
    "type": "cluster"
  },
  {
    "time": 34200.0,
    "elapsed_time": 3.4763941389974207,
    "id": 15,
    "type": "cluster"
  },
  {
    "time": 34200.0,
    "elapsed_time": 2.918973451014608,
    "id": 16,
    "type": "cluster"
  },
  {
    "time": 34200.0,
    "elapsed_time": 3.1112541160546243,
    "id": 17,
    "type": "cluster"
  },
  {
    "time": 34200.0,
    "elapsed_time": 65.10267472313717,
    "id": -2,
    "type": "all_clusters"
  },
  {
    "time": 36000.0,
    "elapsed_time": 6.7930460318457335,
    "id": -1,
    "type": "global"
  },
  {
    "time": 36000.0,
    "elapsed_time": 3.1274789709132165,
    "id": 11,
    "type": "cluster"
  },
  {
    "time": 36000.0,
    "elapsed_time": 3.2404486460145563,
    "id": 12,
    "type": "cluster"
  },
  {
    "time": 36000.0,
    "elapsed_time": 3.3760576609056443,
    "id": 13,
    "type": "cluster"
  },
  {
    "time": 36000.0,
    "elapsed_time": 3.423776235897094,
    "id": 14,
    "type": "cluster"
  },
  {
    "time": 36000.0,
    "elapsed_time": 3.357785932952538,
    "id": 15,
    "type": "cluster"
  },
  {
    "time": 36000.0,
    "elapsed_time": 5.076766125159338,
    "id": 16,
    "type": "cluster"
  },
  {
    "time": 36000.0,
    "elapsed_time": 3.0231946620624512,
    "id": 17,
    "type": "cluster"
  },
  {
    "time": 36000.0,
    "elapsed_time": 73.34491970320232,
    "id": -2,
    "type": "all_clusters"
  },
  {
    "time": 37800.0,
    "elapsed_time": 2.965250900015235,
    "id": 11,
    "type": "cluster"
  },
  {
    "time": 37800.0,
    "elapsed_time": 3.375563128851354,
    "id": 12,
    "type": "cluster"
  },
  {
    "time": 37800.0,
    "elapsed_time": 3.1220948440022767,
    "id": 13,
    "type": "cluster"
  },
  {
    "time": 37800.0,
    "elapsed_time": 3.2460683211684227,
    "id": 14,
    "type": "cluster"
  },
  {
    "time": 37800.0,
    "elapsed_time": 3.1180484609212726,
    "id": 15,
    "type": "cluster"
  },
  {
    "time": 37800.0,
    "elapsed_time": 2.825506337918341,
    "id": 16,
    "type": "cluster"
  },
  {
    "time": 37800.0,
    "elapsed_time": 3.057164267869666,
    "id": 17,
    "type": "cluster"
  },
  {
    "time": 37800.0,
    "elapsed_time": 66.12305979104713,
    "id": -2,
    "type": "all_clusters"
  },
  {
    "time": 39600.0,
    "elapsed_time": 6.861998987849802,
    "id": -1,
    "type": "global"
  },
  {
    "time": 39600.0,
    "elapsed_time": 3.048475867137313,
    "id": 11,
    "type": "cluster"
  },
  {
    "time": 39600.0,
    "elapsed_time": 4.366897347848862,
    "id": 12,
    "type": "cluster"
  },
  {
    "time": 39600.0,
    "elapsed_time": 3.9449872269760817,
    "id": 13,
    "type": "cluster"
  },
  {
    "time": 39600.0,
    "elapsed_time": 3.211053012870252,
    "id": 14,
    "type": "cluster"
  },
  {
    "time": 39600.0,
    "elapsed_time": 3.5226411148905754,
    "id": 15,
    "type": "cluster"
  },
  {
    "time": 39600.0,
    "elapsed_time": 2.7429597231093794,
    "id": 16,
    "type": "cluster"
  },
  {
    "time": 39600.0,
    "elapsed_time": 3.0229419921524823,
    "id": 17,
    "type": "cluster"
  },
  {
    "time": 39600.0,
    "elapsed_time": 70.7132438251283,
    "id": -2,
    "type": "all_clusters"
  },
  {
    "time": 41400.0,
    "elapsed_time": 3.0910421889275312,
    "id": 11,
    "type": "cluster"
  },
  {
    "time": 41400.0,
    "elapsed_time": 3.193838386796415,
    "id": 12,
    "type": "cluster"
  },
  {
    "time": 41400.0,
    "elapsed_time": 4.0319931039121,
    "id": 13,
    "type": "cluster"
  },
  {
    "time": 41400.0,
    "elapsed_time": 4.068843771005049,
    "id": 14,
    "type": "cluster"
  },
  {
    "time": 41400.0,
    "elapsed_time": 3.0760866589844227,
    "id": 15,
    "type": "cluster"
  },
  {
    "time": 41400.0,
    "elapsed_time": 2.7343244499061257,
    "id": 16,
    "type": "cluster"
  },
  {
    "time": 41400.0,
    "elapsed_time": 2.997388333082199,
    "id": 17,
    "type": "cluster"
  },
  {
    "time": 41400.0,
    "elapsed_time": 71.71066784183495,
    "id": -2,
    "type": "all_clusters"
  },
  {
    "time": 43200.0,
    "elapsed_time": 6.6743112108670175,
    "id": -1,
    "type": "global"
  },
  {
    "time": 43200.0,
    "elapsed_time": 5.257839024998248,
    "id": 11,
    "type": "cluster"
  },
  {
    "time": 43200.0,
    "elapsed_time": 3.302113379118964,
    "id": 12,
    "type": "cluster"
  },
  {
    "time": 43200.0,
    "elapsed_time": 3.9741495330817997,
    "id": 13,
    "type": "cluster"
  },
  {
    "time": 43200.0,
    "elapsed_time": 3.1253449029754847,
    "id": 14,
    "type": "cluster"
  },
  {
    "time": 43200.0,
    "elapsed_time": 3.2015756329055876,
    "id": 15,
    "type": "cluster"
  },
  {
    "time": 43200.0,
    "elapsed_time": 2.7676708770450205,
    "id": 16,
    "type": "cluster"
  },
  {
    "time": 43200.0,
    "elapsed_time": 3.0257839059922844,
    "id": 17,
    "type": "cluster"
  },
  {
    "time": 43200.0,
    "elapsed_time": 72.2376826100517,
    "id": -2,
    "type": "all_clusters"
  },
  {
    "time": 45000.0,
    "elapsed_time": 3.0486610040534288,
    "id": 11,
    "type": "cluster"
  },
  {
    "time": 45000.0,
    "elapsed_time": 3.5021071389783174,
    "id": 12,
    "type": "cluster"
  },
  {
    "time": 45000.0,
    "elapsed_time": 3.1609069369733334,
    "id": 13,
    "type": "cluster"
  },
  {
    "time": 45000.0,
    "elapsed_time": 3.9809467899613082,
    "id": 14,
    "type": "cluster"
  },
  {
    "time": 45000.0,
    "elapsed_time": 3.1758434819057584,
    "id": 15,
    "type": "cluster"
  },
  {
    "time": 45000.0,
    "elapsed_time": 2.8951843411196023,
    "id": 16,
    "type": "cluster"
  },
  {
    "time": 45000.0,
    "elapsed_time": 3.03477262891829,
    "id": 17,
    "type": "cluster"
  },
  {
    "time": 45000.0,
    "elapsed_time": 74.04079015785828,
    "id": -2,
    "type": "all_clusters"
  },
  {
    "time": 46800.0,
    "elapsed_time": 6.920709128957242,
    "id": -1,
    "type": "global"
  },
  {
    "time": 46800.0,
    "elapsed_time": 3.0553602259606123,
    "id": 11,
    "type": "cluster"
  },
  {
    "time": 46800.0,
    "elapsed_time": 3.1009817181620747,
    "id": 12,
    "type": "cluster"
  },
  {
    "time": 46800.0,
    "elapsed_time": 3.1859573568217456,
    "id": 13,
    "type": "cluster"
  },
  {
    "time": 46800.0,
    "elapsed_time": 3.673351826844737,
    "id": 14,
    "type": "cluster"
  },
  {
    "time": 46800.0,
    "elapsed_time": 3.543904257938266,
    "id": 15,
    "type": "cluster"
  },
  {
    "time": 46800.0,
    "elapsed_time": 2.6491416089702398,
    "id": 16,
    "type": "cluster"
  },
  {
    "time": 46800.0,
    "elapsed_time": 2.929531011963263,
    "id": 17,
    "type": "cluster"
  },
  {
    "time": 46800.0,
    "elapsed_time": 69.43108371389098,
    "id": -2,
    "type": "all_clusters"
  },
  {
    "time": 48600.0,
    "elapsed_time": 2.957255861023441,
    "id": 11,
    "type": "cluster"
  },
  {
    "time": 48600.0,
    "elapsed_time": 5.4181025880388916,
    "id": 12,
    "type": "cluster"
  },
  {
    "time": 48600.0,
    "elapsed_time": 3.3555268179625273,
    "id": 13,
    "type": "cluster"
  },
  {
    "time": 48600.0,
    "elapsed_time": 4.166947985067964,
    "id": 14,
    "type": "cluster"
  },
  {
    "time": 48600.0,
    "elapsed_time": 3.6374566280283034,
    "id": 15,
    "type": "cluster"
  },
  {
    "time": 48600.0,
    "elapsed_time": 2.6676260319072753,
    "id": 16,
    "type": "cluster"
  },
  {
    "time": 48600.0,
    "elapsed_time": 2.979303029831499,
    "id": 17,
    "type": "cluster"
  },
  {
    "time": 48600.0,
    "elapsed_time": 74.70238592219539,
    "id": -2,
    "type": "all_clusters"
  },
  {
    "time": 50400.0,
    "elapsed_time": 6.6751298741437495,
    "id": -1,
    "type": "global"
  },
  {
    "time": 50400.0,
    "elapsed_time": 2.973593802889809,
    "id": 11,
    "type": "cluster"
  },
  {
    "time": 50400.0,
    "elapsed_time": 3.390981953823939,
    "id": 12,
    "type": "cluster"
  },
  {
    "time": 50400.0,
    "elapsed_time": 4.175087339943275,
    "id": 13,
    "type": "cluster"
  },
  {
    "time": 50400.0,
    "elapsed_time": 3.867965720128268,
    "id": 14,
    "type": "cluster"
  },
  {
    "time": 50400.0,
    "elapsed_time": 3.523364410037175,
    "id": 15,
    "type": "cluster"
  },
  {
    "time": 50400.0,
    "elapsed_time": 2.7058021898847073,
    "id": 16,
    "type": "cluster"
  },
  {
    "time": 50400.0,
    "elapsed_time": 3.0109417880885303,
    "id": 17,
    "type": "cluster"
  },
  {
    "time": 50400.0,
    "elapsed_time": 78.15961107402109,
    "id": -2,
    "type": "all_clusters"
  },
  {
    "time": 52200.0,
    "elapsed_time": 3.0375645360909402,
    "id": 11,
    "type": "cluster"
  },
  {
    "time": 52200.0,
    "elapsed_time": 3.296906169038266,
    "id": 12,
    "type": "cluster"
  },
  {
    "time": 52200.0,
    "elapsed_time": 6.050120011903346,
    "id": 13,
    "type": "cluster"
  },
  {
    "time": 52200.0,
    "elapsed_time": 3.120693808887154,
    "id": 14,
    "type": "cluster"
  },
  {
    "time": 52200.0,
    "elapsed_time": 3.426243507070467,
    "id": 15,
    "type": "cluster"
  },
  {
    "time": 52200.0,
    "elapsed_time": 2.7729553538374603,
    "id": 16,
    "type": "cluster"
  },
  {
    "time": 52200.0,
    "elapsed_time": 2.9707774638663977,
    "id": 17,
    "type": "cluster"
  },
  {
    "time": 52200.0,
    "elapsed_time": 75.01443460187875,
    "id": -2,
    "type": "all_clusters"
  },
  {
    "time": 54000.0,
    "elapsed_time": 6.660819499054924,
    "id": -1,
    "type": "global"
  },
  {
    "time": 54000.0,
    "elapsed_time": 3.065376402111724,
    "id": 11,
    "type": "cluster"
  },
  {
    "time": 54000.0,
    "elapsed_time": 6.798477297183126,
    "id": 12,
    "type": "cluster"
  },
  {
    "time": 54000.0,
    "elapsed_time": 4.213956712977961,
    "id": 13,
    "type": "cluster"
  },
  {
    "time": 54000.0,
    "elapsed_time": 3.2548412489704788,
    "id": 14,
    "type": "cluster"
  },
  {
    "time": 54000.0,
    "elapsed_time": 3.354772362858057,
    "id": 15,
    "type": "cluster"
  },
  {
    "time": 54000.0,
    "elapsed_time": 2.713176175020635,
    "id": 16,
    "type": "cluster"
  },
  {
    "time": 54000.0,
    "elapsed_time": 3.1242457679472864,
    "id": 17,
    "type": "cluster"
  },
  {
    "time": 54000.0,
    "elapsed_time": 78.17596142413095,
    "id": -2,
    "type": "all_clusters"
  },
  {
    "time": 55800.0,
    "elapsed_time": 3.1980574619956315,
    "id": 11,
    "type": "cluster"
  },
  {
    "time": 55800.0,
    "elapsed_time": 3.359949022065848,
    "id": 12,
    "type": "cluster"
  },
  {
    "time": 55800.0,
    "elapsed_time": 3.349696991033852,
    "id": 13,
    "type": "cluster"
  },
  {
    "time": 55800.0,
    "elapsed_time": 3.3791421479545534,
    "id": 14,
    "type": "cluster"
  },
  {
    "time": 55800.0,
    "elapsed_time": 3.3823672449216247,
    "id": 15,
    "type": "cluster"
  },
  {
    "time": 55800.0,
    "elapsed_time": 2.902886175084859,
    "id": 16,
    "type": "cluster"
  },
  {
    "time": 55800.0,
    "elapsed_time": 3.1524597238749266,
    "id": 17,
    "type": "cluster"
  },
  {
    "time": 55800.0,
    "elapsed_time": 78.78944329102524,
    "id": -2,
    "type": "all_clusters"
  },
  {
    "time": 57600.0,
    "elapsed_time": 6.761347749037668,
    "id": -1,
    "type": "global"
  },
  {
    "time": 57600.0,
    "elapsed_time": 3.027396383928135,
    "id": 11,
    "type": "cluster"
  },
  {
    "time": 57600.0,
    "elapsed_time": 3.163365160813555,
    "id": 12,
    "type": "cluster"
  },
  {
    "time": 57600.0,
    "elapsed_time": 3.213353571947664,
    "id": 13,
    "type": "cluster"
  },
  {
    "time": 57600.0,
    "elapsed_time": 3.3052951488643885,
    "id": 14,
    "type": "cluster"
  },
  {
    "time": 57600.0,
    "elapsed_time": 3.309312022989616,
    "id": 15,
    "type": "cluster"
  },
  {
    "time": 57600.0,
    "elapsed_time": 2.6609829468652606,
    "id": 16,
    "type": "cluster"
  },
  {
    "time": 57600.0,
    "elapsed_time": 2.9714782601222396,
    "id": 17,
    "type": "cluster"
  },
  {
    "time": 57600.0,
    "elapsed_time": 71.40815563499928,
    "id": -2,
    "type": "all_clusters"
  },
  {
    "time": 59400.0,
    "elapsed_time": 3.1796439178287983,
    "id": 11,
    "type": "cluster"
  },
  {
    "time": 59400.0,
    "elapsed_time": 3.31314193806611,
    "id": 12,
    "type": "cluster"
  },
  {
    "time": 59400.0,
    "elapsed_time": 3.3099036421626806,
    "id": 13,
    "type": "cluster"
  },
  {
    "time": 59400.0,
    "elapsed_time": 3.441578411962837,
    "id": 14,
    "type": "cluster"
  },
  {
    "time": 59400.0,
    "elapsed_time": 3.507016477175057,
    "id": 15,
    "type": "cluster"
  },
  {
    "time": 59400.0,
    "elapsed_time": 2.6887696019839495,
    "id": 16,
    "type": "cluster"
  },
  {
    "time": 59400.0,
    "elapsed_time": 3.0813912709709257,
    "id": 17,
    "type": "cluster"
  },
  {
    "time": 59400.0,
    "elapsed_time": 77.35615505208261,
    "id": -2,
    "type": "all_clusters"
  },
  {
    "time": 61200.0,
    "elapsed_time": 6.720605734037235,
    "id": -1,
    "type": "global"
  },
  {
    "time": 61200.0,
    "elapsed_time": 3.167061414802447,
    "id": 11,
    "type": "cluster"
  },
  {
    "time": 61200.0,
    "elapsed_time": 3.2962323329411447,
    "id": 12,
    "type": "cluster"
  },
  {
    "time": 61200.0,
    "elapsed_time": 4.094073025044054,
    "id": 13,
    "type": "cluster"
  },
  {
    "time": 61200.0,
    "elapsed_time": 3.176424324978143,
    "id": 14,
    "type": "cluster"
  },
  {
    "time": 61200.0,
    "elapsed_time": 5.661651890957728,
    "id": 15,
    "type": "cluster"
  },
  {
    "time": 61200.0,
    "elapsed_time": 2.752709890017286,
    "id": 16,
    "type": "cluster"
  },
  {
    "time": 61200.0,
    "elapsed_time": 3.1583087460603565,
    "id": 17,
    "type": "cluster"
  },
  {
    "time": 61200.0,
    "elapsed_time": 75.29985585692339,
    "id": -2,
    "type": "all_clusters"
  },
  {
    "time": 63000.0,
    "elapsed_time": 3.1101965000852942,
    "id": 11,
    "type": "cluster"
  },
  {
    "time": 63000.0,
    "elapsed_time": 3.5120551441796124,
    "id": 12,
    "type": "cluster"
  },
  {
    "time": 63000.0,
    "elapsed_time": 3.2487186768557876,
    "id": 13,
    "type": "cluster"
  },
  {
    "time": 63000.0,
    "elapsed_time": 3.221665218938142,
    "id": 14,
    "type": "cluster"
  },
  {
    "time": 63000.0,
    "elapsed_time": 3.3556841309182346,
    "id": 15,
    "type": "cluster"
  },
  {
    "time": 63000.0,
    "elapsed_time": 2.8890960100106895,
    "id": 16,
    "type": "cluster"
  },
  {
    "time": 63000.0,
    "elapsed_time": 3.2240259188693017,
    "id": 17,
    "type": "cluster"
  },
  {
    "time": 63000.0,
    "elapsed_time": 74.96440035896376,
    "id": -2,
    "type": "all_clusters"
  },
  {
    "time": 64800.0,
    "elapsed_time": 6.910729655995965,
    "id": -1,
    "type": "global"
  },
  {
    "time": 64800.0,
    "elapsed_time": 3.2081359100993723,
    "id": 11,
    "type": "cluster"
  },
  {
    "time": 64800.0,
    "elapsed_time": 3.2945481510832906,
    "id": 12,
    "type": "cluster"
  },
  {
    "time": 64800.0,
    "elapsed_time": 5.520270847948268,
    "id": 13,
    "type": "cluster"
  },
  {
    "time": 64800.0,
    "elapsed_time": 3.3975930409505963,
    "id": 14,
    "type": "cluster"
  },
  {
    "time": 64800.0,
    "elapsed_time": 3.4078700840473175,
    "id": 15,
    "type": "cluster"
  },
  {
    "time": 64800.0,
    "elapsed_time": 2.6874607030767947,
    "id": 16,
    "type": "cluster"
  },
  {
    "time": 64800.0,
    "elapsed_time": 3.0470106080174446,
    "id": 17,
    "type": "cluster"
  },
  {
    "time": 64800.0,
    "elapsed_time": 81.4010576910805,
    "id": -2,
    "type": "all_clusters"
  },
  {
    "time": 66600.0,
    "elapsed_time": 3.1251597821246833,
    "id": 11,
    "type": "cluster"
  },
  {
    "time": 66600.0,
    "elapsed_time": 3.3451299041043967,
    "id": 12,
    "type": "cluster"
  },
  {
    "time": 66600.0,
    "elapsed_time": 3.373834488913417,
    "id": 13,
    "type": "cluster"
  },
  {
    "time": 66600.0,
    "elapsed_time": 5.5425859780516475,
    "id": 14,
    "type": "cluster"
  },
  {
    "time": 66600.0,
    "elapsed_time": 3.3410433551762253,
    "id": 15,
    "type": "cluster"
  },
  {
    "time": 66600.0,
    "elapsed_time": 2.896029445109889,
    "id": 16,
    "type": "cluster"
  },
  {
    "time": 66600.0,
    "elapsed_time": 2.9622640588786453,
    "id": 17,
    "type": "cluster"
  },
  {
    "time": 66600.0,
    "elapsed_time": 79.46857651486062,
    "id": -2,
    "type": "all_clusters"
  },
  {
    "time": 68400.0,
    "elapsed_time": 6.9524881488177925,
    "id": -1,
    "type": "global"
  },
  {
    "time": 68400.0,
    "elapsed_time": 3.063421030063182,
    "id": 11,
    "type": "cluster"
  },
  {
    "time": 68400.0,
    "elapsed_time": 3.474626815877855,
    "id": 12,
    "type": "cluster"
  },
  {
    "time": 68400.0,
    "elapsed_time": 3.4777815740089864,
    "id": 13,
    "type": "cluster"
  },
  {
    "time": 68400.0,
    "elapsed_time": 4.2079493179917336,
    "id": 14,
    "type": "cluster"
  },
  {
    "time": 68400.0,
    "elapsed_time": 3.0872668880037963,
    "id": 15,
    "type": "cluster"
  },
  {
    "time": 68400.0,
    "elapsed_time": 2.6529373191297054,
    "id": 16,
    "type": "cluster"
  },
  {
    "time": 68400.0,
    "elapsed_time": 2.9671394559554756,
    "id": 17,
    "type": "cluster"
  },
  {
    "time": 68400.0,
    "elapsed_time": 82.28634331189096,
    "id": -2,
    "type": "all_clusters"
  },
  {
    "time": 70200.0,
    "elapsed_time": 2.9892901920247823,
    "id": 11,
    "type": "cluster"
  },
  {
    "time": 70200.0,
    "elapsed_time": 3.3960320570040494,
    "id": 12,
    "type": "cluster"
  },
  {
    "time": 70200.0,
    "elapsed_time": 3.4858912432100624,
    "id": 13,
    "type": "cluster"
  },
  {
    "time": 70200.0,
    "elapsed_time": 3.197184357093647,
    "id": 14,
    "type": "cluster"
  },
  {
    "time": 70200.0,
    "elapsed_time": 3.2782728320453316,
    "id": 15,
    "type": "cluster"
  },
  {
    "time": 70200.0,
    "elapsed_time": 5.322219263995066,
    "id": 16,
    "type": "cluster"
  },
  {
    "time": 70200.0,
    "elapsed_time": 3.0219403291121125,
    "id": 17,
    "type": "cluster"
  },
  {
    "time": 70200.0,
    "elapsed_time": 85.08749229391105,
    "id": -2,
    "type": "all_clusters"
  },
  {
    "time": 72000.0,
    "elapsed_time": 6.871920290868729,
    "id": -1,
    "type": "global"
  },
  {
    "time": 72000.0,
    "elapsed_time": 3.2787250918336213,
    "id": 11,
    "type": "cluster"
  },
  {
    "time": 72000.0,
    "elapsed_time": 3.177017225883901,
    "id": 12,
    "type": "cluster"
  },
  {
    "time": 72000.0,
    "elapsed_time": 3.299772997153923,
    "id": 13,
    "type": "cluster"
  },
  {
    "time": 72000.0,
    "elapsed_time": 3.445276056881994,
    "id": 14,
    "type": "cluster"
  },
  {
    "time": 72000.0,
    "elapsed_time": 4.420931616099551,
    "id": 15,
    "type": "cluster"
  },
  {
    "time": 72000.0,
    "elapsed_time": 2.8257990160491318,
    "id": 16,
    "type": "cluster"
  },
  {
    "time": 72000.0,
    "elapsed_time": 3.077426371863112,
    "id": 17,
    "type": "cluster"
  },
  {
    "time": 72000.0,
    "elapsed_time": 85.44018991291523,
    "id": -2,
    "type": "all_clusters"
  },
  {
    "time": 73800.0,
    "elapsed_time": 3.097473298199475,
    "id": 11,
    "type": "cluster"
  },
  {
    "time": 73800.0,
    "elapsed_time": 4.252828225959092,
    "id": 12,
    "type": "cluster"
  },
  {
    "time": 73800.0,
    "elapsed_time": 3.2994834990240633,
    "id": 13,
    "type": "cluster"
  },
  {
    "time": 73800.0,
    "elapsed_time": 3.3316042360384017,
    "id": 14,
    "type": "cluster"
  },
  {
    "time": 73800.0,
    "elapsed_time": 3.1160840070806444,
    "id": 15,
    "type": "cluster"
  },
  {
    "time": 73800.0,
    "elapsed_time": 2.6664746578317136,
    "id": 16,
    "type": "cluster"
  },
  {
    "time": 73800.0,
    "elapsed_time": 2.8846609049942344,
    "id": 17,
    "type": "cluster"
  },
  {
    "time": 73800.0,
    "elapsed_time": 84.58052528183907,
    "id": -2,
    "type": "all_clusters"
  },
  {
    "time": 75600.0,
    "elapsed_time": 6.888187424046919,
    "id": -1,
    "type": "global"
  },
  {
    "time": 75600.0,
    "elapsed_time": 5.745153950992972,
    "id": 11,
    "type": "cluster"
  },
  {
    "time": 75600.0,
    "elapsed_time": 3.4205956109799445,
    "id": 12,
    "type": "cluster"
  },
  {
    "time": 75600.0,
    "elapsed_time": 3.5046621521469206,
    "id": 13,
    "type": "cluster"
  },
  {
    "time": 75600.0,
    "elapsed_time": 5.656339972978458,
    "id": 14,
    "type": "cluster"
  },
  {
    "time": 75600.0,
    "elapsed_time": 3.135519827948883,
    "id": 15,
    "type": "cluster"
  },
  {
    "time": 75600.0,
    "elapsed_time": 2.678853797027841,
    "id": 16,
    "type": "cluster"
  },
  {
    "time": 75600.0,
    "elapsed_time": 2.950827392982319,
    "id": 17,
    "type": "cluster"
  },
  {
    "time": 75600.0,
    "elapsed_time": 84.85693130106665,
    "id": -2,
    "type": "all_clusters"
  },
  {
    "time": 77400.0,
    "elapsed_time": 3.0800921770278364,
    "id": 11,
    "type": "cluster"
  },
  {
    "time": 77400.0,
    "elapsed_time": 3.0725781759247184,
    "id": 12,
    "type": "cluster"
  },
  {
    "time": 77400.0,
    "elapsed_time": 3.2284365568775684,
    "id": 13,
    "type": "cluster"
  },
  {
    "time": 77400.0,
    "elapsed_time": 4.373658974887803,
    "id": 14,
    "type": "cluster"
  },
  {
    "time": 77400.0,
    "elapsed_time": 3.746943695936352,
    "id": 15,
    "type": "cluster"
  },
  {
    "time": 77400.0,
    "elapsed_time": 2.7317434570286423,
    "id": 16,
    "type": "cluster"
  },
  {
    "time": 77400.0,
    "elapsed_time": 2.969901554984972,
    "id": 17,
    "type": "cluster"
  },
  {
    "time": 77400.0,
    "elapsed_time": 85.95417892304249,
    "id": -2,
    "type": "all_clusters"
  },
  {
    "time": 79200.0,
    "elapsed_time": 6.87700814800337,
    "id": -1,
    "type": "global"
  },
  {
    "time": 79200.0,
    "elapsed_time": 3.2542611309327185,
    "id": 11,
    "type": "cluster"
  },
  {
    "time": 79200.0,
    "elapsed_time": 3.3823323328979313,
    "id": 12,
    "type": "cluster"
  },
  {
    "time": 79200.0,
    "elapsed_time": 3.479591420851648,
    "id": 13,
    "type": "cluster"
  },
  {
    "time": 79200.0,
    "elapsed_time": 3.480549380881712,
    "id": 14,
    "type": "cluster"
  },
  {
    "time": 79200.0,
    "elapsed_time": 4.463080235989764,
    "id": 15,
    "type": "cluster"
  },
  {
    "time": 79200.0,
    "elapsed_time": 2.884778143838048,
    "id": 16,
    "type": "cluster"
  },
  {
    "time": 79200.0,
    "elapsed_time": 3.1036956671159714,
    "id": 17,
    "type": "cluster"
  },
  {
    "time": 79200.0,
    "elapsed_time": 87.6756547249388,
    "id": -2,
    "type": "all_clusters"
  },
  {
    "time": 81000.0,
    "elapsed_time": 3.3427887759171426,
    "id": 11,
    "type": "cluster"
  },
  {
    "time": 81000.0,
    "elapsed_time": 3.3195837400853634,
    "id": 12,
    "type": "cluster"
  },
  {
    "time": 81000.0,
    "elapsed_time": 3.102308113127947,
    "id": 13,
    "type": "cluster"
  },
  {
    "time": 81000.0,
    "elapsed_time": 3.3590518420096487,
    "id": 14,
    "type": "cluster"
  },
  {
    "time": 81000.0,
    "elapsed_time": 3.263870964059606,
    "id": 15,
    "type": "cluster"
  },
  {
    "time": 81000.0,
    "elapsed_time": 2.763893340015784,
    "id": 16,
    "type": "cluster"
  },
  {
    "time": 81000.0,
    "elapsed_time": 3.0476174149662256,
    "id": 17,
    "type": "cluster"
  },
  {
    "time": 81000.0,
    "elapsed_time": 84.92656845902093,
    "id": -2,
    "type": "all_clusters"
  },
  {
    "time": 82800.0,
    "elapsed_time": 6.744091507047415,
    "id": -1,
    "type": "global"
  },
  {
    "time": 82800.0,
    "elapsed_time": 2.9476123529020697,
    "id": 11,
    "type": "cluster"
  },
  {
    "time": 82800.0,
    "elapsed_time": 4.637650256045163,
    "id": 12,
    "type": "cluster"
  },
  {
    "time": 82800.0,
    "elapsed_time": 3.0749136570375413,
    "id": 13,
    "type": "cluster"
  },
  {
    "time": 82800.0,
    "elapsed_time": 3.105052210157737,
    "id": 14,
    "type": "cluster"
  },
  {
    "time": 82800.0,
    "elapsed_time": 3.3746786781121045,
    "id": 15,
    "type": "cluster"
  },
  {
    "time": 82800.0,
    "elapsed_time": 2.745023524854332,
    "id": 16,
    "type": "cluster"
  },
  {
    "time": 82800.0,
    "elapsed_time": 3.088868882972747,
    "id": 17,
    "type": "cluster"
  },
  {
    "time": 82800.0,
    "elapsed_time": 84.25046110199764,
    "id": -2,
    "type": "all_clusters"
  },
  {
    "time": 84600.0,
    "elapsed_time": 2.8944341759197414,
    "id": 11,
    "type": "cluster"
  },
  {
    "time": 84600.0,
    "elapsed_time": 3.1285504340194166,
    "id": 12,
    "type": "cluster"
  },
  {
    "time": 84600.0,
    "elapsed_time": 3.1426428959239274,
    "id": 13,
    "type": "cluster"
  },
  {
    "time": 84600.0,
    "elapsed_time": 4.288198174908757,
    "id": 14,
    "type": "cluster"
  },
  {
    "time": 84600.0,
    "elapsed_time": 3.263452157145366,
    "id": 15,
    "type": "cluster"
  },
  {
    "time": 84600.0,
    "elapsed_time": 2.780150843085721,
    "id": 16,
    "type": "cluster"
  },
  {
    "time": 84600.0,
    "elapsed_time": 2.9738088501617312,
    "id": 17,
    "type": "cluster"
  },
  {
    "time": 84600.0,
    "elapsed_time": 83.72256929799914,
    "id": -2,
    "type": "all_clusters"
  }
]