[
  {
    "time": 0.0,
    "opt": "ClusterLLGAOptimizer",
    "elapsed_time": 110.18836230202578,
    "valid": true,
    "overall_deadline_violation": 0.20908743444963157,
    "weighted_overall_deadline_violation": 79.38613585823155,
    "max_deadline_violation": 0.01000010978097774,
    "avg_deadline_violation": 0.0016861889874970292,
    "avg_only_violated_deadline": 0.005973926698560903,
    "weighted_avg_deadline_violation": 0.0019959874602598336,
    "weighted_avg_only_violated_deadline": 0.0056593000230648685,
    "deadline_satisfaction": 0.717741935483871,
    "weighted_deadline_satisfaction": 0.6473084211607355,
    "overall_cost": 231.81266511355588,
    "max_cost": 26.665022388053806,
    "avg_cost": 8.585654263465035,
    "overall_migration_cost": 0.0,
    "max_migration_cost": 0.0,
    "avg_migration_cost": 0.0,
    "migration_rate": 0.0,
    "weighted_migration_rate": 0.0,
    "overall_response_time": 3.119828840388742,
    "weighted_overall_response_time": 855.3728280262598,
    "max_response_time": 0.15097424622949343,
    "avg_response_time": 0.025159910003135035,
    "weighted_avg_response_time": 0.021506443412692876,
    "avg_unavailability": 0.019620811590814753,
    "overall_power_consumption": 1200.2580504869165
  },
  {
    "time": 1800.0,
    "opt": "ClusterLLGAOptimizer",
    "elapsed_time": 104.65078480402008,
    "valid": true,
    "overall_deadline_violation": 0.1949402065578175,
    "weighted_overall_deadline_violation": 69.21079396174446,
    "max_deadline_violation": 0.010000109870192734,
    "avg_deadline_violation": 0.0014440015300579085,
    "avg_only_violated_deadline": 0.004873505163945441,
    "weighted_avg_deadline_violation": 0.001774957667043818,
    "weighted_avg_only_violated_deadline": 0.005458476869228698,
    "deadline_satisfaction": 0.7037037037037037,
    "weighted_deadline_satisfaction": 0.6748254669631626,
    "overall_cost": 224.7637146855571,
    "max_cost": 27.75226352892032,
    "avg_cost": 8.027275524484182,
    "overall_migration_cost": 133.36468788856976,
    "max_migration_cost": 131.59072016670612,
    "avg_migration_cost": 66.68234394428488,
    "migration_rate": 0.07142857142857142,
    "weighted_migration_rate": 0.0033837358204954373,
    "overall_response_time": 3.882090484756684,
    "weighted_overall_response_time": 865.1451319218909,
    "max_response_time": 0.15097172935595501,
    "avg_response_time": 0.028756225813012452,
    "weighted_avg_response_time": 0.022187232613733354,
    "avg_unavailability": 0.018816486440185753,
    "overall_power_consumption": 1184.6242052133553
  },
  {
    "time": 3600.0,
    "opt": "ClusterLLGAOptimizer",
    "elapsed_time": 133.36113502806984,
    "valid": true,
    "overall_deadline_violation": 0.259028569421538,
    "weighted_overall_deadline_violation": 92.80896331249643,
    "max_deadline_violation": 0.010000109731087439,
    "avg_deadline_violation": 0.001904621833981896,
    "avg_only_violated_deadline": 0.006167346890988997,
    "weighted_avg_deadline_violation": 0.0023226554735538535,
    "weighted_avg_only_violated_deadline": 0.006035675058405491,
    "deadline_satisfaction": 0.6911764705882353,
    "weighted_deadline_satisfaction": 0.6151788406303879,
    "overall_cost": 229.08305504241335,
    "max_cost": 28.559058492958584,
    "avg_cost": 7.6361018347471115,
    "overall_migration_cost": 69.47278462144138,
    "max_migration_cost": 22.972149184498015,
    "avg_migration_cost": 8.684098077680172,
    "migration_rate": 0.26666666666666666,
    "weighted_migration_rate": 0.010272086463252368,
    "overall_response_time": 4.02161424817432,
    "weighted_overall_response_time": 961.3997205395762,
    "max_response_time": 0.15096277206606284,
    "avg_response_time": 0.02957069300128176,
    "weighted_avg_response_time": 0.024060179571941454,
    "avg_unavailability": 0.021973461958739445,
    "overall_power_consumption": 1184.1379313608381
  },
  {
    "time": 5400.0,
    "opt": "ClusterLLGAOptimizer",
    "elapsed_time": 120.97609976003878,
    "valid": true,
    "overall_deadline_violation": 0.18988084361837176,
    "weighted_overall_deadline_violation": 78.88683588566002,
    "max_deadline_violation": 0.010000109424915504,
    "avg_deadline_violation": 0.0014384912395331202,
    "avg_only_violated_deadline": 0.005933776363074121,
    "weighted_avg_deadline_violation": 0.0019624702047501908,
    "weighted_avg_only_violated_deadline": 0.005917682896563146,
    "deadline_satisfaction": 0.7575757575757576,
    "weighted_deadline_satisfaction": 0.668371854482107,
    "overall_cost": 241.11374599083894,
    "max_cost": 27.694184657195674,
    "avg_cost": 8.0371248663613,
    "overall_migration_cost": 28.444805642402205,
    "max_migration_cost": 28.444805642402205,
    "avg_migration_cost": 28.444805642402205,
    "migration_rate": 0.03333333333333333,
    "weighted_migration_rate": 0.0004939864198471424,
    "overall_response_time": 3.8754078603420177,
    "weighted_overall_response_time": 948.7753493058314,
    "max_response_time": 0.1509626237703581,
    "avg_response_time": 0.02935915045713649,
    "weighted_avg_response_time": 0.023602713090342245,
    "avg_unavailability": 0.014695362255613138,
    "overall_power_consumption": 1228.243064125841
  },
  {
    "time": 7200.0,
    "opt": "ClusterLLGAOptimizer",
    "elapsed_time": 148.85026234085672,
    "valid": true,
    "overall_deadline_violation": 0.21906286250472976,
    "weighted_overall_deadline_violation": 81.91889396937984,
    "max_deadline_violation": 0.010000109999666449,
    "avg_deadline_violation": 0.0017114286133182027,
    "avg_only_violated_deadline": 0.004868063611216221,
    "weighted_avg_deadline_violation": 0.002195408475500456,
    "weighted_avg_only_violated_deadline": 0.005329080594327743,
    "deadline_satisfaction": 0.6484375,
    "weighted_deadline_satisfaction": 0.5880324126009201,
    "overall_cost": 226.68188370866983,
    "max_cost": 26.089167787057388,
    "avg_cost": 6.869147991171812,
    "overall_migration_cost": 405.5823491495838,
    "max_migration_cost": 131.97965816062865,
    "avg_migration_cost": 31.198642242275678,
    "migration_rate": 0.3939393939393939,
    "weighted_migration_rate": 0.0303185133516121,
    "overall_response_time": 3.88265366454687,
    "weighted_overall_response_time": 886.0622545891943,
    "max_response_time": 0.15097273319057564,
    "avg_response_time": 0.030333231754272418,
    "weighted_avg_response_time": 0.023746274995769277,
    "avg_unavailability": 0.014677687347796418,
    "overall_power_consumption": 1179.027550369602
  },
  {
    "time": 9000.0,
    "opt": "ClusterLLGAOptimizer",
    "elapsed_time": 136.84913395880722,
    "valid": true,
    "overall_deadline_violation": 0.17409024054102168,
    "weighted_overall_deadline_violation": 83.4191638233786,
    "max_deadline_violation": 0.010000109999666667,
    "avg_deadline_violation": 0.0013816685757223942,
    "avg_only_violated_deadline": 0.005275461834576416,
    "weighted_avg_deadline_violation": 0.002089118840945466,
    "weighted_avg_only_violated_deadline": 0.005629423230262218,
    "deadline_satisfaction": 0.7380952380952381,
    "weighted_deadline_satisfaction": 0.6288929157582358,
    "overall_cost": 254.3989417176799,
    "max_cost": 26.943461721681963,
    "avg_cost": 7.709058839929692,
    "overall_migration_cost": 1.5557731176741376,
    "max_migration_cost": 0.7778865588370688,
    "avg_migration_cost": 0.7778865588370688,
    "migration_rate": 0.06060606060606061,
    "weighted_migration_rate": 0.0006887305442962141,
    "overall_response_time": 3.544805714566604,
    "weighted_overall_response_time": 766.1115894796453,
    "max_response_time": 0.15098240363667012,
    "avg_response_time": 0.02813337868703653,
    "weighted_avg_response_time": 0.019186216721583327,
    "avg_unavailability": 0.014677687347796418,
    "overall_power_consumption": 1258.441139770531
  },
  {
    "time": 10800.0,
    "opt": "ClusterLLGAOptimizer",
    "elapsed_time": 142.75208429410122,
    "valid": true,
    "overall_deadline_violation": 0.2177510222407037,
    "weighted_overall_deadline_violation": 103.49335597770552,
    "max_deadline_violation": 0.010000109893822188,
    "avg_deadline_violation": 0.0017281827161960608,
    "avg_only_violated_deadline": 0.004948886869106901,
    "weighted_avg_deadline_violation": 0.0025330691638072245,
    "weighted_avg_only_violated_deadline": 0.005472460605488298,
    "deadline_satisfaction": 0.6507936507936508,
    "weighted_deadline_satisfaction": 0.5371242761863237,
    "overall_cost": 228.31701897802625,
    "max_cost": 31.2693690463649,
    "avg_cost": 7.365065128323426,
    "overall_migration_cost": 162.37367316278448,
    "max_migration_cost": 55.80105013320124,
    "avg_migration_cost": 16.237367316278448,
    "migration_rate": 0.3225806451612903,
    "weighted_migration_rate": 0.01979535728593651,
    "overall_response_time": 3.858904658693921,
    "weighted_overall_response_time": 928.099112974204,
    "max_response_time": 0.15096698993421595,
    "avg_response_time": 0.030626227449951745,
    "weighted_avg_response_time": 0.022715847039864394,
    "avg_unavailability": 0.022144284389450083,
    "overall_power_consumption": 1148.6731486472052
  },
  {
    "time": 12600.0,
    "opt": "ClusterLLGAOptimizer",
    "elapsed_time": 130.00138960801996,
    "valid": true,
    "overall_deadline_violation": 0.15508824740043398,
    "weighted_overall_deadline_violation": 61.06318536384078,
    "max_deadline_violation": 0.010000109895438019,
    "avg_deadline_violation": 0.0012507116725841447,
    "avg_only_violated_deadline": 0.003976621728216254,
    "weighted_avg_deadline_violation": 0.0016423639616423749,
    "weighted_avg_only_violated_deadline": 0.004479099336607519,
    "deadline_satisfaction": 0.6854838709677419,
    "weighted_deadline_satisfaction": 0.6333271851732795,
    "overall_cost": 239.00891341576101,
    "max_cost": 28.007769861680213,
    "avg_cost": 7.709964948895516,
    "overall_migration_cost": 28.805572207248684,
    "max_migration_cost": 20.802,
    "avg_migration_cost": 5.761114441449736,
    "migration_rate": 0.16129032258064516,
    "weighted_migration_rate": 0.01690516410755312,
    "overall_response_time": 3.7267167077944103,
    "weighted_overall_response_time": 676.6320866332496,
    "max_response_time": 0.1509933051911536,
    "avg_response_time": 0.030054166998342038,
    "weighted_avg_response_time": 0.018198791100658574,
    "avg_unavailability": 0.02216096404624707,
    "overall_power_consumption": 1247.5492396126526
  },
  {
    "time": 14400.0,
    "opt": "ClusterLLGAOptimizer",
    "elapsed_time": 151.76176176895387,
    "valid": true,
    "overall_deadline_violation": 0.21123450305095942,
    "weighted_overall_deadline_violation": 86.54621698193722,
    "max_deadline_violation": 0.010000109696498958,
    "avg_deadline_violation": 0.0016764643099282494,
    "avg_only_violated_deadline": 0.005709040622998904,
    "weighted_avg_deadline_violation": 0.0022428960847701075,
    "weighted_avg_only_violated_deadline": 0.005655143950490552,
    "deadline_satisfaction": 0.7063492063492064,
    "weighted_deadline_satisfaction": 0.6033883302695505,
    "overall_cost": 232.69893731243542,
    "max_cost": 31.002249830159837,
    "avg_cost": 7.756631243747847,
    "overall_migration_cost": 72.0396792623272,
    "max_migration_cost": 33.77536760010357,
    "avg_migration_cost": 14.407935852465439,
    "migration_rate": 0.16666666666666666,
    "weighted_migration_rate": 0.016188719142969373,
    "overall_response_time": 3.750826625776986,
    "weighted_overall_response_time": 816.6664673603821,
    "max_response_time": 0.15097054581719818,
    "avg_response_time": 0.02976846528394433,
    "weighted_avg_response_time": 0.021164391536465686,
    "avg_unavailability": 0.03008960533574737,
    "overall_power_consumption": 1202.205707175935
  },
  {
    "time": 16200.0,
    "opt": "ClusterLLGAOptimizer",
    "elapsed_time": 155.75813126191497,
    "valid": true,
    "overall_deadline_violation": 0.19089987406248793,
    "weighted_overall_deadline_violation": 85.00642322187564,
    "max_deadline_violation": 0.010000109777310586,
    "avg_deadline_violation": 0.001539515113407162,
    "avg_only_violated_deadline": 0.00515945605574292,
    "weighted_avg_deadline_violation": 0.0020604191815478626,
    "weighted_avg_only_violated_deadline": 0.005060049286892913,
    "deadline_satisfaction": 0.7016129032258065,
    "weighted_deadline_satisfaction": 0.5928064995562429,
    "overall_cost": 242.40462479447228,
    "max_cost": 31.4323163834304,
    "avg_cost": 8.080154159815743,
    "overall_migration_cost": 0.7827615775006647,
    "max_migration_cost": 0.7827615775006647,
    "avg_migration_cost": 0.7827615775006647,
    "migration_rate": 0.03333333333333333,
    "weighted_migration_rate": 0.00026434002315992245,
    "overall_response_time": 3.7153968713292893,
    "weighted_overall_response_time": 868.4555854635312,
    "max_response_time": 0.1509675995413378,
    "avg_response_time": 0.029962877994591026,
    "weighted_avg_response_time": 0.02104996868226021,
    "avg_unavailability": 0.030600515084272657,
    "overall_power_consumption": 1221.173593017378
  },
  {
    "time": 18000.0,
    "opt": "ClusterLLGAOptimizer",
    "elapsed_time": 169.37532088602893,
    "valid": true,
    "overall_deadline_violation": 0.2325330176779262,
    "weighted_overall_deadline_violation": 89.67926140293127,
    "max_deadline_violation": 0.010000109765457541,
    "avg_deadline_violation": 0.0016850218672313498,
    "avg_only_violated_deadline": 0.0052848413108619605,
    "weighted_avg_deadline_violation": 0.002329602629587734,
    "weighted_avg_only_violated_deadline": 0.005296833623616135,
    "deadline_satisfaction": 0.6811594202898551,
    "weighted_deadline_satisfaction": 0.5601895783169192,
    "overall_cost": 223.76242144900755,
    "max_cost": 29.14635674802253,
    "avg_cost": 6.780679437848712,
    "overall_migration_cost": 513.8554926934761,
    "max_migration_cost": 155.61468529355236,
    "avg_migration_cost": 46.71413569940692,
    "migration_rate": 0.3333333333333333,
    "weighted_migration_rate": 0.02124971235870633,
    "overall_response_time": 4.112273263022398,
    "weighted_overall_response_time": 774.2588183861817,
    "max_response_time": 0.15097801922511037,
    "avg_response_time": 0.029799081616104298,
    "weighted_avg_response_time": 0.0201129597978043,
    "avg_unavailability": 0.01401750309493049,
    "overall_power_consumption": 1175.5111657634764
  },
  {
    "time": 19800.0,
    "opt": "ClusterLLGAOptimizer",
    "elapsed_time": 155.72274740203284,
    "valid": true,
    "overall_deadline_violation": 0.1937025364670405,
    "weighted_overall_deadline_violation": 61.50552327777593,
    "max_deadline_violation": 0.010000109765294158,
    "avg_deadline_violation": 0.0013935434278204368,
    "avg_only_violated_deadline": 0.004966731704283093,
    "weighted_avg_deadline_violation": 0.00166751342729691,
    "weighted_avg_only_violated_deadline": 0.004895005322880433,
    "deadline_satisfaction": 0.7194244604316546,
    "weighted_deadline_satisfaction": 0.6593438990755432,
    "overall_cost": 232.53806388338694,
    "max_cost": 29.21204760153594,
    "avg_cost": 7.04660799646627,
    "overall_migration_cost": 0.9472414124185191,
    "max_migration_cost": 0.9472414124185191,
    "avg_migration_cost": 0.9472414124185191,
    "migration_rate": 0.030303030303030304,
    "weighted_migration_rate": 0.0001800589186255136,
    "overall_response_time": 4.54539152747531,
    "weighted_overall_response_time": 759.9450559993232,
    "max_response_time": 0.15098184065585632,
    "avg_response_time": 0.032700658471045384,
    "weighted_avg_response_time": 0.02060332986947634,
    "avg_unavailability": 0.014528270232389505,
    "overall_power_consumption": 1228.8650973145013
  },
  {
    "time": 21600.0,
    "opt": "ClusterLLGAOptimizer",
    "elapsed_time": 172.05538138980046,
    "valid": true,
    "overall_deadline_violation": 0.23583620928620688,
    "weighted_overall_deadline_violation": 82.65183627751308,
    "max_deadline_violation": 0.010000109970740781,
    "avg_deadline_violation": 0.0017732045810992991,
    "avg_only_violated_deadline": 0.0054845630066559705,
    "weighted_avg_deadline_violation": 0.0021162173785315296,
    "weighted_avg_only_violated_deadline": 0.005064586391270643,
    "deadline_satisfaction": 0.6766917293233082,
    "weighted_deadline_satisfaction": 0.5821539578870533,
    "overall_cost": 229.53308197266335,
    "max_cost": 28.52341777061161,
    "avg_cost": 7.6511027324221095,
    "overall_migration_cost": 427.72204620582073,
    "max_migration_cost": 150.42752757525335,
    "avg_migration_cost": 71.28700770097012,
    "migration_rate": 0.2,
    "weighted_migration_rate": 0.022731832488666726,
    "overall_response_time": 4.367142814406128,
    "weighted_overall_response_time": 857.624206805348,
    "max_response_time": 0.1509747492393393,
    "avg_response_time": 0.0328356602586927,
    "weighted_avg_response_time": 0.021958607726475603,
    "avg_unavailability": 0.027148161392020472,
    "overall_power_consumption": 1198.7851921628358
  },
  {
    "time": 23400.0,
    "opt": "ClusterLLGAOptimizer",
    "elapsed_time": 137.57331302203238,
    "valid": true,
    "overall_deadline_violation": 0.1967095076580568,
    "weighted_overall_deadline_violation": 63.94288728066572,
    "max_deadline_violation": 0.010000109966146935,
    "avg_deadline_violation": 0.0014254312149134544,
    "avg_only_violated_deadline": 0.005043833529693762,
    "weighted_avg_deadline_violation": 0.0017483064826932712,
    "weighted_avg_only_violated_deadline": 0.005014184650530575,
    "deadline_satisfaction": 0.717391304347826,
    "weighted_deadline_satisfaction": 0.6513278619469516,
    "overall_cost": 232.75329456342976,
    "max_cost": 31.99708333412548,
    "avg_cost": 7.758443152114326,
    "overall_migration_cost": 0.0,
    "max_migration_cost": 0.0,
    "avg_migration_cost": 0.0,
    "migration_rate": 0.0,
    "weighted_migration_rate": 0.0,
    "overall_response_time": 4.5413573434093335,
    "weighted_overall_response_time": 814.9352605928168,
    "max_response_time": 0.15099422979646496,
    "avg_response_time": 0.03290838654644448,
    "weighted_avg_response_time": 0.022281705748069227,
    "avg_unavailability": 0.027148161392020472,
    "overall_power_consumption": 1223.703728399743
  },
  {
    "time": 25200.0,
    "opt": "ClusterLLGAOptimizer",
    "elapsed_time": 179.1916890728753,
    "valid": true,
    "overall_deadline_violation": 0.20523963434032555,
    "weighted_overall_deadline_violation": 56.27651514457267,
    "max_deadline_violation": 0.010000109999666664,
    "avg_deadline_violation": 0.0014980995207323038,
    "avg_only_violated_deadline": 0.00513099085850814,
    "weighted_avg_deadline_violation": 0.0015845485103756277,
    "weighted_avg_only_violated_deadline": 0.004787299364032572,
    "deadline_satisfaction": 0.708029197080292,
    "weighted_deadline_satisfaction": 0.6690099386137226,
    "overall_cost": 223.32454526043534,
    "max_cost": 27.90841579400684,
    "avg_cost": 7.700846388290875,
    "overall_migration_cost": 64.17172296461133,
    "max_migration_cost": 60.86248815315906,
    "avg_migration_cost": 16.042930741152833,
    "migration_rate": 0.13793103448275862,
    "weighted_migration_rate": 0.013366037701683969,
    "overall_response_time": 3.491643614865114,
    "weighted_overall_response_time": 711.3473778560945,
    "max_response_time": 0.15098008028683493,
    "avg_response_time": 0.025486449743540945,
    "weighted_avg_response_time": 0.02002903742432935,
    "avg_unavailability": 0.027737106138220193,
    "overall_power_consumption": 1206.6767917526838
  },
  {
    "time": 27000.0,
    "opt": "ClusterLLGAOptimizer",
    "elapsed_time": 163.09379047597758,
    "valid": true,
    "overall_deadline_violation": 0.17428403114858637,
    "weighted_overall_deadline_violation": 76.85686297290366,
    "max_deadline_violation": 0.010000109999666667,
    "avg_deadline_violation": 0.0014769833148185292,
    "avg_only_violated_deadline": 0.005126000916134895,
    "weighted_avg_deadline_violation": 0.001908968132457564,
    "weighted_avg_only_violated_deadline": 0.005203522017068556,
    "deadline_satisfaction": 0.711864406779661,
    "weighted_deadline_satisfaction": 0.6331392225888962,
    "overall_cost": 237.67650152811257,
    "max_cost": 27.89748998574141,
    "avg_cost": 8.802833389930097,
    "overall_migration_cost": 0.0,
    "max_migration_cost": 0.0,
    "avg_migration_cost": 0.0,
    "migration_rate": 0.0,
    "weighted_migration_rate": 0.0,
    "overall_response_time": 3.3599155463831725,
    "weighted_overall_response_time": 834.3113119544257,
    "max_response_time": 0.1509708243480298,
    "avg_response_time": 0.028473860562569245,
    "weighted_avg_response_time": 0.02072259581595682,
    "avg_unavailability": 0.028751191962763198,
    "overall_power_consumption": 1226.7501247279736
  },
  {
    "time": 28800.0,
    "opt": "ClusterLLGAOptimizer",
    "elapsed_time": 168.71003509801812,
    "valid": true,
    "overall_deadline_violation": 0.21253524429291928,
    "weighted_overall_deadline_violation": 95.03447548550984,
    "max_deadline_violation": 0.01000010978920727,
    "avg_deadline_violation": 0.0017279288153895873,
    "avg_only_violated_deadline": 0.0049426800998353315,
    "weighted_avg_deadline_violation": 0.0022070851623626447,
    "weighted_avg_only_violated_deadline": 0.005447415182514267,
    "deadline_satisfaction": 0.6504065040650406,
    "weighted_deadline_satisfaction": 0.5948380858783819,
    "overall_cost": 237.637220288281,
    "max_cost": 30.81242268533645,
    "avg_cost": 8.801378529195592,
    "overall_migration_cost": 111.93794629267495,
    "max_migration_cost": 61.40304408276355,
    "avg_migration_cost": 22.38758925853499,
    "migration_rate": 0.18518518518518517,
    "weighted_migration_rate": 0.013195503413323198,
    "overall_response_time": 3.9410801285719144,
    "weighted_overall_response_time": 992.0391906596745,
    "max_response_time": 0.15095602210647757,
    "avg_response_time": 0.03204130185830826,
    "weighted_avg_response_time": 0.023039165176652714,
    "avg_unavailability": 0.028315188036371897,
    "overall_power_consumption": 1199.932957580469
  },
  {
    "time": 30600.0,
    "opt": "ClusterLLGAOptimizer",
    "elapsed_time": 159.3855478449259,
    "valid": true,
    "overall_deadline_violation": 0.22967774874108027,
    "weighted_overall_deadline_violation": 96.8432555431258,
    "max_deadline_violation": 0.010000109773868983,
    "avg_deadline_violation": 0.0017532652575654988,
    "avg_only_violated_deadline": 0.005889173044643084,
    "weighted_avg_deadline_violation": 0.0022902065652961527,
    "weighted_avg_only_violated_deadline": 0.0058994147077657206,
    "deadline_satisfaction": 0.7022900763358778,
    "weighted_deadline_satisfaction": 0.611790884563272,
    "overall_cost": 242.68370220870855,
    "max_cost": 29.34795384760854,
    "avg_cost": 8.988285266989207,
    "overall_migration_cost": 0.0,
    "max_migration_cost": 0.0,
    "avg_migration_cost": 0.0,
    "migration_rate": 0.0,
    "weighted_migration_rate": 0.0,
    "overall_response_time": 3.779170758683557,
    "weighted_overall_response_time": 903.8357513872995,
    "max_response_time": 0.15096629131480496,
    "avg_response_time": 0.028848631745675986,
    "weighted_avg_response_time": 0.021374442238311423,
    "avg_unavailability": 0.028315188036371897,
    "overall_power_consumption": 1219.4600044058916
  },
  {
    "time": 32400.0,
    "opt": "ClusterLLGAOptimizer",
    "elapsed_time": 177.42218768689781,
    "valid": true,
    "overall_deadline_violation": 0.2499808106143461,
    "weighted_overall_deadline_violation": 120.19927781758318,
    "max_deadline_violation": 0.010000109666167972,
    "avg_deadline_violation": 0.0019529750829245804,
    "avg_only_violated_deadline": 0.0056813820594169605,
    "weighted_avg_deadline_violation": 0.0027457136980553673,
    "weighted_avg_only_violated_deadline": 0.005466698554118177,
    "deadline_satisfaction": 0.65625,
    "weighted_deadline_satisfaction": 0.4977382288644827,
    "overall_cost": 229.55216125566332,
    "max_cost": 31.04560234890144,
    "avg_cost": 8.198291473416548,
    "overall_migration_cost": 218.8583857154244,
    "max_migration_cost": 69.55712083854661,
    "avg_migration_cost": 27.357298214428052,
    "migration_rate": 0.2857142857142857,
    "weighted_migration_rate": 0.01799972615372992,
    "overall_response_time": 3.9501689496958896,
    "weighted_overall_response_time": 1053.2051803850584,
    "max_response_time": 0.15095357730661702,
    "avg_response_time": 0.03086069491949913,
    "weighted_avg_response_time": 0.024058379910025594,
    "avg_unavailability": 0.022804549396428817,
    "overall_power_consumption": 1154.7643072508436
  },
  {
    "time": 34200.0,
    "opt": "ClusterLLGAOptimizer",
    "elapsed_time": 167.39492057496682,
    "valid": true,
    "overall_deadline_violation": 0.19349276863246836,
    "weighted_overall_deadline_violation": 119.7682511165903,
    "max_deadline_violation": 0.010000109694117023,
    "avg_deadline_violation": 0.0014884059125574492,
    "avg_only_violated_deadline": 0.005374799128679678,
    "weighted_avg_deadline_violation": 0.002678275463019215,
    "weighted_avg_only_violated_deadline": 0.005583773509434392,
    "deadline_satisfaction": 0.7230769230769231,
    "weighted_deadline_satisfaction": 0.5203466869682344,
    "overall_cost": 244.66392951848695,
    "max_cost": 34.362073412380695,
    "avg_cost": 8.737997482803106,
    "overall_migration_cost": 118.37129795018872,
    "max_migration_cost": 118.37129795018872,
    "avg_migration_cost": 118.37129795018872,
    "migration_rate": 0.03571428571428571,
    "weighted_migration_rate": 0.005821435659529698,
    "overall_response_time": 4.014431084143102,
    "weighted_overall_response_time": 1000.6328256294531,
    "max_response_time": 0.1509602237336777,
    "avg_response_time": 0.03088023910879309,
    "weighted_avg_response_time": 0.022376300224723908,
    "avg_unavailability": 0.023316307890870906,
    "overall_power_consumption": 1209.526655123066
  },
  {
    "time": 36000.0,
    "opt": "ClusterLLGAOptimizer",
    "elapsed_time": 180.45174694014713,
    "valid": true,
    "overall_deadline_violation": 0.24433104844443615,
    "weighted_overall_deadline_violation": 119.52439733468607,
    "max_deadline_violation": 0.010000109659470702,
    "avg_deadline_violation": 0.0018098596181069357,
    "avg_only_violated_deadline": 0.0053115445314007885,
    "weighted_avg_deadline_violation": 0.0026475407076053344,
    "weighted_avg_only_violated_deadline": 0.005512833956050014,
    "deadline_satisfaction": 0.6592592592592592,
    "weighted_deadline_satisfaction": 0.5197496008926927,
    "overall_cost": 241.54825058733758,
    "max_cost": 30.11107353387689,
    "avg_cost": 8.32925002025302,
    "overall_migration_cost": 160.7456814878249,
    "max_migration_cost": 123.21818484032133,
    "avg_migration_cost": 17.86063127642499,
    "migration_rate": 0.3103448275862069,
    "weighted_migration_rate": 0.02736728590498147,
    "overall_response_time": 3.779057659140685,
    "weighted_overall_response_time": 972.6262243705672,
    "max_response_time": 0.15096315787968248,
    "avg_response_time": 0.027993019697338393,
    "weighted_avg_response_time": 0.02154428367536532,
    "avg_unavailability": 0.029759201440510582,
    "overall_power_consumption": 1195.7663002603344
  },
  {
    "time": 37800.0,
    "opt": "ClusterLLGAOptimizer",
    "elapsed_time": 165.61726489593275,
    "valid": true,
    "overall_deadline_violation": 0.23250557107822808,
    "weighted_overall_deadline_violation": 109.39823422459857,
    "max_deadline_violation": 0.010000109636014885,
    "avg_deadline_violation": 0.001709599787339913,
    "avg_only_violated_deadline": 0.005961681309698158,
    "weighted_avg_deadline_violation": 0.002432641511792447,
    "weighted_avg_only_violated_deadline": 0.005800927982629463,
    "deadline_satisfaction": 0.7132352941176471,
    "weighted_deadline_satisfaction": 0.5806461450518176,
    "overall_cost": 251.99189681068796,
    "max_cost": 27.528193060277545,
    "avg_cost": 8.999710600381713,
    "overall_migration_cost": 0.0,
    "max_migration_cost": 0.0,
    "avg_migration_cost": 0.0,
    "migration_rate": 0.0,
    "weighted_migration_rate": 0.0,
    "overall_response_time": 4.011530229466357,
    "weighted_overall_response_time": 883.9249564760055,
    "max_response_time": 0.15097383160293704,
    "avg_response_time": 0.029496545804899688,
    "weighted_avg_response_time": 0.019655459319556066,
    "avg_unavailability": 0.029760051269028295,
    "overall_power_consumption": 1238.7168680785346
  },
  {
    "time": 39600.0,
    "opt": "ClusterLLGAOptimizer",
    "elapsed_time": 186.26028251601383,
    "valid": true,
    "overall_deadline_violation": 0.24930958610531523,
    "weighted_overall_deadline_violation": 117.45161102176152,
    "max_deadline_violation": 0.010000109570377471,
    "avg_deadline_violation": 0.0018745081662053771,
    "avg_only_violated_deadline": 0.005935942526317028,
    "weighted_avg_deadline_violation": 0.002635156753221451,
    "weighted_avg_only_violated_deadline": 0.005878149972112243,
    "deadline_satisfaction": 0.6842105263157895,
    "weighted_deadline_satisfaction": 0.551703041650273,
    "overall_cost": 232.02444360892707,
    "max_cost": 27.6079637118464,
    "avg_cost": 8.593497911441744,
    "overall_migration_cost": 120.34549880163958,
    "max_migration_cost": 119.74600000000001,
    "avg_migration_cost": 60.17274940081979,
    "migration_rate": 0.07407407407407407,
    "weighted_migration_rate": 0.006359621090693427,
    "overall_response_time": 3.9515658263515205,
    "weighted_overall_response_time": 962.8606319998675,
    "max_response_time": 0.15096615517863152,
    "avg_response_time": 0.029711021250763314,
    "weighted_avg_response_time": 0.02160284286228662,
    "avg_unavailability": 0.03026169632942342,
    "overall_power_consumption": 1170.8888576676936
  },
  {
    "time": 41400.0,
    "opt": "ClusterLLGAOptimizer",
    "elapsed_time": 173.6590222909581,
    "valid": true,
    "overall_deadline_violation": 0.24296124650486878,
    "weighted_overall_deadline_violation": 130.3850984845474,
    "max_deadline_violation": 0.010000109615169017,
    "avg_deadline_violation": 0.0017734397555099902,
    "avg_only_violated_deadline": 0.005784791583449254,
    "weighted_avg_deadline_violation": 0.0029121672109337893,
    "weighted_avg_only_violated_deadline": 0.006301780385103936,
    "deadline_satisfaction": 0.6934306569343066,
    "weighted_deadline_satisfaction": 0.537881831328567,
    "overall_cost": 235.16574200915096,
    "max_cost": 25.109654260238816,
    "avg_cost": 8.10916351755693,
    "overall_migration_cost": 2.4121569030197447,
    "max_migration_cost": 1.9635735387405882,
    "avg_migration_cost": 1.2060784515098724,
    "migration_rate": 0.06896551724137931,
    "weighted_migration_rate": 0.0008584494312715926,
    "overall_response_time": 4.2664082306191675,
    "weighted_overall_response_time": 899.6297542556702,
    "max_response_time": 0.1509731196123513,
    "avg_response_time": 0.03114166591692829,
    "weighted_avg_response_time": 0.020093341208269132,
    "avg_unavailability": 0.02975931951712661,
    "overall_power_consumption": 1188.7630586548294
  },
  {
    "time": 43200.0,
    "opt": "ClusterLLGAOptimizer",
    "elapsed_time": 188.65328710898757,
    "valid": true,
    "overall_deadline_violation": 0.21276264225423952,
    "weighted_overall_deadline_violation": 116.44028423707086,
    "max_deadline_violation": 0.010000109143104846,
    "avg_deadline_violation": 0.00168859239884317,
    "avg_only_violated_deadline": 0.005189332737908279,
    "weighted_avg_deadline_violation": 0.0029544257269196704,
    "weighted_avg_only_violated_deadline": 0.006302983422014643,
    "deadline_satisfaction": 0.6746031746031746,
    "weighted_deadline_satisfaction": 0.5312655088698716,
    "overall_cost": 226.38699672820144,
    "max_cost": 21.33300809826573,
    "avg_cost": 7.074593647756295,
    "overall_migration_cost": 340.1851951392801,
    "max_migration_cost": 166.57211412088472,
    "avg_migration_cost": 34.018519513928005,
    "migration_rate": 0.3125,
    "weighted_migration_rate": 0.017783657902870304,
    "overall_response_time": 4.072280516814698,
    "weighted_overall_response_time": 832.2735702221349,
    "max_response_time": 0.15097369803332247,
    "avg_response_time": 0.032319686641386534,
    "weighted_avg_response_time": 0.021117180053367886,
    "avg_unavailability": 0.023240420934232453,
    "overall_power_consumption": 1205.2409273606927
  },
  {
    "time": 45000.0,
    "opt": "ClusterLLGAOptimizer",
    "elapsed_time": 172.24244281998836,
    "valid": true,
    "overall_deadline_violation": 0.20650036401035482,
    "weighted_overall_deadline_violation": 84.90685097696739,
    "max_deadline_violation": 0.01000010984603334,
    "avg_deadline_violation": 0.001564396697048143,
    "avg_only_violated_deadline": 0.0051625091002588715,
    "weighted_avg_deadline_violation": 0.002155546600164867,
    "weighted_avg_only_violated_deadline": 0.005277017785328663,
    "deadline_satisfaction": 0.696969696969697,
    "weighted_deadline_satisfaction": 0.591521823906338,
    "overall_cost": 242.51764642527675,
    "max_cost": 21.683279161792324,
    "avg_cost": 7.823149884686348,
    "overall_migration_cost": 0.7346933330367664,
    "max_migration_cost": 0.7346933330367664,
    "avg_migration_cost": 0.7346933330367664,
    "migration_rate": 0.03225806451612903,
    "weighted_migration_rate": 0.0003354523471976522,
    "overall_response_time": 4.259482017290761,
    "weighted_overall_response_time": 856.1968300995461,
    "max_response_time": 0.1509673122729763,
    "avg_response_time": 0.03226880316129367,
    "weighted_avg_response_time": 0.021736434044570322,
    "avg_unavailability": 0.023240420966493962,
    "overall_power_consumption": 1246.131704670675
  },
  {
    "time": 46800.0,
    "opt": "ClusterLLGAOptimizer",
    "elapsed_time": 189.97774683311582,
    "valid": true,
    "overall_deadline_violation": 0.21005725120522079,
    "weighted_overall_deadline_violation": 91.54146482563841,
    "max_deadline_violation": 0.010000109714229198,
    "avg_deadline_violation": 0.001591342812160763,
    "avg_only_violated_deadline": 0.004667938915671573,
    "weighted_avg_deadline_violation": 0.002324226676491688,
    "weighted_avg_only_violated_deadline": 0.005548983272409011,
    "deadline_satisfaction": 0.6590909090909091,
    "weighted_deadline_satisfaction": 0.5811436866194303,
    "overall_cost": 235.43708432851386,
    "max_cost": 20.177759656741205,
    "avg_cost": 8.1185201492591,
    "overall_migration_cost": 153.2170029626547,
    "max_migration_cost": 150.81734275238253,
    "avg_migration_cost": 51.072334320884906,
    "migration_rate": 0.10344827586206896,
    "weighted_migration_rate": 0.008840703243228306,
    "overall_response_time": 4.216120627407525,
    "weighted_overall_response_time": 830.8526917583374,
    "max_response_time": 0.15097441881443324,
    "avg_response_time": 0.031940307783390395,
    "weighted_avg_response_time": 0.021095248957375266,
    "avg_unavailability": 0.02969388959587321,
    "overall_power_consumption": 1225.5079275980447
  },
  {
    "time": 48600.0,
    "opt": "ClusterLLGAOptimizer",
    "elapsed_time": 193.8470270400867,
    "valid": true,
    "overall_deadline_violation": 0.19909406266756507,
    "weighted_overall_deadline_violation": 107.04048058569559,
    "max_deadline_violation": 0.010000109698342174,
    "avg_deadline_violation": 0.0015314927897504998,
    "avg_only_violated_deadline": 0.005104975965835001,
    "weighted_avg_deadline_violation": 0.002466288817452523,
    "weighted_avg_only_violated_deadline": 0.00544802512647786,
    "deadline_satisfaction": 0.7,
    "weighted_deadline_satisfaction": 0.547305902561618,
    "overall_cost": 246.41307513959953,
    "max_cost": 23.63289876050804,
    "avg_cost": 7.948808875470951,
    "overall_migration_cost": 322.5337384957386,
    "max_migration_cost": 160.8607062800694,
    "avg_migration_cost": 107.51124616524619,
    "migration_rate": 0.0967741935483871,
    "weighted_migration_rate": 0.009370415389972558,
    "overall_response_time": 3.7788996269985575,
    "weighted_overall_response_time": 916.944928223106,
    "max_response_time": 0.15097055278468743,
    "avg_response_time": 0.029068458669219664,
    "weighted_avg_response_time": 0.021127063427989343,
    "avg_unavailability": 0.02272866750883021,
    "overall_power_consumption": 1217.1967470695004
  },
  {
    "time": 50400.0,
    "opt": "ClusterLLGAOptimizer",
    "elapsed_time": 211.18197707203217,
    "valid": true,
    "overall_deadline_violation": 0.18689760782333156,
    "weighted_overall_deadline_violation": 106.08743442423977,
    "max_deadline_violation": 0.010000109706430562,
    "avg_deadline_violation": 0.0014266992963613081,
    "avg_only_violated_deadline": 0.0053399316520951826,
    "weighted_avg_deadline_violation": 0.0024815157808104286,
    "weighted_avg_only_violated_deadline": 0.005653915402483449,
    "deadline_satisfaction": 0.732824427480916,
    "weighted_deadline_satisfaction": 0.5610978226309435,
    "overall_cost": 241.05350459815622,
    "max_cost": 27.499179356353253,
    "avg_cost": 8.03511681993854,
    "overall_migration_cost": 1.1278357777290737,
    "max_migration_cost": 0.5639178888645369,
    "avg_migration_cost": 0.5639178888645369,
    "migration_rate": 0.06666666666666667,
    "weighted_migration_rate": 0.0004201121396717501,
    "overall_response_time": 4.0277005553929,
    "weighted_overall_response_time": 861.8773831172634,
    "max_response_time": 0.1509745545796534,
    "avg_response_time": 0.03074580576635798,
    "weighted_avg_response_time": 0.020160373742061217,
    "avg_unavailability": 0.023240427085873212,
    "overall_power_consumption": 1215.7675076051848
  },
  {
    "time": 52200.0,
    "opt": "ClusterLLGAOptimizer",
    "elapsed_time": 189.6585441690404,
    "valid": true,
    "overall_deadline_violation": 0.16885434308172032,
    "weighted_overall_deadline_violation": 82.91431964207338,
    "max_deadline_violation": 0.01000010969665237,
    "avg_deadline_violation": 0.0012889644510054978,
    "avg_only_violated_deadline": 0.0051167982752036425,
    "weighted_avg_deadline_violation": 0.0021192521205857504,
    "weighted_avg_only_violated_deadline": 0.0057173158203950355,
    "deadline_satisfaction": 0.7480916030534351,
    "weighted_deadline_satisfaction": 0.6293274349082011,
    "overall_cost": 237.8879413018512,
    "max_cost": 24.433621390973393,
    "avg_cost": 8.203032458684525,
    "overall_migration_cost": 0.9292033653506695,
    "max_migration_cost": 0.9292033653506695,
    "avg_migration_cost": 0.9292033653506695,
    "migration_rate": 0.034482758620689655,
    "weighted_migration_rate": 0.00036107197349928024,
    "overall_response_time": 3.9098492478024887,
    "weighted_overall_response_time": 779.2972978272966,
    "max_response_time": 0.15097775390089138,
    "avg_response_time": 0.02984617746414114,
    "weighted_avg_response_time": 0.019918482815955044,
    "avg_unavailability": 0.02969388959587321,
    "overall_power_consumption": 1222.7417762039777
  },
  {
    "time": 54000.0,
    "opt": "ClusterLLGAOptimizer",
    "elapsed_time": 210.23879766394384,
    "valid": true,
    "overall_deadline_violation": 0.24381340486949374,
    "weighted_overall_deadline_violation": 134.77432591939396,
    "max_deadline_violation": 0.010000109577357549,
    "avg_deadline_violation": 0.0019197905895235725,
    "avg_only_violated_deadline": 0.005300291410206385,
    "weighted_avg_deadline_violation": 0.002895429674553508,
    "weighted_avg_only_violated_deadline": 0.005775914773612422,
    "deadline_satisfaction": 0.6377952755905512,
    "weighted_deadline_satisfaction": 0.49870630228454305,
    "overall_cost": 252.71978283423883,
    "max_cost": 28.975939484545258,
    "avg_cost": 9.359991956823661,
    "overall_migration_cost": 123.3918842817804,
    "max_migration_cost": 112.73838531446914,
    "avg_migration_cost": 24.67837685635608,
    "migration_rate": 0.18518518518518517,
    "weighted_migration_rate": 0.01039841310918822,
    "overall_response_time": 3.9640190889107445,
    "weighted_overall_response_time": 899.6474010197932,
    "max_response_time": 0.15097613175423433,
    "avg_response_time": 0.031212748731580645,
    "weighted_avg_response_time": 0.019327611277429584,
    "avg_unavailability": 0.024063245407009787,
    "overall_power_consumption": 1216.86118844968
  },
  {
    "time": 55800.0,
    "opt": "ClusterLLGAOptimizer",
    "elapsed_time": 202.1943528810516,
    "valid": true,
    "overall_deadline_violation": 0.22729958131360165,
    "weighted_overall_deadline_violation": 112.98281103843179,
    "max_deadline_violation": 0.010000109571569757,
    "avg_deadline_violation": 0.0018330611396258187,
    "avg_only_violated_deadline": 0.005828194392656449,
    "weighted_avg_deadline_violation": 0.0026548307620996334,
    "weighted_avg_only_violated_deadline": 0.00612777404238606,
    "deadline_satisfaction": 0.6854838709677419,
    "weighted_deadline_satisfaction": 0.5667544619406555,
    "overall_cost": 246.28172008079045,
    "max_cost": 28.531304652712027,
    "avg_cost": 9.121545188177423,
    "overall_migration_cost": 122.84434665135875,
    "max_migration_cost": 104.001,
    "avg_migration_cost": 61.422173325679374,
    "migration_rate": 0.07407407407407407,
    "weighted_migration_rate": 0.00528468194308742,
    "overall_response_time": 3.9771438583685934,
    "weighted_overall_response_time": 896.7508070776298,
    "max_response_time": 0.1509677789849029,
    "avg_response_time": 0.03207374079329508,
    "weighted_avg_response_time": 0.021071538286983743,
    "avg_unavailability": 0.024063245407009787,
    "overall_power_consumption": 1217.904724533258
  },
  {
    "time": 57600.0,
    "opt": "ClusterLLGAOptimizer",
    "elapsed_time": 221.18474212591536,
    "valid": true,
    "overall_deadline_violation": 0.22813803950785816,
    "weighted_overall_deadline_violation": 103.23013856347337,
    "max_deadline_violation": 0.010000109504596991,
    "avg_deadline_violation": 0.0017025226828944642,
    "avg_only_violated_deadline": 0.004473294892310946,
    "weighted_avg_deadline_violation": 0.0023893119997608924,
    "weighted_avg_only_violated_deadline": 0.005482357416832149,
    "deadline_satisfaction": 0.6194029850746269,
    "weighted_deadline_satisfaction": 0.5641816433884568,
    "overall_cost": 249.63136211284112,
    "max_cost": 27.97696106202393,
    "avg_cost": 8.915405789744327,
    "overall_migration_cost": 12.800674531569332,
    "max_migration_cost": 6.865035916487921,
    "avg_migration_cost": 4.26689151052311,
    "migration_rate": 0.10714285714285714,
    "weighted_migration_rate": 0.005452607278983175,
    "overall_response_time": 3.841993520351391,
    "weighted_overall_response_time": 876.199934227634,
    "max_response_time": 0.1509691971009366,
    "avg_response_time": 0.028671593435458147,
    "weighted_avg_response_time": 0.02028007562687273,
    "avg_unavailability": 0.0235609220613719,
    "overall_power_consumption": 1254.7741175288697
  },
  {
    "time": 59400.0,
    "opt": "ClusterLLGAOptimizer",
    "elapsed_time": 190.2807326100301,
    "valid": true,
    "overall_deadline_violation": 0.21306687346066802,
    "weighted_overall_deadline_violation": 111.80489037750962,
    "max_deadline_violation": 0.010000109709353945,
    "avg_deadline_violation": 0.001590051294482598,
    "avg_only_violated_deadline": 0.005607022985807057,
    "weighted_avg_deadline_violation": 0.0025855213933501536,
    "weighted_avg_only_violated_deadline": 0.0059152778492771,
    "deadline_satisfaction": 0.7164179104477612,
    "weighted_deadline_satisfaction": 0.5629078702252125,
    "overall_cost": 247.0784239015139,
    "max_cost": 28.027616568403072,
    "avg_cost": 8.824229425054067,
    "overall_migration_cost": 0.0,
    "max_migration_cost": 0.0,
    "avg_migration_cost": 0.0,
    "migration_rate": 0.0,
    "weighted_migration_rate": 0.0,
    "overall_response_time": 4.183712533937451,
    "weighted_overall_response_time": 814.0863534837421,
    "max_response_time": 0.15097911467987554,
    "avg_response_time": 0.03122173532789146,
    "weighted_avg_response_time": 0.01882598941655985,
    "avg_unavailability": 0.0235609220613719,
    "overall_power_consumption": 1237.0298903993155
  },
  {
    "time": 61200.0,
    "opt": "ClusterLLGAOptimizer",
    "elapsed_time": 225.28979774285108,
    "valid": true,
    "overall_deadline_violation": 0.2339245645179872,
    "weighted_overall_deadline_violation": 121.3614707890351,
    "max_deadline_violation": 0.010000109583259033,
    "avg_deadline_violation": 0.0017200335626322608,
    "avg_only_violated_deadline": 0.005705477183365548,
    "weighted_avg_deadline_violation": 0.002828397304059882,
    "weighted_avg_only_violated_deadline": 0.005894259737026092,
    "deadline_satisfaction": 0.6985294117647058,
    "weighted_deadline_satisfaction": 0.5201437618548296,
    "overall_cost": 241.36847822721472,
    "max_cost": 26.274060551673134,
    "avg_cost": 8.045615940907158,
    "overall_migration_cost": 118.97857005706558,
    "max_migration_cost": 110.46654660695184,
    "avg_migration_cost": 29.744642514266395,
    "migration_rate": 0.13333333333333333,
    "weighted_migration_rate": 0.008800304137710324,
    "overall_response_time": 4.392178970793319,
    "weighted_overall_response_time": 794.2324268116355,
    "max_response_time": 0.15098402777815023,
    "avg_response_time": 0.0322954336087744,
    "weighted_avg_response_time": 0.018510033210589003,
    "avg_unavailability": 0.022809111981954285,
    "overall_power_consumption": 1231.1679596757194
  },
  {
    "time": 63000.0,
    "opt": "ClusterLLGAOptimizer",
    "elapsed_time": 185.01570225786418,
    "valid": true,
    "overall_deadline_violation": 0.19228030351102765,
    "weighted_overall_deadline_violation": 80.07579893709459,
    "max_deadline_violation": 0.010000109553555866,
    "avg_deadline_violation": 0.0014457165677520878,
    "avg_only_violated_deadline": 0.006202590435839602,
    "weighted_avg_deadline_violation": 0.002142104805862826,
    "weighted_avg_only_violated_deadline": 0.006102762145210674,
    "deadline_satisfaction": 0.7669172932330827,
    "weighted_deadline_satisfaction": 0.6489942168983417,
    "overall_cost": 237.91707924331536,
    "max_cost": 22.64838839462886,
    "avg_cost": 8.20403721528674,
    "overall_migration_cost": 119.74600092154944,
    "max_migration_cost": 119.74600092154944,
    "avg_migration_cost": 119.74600092154944,
    "migration_rate": 0.034482758620689655,
    "weighted_migration_rate": 0.007731969728861258,
    "overall_response_time": 4.228891780508681,
    "weighted_overall_response_time": 718.4592288984691,
    "max_response_time": 0.15097766308228133,
    "avg_response_time": 0.03179617880081715,
    "weighted_avg_response_time": 0.019219476889002635,
    "avg_unavailability": 0.023320871558997286,
    "overall_power_consumption": 1249.4381864808315
  },
  {
    "time": 64800.0,
    "opt": "ClusterLLGAOptimizer",
    "elapsed_time": 204.77334285201505,
    "valid": true,
    "overall_deadline_violation": 0.1742797279248919,
    "weighted_overall_deadline_violation": 86.88624929588582,
    "max_deadline_violation": 0.010000109608039537,
    "avg_deadline_violation": 0.001361560374413218,
    "avg_only_violated_deadline": 0.004979420797854054,
    "weighted_avg_deadline_violation": 0.0021653856699080085,
    "weighted_avg_only_violated_deadline": 0.005432767428022458,
    "deadline_satisfaction": 0.7265625,
    "weighted_deadline_satisfaction": 0.6014212464279528,
    "overall_cost": 239.21144981056028,
    "max_cost": 24.83948087188636,
    "avg_cost": 8.543266064662868,
    "overall_migration_cost": 0.0,
    "max_migration_cost": 0.0,
    "avg_migration_cost": 0.0,
    "migration_rate": 0.0,
    "weighted_migration_rate": 0.0,
    "overall_response_time": 3.8319363664720867,
    "weighted_overall_response_time": 752.0301563877432,
    "max_response_time": 0.150980002695043,
    "avg_response_time": 0.02993700286306317,
    "weighted_avg_response_time": 0.018742152379430718,
    "avg_unavailability": 0.023560919159509787,
    "overall_power_consumption": 1231.5620104024852
  },
  {
    "time": 66600.0,
    "opt": "ClusterLLGAOptimizer",
    "elapsed_time": 191.2587057738565,
    "valid": true,
    "overall_deadline_violation": 0.18348990753763353,
    "weighted_overall_deadline_violation": 104.36226110485323,
    "max_deadline_violation": 0.010000109554034391,
    "avg_deadline_violation": 0.001444802421556169,
    "avg_only_violated_deadline": 0.005919029275407531,
    "weighted_avg_deadline_violation": 0.0025390434190573335,
    "weighted_avg_only_violated_deadline": 0.006080849880094257,
    "deadline_satisfaction": 0.7559055118110236,
    "weighted_deadline_satisfaction": 0.5824525404962014,
    "overall_cost": 233.01282417738088,
    "max_cost": 22.73676153461976,
    "avg_cost": 8.630104599162255,
    "overall_migration_cost": 0.0,
    "max_migration_cost": 0.0,
    "avg_migration_cost": 0.0,
    "migration_rate": 0.0,
    "weighted_migration_rate": 0.0,
    "overall_response_time": 3.3777968366241566,
    "weighted_overall_response_time": 773.2477038852219,
    "max_response_time": 0.15098146998396814,
    "avg_response_time": 0.026596825485229552,
    "weighted_avg_response_time": 0.018812446885166857,
    "avg_unavailability": 0.030014381669509784,
    "overall_power_consumption": 1215.4991236263934
  },
  {
    "time": 68400.0,
    "opt": "ClusterLLGAOptimizer",
    "elapsed_time": 206.98886658297852,
    "valid": true,
    "overall_deadline_violation": 0.23269734847379067,
    "weighted_overall_deadline_violation": 81.02402217194887,
    "max_deadline_violation": 0.01000010948566763,
    "avg_deadline_violation": 0.0018179480349514905,
    "avg_only_violated_deadline": 0.006123614433520811,
    "weighted_avg_deadline_violation": 0.002231065501137894,
    "weighted_avg_only_violated_deadline": 0.0063438425285987175,
    "deadline_satisfaction": 0.703125,
    "weighted_deadline_satisfaction": 0.6483100753084566,
    "overall_cost": 223.01831035281637,
    "max_cost": 19.21325287760011,
    "avg_cost": 8.577627321262169,
    "overall_migration_cost": 112.71481355463352,
    "max_migration_cost": 111.85248536874954,
    "avg_migration_cost": 56.35740677731676,
    "migration_rate": 0.07692307692307693,
    "weighted_migration_rate": 0.008854537846279207,
    "overall_response_time": 4.170763283158613,
    "weighted_overall_response_time": 669.3759831711573,
    "max_response_time": 0.1509847749996222,
    "avg_response_time": 0.032584088149676615,
    "weighted_avg_response_time": 0.018431838155036226,
    "avg_unavailability": 0.030559539142009786,
    "overall_power_consumption": 1214.545525203323
  },
  {
    "time": 70200.0,
    "opt": "ClusterLLGAOptimizer",
    "elapsed_time": 201.66942750592716,
    "valid": true,
    "overall_deadline_violation": 0.24528084900820674,
    "weighted_overall_deadline_violation": 85.1008230366704,
    "max_deadline_violation": 0.010000109493891922,
    "avg_deadline_violation": 0.0019313452677811554,
    "avg_only_violated_deadline": 0.006454759184426493,
    "weighted_avg_deadline_violation": 0.0022647127832646553,
    "weighted_avg_only_violated_deadline": 0.006158515657203495,
    "deadline_satisfaction": 0.7007874015748031,
    "weighted_deadline_satisfaction": 0.6322632092985481,
    "overall_cost": 229.87543997289654,
    "max_cost": 18.27779068940371,
    "avg_cost": 7.926739309410226,
    "overall_migration_cost": 227.02366123069086,
    "max_migration_cost": 113.11308156236836,
    "avg_migration_cost": 75.67455374356362,
    "migration_rate": 0.10344827586206896,
    "weighted_migration_rate": 0.011476788294269655,
    "overall_response_time": 3.787333825654886,
    "weighted_overall_response_time": 697.5829298340731,
    "max_response_time": 0.15098427148978866,
    "avg_response_time": 0.029821526186258954,
    "weighted_avg_response_time": 0.018564156282033617,
    "avg_unavailability": 0.02331398668734179,
    "overall_power_consumption": 1225.0909801891873
  },
  {
    "time": 72000.0,
    "opt": "ClusterLLGAOptimizer",
    "elapsed_time": 211.2811114161741,
    "valid": true,
    "overall_deadline_violation": 0.2662989100616718,
    "weighted_overall_deadline_violation": 120.99510718081106,
    "max_deadline_violation": 0.010000109268827039,
    "avg_deadline_violation": 0.0021475718553360616,
    "avg_only_violated_deadline": 0.0063404502395636095,
    "weighted_avg_deadline_violation": 0.002901698459752273,
    "weighted_avg_only_violated_deadline": 0.006452854784926252,
    "deadline_satisfaction": 0.6612903225806451,
    "weighted_deadline_satisfaction": 0.5503232977548811,
    "overall_cost": 238.22293012916595,
    "max_cost": 24.670008451254475,
    "avg_cost": 9.162420389583305,
    "overall_migration_cost": 24.773535108956292,
    "max_migration_cost": 16.27387274110942,
    "avg_migration_cost": 12.386767554478146,
    "migration_rate": 0.07692307692307693,
    "weighted_migration_rate": 0.0009111525670153254,
    "overall_response_time": 3.824790577612857,
    "weighted_overall_response_time": 814.2141837973461,
    "max_response_time": 0.150974488850149,
    "avg_response_time": 0.030845085303329484,
    "weighted_avg_response_time": 0.01952644282964779,
    "avg_unavailability": 0.03785431850179546,
    "overall_power_consumption": 1226.7882179424982
  },
  {
    "time": 73800.0,
    "opt": "ClusterLLGAOptimizer",
    "elapsed_time": 202.0292749979999,
    "valid": true,
    "overall_deadline_violation": 0.2313117618297879,
    "weighted_overall_deadline_violation": 100.81659900730489,
    "max_deadline_violation": 0.010000109639382342,
    "avg_deadline_violation": 0.0018213524553526612,
    "avg_only_violated_deadline": 0.005641750288531413,
    "weighted_avg_deadline_violation": 0.002476582327856805,
    "weighted_avg_only_violated_deadline": 0.005721306058846642,
    "deadline_satisfaction": 0.6771653543307087,
    "weighted_deadline_satisfaction": 0.5671298996446169,
    "overall_cost": 236.13749429076492,
    "max_cost": 25.58849558054203,
    "avg_cost": 9.082211318875574,
    "overall_migration_cost": 1.3871545355793249,
    "max_migration_cost": 1.3871545355793249,
    "avg_migration_cost": 1.3871545355793249,
    "migration_rate": 0.038461538461538464,
    "weighted_migration_rate": 0.0002831011109617465,
    "overall_response_time": 3.8497649278281925,
    "weighted_overall_response_time": 766.8676539763221,
    "max_response_time": 0.15097691749804734,
    "avg_response_time": 0.03031310966793852,
    "weighted_avg_response_time": 0.01883827562468314,
    "avg_unavailability": 0.03785431850179546,
    "overall_power_consumption": 1234.0423941690924
  },
  {
    "time": 75600.0,
    "opt": "ClusterLLGAOptimizer",
    "elapsed_time": 214.89530296600424,
    "valid": true,
    "overall_deadline_violation": 0.23309380373085323,
    "weighted_overall_deadline_violation": 84.61691163247899,
    "max_deadline_violation": 0.01000010933071042,
    "avg_deadline_violation": 0.0018210453416472913,
    "avg_only_violated_deadline": 0.006299832533266306,
    "weighted_avg_deadline_violation": 0.002283639602864623,
    "weighted_avg_only_violated_deadline": 0.006487014017546972,
    "deadline_satisfaction": 0.7109375,
    "weighted_deadline_satisfaction": 0.6479675245517401,
    "overall_cost": 226.55205855638997,
    "max_cost": 17.961525983809203,
    "avg_cost": 8.0911449484425,
    "overall_migration_cost": 138.50255937109833,
    "max_migration_cost": 127.91256657301625,
    "avg_migration_cost": 27.700511874219664,
    "migration_rate": 0.17857142857142858,
    "weighted_migration_rate": 0.010964879180528237,
    "overall_response_time": 4.240127343254643,
    "weighted_overall_response_time": 690.3420987010907,
    "max_response_time": 0.15098415590952002,
    "avg_response_time": 0.03312599486917684,
    "weighted_avg_response_time": 0.0186309394387466,
    "avg_unavailability": 0.023532867606259784,
    "overall_power_consumption": 1239.6220718782229
  },
  {
    "time": 77400.0,
    "opt": "ClusterLLGAOptimizer",
    "elapsed_time": 207.81200270703994,
    "valid": true,
    "overall_deadline_violation": 0.20889206146678974,
    "weighted_overall_deadline_violation": 98.64085308191308,
    "max_deadline_violation": 0.010000109589929772,
    "avg_deadline_violation": 0.0016193183059441069,
    "avg_only_violated_deadline": 0.0052223015366697455,
    "weighted_avg_deadline_violation": 0.0024128365634569974,
    "weighted_avg_only_violated_deadline": 0.005810153394194468,
    "deadline_satisfaction": 0.689922480620155,
    "weighted_deadline_satisfaction": 0.5847206777934786,
    "overall_cost": 243.60774981407454,
    "max_cost": 17.60536546187833,
    "avg_cost": 8.70027677907409,
    "overall_migration_cost": 1.1122993438047195,
    "max_migration_cost": 1.1122993438047195,
    "avg_migration_cost": 1.1122993438047195,
    "migration_rate": 0.03571428571428571,
    "weighted_migration_rate": 0.00041174886307368715,
    "overall_response_time": 3.9076611733792013,
    "weighted_overall_response_time": 785.3448522141086,
    "max_response_time": 0.1509793425496478,
    "avg_response_time": 0.03029194708045894,
    "weighted_avg_response_time": 0.01921018234474684,
    "avg_unavailability": 0.023532867606259784,
    "overall_power_consumption": 1257.353914674663
  },
  {
    "time": 79200.0,
    "opt": "ClusterLLGAOptimizer",
    "elapsed_time": 212.96947974106297,
    "valid": true,
    "overall_deadline_violation": 0.21587580401933237,
    "weighted_overall_deadline_violation": 81.57211758558817,
    "max_deadline_violation": 0.010000109419283821,
    "avg_deadline_violation": 0.0016231263460100185,
    "avg_only_violated_deadline": 0.00616788011483807,
    "weighted_avg_deadline_violation": 0.002161008053594788,
    "weighted_avg_only_violated_deadline": 0.006718034353346762,
    "deadline_satisfaction": 0.7368421052631579,
    "weighted_deadline_satisfaction": 0.6783273291065822,
    "overall_cost": 233.48338146699857,
    "max_cost": 19.54441234739848,
    "avg_cost": 8.051151085068915,
    "overall_migration_cost": 162.44932670270782,
    "max_migration_cost": 136.58130587103983,
    "avg_migration_cost": 32.48986534054157,
    "migration_rate": 0.1724137931034483,
    "weighted_migration_rate": 0.008342276229433855,
    "overall_response_time": 3.892798384898652,
    "weighted_overall_response_time": 834.4701809097392,
    "max_response_time": 0.1509659508390716,
    "avg_response_time": 0.029269160788711678,
    "weighted_avg_response_time": 0.02210677906624854,
    "avg_unavailability": 0.023092159465574358,
    "overall_power_consumption": 1239.0568141670954
  },
  {
    "time": 81000.0,
    "opt": "ClusterLLGAOptimizer",
    "elapsed_time": 201.64742881199345,
    "valid": true,
    "overall_deadline_violation": 0.2442861557877246,
    "weighted_overall_deadline_violation": 77.1471977894931,
    "max_deadline_violation": 0.010000109394873237,
    "avg_deadline_violation": 0.002105915136101074,
    "avg_only_violated_deadline": 0.006428583047045383,
    "weighted_avg_deadline_violation": 0.002129718492555353,
    "weighted_avg_only_violated_deadline": 0.006484444369885643,
    "deadline_satisfaction": 0.6724137931034483,
    "weighted_deadline_satisfaction": 0.6715649990852016,
    "overall_cost": 216.85033181229403,
    "max_cost": 22.63337977475717,
    "avg_cost": 8.340397377395924,
    "overall_migration_cost": 77.64618322773008,
    "max_migration_cost": 76.21065198862435,
    "avg_migration_cost": 38.82309161386504,
    "migration_rate": 0.07692307692307693,
    "weighted_migration_rate": 0.006777432240686437,
    "overall_response_time": 3.4645079854866947,
    "weighted_overall_response_time": 822.1068954767794,
    "max_response_time": 0.15096646671941436,
    "avg_response_time": 0.029866448150747394,
    "weighted_avg_response_time": 0.02269500783335804,
    "avg_unavailability": 0.02410624532237887,
    "overall_power_consumption": 1168.4405897826925
  },
  {
    "time": 82800.0,
    "opt": "ClusterLLGAOptimizer",
    "elapsed_time": 202.10278565296903,
    "valid": true,
    "overall_deadline_violation": 0.20038191446429832,
    "weighted_overall_deadline_violation": 104.84404397217114,
    "max_deadline_violation": 0.010000109211276424,
    "avg_deadline_violation": 0.0017577360917920904,
    "avg_only_violated_deadline": 0.005415727417954008,
    "weighted_avg_deadline_violation": 0.0025641672465277683,
    "weighted_avg_only_violated_deadline": 0.006430155455234345,
    "deadline_satisfaction": 0.6754385964912281,
    "weighted_deadline_satisfaction": 0.6012277985533838,
    "overall_cost": 228.42111131601652,
    "max_cost": 22.287450576827464,
    "avg_cost": 8.785427358308327,
    "overall_migration_cost": 29.49512514556755,
    "max_migration_cost": 25.7893161005231,
    "avg_migration_cost": 9.831708381855849,
    "migration_rate": 0.11538461538461539,
    "weighted_migration_rate": 0.0016361376291467377,
    "overall_response_time": 3.5222790838911355,
    "weighted_overall_response_time": 892.8617005694979,
    "max_response_time": 0.15096841957480214,
    "avg_response_time": 0.030897184946413466,
    "weighted_avg_response_time": 0.021836688490259683,
    "avg_unavailability": 0.023603920157479776,
    "overall_power_consumption": 1186.0603733350947
  },
  {
    "time": 84600.0,
    "opt": "ClusterLLGAOptimizer",
    "elapsed_time": 186.25760364718735,
    "valid": true,
    "overall_deadline_violation": 0.1997870000579804,
    "weighted_overall_deadline_violation": 106.49268897126863,
    "max_deadline_violation": 0.01000010914860052,
    "avg_deadline_violation": 0.001707581197076755,
    "avg_only_violated_deadline": 0.0058760882369994225,
    "weighted_avg_deadline_violation": 0.0026044873292479136,
    "weighted_avg_only_violated_deadline": 0.0064321648422591025,
    "deadline_satisfaction": 0.7094017094017094,
    "weighted_deadline_satisfaction": 0.595083864745424,
    "overall_cost": 230.13256197483318,
    "max_cost": 22.287449040341443,
    "avg_cost": 8.851252383647429,
    "overall_migration_cost": 1.8801102882778795,
    "max_migration_cost": 1.8801102882778795,
    "avg_migration_cost": 1.8801102882778795,
    "migration_rate": 0.038461538461538464,
    "weighted_migration_rate": 0.0008043134505486399,
    "overall_response_time": 3.5160119998987716,
    "weighted_overall_response_time": 837.2038038641197,
    "max_response_time": 0.15097781082503692,
    "avg_response_time": 0.030051384614519432,
    "weighted_avg_response_time": 0.020475459115794736,
    "avg_unavailability": 0.023603920157479776,
    "overall_power_consumption": 1189.4163229744113
  }
]