[
  {
    "time": 0.0,
    "opt": "ClusterLLGAOptimizer",
    "elapsed_time": 68.37977528688498,
    "valid": true,
    "overall_deadline_violation": 0.16652644717637385,
    "weighted_overall_deadline_violation": 362.3353191446047,
    "max_deadline_violation": 0.01010010992402912,
    "avg_deadline_violation": 0.0013322115774109906,
    "avg_only_violated_deadline": 0.00537182087665722,
    "weighted_avg_deadline_violation": 0.005006848871107609,
    "weighted_avg_only_violated_deadline": 0.007177698607436707,
    "deadline_satisfaction": 0.752,
    "weighted_deadline_satisfaction": 0.3024437016733904,
    "overall_cost": 349.545938995897,
    "max_cost": 97.10825103565315,
    "avg_cost": 12.946145888736925,
    "overall_migration_cost": 0.0,
    "max_migration_cost": 0.0,
    "avg_migration_cost": 0.0,
    "migration_rate": 0.0,
    "weighted_migration_rate": 0.0,
    "overall_response_time": 7.578872258083086,
    "weighted_overall_response_time": 1027.0698714870553,
    "max_response_time": 0.3709989405116709,
    "avg_response_time": 0.06063097806466472,
    "weighted_avg_response_time": 0.014192333330197166,
    "avg_unavailability": 0.017605533927388894,
    "overall_power_consumption": 1194.3722885087304
  },
  {
    "time": 1800.0,
    "opt": "ClusterLLGAOptimizer",
    "elapsed_time": 69.60368695901707,
    "valid": true,
    "overall_deadline_violation": 0.17291619284294527,
    "weighted_overall_deadline_violation": 369.9034108380323,
    "max_deadline_violation": 0.010100109919925819,
    "avg_deadline_violation": 0.0012904193495742173,
    "avg_only_violated_deadline": 0.005763873094764841,
    "weighted_avg_deadline_violation": 0.0049728204936602275,
    "weighted_avg_only_violated_deadline": 0.007310829159416829,
    "deadline_satisfaction": 0.7761194029850746,
    "weighted_deadline_satisfaction": 0.3198007523873121,
    "overall_cost": 354.7009175029944,
    "max_cost": 90.93556101022064,
    "avg_cost": 12.66788991082123,
    "overall_migration_cost": 105.77599122393585,
    "max_migration_cost": 105.77599122393585,
    "avg_migration_cost": 105.77599122393585,
    "migration_rate": 0.03571428571428571,
    "weighted_migration_rate": 0.0015904216895371841,
    "overall_response_time": 8.511893489440142,
    "weighted_overall_response_time": 1128.4526425819947,
    "max_response_time": 0.3709970587184356,
    "avg_response_time": 0.06352159320477722,
    "weighted_avg_response_time": 0.015170426286266128,
    "avg_unavailability": 0.017605515825849884,
    "overall_power_consumption": 1199.7663716252991
  },
  {
    "time": 3600.0,
    "opt": "ClusterLLGAOptimizer",
    "elapsed_time": 94.95972477598116,
    "valid": true,
    "overall_deadline_violation": 0.18194068003209304,
    "weighted_overall_deadline_violation": 373.1064990907618,
    "max_deadline_violation": 0.01010010991936228,
    "avg_deadline_violation": 0.001503641983736307,
    "avg_only_violated_deadline": 0.005513353940366459,
    "weighted_avg_deadline_violation": 0.004802562349440282,
    "weighted_avg_only_violated_deadline": 0.007245365270839011,
    "deadline_satisfaction": 0.7272727272727273,
    "weighted_deadline_satisfaction": 0.3371538673461319,
    "overall_cost": 363.9682968700626,
    "max_cost": 90.77961556316367,
    "avg_cost": 15.165345702919277,
    "overall_migration_cost": 291.4489863099516,
    "max_migration_cost": 268.1823047443003,
    "avg_migration_cost": 72.8622465774879,
    "migration_rate": 0.16666666666666666,
    "weighted_migration_rate": 0.002330491466278276,
    "overall_response_time": 7.97445713167601,
    "weighted_overall_response_time": 1198.6037756205374,
    "max_response_time": 0.37097927450080515,
    "avg_response_time": 0.06590460439401666,
    "weighted_avg_response_time": 0.015428220571660078,
    "avg_unavailability": 0.030646856123529482,
    "overall_power_consumption": 1212.2234161035112
  },
  {
    "time": 5400.0,
    "opt": "ClusterLLGAOptimizer",
    "elapsed_time": 79.96756952209398,
    "valid": true,
    "overall_deadline_violation": 0.17693332035081422,
    "weighted_overall_deadline_violation": 383.099505807402,
    "max_deadline_violation": 0.010100109919404968,
    "avg_deadline_violation": 0.0014622588458744986,
    "avg_only_violated_deadline": 0.005529166260962948,
    "weighted_avg_deadline_violation": 0.005012301131955019,
    "weighted_avg_only_violated_deadline": 0.007169996584959588,
    "deadline_satisfaction": 0.7355371900826446,
    "weighted_deadline_satisfaction": 0.30093395825748953,
    "overall_cost": 319.5559707564998,
    "max_cost": 100.63274910200626,
    "avg_cost": 15.216950988404752,
    "overall_migration_cost": 0.0,
    "max_migration_cost": 0.0,
    "avg_migration_cost": 0.0,
    "migration_rate": 0.0,
    "weighted_migration_rate": 0.0,
    "overall_response_time": 7.76546186766241,
    "weighted_overall_response_time": 1216.1096622872083,
    "max_response_time": 0.3709762934248102,
    "avg_response_time": 0.06417737080712729,
    "weighted_avg_response_time": 0.01591103027924041,
    "avg_unavailability": 0.030649981010807823,
    "overall_power_consumption": 1044.660097976535
  },
  {
    "time": 7200.0,
    "opt": "ClusterLLGAOptimizer",
    "elapsed_time": 93.53440815582871,
    "valid": true,
    "overall_deadline_violation": 0.17623434565783802,
    "weighted_overall_deadline_violation": 374.99894640359923,
    "max_deadline_violation": 0.010100109918957163,
    "avg_deadline_violation": 0.0014686195471486506,
    "avg_only_violated_deadline": 0.005340434716904184,
    "weighted_avg_deadline_violation": 0.004968925220750763,
    "weighted_avg_only_violated_deadline": 0.007195502076303016,
    "deadline_satisfaction": 0.725,
    "weighted_deadline_satisfaction": 0.3094400963186502,
    "overall_cost": 330.12082090285475,
    "max_cost": 88.9447496085511,
    "avg_cost": 14.353079169689337,
    "overall_migration_cost": 306.77000297481874,
    "max_migration_cost": 182.38083206858974,
    "avg_migration_cost": 43.824286139259826,
    "migration_rate": 0.30434782608695654,
    "weighted_migration_rate": 0.006023143742325581,
    "overall_response_time": 7.52511899998193,
    "weighted_overall_response_time": 1210.9631787135434,
    "max_response_time": 0.37097880798887917,
    "avg_response_time": 0.06270932499984942,
    "weighted_avg_response_time": 0.016045873029291495,
    "avg_unavailability": 0.021729250760331307,
    "overall_power_consumption": 1105.735247872722
  },
  {
    "time": 9000.0,
    "opt": "ClusterLLGAOptimizer",
    "elapsed_time": 90.93949922709726,
    "valid": true,
    "overall_deadline_violation": 0.16513149441579336,
    "weighted_overall_deadline_violation": 353.63840089502054,
    "max_deadline_violation": 0.01010010991859733,
    "avg_deadline_violation": 0.001342532474925149,
    "avg_only_violated_deadline": 0.005504383147193111,
    "weighted_avg_deadline_violation": 0.004887108709602596,
    "weighted_avg_only_violated_deadline": 0.007452917094716101,
    "deadline_satisfaction": 0.7560975609756098,
    "weighted_deadline_satisfaction": 0.34426900936984617,
    "overall_cost": 343.2262440851381,
    "max_cost": 76.50112361288987,
    "avg_cost": 14.922880177614697,
    "overall_migration_cost": 4.452238505789205,
    "max_migration_cost": 2.543515890183591,
    "avg_migration_cost": 2.2261192528946023,
    "migration_rate": 0.08695652173913043,
    "weighted_migration_rate": 0.000658784274375528,
    "overall_response_time": 7.931144253750837,
    "weighted_overall_response_time": 1160.2311729212631,
    "max_response_time": 0.3709797817055259,
    "avg_response_time": 0.0644808475914702,
    "weighted_avg_response_time": 0.016033823973825627,
    "avg_unavailability": 0.021729250760331307,
    "overall_power_consumption": 1165.2724106052897
  },
  {
    "time": 10800.0,
    "opt": "ClusterLLGAOptimizer",
    "elapsed_time": 96.64718664903194,
    "valid": true,
    "overall_deadline_violation": 0.1598173370597301,
    "weighted_overall_deadline_violation": 384.09109314499864,
    "max_deadline_violation": 0.010100109914629073,
    "avg_deadline_violation": 0.0012993279435750415,
    "avg_only_violated_deadline": 0.005510942657232074,
    "weighted_avg_deadline_violation": 0.005157926317511899,
    "weighted_avg_only_violated_deadline": 0.007347883337601045,
    "deadline_satisfaction": 0.7642276422764228,
    "weighted_deadline_satisfaction": 0.2980391657666313,
    "overall_cost": 313.51100970357135,
    "max_cost": 89.76342028823137,
    "avg_cost": 12.540440388142853,
    "overall_migration_cost": 13.063489055993125,
    "max_migration_cost": 4.219514303349494,
    "avg_migration_cost": 2.612697811198625,
    "migration_rate": 0.2,
    "weighted_migration_rate": 0.001557531348452587,
    "overall_response_time": 7.2154151208304285,
    "weighted_overall_response_time": 1173.761488851858,
    "max_response_time": 0.37099186378292226,
    "avg_response_time": 0.05866191155146686,
    "weighted_avg_response_time": 0.015762342272137582,
    "avg_unavailability": 0.020607550257865755,
    "overall_power_consumption": 1051.698056426602
  },
  {
    "time": 12600.0,
    "opt": "ClusterLLGAOptimizer",
    "elapsed_time": 92.62280884501524,
    "valid": true,
    "overall_deadline_violation": 0.1785332291437232,
    "weighted_overall_deadline_violation": 370.93229308587047,
    "max_deadline_violation": 0.010100109913375774,
    "avg_deadline_violation": 0.0013423551063437835,
    "avg_only_violated_deadline": 0.005410097852840096,
    "weighted_avg_deadline_violation": 0.005116007674270662,
    "weighted_avg_only_violated_deadline": 0.007550489856032255,
    "deadline_satisfaction": 0.7518796992481203,
    "weighted_deadline_satisfaction": 0.3224270515133042,
    "overall_cost": 325.49485593776836,
    "max_cost": 76.40628524398086,
    "avg_cost": 13.562285664073682,
    "overall_migration_cost": 0.0,
    "max_migration_cost": 0.0,
    "avg_migration_cost": 0.0,
    "migration_rate": 0.0,
    "weighted_migration_rate": 0.0,
    "overall_response_time": 7.829689446023127,
    "weighted_overall_response_time": 1148.0036114955253,
    "max_response_time": 0.37098907975374873,
    "avg_response_time": 0.05886984545882053,
    "weighted_avg_response_time": 0.015833604665803275,
    "avg_unavailability": 0.020619099351093306,
    "overall_power_consumption": 1121.9084212618495
  },
  {
    "time": 14400.0,
    "opt": "ClusterLLGAOptimizer",
    "elapsed_time": 105.24999143299647,
    "valid": true,
    "overall_deadline_violation": 0.1748394195250876,
    "weighted_overall_deadline_violation": 337.1359233895523,
    "max_deadline_violation": 0.010100109920264052,
    "avg_deadline_violation": 0.00135534433740378,
    "avg_only_violated_deadline": 0.005463731860158988,
    "weighted_avg_deadline_violation": 0.005121425633289114,
    "weighted_avg_only_violated_deadline": 0.007615863551085355,
    "deadline_satisfaction": 0.751937984496124,
    "weighted_deadline_satisfaction": 0.32753185519464223,
    "overall_cost": 306.80364698678545,
    "max_cost": 66.9348270426357,
    "avg_cost": 11.363098036547608,
    "overall_migration_cost": 27.37864367991697,
    "max_migration_cost": 17.602,
    "avg_migration_cost": 4.563107279986162,
    "migration_rate": 0.2222222222222222,
    "weighted_migration_rate": 0.007459986041632692,
    "overall_response_time": 7.613111162979236,
    "weighted_overall_response_time": 1015.3043324962795,
    "max_response_time": 0.3709871222989028,
    "avg_response_time": 0.05901636560449022,
    "weighted_avg_response_time": 0.015423469506771276,
    "avg_unavailability": 0.020639664510825745,
    "overall_power_consumption": 1139.150410980119
  },
  {
    "time": 16200.0,
    "opt": "ClusterLLGAOptimizer",
    "elapsed_time": 118.32655337895267,
    "valid": true,
    "overall_deadline_violation": 0.18023905057414702,
    "weighted_overall_deadline_violation": 302.60228774244143,
    "max_deadline_violation": 0.01010010992420704,
    "avg_deadline_violation": 0.0013972019424352477,
    "avg_only_violated_deadline": 0.005632470330442094,
    "weighted_avg_deadline_violation": 0.00483581782311949,
    "weighted_avg_only_violated_deadline": 0.007928274463166338,
    "deadline_satisfaction": 0.751937984496124,
    "weighted_deadline_satisfaction": 0.39005418573915046,
    "overall_cost": 329.89655755096965,
    "max_cost": 50.18168736717955,
    "avg_cost": 11.78201991253463,
    "overall_migration_cost": 6.925459087521629,
    "max_migration_cost": 2.970781039926513,
    "avg_migration_cost": 2.30848636250721,
    "migration_rate": 0.10714285714285714,
    "weighted_migration_rate": 0.001009975407054022,
    "overall_response_time": 8.224321082251526,
    "weighted_overall_response_time": 967.2331218657984,
    "max_response_time": 0.37098669122035455,
    "avg_response_time": 0.06375442699419795,
    "weighted_avg_response_time": 0.015457130891922575,
    "avg_unavailability": 0.02063840565966394,
    "overall_power_consumption": 1275.6592556379862
  },
  {
    "time": 18000.0,
    "opt": "ClusterLLGAOptimizer",
    "elapsed_time": 118.41050370899029,
    "valid": true,
    "overall_deadline_violation": 0.1792324352442016,
    "weighted_overall_deadline_violation": 274.1544106335008,
    "max_deadline_violation": 0.010100109925075179,
    "avg_deadline_violation": 0.001445422864872594,
    "avg_only_violated_deadline": 0.005601013601381302,
    "weighted_avg_deadline_violation": 0.004919242791145755,
    "weighted_avg_only_violated_deadline": 0.008318604948097682,
    "deadline_satisfaction": 0.7419354838709677,
    "weighted_deadline_satisfaction": 0.4086457017927387,
    "overall_cost": 307.99086855751955,
    "max_cost": 44.90772191753914,
    "avg_cost": 11.407069205834059,
    "overall_migration_cost": 7.63544554129564,
    "max_migration_cost": 2.843502955267432,
    "avg_migration_cost": 1.9088613853239098,
    "migration_rate": 0.14814814814814814,
    "weighted_migration_rate": 0.0014682054891831564,
    "overall_response_time": 7.05617859536374,
    "weighted_overall_response_time": 909.8955305635575,
    "max_response_time": 0.3709767928795133,
    "avg_response_time": 0.0569046660916431,
    "weighted_avg_response_time": 0.01632655487496129,
    "avg_unavailability": 0.020369920009303395,
    "overall_power_consumption": 1271.5843191505344
  },
  {
    "time": 19800.0,
    "opt": "ClusterLLGAOptimizer",
    "elapsed_time": 106.28912274818867,
    "valid": true,
    "overall_deadline_violation": 0.1846328421999851,
    "weighted_overall_deadline_violation": 291.0478883009608,
    "max_deadline_violation": 0.010100109923945284,
    "avg_deadline_violation": 0.0014202526323075775,
    "avg_only_violated_deadline": 0.00559493461212076,
    "weighted_avg_deadline_violation": 0.0048661211920108475,
    "weighted_avg_only_violated_deadline": 0.008051196937930128,
    "deadline_satisfaction": 0.7461538461538462,
    "weighted_deadline_satisfaction": 0.3956027619836275,
    "overall_cost": 303.9126350227722,
    "max_cost": 44.309087333372545,
    "avg_cost": 11.688947500875855,
    "overall_migration_cost": 0.0,
    "max_migration_cost": 0.0,
    "avg_migration_cost": 0.0,
    "migration_rate": 0.0,
    "weighted_migration_rate": 0.0,
    "overall_response_time": 7.04878130974241,
    "weighted_overall_response_time": 967.935656699985,
    "max_response_time": 0.37097658363067554,
    "avg_response_time": 0.05422139469032623,
    "weighted_avg_response_time": 0.016183220703186202,
    "avg_unavailability": 0.020650250376928397,
    "overall_power_consumption": 1208.471255079407
  },
  {
    "time": 21600.0,
    "opt": "ClusterLLGAOptimizer",
    "elapsed_time": 118.30411492311396,
    "valid": true,
    "overall_deadline_violation": 0.18194085274942431,
    "weighted_overall_deadline_violation": 302.26523305768814,
    "max_deadline_violation": 0.010100109922338101,
    "avg_deadline_violation": 0.0014214129121048768,
    "avg_only_violated_deadline": 0.005513359174224977,
    "weighted_avg_deadline_violation": 0.004993222505870612,
    "weighted_avg_only_violated_deadline": 0.007939637053275777,
    "deadline_satisfaction": 0.7421875,
    "weighted_deadline_satisfaction": 0.37110191909711,
    "overall_cost": 304.8265213874803,
    "max_cost": 44.960171161778916,
    "avg_cost": 12.193060855499212,
    "overall_migration_cost": 0.8637635633599043,
    "max_migration_cost": 0.6666390279038837,
    "avg_migration_cost": 0.43188178167995217,
    "migration_rate": 0.08,
    "weighted_migration_rate": 0.00042356567824097205,
    "overall_response_time": 9.082770460225223,
    "weighted_overall_response_time": 1079.2131590293561,
    "max_response_time": 0.37095752890850714,
    "avg_response_time": 0.07095914422050954,
    "weighted_avg_response_time": 0.017827890359023345,
    "avg_unavailability": 0.020748152577333194,
    "overall_power_consumption": 1196.5251452289574
  },
  {
    "time": 23400.0,
    "opt": "ClusterLLGAOptimizer",
    "elapsed_time": 112.79816663009115,
    "valid": true,
    "overall_deadline_violation": 0.16283182682856595,
    "weighted_overall_deadline_violation": 290.7846495661828,
    "max_deadline_violation": 0.010100109929247342,
    "avg_deadline_violation": 0.0013457175770955855,
    "avg_only_violated_deadline": 0.005614890580295377,
    "weighted_avg_deadline_violation": 0.004774499067407599,
    "weighted_avg_only_violated_deadline": 0.007666366761670905,
    "deadline_satisfaction": 0.7603305785123967,
    "weighted_deadline_satisfaction": 0.3772148899426009,
    "overall_cost": 294.5271071005927,
    "max_cost": 52.830569532447115,
    "avg_cost": 11.781084284023708,
    "overall_migration_cost": 1.1855365606101902,
    "max_migration_cost": 1.1855365606101902,
    "avg_migration_cost": 1.1855365606101902,
    "migration_rate": 0.04,
    "weighted_migration_rate": 0.00038273542836643503,
    "overall_response_time": 8.640758633106705,
    "weighted_overall_response_time": 1126.304924845286,
    "max_response_time": 0.3709560118236077,
    "avg_response_time": 0.07141122837278284,
    "weighted_avg_response_time": 0.018493210770627252,
    "avg_unavailability": 0.020748152577333194,
    "overall_power_consumption": 1137.4647450297628
  },
  {
    "time": 25200.0,
    "opt": "ClusterLLGAOptimizer",
    "elapsed_time": 119.81518127792515,
    "valid": true,
    "overall_deadline_violation": 0.17022438660075612,
    "weighted_overall_deadline_violation": 275.69407926700524,
    "max_deadline_violation": 0.010100109929084847,
    "avg_deadline_violation": 0.001406813112402943,
    "avg_only_violated_deadline": 0.0056741462200252035,
    "weighted_avg_deadline_violation": 0.004879662182938281,
    "weighted_avg_only_violated_deadline": 0.007823253258278193,
    "deadline_satisfaction": 0.7520661157024794,
    "weighted_deadline_satisfaction": 0.37626176453192844,
    "overall_cost": 269.931328257213,
    "max_cost": 42.22700624258431,
    "avg_cost": 10.797253130288523,
    "overall_migration_cost": 219.02455670862653,
    "max_migration_cost": 182.2165567085685,
    "avg_migration_cost": 31.289222386946655,
    "migration_rate": 0.28,
    "weighted_migration_rate": 0.00920337678394435,
    "overall_response_time": 7.541487391254599,
    "weighted_overall_response_time": 1001.1230082164348,
    "max_response_time": 0.3709794446620056,
    "avg_response_time": 0.062326342076484256,
    "weighted_avg_response_time": 0.017719430524773677,
    "avg_unavailability": 0.025353405620453053,
    "overall_power_consumption": 1142.2741832240629
  },
  {
    "time": 27000.0,
    "opt": "ClusterLLGAOptimizer",
    "elapsed_time": 115.31356796994805,
    "valid": true,
    "overall_deadline_violation": 0.16283186630994534,
    "weighted_overall_deadline_violation": 279.66204916447197,
    "max_deadline_violation": 0.010100109927241606,
    "avg_deadline_violation": 0.001282140679605868,
    "avg_only_violated_deadline": 0.005614891941722251,
    "weighted_avg_deadline_violation": 0.00465169954826741,
    "weighted_avg_only_violated_deadline": 0.008001014666428856,
    "deadline_satisfaction": 0.7716535433070866,
    "weighted_deadline_satisfaction": 0.4186112959165927,
    "overall_cost": 304.42320822257665,
    "max_cost": 44.22721805208755,
    "avg_cost": 12.68430034260736,
    "overall_migration_cost": 0.802,
    "max_migration_cost": 0.802,
    "avg_migration_cost": 0.802,
    "migration_rate": 0.041666666666666664,
    "weighted_migration_rate": 0.0007239514783563666,
    "overall_response_time": 7.00084252959942,
    "weighted_overall_response_time": 996.3898236753528,
    "max_response_time": 0.3709795572575475,
    "avg_response_time": 0.05512474432755445,
    "weighted_avg_response_time": 0.016573239402830266,
    "avg_unavailability": 0.025364954713680603,
    "overall_power_consumption": 1223.3175568220895
  },
  {
    "time": 28800.0,
    "opt": "ClusterLLGAOptimizer",
    "elapsed_time": 127.75000011501834,
    "valid": true,
    "overall_deadline_violation": 0.1799322794761636,
    "weighted_overall_deadline_violation": 284.90728642894777,
    "max_deadline_violation": 0.01010010992687882,
    "avg_deadline_violation": 0.0013328316998234338,
    "avg_only_violated_deadline": 0.005622883733630112,
    "weighted_avg_deadline_violation": 0.0045581713566829616,
    "weighted_avg_only_violated_deadline": 0.00791363540425747,
    "deadline_satisfaction": 0.762962962962963,
    "weighted_deadline_satisfaction": 0.4240104422512689,
    "overall_cost": 317.0849212609604,
    "max_cost": 47.8972561124763,
    "avg_cost": 12.683396850438417,
    "overall_migration_cost": 7.742568481936883,
    "max_migration_cost": 2.981093130968797,
    "avg_migration_cost": 1.9356421204842205,
    "migration_rate": 0.16,
    "weighted_migration_rate": 0.0023390734945341078,
    "overall_response_time": 7.283162695147156,
    "weighted_overall_response_time": 989.5421946529192,
    "max_response_time": 0.3709831599579201,
    "avg_response_time": 0.05394935329738629,
    "weighted_avg_response_time": 0.01583147607220286,
    "avg_unavailability": 0.0206527358009148,
    "overall_power_consumption": 1240.9711014383986
  },
  {
    "time": 30600.0,
    "opt": "ClusterLLGAOptimizer",
    "elapsed_time": 119.12350512319244,
    "valid": true,
    "overall_deadline_violation": 0.17993224256159154,
    "weighted_overall_deadline_violation": 301.10203708388855,
    "max_deadline_violation": 0.010100109925530919,
    "avg_deadline_violation": 0.001373528569172454,
    "avg_only_violated_deadline": 0.005622882580049733,
    "weighted_avg_deadline_violation": 0.004639720483246714,
    "weighted_avg_only_violated_deadline": 0.007724476316502803,
    "deadline_satisfaction": 0.7557251908396947,
    "weighted_deadline_satisfaction": 0.3993482155762097,
    "overall_cost": 330.05719380441735,
    "max_cost": 52.81907718046315,
    "avg_cost": 12.224340511274717,
    "overall_migration_cost": 4.094741598941152,
    "max_migration_cost": 1.8468707994705758,
    "avg_migration_cost": 1.3649138663137173,
    "migration_rate": 0.1111111111111111,
    "weighted_migration_rate": 0.0006830010452192974,
    "overall_response_time": 7.810621695943062,
    "weighted_overall_response_time": 1046.527648836591,
    "max_response_time": 0.3709813630272975,
    "avg_response_time": 0.05962306638124475,
    "weighted_avg_response_time": 0.016126080765233614,
    "avg_unavailability": 0.020641652971173468,
    "overall_power_consumption": 1243.701829910633
  },
  {
    "time": 32400.0,
    "opt": "ClusterLLGAOptimizer",
    "elapsed_time": 128.88167803594843,
    "valid": true,
    "overall_deadline_violation": 0.18061556501227394,
    "weighted_overall_deadline_violation": 315.4835099035853,
    "max_deadline_violation": 0.01010010992855815,
    "avg_deadline_violation": 0.0015306403814599491,
    "avg_only_violated_deadline": 0.005826308548783032,
    "weighted_avg_deadline_violation": 0.0047045875685078455,
    "weighted_avg_only_violated_deadline": 0.007395874880929943,
    "deadline_satisfaction": 0.7372881355932204,
    "weighted_deadline_satisfaction": 0.36389032477570776,
    "overall_cost": 334.60040327795747,
    "max_cost": 71.20689839976228,
    "avg_cost": 13.941683469914894,
    "overall_migration_cost": 4.28558079913393,
    "max_migration_cost": 2.077407360862864,
    "avg_migration_cost": 1.4285269330446435,
    "migration_rate": 0.125,
    "weighted_migration_rate": 0.0008635073706048492,
    "overall_response_time": 7.892162912835844,
    "weighted_overall_response_time": 1215.8493307662256,
    "max_response_time": 0.37095477723452164,
    "avg_response_time": 0.06688273654945631,
    "weighted_avg_response_time": 0.018131120857788965,
    "avg_unavailability": 0.021650249647515888,
    "overall_power_consumption": 1221.5400177395102
  },
  {
    "time": 34200.0,
    "opt": "ClusterLLGAOptimizer",
    "elapsed_time": 120.99816939700395,
    "valid": true,
    "overall_deadline_violation": 0.18092237935701555,
    "weighted_overall_deadline_violation": 291.8974458408952,
    "max_deadline_violation": 0.01010010993440072,
    "avg_deadline_violation": 0.001459051446427544,
    "avg_only_violated_deadline": 0.005836205785710178,
    "weighted_avg_deadline_violation": 0.0044811378066946265,
    "weighted_avg_only_violated_deadline": 0.0073365360397537795,
    "deadline_satisfaction": 0.75,
    "weighted_deadline_satisfaction": 0.3892025088661573,
    "overall_cost": 329.2951418157888,
    "max_cost": 64.66709010477126,
    "avg_cost": 13.7206309089912,
    "overall_migration_cost": 0.0,
    "max_migration_cost": 0.0,
    "avg_migration_cost": 0.0,
    "migration_rate": 0.0,
    "weighted_migration_rate": 0.0,
    "overall_response_time": 8.478155479018149,
    "weighted_overall_response_time": 1175.1375644434652,
    "max_response_time": 0.37095560692459034,
    "avg_response_time": 0.068372221604985,
    "weighted_avg_response_time": 0.01804042290580704,
    "avg_unavailability": 0.021650249647515888,
    "overall_power_consumption": 1226.3054846369207
  },
  {
    "time": 36000.0,
    "opt": "ClusterLLGAOptimizer",
    "elapsed_time": 131.73149813106284,
    "valid": true,
    "overall_deadline_violation": 0.18432598179399812,
    "weighted_overall_deadline_violation": 293.32579470465197,
    "max_deadline_violation": 0.010100109932451543,
    "avg_deadline_violation": 0.0014629046174126842,
    "avg_only_violated_deadline": 0.005585635811939341,
    "weighted_avg_deadline_violation": 0.004663962024803443,
    "weighted_avg_only_violated_deadline": 0.007319540854228379,
    "deadline_satisfaction": 0.7380952380952381,
    "weighted_deadline_satisfaction": 0.36280675008335384,
    "overall_cost": 305.0776883280756,
    "max_cost": 56.3138679162748,
    "avg_cost": 12.711570347003152,
    "overall_migration_cost": 200.60607459120854,
    "max_migration_cost": 181.39340602594345,
    "avg_migration_cost": 40.121214918241705,
    "migration_rate": 0.20833333333333334,
    "weighted_migration_rate": 0.004243199257408221,
    "overall_response_time": 7.3023101429976265,
    "weighted_overall_response_time": 1036.980979677434,
    "max_response_time": 0.37097927534052644,
    "avg_response_time": 0.05795484240474303,
    "weighted_avg_response_time": 0.016488287075225705,
    "avg_unavailability": 0.021731322547515888,
    "overall_power_consumption": 1141.6168216990475
  },
  {
    "time": 37800.0,
    "opt": "ClusterLLGAOptimizer",
    "elapsed_time": 125.75468104192987,
    "valid": true,
    "overall_deadline_violation": 0.17322296647300284,
    "weighted_overall_deadline_violation": 324.88798100956933,
    "max_deadline_violation": 0.010100109935757405,
    "avg_deadline_violation": 0.001342813693589169,
    "avg_only_violated_deadline": 0.005774098882433427,
    "weighted_avg_deadline_violation": 0.004369830730710688,
    "weighted_avg_only_violated_deadline": 0.006953596056118839,
    "deadline_satisfaction": 0.7674418604651163,
    "weighted_deadline_satisfaction": 0.37157253664951684,
    "overall_cost": 354.06740483498504,
    "max_cost": 92.14238350037778,
    "avg_cost": 14.752808534791043,
    "overall_migration_cost": 1.121002786980575,
    "max_migration_cost": 1.121002786980575,
    "avg_migration_cost": 1.121002786980575,
    "migration_rate": 0.041666666666666664,
    "weighted_migration_rate": 0.00020735430776904558,
    "overall_response_time": 7.322626108943523,
    "weighted_overall_response_time": 1244.8356821034427,
    "max_response_time": 0.3709699247004414,
    "avg_response_time": 0.056764543480182346,
    "weighted_avg_response_time": 0.016743374751621243,
    "avg_unavailability": 0.021731322547515888,
    "overall_power_consumption": 1159.5400996437813
  },
  {
    "time": 39600.0,
    "opt": "ClusterLLGAOptimizer",
    "elapsed_time": 129.69245367101394,
    "valid": true,
    "overall_deadline_violation": 0.17322297186844554,
    "weighted_overall_deadline_violation": 329.9754722751212,
    "max_deadline_violation": 0.010100109932713562,
    "avg_deadline_violation": 0.001431594808830129,
    "avg_only_violated_deadline": 0.005774099062281517,
    "weighted_avg_deadline_violation": 0.004250198896261268,
    "weighted_avg_only_violated_deadline": 0.007016498386950903,
    "deadline_satisfaction": 0.7520661157024794,
    "weighted_deadline_satisfaction": 0.3942564136883898,
    "overall_cost": 377.9810886504269,
    "max_cost": 90.73077419728685,
    "avg_cost": 17.999099459544137,
    "overall_migration_cost": 3.6391273431123565,
    "max_migration_cost": 2.5181273431123508,
    "avg_migration_cost": 1.8195636715561783,
    "migration_rate": 0.09523809523809523,
    "weighted_migration_rate": 0.0006670405519082916,
    "overall_response_time": 7.598759639769092,
    "weighted_overall_response_time": 1367.6951263973017,
    "max_response_time": 0.3709544769478704,
    "avg_response_time": 0.06279966644437264,
    "weighted_avg_response_time": 0.01761638911085211,
    "avg_unavailability": 0.030669434162279706,
    "overall_power_consumption": 1235.9781848582722
  },
  {
    "time": 41400.0,
    "opt": "ClusterLLGAOptimizer",
    "elapsed_time": 122.27804490085691,
    "valid": true,
    "overall_deadline_violation": 0.17461801701607388,
    "weighted_overall_deadline_violation": 308.1468975178276,
    "max_deadline_violation": 0.010100109936467302,
    "avg_deadline_violation": 0.0014798137035260499,
    "avg_only_violated_deadline": 0.005632839258583026,
    "weighted_avg_deadline_violation": 0.004297050481658948,
    "weighted_avg_only_violated_deadline": 0.007010132489716985,
    "deadline_satisfaction": 0.7372881355932204,
    "weighted_deadline_satisfaction": 0.38702292888726475,
    "overall_cost": 331.0525221467969,
    "max_cost": 82.50819855449292,
    "avg_cost": 15.764405816514136,
    "overall_migration_cost": 9.178450207512334,
    "max_migration_cost": 9.178450207512334,
    "avg_migration_cost": 9.178450207512334,
    "migration_rate": 0.047619047619047616,
    "weighted_migration_rate": 7.32745388314267e-05,
    "overall_response_time": 7.575980335102284,
    "weighted_overall_response_time": 1312.1482010908958,
    "max_response_time": 0.37095403232549345,
    "avg_response_time": 0.06420322317883291,
    "weighted_avg_response_time": 0.018297659671161703,
    "avg_unavailability": 0.021751433263818714,
    "overall_power_consumption": 1109.792990655027
  },
  {
    "time": 43200.0,
    "opt": "ClusterLLGAOptimizer",
    "elapsed_time": 135.30132423480973,
    "valid": true,
    "overall_deadline_violation": 0.17792350008532187,
    "weighted_overall_deadline_violation": 299.3493666729834,
    "max_deadline_violation": 0.010100109944345067,
    "avg_deadline_violation": 0.0013686423083486294,
    "avg_only_violated_deadline": 0.005739467744687803,
    "weighted_avg_deadline_violation": 0.004236939166361044,
    "weighted_avg_only_violated_deadline": 0.0067731810930488304,
    "deadline_satisfaction": 0.7615384615384615,
    "weighted_deadline_satisfaction": 0.37445358271768,
    "overall_cost": 341.44909821286535,
    "max_cost": 96.83564923566726,
    "avg_cost": 14.845612965776754,
    "overall_migration_cost": 78.04868725915367,
    "max_migration_cost": 69.43556652451107,
    "avg_migration_cost": 19.512171814788417,
    "migration_rate": 0.17391304347826086,
    "weighted_migration_rate": 0.002417110681763295,
    "overall_response_time": 8.948773948087032,
    "weighted_overall_response_time": 1295.0677494541644,
    "max_response_time": 0.37096058814697025,
    "avg_response_time": 0.06883672267759249,
    "weighted_avg_response_time": 0.01833016495654614,
    "avg_unavailability": 0.020779351091279704,
    "overall_power_consumption": 1122.4663508723447
  },
  {
    "time": 45000.0,
    "opt": "ClusterLLGAOptimizer",
    "elapsed_time": 131.50757566909306,
    "valid": true,
    "overall_deadline_violation": 0.17322292190023925,
    "weighted_overall_deadline_violation": 332.7598257176047,
    "max_deadline_violation": 0.010100109936942304,
    "avg_deadline_violation": 0.0013969590475825758,
    "avg_only_violated_deadline": 0.005774097396674644,
    "weighted_avg_deadline_violation": 0.004261392554864788,
    "weighted_avg_only_violated_deadline": 0.006783638209935463,
    "deadline_satisfaction": 0.7580645161290323,
    "weighted_deadline_satisfaction": 0.3718131151771242,
    "overall_cost": 371.58264248737987,
    "max_cost": 104.22316880555401,
    "avg_cost": 16.15576706466869,
    "overall_migration_cost": 459.68142403265625,
    "max_migration_cost": 459.68142403265625,
    "avg_migration_cost": 459.68142403265625,
    "migration_rate": 0.043478260869565216,
    "weighted_migration_rate": 0.0012529528616424784,
    "overall_response_time": 6.575031511487141,
    "weighted_overall_response_time": 1297.8804433163439,
    "max_response_time": 0.37097339541803087,
    "avg_response_time": 0.05302444767328342,
    "weighted_avg_response_time": 0.01662093086605519,
    "avg_unavailability": 0.0188612002522797,
    "overall_power_consumption": 1175.415050403555
  },
  {
    "time": 46800.0,
    "opt": "ClusterLLGAOptimizer",
    "elapsed_time": 141.83436557999812,
    "valid": true,
    "overall_deadline_violation": 0.1685223822053348,
    "weighted_overall_deadline_violation": 321.9092689060753,
    "max_deadline_violation": 0.010100109939540546,
    "avg_deadline_violation": 0.0014527791569425412,
    "avg_only_violated_deadline": 0.005811116627770165,
    "weighted_avg_deadline_violation": 0.004286908452609011,
    "weighted_avg_only_violated_deadline": 0.006739704237287895,
    "deadline_satisfaction": 0.75,
    "weighted_deadline_satisfaction": 0.36393225849713345,
    "overall_cost": 356.41681498066197,
    "max_cost": 101.44223856974486,
    "avg_cost": 16.200764317302816,
    "overall_migration_cost": 20.794267215951262,
    "max_migration_cost": 17.602,
    "avg_migration_cost": 5.1985668039878155,
    "migration_rate": 0.18181818181818182,
    "weighted_migration_rate": 0.0021419383917074307,
    "overall_response_time": 8.166188208905568,
    "weighted_overall_response_time": 1336.9902812944872,
    "max_response_time": 0.37095950111210724,
    "avg_response_time": 0.07039817421470315,
    "weighted_avg_response_time": 0.017804876999704393,
    "avg_unavailability": 0.021661344053279703,
    "overall_power_consumption": 1163.6660064012772
  },
  {
    "time": 48600.0,
    "opt": "ClusterLLGAOptimizer",
    "elapsed_time": 120.0981699838303,
    "valid": true,
    "overall_deadline_violation": 0.1601240887279067,
    "weighted_overall_deadline_violation": 343.7750724069639,
    "max_deadline_violation": 0.010100109932119787,
    "avg_deadline_violation": 0.0013685819549393728,
    "avg_only_violated_deadline": 0.0055215203009623,
    "weighted_avg_deadline_violation": 0.0043794238606713,
    "weighted_avg_only_violated_deadline": 0.006858017199137153,
    "deadline_satisfaction": 0.7521367521367521,
    "weighted_deadline_satisfaction": 0.3614154450907031,
    "overall_cost": 369.58087021762395,
    "max_cost": 97.83632464752411,
    "avg_cost": 16.799130464437454,
    "overall_migration_cost": 2.5501041848416492,
    "max_migration_cost": 2.5501041848416492,
    "avg_migration_cost": 2.5501041848416492,
    "migration_rate": 0.045454545454545456,
    "weighted_migration_rate": 0.00041193711148166805,
    "overall_response_time": 8.246584373984867,
    "weighted_overall_response_time": 1364.8407515309202,
    "max_response_time": 0.3709587987823681,
    "avg_response_time": 0.0704836271280758,
    "weighted_avg_response_time": 0.017386997001909377,
    "avg_unavailability": 0.021661344053279703,
    "overall_power_consumption": 1196.3130307577842
  },
  {
    "time": 50400.0,
    "opt": "ClusterLLGAOptimizer",
    "elapsed_time": 142.75132595095783,
    "valid": true,
    "overall_deadline_violation": 0.17283076562654898,
    "weighted_overall_deadline_violation": 302.75107794765074,
    "max_deadline_violation": 0.010100109939088369,
    "avg_deadline_violation": 0.0013608721702877882,
    "avg_only_violated_deadline": 0.005575185987953193,
    "weighted_avg_deadline_violation": 0.0044107768342274015,
    "weighted_avg_only_violated_deadline": 0.006925958298733019,
    "deadline_satisfaction": 0.7559055118110236,
    "weighted_deadline_satisfaction": 0.36315284557311334,
    "overall_cost": 343.2747212774046,
    "max_cost": 84.57785888402759,
    "avg_cost": 12.713878565829797,
    "overall_migration_cost": 6.888439642698823,
    "max_migration_cost": 3.1305290828905985,
    "avg_migration_cost": 1.3776879285397645,
    "migration_rate": 0.18518518518518517,
    "weighted_migration_rate": 0.0018655161705657742,
    "overall_response_time": 7.8685987238113695,
    "weighted_overall_response_time": 1098.1792890263596,
    "max_response_time": 0.37098378548226274,
    "avg_response_time": 0.06195747026623128,
    "weighted_avg_response_time": 0.015999360929454195,
    "avg_unavailability": 0.020372009898026986,
    "overall_power_consumption": 1171.8320895064353
  },
  {
    "time": 52200.0,
    "opt": "ClusterLLGAOptimizer",
    "elapsed_time": 131.37437408789992,
    "valid": true,
    "overall_deadline_violation": 0.1849393363623851,
    "weighted_overall_deadline_violation": 328.6230397201165,
    "max_deadline_violation": 0.010100109943264546,
    "avg_deadline_violation": 0.0013905213260329708,
    "avg_only_violated_deadline": 0.005604222314011671,
    "weighted_avg_deadline_violation": 0.004416089386056716,
    "weighted_avg_only_violated_deadline": 0.0065348243573901494,
    "deadline_satisfaction": 0.7518796992481203,
    "weighted_deadline_satisfaction": 0.32422217575555534,
    "overall_cost": 343.4656787509302,
    "max_cost": 112.83234558978164,
    "avg_cost": 14.31106994795542,
    "overall_migration_cost": 0.0,
    "max_migration_cost": 0.0,
    "avg_migration_cost": 0.0,
    "migration_rate": 0.0,
    "weighted_migration_rate": 0.0,
    "overall_response_time": 7.82353362937502,
    "weighted_overall_response_time": 1194.1309047370553,
    "max_response_time": 0.3709829309121504,
    "avg_response_time": 0.05882356112312047,
    "weighted_avg_response_time": 0.01604692360725189,
    "avg_unavailability": 0.020750439631954897,
    "overall_power_consumption": 1096.2219701143467
  },
  {
    "time": 54000.0,
    "opt": "ClusterLLGAOptimizer",
    "elapsed_time": 145.15930409589782,
    "valid": true,
    "overall_deadline_violation": 0.18023887219359616,
    "weighted_overall_deadline_violation": 317.7236734537054,
    "max_deadline_violation": 0.010100109937283885,
    "avg_deadline_violation": 0.0014895774561454226,
    "avg_only_violated_deadline": 0.005632464756049879,
    "weighted_avg_deadline_violation": 0.004257858522995216,
    "weighted_avg_only_violated_deadline": 0.006863777615331616,
    "deadline_satisfaction": 0.7355371900826446,
    "weighted_deadline_satisfaction": 0.3796625179865325,
    "overall_cost": 360.91307224817547,
    "max_cost": 92.4778551334734,
    "avg_cost": 14.436522889927021,
    "overall_migration_cost": 427.53320357303403,
    "max_migration_cost": 405.7433224471115,
    "avg_migration_cost": 85.5066407146068,
    "migration_rate": 0.2,
    "weighted_migration_rate": 0.004387536175816102,
    "overall_response_time": 6.357017312879485,
    "weighted_overall_response_time": 1202.1886780050775,
    "max_response_time": 0.3709791955095364,
    "avg_response_time": 0.052537333164293314,
    "weighted_avg_response_time": 0.016110695351248698,
    "avg_unavailability": 0.017860423091319598,
    "overall_power_consumption": 1158.9938480661722
  },
  {
    "time": 55800.0,
    "opt": "ClusterLLGAOptimizer",
    "elapsed_time": 137.51530061895028,
    "valid": true,
    "overall_deadline_violation": 0.18023894559099501,
    "weighted_overall_deadline_violation": 292.26548445684176,
    "max_deadline_violation": 0.010100109938908683,
    "avg_deadline_violation": 0.001365446557507538,
    "avg_only_violated_deadline": 0.005632467049718595,
    "weighted_avg_deadline_violation": 0.0042008954116350555,
    "weighted_avg_only_violated_deadline": 0.007012655841367718,
    "deadline_satisfaction": 0.7575757575757576,
    "weighted_deadline_satisfaction": 0.40095514357713974,
    "overall_cost": 365.9594986671003,
    "max_cost": 74.82940195655422,
    "avg_cost": 14.075365333350009,
    "overall_migration_cost": 4.091110215929582,
    "max_migration_cost": 2.5348184791945543,
    "avg_migration_cost": 1.3637034053098607,
    "migration_rate": 0.11538461538461539,
    "weighted_migration_rate": 0.001525190319524745,
    "overall_response_time": 7.064149143925622,
    "weighted_overall_response_time": 1113.7817514431265,
    "max_response_time": 0.37097708611599856,
    "avg_response_time": 0.05351628139337592,
    "weighted_avg_response_time": 0.016009008583054936,
    "avg_unavailability": 0.0177623418265557,
    "overall_power_consumption": 1280.3490146711308
  },
  {
    "time": 57600.0,
    "opt": "ClusterLLGAOptimizer",
    "elapsed_time": 133.72963851504028,
    "valid": true,
    "overall_deadline_violation": 0.19534253211823308,
    "weighted_overall_deadline_violation": 276.74850829298236,
    "max_deadline_violation": 0.01010010994055133,
    "avg_deadline_violation": 0.0017286949744976371,
    "avg_only_violated_deadline": 0.005426181447728696,
    "weighted_avg_deadline_violation": 0.004339534009052656,
    "weighted_avg_only_violated_deadline": 0.007076973094756989,
    "deadline_satisfaction": 0.6814159292035398,
    "weighted_deadline_satisfaction": 0.3868093108524573,
    "overall_cost": 304.4831947895295,
    "max_cost": 60.44700325132302,
    "avg_cost": 15.224159739476473,
    "overall_migration_cost": 417.44733807170303,
    "max_migration_cost": 220.99064971248356,
    "avg_migration_cost": 139.14911269056768,
    "migration_rate": 0.15,
    "weighted_migration_rate": 0.003991265921038894,
    "overall_response_time": 8.440064210816598,
    "weighted_overall_response_time": 1145.964162250135,
    "max_response_time": 0.3709697746239948,
    "avg_response_time": 0.07469083372404074,
    "weighted_avg_response_time": 0.017969204191609727,
    "avg_unavailability": 0.0273715800022797,
    "overall_power_consumption": 1138.9114018343796
  },
  {
    "time": 59400.0,
    "opt": "ClusterLLGAOptimizer",
    "elapsed_time": 129.65061131608672,
    "valid": true,
    "overall_deadline_violation": 0.17962535182259276,
    "weighted_overall_deadline_violation": 296.8769277755483,
    "max_deadline_violation": 0.010100109940753381,
    "avg_deadline_violation": 0.0015756609808999355,
    "avg_only_violated_deadline": 0.00561329224445602,
    "weighted_avg_deadline_violation": 0.0044452757632913245,
    "weighted_avg_only_violated_deadline": 0.006918144830691468,
    "deadline_satisfaction": 0.7192982456140351,
    "weighted_deadline_satisfaction": 0.35744684852933045,
    "overall_cost": 311.3830761389189,
    "max_cost": 81.50687471296773,
    "avg_cost": 15.569153806945941,
    "overall_migration_cost": 0.0,
    "max_migration_cost": 0.0,
    "avg_migration_cost": 0.0,
    "migration_rate": 0.0,
    "weighted_migration_rate": 0.0,
    "overall_response_time": 7.662426124149724,
    "weighted_overall_response_time": 1165.6732664977058,
    "max_response_time": 0.3709711443534188,
    "avg_response_time": 0.06721426424692739,
    "weighted_avg_response_time": 0.017454165799628912,
    "avg_unavailability": 0.0273715800022797,
    "overall_power_consumption": 1093.4080300360738
  },
  {
    "time": 61200.0,
    "opt": "ClusterLLGAOptimizer",
    "elapsed_time": 148.1675998531282,
    "valid": true,
    "overall_deadline_violation": 0.1943405556258724,
    "weighted_overall_deadline_violation": 335.7456435729884,
    "max_deadline_violation": 0.010100109930969905,
    "avg_deadline_violation": 0.0016899178750075857,
    "avg_only_violated_deadline": 0.005552587303596353,
    "weighted_avg_deadline_violation": 0.004581923902640497,
    "weighted_avg_only_violated_deadline": 0.0070062068357839135,
    "deadline_satisfaction": 0.6956521739130435,
    "weighted_deadline_satisfaction": 0.3460193211484266,
    "overall_cost": 339.84792569403135,
    "max_cost": 83.62024254712827,
    "avg_cost": 15.447632986092334,
    "overall_migration_cost": 80.46600493349395,
    "max_migration_cost": 20.66426158295113,
    "avg_migration_cost": 16.09320098669879,
    "migration_rate": 0.22727272727272727,
    "weighted_migration_rate": 0.0037303285058818652,
    "overall_response_time": 9.503655992193492,
    "weighted_overall_response_time": 1273.1856994585328,
    "max_response_time": 0.3709723690880334,
    "avg_response_time": 0.08264048688863909,
    "weighted_avg_response_time": 0.01737517701426534,
    "avg_unavailability": 0.02265765982829329,
    "overall_power_consumption": 1151.6081300306603
  },
  {
    "time": 63000.0,
    "opt": "ClusterLLGAOptimizer",
    "elapsed_time": 139.5706106349826,
    "valid": true,
    "overall_deadline_violation": 0.17993218164994423,
    "weighted_overall_deadline_violation": 299.810971342925,
    "max_deadline_violation": 0.01010010993285176,
    "avg_deadline_violation": 0.0014994348470828678,
    "avg_only_violated_deadline": 0.005622880676560755,
    "weighted_avg_deadline_violation": 0.004341328887991221,
    "weighted_avg_only_violated_deadline": 0.007342710360905163,
    "deadline_satisfaction": 0.7333333333333333,
    "weighted_deadline_satisfaction": 0.4087566205653727,
    "overall_cost": 349.49705582119185,
    "max_cost": 69.29469089403548,
    "avg_cost": 15.886229810054177,
    "overall_migration_cost": 0.0,
    "max_migration_cost": 0.0,
    "avg_migration_cost": 0.0,
    "migration_rate": 0.0,
    "weighted_migration_rate": 0.0,
    "overall_response_time": 8.765236359565876,
    "weighted_overall_response_time": 1148.3257754252818,
    "max_response_time": 0.37097601952912257,
    "avg_response_time": 0.0730436363297156,
    "weighted_avg_response_time": 0.016628010106996834,
    "avg_unavailability": 0.02265765982829329,
    "overall_power_consumption": 1211.1014245020683
  },
  {
    "time": 64800.0,
    "opt": "ClusterLLGAOptimizer",
    "elapsed_time": 152.23999274615198,
    "valid": true,
    "overall_deadline_violation": 0.1869480565697219,
    "weighted_overall_deadline_violation": 324.1910304251199,
    "max_deadline_violation": 0.010100109929773733,
    "avg_deadline_violation": 0.0014270844012955876,
    "avg_only_violated_deadline": 0.005498472252050646,
    "weighted_avg_deadline_violation": 0.004590936695722625,
    "weighted_avg_only_violated_deadline": 0.007139518386549622,
    "deadline_satisfaction": 0.7404580152671756,
    "weighted_deadline_satisfaction": 0.3569682929353267,
    "overall_cost": 347.5131541831468,
    "max_cost": 79.19905338471008,
    "avg_cost": 15.109267573180299,
    "overall_migration_cost": 430.1860285436351,
    "max_migration_cost": 426.29625331775435,
    "avg_migration_cost": 143.39534284787834,
    "migration_rate": 0.13043478260869565,
    "weighted_migration_rate": 0.0023145690374071753,
    "overall_response_time": 7.4094425824335,
    "weighted_overall_response_time": 1100.175417888885,
    "max_response_time": 0.37098514014751804,
    "avg_response_time": 0.05656063040025573,
    "weighted_avg_response_time": 0.01557981320795572,
    "avg_unavailability": 0.0188612002522797,
    "overall_power_consumption": 1196.7158372860483
  },
  {
    "time": 66600.0,
    "opt": "ClusterLLGAOptimizer",
    "elapsed_time": 138.0432685459964,
    "valid": true,
    "overall_deadline_violation": 0.1826241386450819,
    "weighted_overall_deadline_violation": 317.9360317786671,
    "max_deadline_violation": 0.010100109928880396,
    "avg_deadline_violation": 0.001460993109160654,
    "avg_only_violated_deadline": 0.005707004332658806,
    "weighted_avg_deadline_violation": 0.004490162983645318,
    "weighted_avg_only_violated_deadline": 0.007297222760316147,
    "deadline_satisfaction": 0.744,
    "weighted_deadline_satisfaction": 0.38467508377792986,
    "overall_cost": 348.6366924369783,
    "max_cost": 72.62098951460307,
    "avg_cost": 15.158117062477318,
    "overall_migration_cost": 0.0,
    "max_migration_cost": 0.0,
    "avg_migration_cost": 0.0,
    "migration_rate": 0.0,
    "weighted_migration_rate": 0.0,
    "overall_response_time": 6.704951945091291,
    "weighted_overall_response_time": 1053.1173515979697,
    "max_response_time": 0.3709920419361859,
    "avg_response_time": 0.053639615560730276,
    "weighted_avg_response_time": 0.01487301871110879,
    "avg_unavailability": 0.0188612002522797,
    "overall_power_consumption": 1199.1863597402644
  },
  {
    "time": 68400.0,
    "opt": "ClusterLLGAOptimizer",
    "elapsed_time": 163.77787025086582,
    "valid": true,
    "overall_deadline_violation": 0.17993215230278,
    "weighted_overall_deadline_violation": 341.69179771399484,
    "max_deadline_violation": 0.010100109923691664,
    "avg_deadline_violation": 0.0013735278801738939,
    "avg_only_violated_deadline": 0.005622879759461877,
    "weighted_avg_deadline_violation": 0.0046332935892614575,
    "weighted_avg_only_violated_deadline": 0.007304146523702077,
    "deadline_satisfaction": 0.7557251908396947,
    "weighted_deadline_satisfaction": 0.365662562460057,
    "overall_cost": 362.48913919378725,
    "max_cost": 76.75465843276797,
    "avg_cost": 15.10371413307447,
    "overall_migration_cost": 5.824264236548497,
    "max_migration_cost": 3.4071388837523946,
    "avg_migration_cost": 2.9121321182742483,
    "migration_rate": 0.08333333333333333,
    "weighted_migration_rate": 0.0007869527527596815,
    "overall_response_time": 7.163709500302885,
    "weighted_overall_response_time": 1080.8398981346218,
    "max_response_time": 0.37099013380848217,
    "avg_response_time": 0.05468480534582364,
    "weighted_avg_response_time": 0.014656039754389574,
    "avg_unavailability": 0.0185808698846547,
    "overall_power_consumption": 1244.0638991672372
  },
  {
    "time": 70200.0,
    "opt": "ClusterLLGAOptimizer",
    "elapsed_time": 149.20942142419517,
    "valid": true,
    "overall_deadline_violation": 0.18023896017577604,
    "weighted_overall_deadline_violation": 345.67537138235434,
    "max_deadline_violation": 0.010100109919659057,
    "avg_deadline_violation": 0.0013654466679983036,
    "avg_only_violated_deadline": 0.005632467505493002,
    "weighted_avg_deadline_violation": 0.004613718473613057,
    "weighted_avg_only_violated_deadline": 0.007451642212399772,
    "deadline_satisfaction": 0.7575757575757576,
    "weighted_deadline_satisfaction": 0.38084541070212924,
    "overall_cost": 368.9285735900723,
    "max_cost": 71.34681670207036,
    "avg_cost": 15.372023899586345,
    "overall_migration_cost": 0.0,
    "max_migration_cost": 0.0,
    "avg_migration_cost": 0.0,
    "migration_rate": 0.0,
    "weighted_migration_rate": 0.0,
    "overall_response_time": 7.035927009510495,
    "weighted_overall_response_time": 1091.066237433961,
    "max_response_time": 0.3709937669042655,
    "avg_response_time": 0.053302477344776514,
    "weighted_avg_response_time": 0.014562427272310783,
    "avg_unavailability": 0.0185808698846547,
    "overall_power_consumption": 1254.9303030906801
  },
  {
    "time": 72000.0,
    "opt": "ClusterLLGAOptimizer",
    "elapsed_time": 157.63673404208384,
    "valid": true,
    "overall_deadline_violation": 0.18763146073826995,
    "weighted_overall_deadline_violation": 355.222466193376,
    "max_deadline_violation": 0.010100109917569492,
    "avg_deadline_violation": 0.0013596482662193473,
    "avg_only_violated_deadline": 0.0056858018405536335,
    "weighted_avg_deadline_violation": 0.004675866521022304,
    "weighted_avg_only_violated_deadline": 0.007477432882422827,
    "deadline_satisfaction": 0.7608695652173914,
    "weighted_deadline_satisfaction": 0.37466954307087863,
    "overall_cost": 367.5850882973051,
    "max_cost": 76.22082615877486,
    "avg_cost": 15.981960360752394,
    "overall_migration_cost": 2.2325813661918734,
    "max_migration_cost": 2.2325813661918734,
    "avg_migration_cost": 2.2325813661918734,
    "migration_rate": 0.043478260869565216,
    "weighted_migration_rate": 0.00030623121450822977,
    "overall_response_time": 7.442326043734101,
    "weighted_overall_response_time": 1100.5690138618236,
    "max_response_time": 0.3709948305916295,
    "avg_response_time": 0.05392989886763844,
    "weighted_avg_response_time": 0.014487016716982064,
    "avg_unavailability": 0.0188612002522797,
    "overall_power_consumption": 1239.251653376627
  },
  {
    "time": 73800.0,
    "opt": "ClusterLLGAOptimizer",
    "elapsed_time": 147.83142543095164,
    "valid": true,
    "overall_deadline_violation": 0.173529781601167,
    "weighted_overall_deadline_violation": 356.37838781297967,
    "max_deadline_violation": 0.01010010991992124,
    "avg_deadline_violation": 0.0013146195575845987,
    "avg_only_violated_deadline": 0.005784326053372232,
    "weighted_avg_deadline_violation": 0.005003958167521488,
    "weighted_avg_only_violated_deadline": 0.0074109095739970515,
    "deadline_satisfaction": 0.7727272727272727,
    "weighted_deadline_satisfaction": 0.3247848840203,
    "overall_cost": 351.96033549755606,
    "max_cost": 83.46268982199739,
    "avg_cost": 15.302623282502436,
    "overall_migration_cost": 3.9591218511265795,
    "max_migration_cost": 2.453945123319837,
    "avg_migration_cost": 1.9795609255632898,
    "migration_rate": 0.08695652173913043,
    "weighted_migration_rate": 0.0010145856370799304,
    "overall_response_time": 6.399465072335099,
    "weighted_overall_response_time": 1030.3723428514425,
    "max_response_time": 0.37099453854456294,
    "avg_response_time": 0.048480796002538705,
    "weighted_avg_response_time": 0.014467600384637975,
    "avg_unavailability": 0.0188612002522797,
    "overall_power_consumption": 1225.7507462207961
  },
  {
    "time": 75600.0,
    "opt": "ClusterLLGAOptimizer",
    "elapsed_time": 155.93608504603617,
    "valid": true,
    "overall_deadline_violation": 0.1849392837894252,
    "weighted_overall_deadline_violation": 431.8899559088437,
    "max_deadline_violation": 0.010100109913958977,
    "avg_deadline_violation": 0.0015541116284825641,
    "avg_only_violated_deadline": 0.005604220720891671,
    "weighted_avg_deadline_violation": 0.005225564212111002,
    "weighted_avg_only_violated_deadline": 0.006976545020779976,
    "deadline_satisfaction": 0.7226890756302521,
    "weighted_deadline_satisfaction": 0.25098108067153513,
    "overall_cost": 342.0643167683067,
    "max_cost": 125.46437588018256,
    "avg_cost": 14.252679865346112,
    "overall_migration_cost": 556.1587501394102,
    "max_migration_cost": 186.00445847196337,
    "avg_migration_cost": 79.45125001991575,
    "migration_rate": 0.2916666666666667,
    "weighted_migration_rate": 0.005319823552439793,
    "overall_response_time": 7.3918554681191075,
    "weighted_overall_response_time": 1228.1727820342912,
    "max_response_time": 0.37099618557615716,
    "avg_response_time": 0.062116432505202594,
    "weighted_avg_response_time": 0.014860025449264637,
    "avg_unavailability": 0.0214512086507946,
    "overall_power_consumption": 1051.6686356528985
  },
  {
    "time": 77400.0,
    "opt": "ClusterLLGAOptimizer",
    "elapsed_time": 149.5890183991287,
    "valid": true,
    "overall_deadline_violation": 0.18694794888400548,
    "weighted_overall_deadline_violation": 422.6749557011278,
    "max_deadline_violation": 0.010100109907724465,
    "avg_deadline_violation": 0.0015578995740333792,
    "avg_only_violated_deadline": 0.005498469084823691,
    "weighted_avg_deadline_violation": 0.005292127884121051,
    "weighted_avg_only_violated_deadline": 0.0073471041115989524,
    "deadline_satisfaction": 0.7166666666666667,
    "weighted_deadline_satisfaction": 0.27969880326504293,
    "overall_cost": 363.73627516364775,
    "max_cost": 105.34533514146123,
    "avg_cost": 14.549451006545908,
    "overall_migration_cost": 14.807427971322301,
    "max_migration_cost": 14.807427971322301,
    "avg_migration_cost": 14.807427971322301,
    "migration_rate": 0.04,
    "weighted_migration_rate": 8.019097833953192e-05,
    "overall_response_time": 6.476289822787778,
    "weighted_overall_response_time": 1191.4315751985928,
    "max_response_time": 0.3709864029591612,
    "avg_response_time": 0.0539690818565648,
    "weighted_avg_response_time": 0.014917392611236552,
    "avg_unavailability": 0.021448723226808197,
    "overall_power_consumption": 1158.3010758672456
  },
  {
    "time": 79200.0,
    "opt": "ClusterLLGAOptimizer",
    "elapsed_time": 161.10088535980321,
    "valid": true,
    "overall_deadline_violation": 0.17823018136454485,
    "weighted_overall_deadline_violation": 426.67295921046343,
    "max_deadline_violation": 0.01010010991141351,
    "avg_deadline_violation": 0.0014490258647523967,
    "avg_only_violated_deadline": 0.005749360689178866,
    "weighted_avg_deadline_violation": 0.005341557106223581,
    "weighted_avg_only_violated_deadline": 0.007262927212097255,
    "deadline_satisfaction": 0.7479674796747967,
    "weighted_deadline_satisfaction": 0.2645448659699364,
    "overall_cost": 356.0065757274468,
    "max_cost": 119.68010301414034,
    "avg_cost": 14.240263029097871,
    "overall_migration_cost": 188.7141815189766,
    "max_migration_cost": 88.62128334933371,
    "avg_migration_cost": 23.589272689872075,
    "migration_rate": 0.32,
    "weighted_migration_rate": 0.005812595475065749,
    "overall_response_time": 6.482912265974869,
    "weighted_overall_response_time": 1155.8199960078382,
    "max_response_time": 0.3709943711844397,
    "avg_response_time": 0.05270660378841357,
    "weighted_avg_response_time": 0.01446981436230557,
    "avg_unavailability": 0.020482189433536708,
    "overall_power_consumption": 1149.507570345956
  },
  {
    "time": 81000.0,
    "opt": "ClusterLLGAOptimizer",
    "elapsed_time": 142.92495759297162,
    "valid": true,
    "overall_deadline_violation": 0.1762214442930618,
    "weighted_overall_deadline_violation": 490.4016323869285,
    "max_deadline_violation": 0.010100109906873347,
    "avg_deadline_violation": 0.0014808524730509395,
    "avg_only_violated_deadline": 0.00587404814310206,
    "weighted_avg_deadline_violation": 0.005291726010021891,
    "weighted_avg_only_violated_deadline": 0.006980725369569941,
    "deadline_satisfaction": 0.7478991596638656,
    "weighted_deadline_satisfaction": 0.24195184169694747,
    "overall_cost": 386.6891741472575,
    "max_cost": 157.1670325542462,
    "avg_cost": 16.112048922802394,
    "overall_migration_cost": 0.0,
    "max_migration_cost": 0.0,
    "avg_migration_cost": 0.0,
    "migration_rate": 0.0,
    "weighted_migration_rate": 0.0,
    "overall_response_time": 6.576650068453331,
    "weighted_overall_response_time": 1356.5942688466419,
    "max_response_time": 0.37099465121009206,
    "avg_response_time": 0.05526596696179274,
    "weighted_avg_response_time": 0.014638461015232437,
    "avg_unavailability": 0.02145425350453671,
    "overall_power_consumption": 1082.33054598413
  },
  {
    "time": 82800.0,
    "opt": "ClusterLLGAOptimizer",
    "elapsed_time": 144.9959041508846,
    "valid": true,
    "overall_deadline_violation": 0.17483912042104388,
    "weighted_overall_deadline_violation": 479.33693581850946,
    "max_deadline_violation": 0.010100109904697674,
    "avg_deadline_violation": 0.0015894465492822176,
    "avg_only_violated_deadline": 0.005463722513157623,
    "weighted_avg_deadline_violation": 0.0051788962214307736,
    "weighted_avg_only_violated_deadline": 0.007093369406121084,
    "deadline_satisfaction": 0.7090909090909091,
    "weighted_deadline_satisfaction": 0.26989616289238455,
    "overall_cost": 410.3771058927048,
    "max_cost": 138.41298047935035,
    "avg_cost": 19.541766947271658,
    "overall_migration_cost": 17.878960501231038,
    "max_migration_cost": 16.33967805594094,
    "avg_migration_cost": 8.939480250615519,
    "migration_rate": 0.09523809523809523,
    "weighted_migration_rate": 0.00040798350956516453,
    "overall_response_time": 6.915896145067941,
    "weighted_overall_response_time": 1352.6064338751585,
    "max_response_time": 0.3709958716722742,
    "avg_response_time": 0.0628717831369813,
    "weighted_avg_response_time": 0.014613954873970535,
    "avg_unavailability": 0.02745016747829329,
    "overall_power_consumption": 1177.70161664005
  },
  {
    "time": 84600.0,
    "opt": "ClusterLLGAOptimizer",
    "elapsed_time": 130.46140346792527,
    "valid": true,
    "overall_deadline_violation": 0.16543802289753118,
    "weighted_overall_deadline_violation": 470.4589225647302,
    "max_deadline_violation": 0.010100109904697674,
    "avg_deadline_violation": 0.0014771252044422432,
    "avg_only_violated_deadline": 0.00551460076325104,
    "weighted_avg_deadline_violation": 0.0050829755235577674,
    "weighted_avg_only_violated_deadline": 0.007162171265925387,
    "deadline_satisfaction": 0.7321428571428571,
    "weighted_deadline_satisfaction": 0.2903024327635898,
    "overall_cost": 418.05167211688854,
    "max_cost": 138.41293646987828,
    "avg_cost": 19.907222481756598,
    "overall_migration_cost": 0.0,
    "max_migration_cost": 0.0,
    "avg_migration_cost": 0.0,
    "migration_rate": 0.0,
    "weighted_migration_rate": 0.0,
    "overall_response_time": 6.718271447519312,
    "weighted_overall_response_time": 1333.5313927461798,
    "max_response_time": 0.37099587246795734,
    "avg_response_time": 0.05998456649570808,
    "weighted_avg_response_time": 0.01440786241713188,
    "avg_unavailability": 0.02745016747829329,
    "overall_power_consumption": 1206.099030595659
  }
]