[
  {
    "time": 0.0,
    "opt": "ClusterLLGAOptimizer",
    "elapsed_time": 70.05638309102505,
    "valid": true,
    "overall_deadline_violation": 0.08311312973861067,
    "weighted_overall_deadline_violation": 85.50343873154199,
    "max_deadline_violation": 0.006800870319426214,
    "avg_deadline_violation": 0.0007991647090251024,
    "avg_only_violated_deadline": 0.005540875315907378,
    "weighted_avg_deadline_violation": 0.0015373754845125263,
    "weighted_avg_only_violated_deadline": 0.005349694688161916,
    "deadline_satisfaction": 0.8557692307692307,
    "weighted_deadline_satisfaction": 0.7126236964672935,
    "overall_cost": 208.39517046057802,
    "max_cost": 86.57072911868188,
    "avg_cost": 8.015198863868385,
    "overall_migration_cost": 0.0,
    "max_migration_cost": 0.0,
    "avg_migration_cost": 0.0,
    "migration_rate": 0.0,
    "weighted_migration_rate": 0.0,
    "overall_response_time": 7.609653194671684,
    "weighted_overall_response_time": 1501.6215694805794,
    "max_response_time": 0.31098896723043734,
    "avg_response_time": 0.07316974225645857,
    "weighted_avg_response_time": 0.026999571270845794,
    "avg_unavailability": 0.009778248582134798,
    "overall_power_consumption": 958.4832215867325
  },
  {
    "time": 1800.0,
    "opt": "ClusterLLGAOptimizer",
    "elapsed_time": 65.15548329101875,
    "valid": true,
    "overall_deadline_violation": 0.09671481970961461,
    "weighted_overall_deadline_violation": 112.48716430265469,
    "max_deadline_violation": 0.006800864149371159,
    "avg_deadline_violation": 0.0008483756114878476,
    "avg_only_violated_deadline": 0.005689107041742037,
    "weighted_avg_deadline_violation": 0.0017575842326114704,
    "weighted_avg_only_violated_deadline": 0.005536676440940692,
    "deadline_satisfaction": 0.8508771929824561,
    "weighted_deadline_satisfaction": 0.6825560873279328,
    "overall_cost": 235.7380025570452,
    "max_cost": 108.9373967238019,
    "avg_cost": 9.42952010228181,
    "overall_migration_cost": 0.0,
    "max_migration_cost": 0.0,
    "avg_migration_cost": 0.0,
    "migration_rate": 0.0,
    "weighted_migration_rate": 0.0,
    "overall_response_time": 8.373760170934583,
    "weighted_overall_response_time": 1647.038236717767,
    "max_response_time": 0.3109891174782035,
    "avg_response_time": 0.07345403658714546,
    "weighted_avg_response_time": 0.0257345667242056,
    "avg_unavailability": 0.009778248867159613,
    "overall_power_consumption": 942.5348646645175
  },
  {
    "time": 3600.0,
    "opt": "ClusterLLGAOptimizer",
    "elapsed_time": 92.38020408106968,
    "valid": true,
    "overall_deadline_violation": 0.0957140174927714,
    "weighted_overall_deadline_violation": 112.93160624025928,
    "max_deadline_violation": 0.006800863855391617,
    "avg_deadline_violation": 0.0007976168124397616,
    "avg_only_violated_deadline": 0.005630236323104199,
    "weighted_avg_deadline_violation": 0.0017710946922377267,
    "weighted_avg_only_violated_deadline": 0.005551026763689415,
    "deadline_satisfaction": 0.8583333333333333,
    "weighted_deadline_satisfaction": 0.680942865593285,
    "overall_cost": 225.44502930813746,
    "max_cost": 118.97527320700877,
    "avg_cost": 11.865527858323023,
    "overall_migration_cost": 34.23305851213116,
    "max_migration_cost": 29.701656804080674,
    "avg_migration_cost": 11.41101950404372,
    "migration_rate": 0.15789473684210525,
    "weighted_migration_rate": 0.0017029521100625073,
    "overall_response_time": 8.862342963266737,
    "weighted_overall_response_time": 1607.1056283882792,
    "max_response_time": 0.31098790157059997,
    "avg_response_time": 0.07385285802722272,
    "weighted_avg_response_time": 0.025204071234481044,
    "avg_unavailability": 0.009919341400476418,
    "overall_power_consumption": 882.0003314597998
  },
  {
    "time": 5400.0,
    "opt": "ClusterLLGAOptimizer",
    "elapsed_time": 75.36266236309893,
    "valid": true,
    "overall_deadline_violation": 0.08211228421971477,
    "weighted_overall_deadline_violation": 117.50001415711492,
    "max_deadline_violation": 0.006800862989471842,
    "avg_deadline_violation": 0.0007018143950402971,
    "avg_only_violated_deadline": 0.005474152281314318,
    "weighted_avg_deadline_violation": 0.0017945132111939221,
    "weighted_avg_only_violated_deadline": 0.005563781396892912,
    "deadline_satisfaction": 0.8717948717948718,
    "weighted_deadline_satisfaction": 0.6774651836256423,
    "overall_cost": 238.60730921147118,
    "max_cost": 109.21129592320291,
    "avg_cost": 12.558279432182692,
    "overall_migration_cost": 3.4048476954773554,
    "max_migration_cost": 3.4048476954773554,
    "avg_migration_cost": 3.4048476954773554,
    "migration_rate": 0.05263157894736842,
    "weighted_migration_rate": 0.0010643753048473015,
    "overall_response_time": 7.992124567411869,
    "weighted_overall_response_time": 1628.0442046377004,
    "max_response_time": 0.3109896746033668,
    "avg_response_time": 0.06830875698642618,
    "weighted_avg_response_time": 0.024864225375526454,
    "avg_unavailability": 0.009919341400476418,
    "overall_power_consumption": 941.2323091874371
  },
  {
    "time": 7200.0,
    "opt": "ClusterLLGAOptimizer",
    "elapsed_time": 87.76269289804623,
    "valid": true,
    "overall_deadline_violation": 0.07631225588204113,
    "weighted_overall_deadline_violation": 83.20499499476395,
    "max_deadline_violation": 0.006800869345713644,
    "avg_deadline_violation": 0.0006813594275182244,
    "avg_only_violated_deadline": 0.005450875420145795,
    "weighted_avg_deadline_violation": 0.001339721542041901,
    "weighted_avg_only_violated_deadline": 0.005448205359520476,
    "deadline_satisfaction": 0.875,
    "weighted_deadline_satisfaction": 0.7540985602349215,
    "overall_cost": 230.62403109429047,
    "max_cost": 104.7653558258463,
    "avg_cost": 13.566119476134732,
    "overall_migration_cost": 4.232943487722559,
    "max_migration_cost": 3.8719481970790124,
    "avg_migration_cost": 2.1164717438612795,
    "migration_rate": 0.11764705882352941,
    "weighted_migration_rate": 0.0013744996204539976,
    "overall_response_time": 8.617935959186799,
    "weighted_overall_response_time": 1828.6522128115162,
    "max_response_time": 0.31098796939339646,
    "avg_response_time": 0.07694585677845363,
    "weighted_avg_response_time": 0.029443962619796427,
    "avg_unavailability": 0.014185720888643392,
    "overall_power_consumption": 935.0401755138453
  },
  {
    "time": 9000.0,
    "opt": "ClusterLLGAOptimizer",
    "elapsed_time": 79.74388885893859,
    "valid": true,
    "overall_deadline_violation": 0.09671486308242433,
    "weighted_overall_deadline_violation": 90.1230850805664,
    "max_deadline_violation": 0.006800869455052336,
    "avg_deadline_violation": 0.0008337488196760715,
    "avg_only_violated_deadline": 0.005689109593083782,
    "weighted_avg_deadline_violation": 0.0016198138120749107,
    "weighted_avg_only_violated_deadline": 0.005374521581115913,
    "deadline_satisfaction": 0.853448275862069,
    "weighted_deadline_satisfaction": 0.6986124648254575,
    "overall_cost": 199.32611368728945,
    "max_cost": 76.89368282693073,
    "avg_cost": 11.725065511017027,
    "overall_migration_cost": 0.0,
    "max_migration_cost": 0.0,
    "avg_migration_cost": 0.0,
    "migration_rate": 0.0,
    "weighted_migration_rate": 0.0,
    "overall_response_time": 8.883012441571971,
    "weighted_overall_response_time": 1622.908609742798,
    "max_response_time": 0.31098873760503914,
    "avg_response_time": 0.07657769346182727,
    "weighted_avg_response_time": 0.029169105556546646,
    "avg_unavailability": 0.014185720888643392,
    "overall_power_consumption": 929.1694146823144
  },
  {
    "time": 10800.0,
    "opt": "ClusterLLGAOptimizer",
    "elapsed_time": 89.09889275790192,
    "valid": true,
    "overall_deadline_violation": 0.09671481851321995,
    "weighted_overall_deadline_violation": 117.87531484001622,
    "max_deadline_violation": 0.006800864158734601,
    "avg_deadline_violation": 0.0008127295673379829,
    "avg_only_violated_deadline": 0.00568910697136588,
    "weighted_avg_deadline_violation": 0.0016734852665417125,
    "weighted_avg_only_violated_deadline": 0.005491495490756315,
    "deadline_satisfaction": 0.8571428571428571,
    "weighted_deadline_satisfaction": 0.6952587379232767,
    "overall_cost": 245.26421640692672,
    "max_cost": 117.67567325964659,
    "avg_cost": 12.263210820346336,
    "overall_migration_cost": 61.852493675831546,
    "max_migration_cost": 34.52243661292956,
    "avg_migration_cost": 10.308748945971924,
    "migration_rate": 0.3,
    "weighted_migration_rate": 0.005280202368204136,
    "overall_response_time": 8.67678556418814,
    "weighted_overall_response_time": 1932.7939749170505,
    "max_response_time": 0.31098813152960764,
    "avg_response_time": 0.07291416440494237,
    "weighted_avg_response_time": 0.027440030549858867,
    "avg_unavailability": 0.0064859966814276165,
    "overall_power_consumption": 914.3633920741531
  },
  {
    "time": 12600.0,
    "opt": "ClusterLLGAOptimizer",
    "elapsed_time": 84.06054446985945,
    "valid": true,
    "overall_deadline_violation": 0.08991395591329795,
    "weighted_overall_deadline_violation": 102.05029491188061,
    "max_deadline_violation": 0.006800863810764487,
    "avg_deadline_violation": 0.0007310077716528289,
    "avg_only_violated_deadline": 0.005619622244581122,
    "weighted_avg_deadline_violation": 0.0015788313583860428,
    "weighted_avg_only_violated_deadline": 0.005663369106867051,
    "deadline_satisfaction": 0.8699186991869918,
    "weighted_deadline_satisfaction": 0.7212204734330929,
    "overall_cost": 234.2123035758004,
    "max_cost": 113.97548402975694,
    "avg_cost": 11.71061517879002,
    "overall_migration_cost": 0.0,
    "max_migration_cost": 0.0,
    "avg_migration_cost": 0.0,
    "migration_rate": 0.0,
    "weighted_migration_rate": 0.0,
    "overall_response_time": 7.196235094526039,
    "weighted_overall_response_time": 1658.7279726760326,
    "max_response_time": 0.3109943942298525,
    "avg_response_time": 0.05850597637826049,
    "weighted_avg_response_time": 0.025662363254847814,
    "avg_unavailability": 0.0064859966814276165,
    "overall_power_consumption": 915.4308051777148
  },
  {
    "time": 14400.0,
    "opt": "ClusterLLGAOptimizer",
    "elapsed_time": 107.26466164086014,
    "valid": true,
    "overall_deadline_violation": 0.09548935359307184,
    "weighted_overall_deadline_violation": 90.74785388662558,
    "max_deadline_violation": 0.0068008660461612086,
    "avg_deadline_violation": 0.0007891682115129906,
    "avg_only_violated_deadline": 0.005617020799592463,
    "weighted_avg_deadline_violation": 0.0015737202348225416,
    "weighted_avg_only_violated_deadline": 0.005750404732448868,
    "deadline_satisfaction": 0.859504132231405,
    "weighted_deadline_satisfaction": 0.7263287876169443,
    "overall_cost": 221.7488431050661,
    "max_cost": 93.72605407092043,
    "avg_cost": 9.239535129377753,
    "overall_migration_cost": 2023.4278099414635,
    "max_migration_cost": 1983.670112920477,
    "avg_migration_cost": 224.82531221571818,
    "migration_rate": 0.375,
    "weighted_migration_rate": 0.011810184147990113,
    "overall_response_time": 9.166410159451305,
    "weighted_overall_response_time": 1733.4162754315648,
    "max_response_time": 0.3109920898140385,
    "avg_response_time": 0.07575545586323386,
    "weighted_avg_response_time": 0.030060350203162427,
    "avg_unavailability": 0.005485262603292747,
    "overall_power_consumption": 949.3813565941854
  },
  {
    "time": 16200.0,
    "opt": "ClusterLLGAOptimizer",
    "elapsed_time": 101.32381201488897,
    "valid": true,
    "overall_deadline_violation": 0.08421229533877884,
    "weighted_overall_deadline_violation": 92.7336205067332,
    "max_deadline_violation": 0.006800866405695656,
    "avg_deadline_violation": 0.0007136635198201598,
    "avg_only_violated_deadline": 0.005614153022585256,
    "weighted_avg_deadline_violation": 0.0015980043637977314,
    "weighted_avg_only_violated_deadline": 0.005576654769933418,
    "deadline_satisfaction": 0.8728813559322034,
    "weighted_deadline_satisfaction": 0.7134475003879772,
    "overall_cost": 222.64500061009215,
    "max_cost": 89.35600833275534,
    "avg_cost": 9.276875025420507,
    "overall_migration_cost": 0.0,
    "max_migration_cost": 0.0,
    "avg_migration_cost": 0.0,
    "migration_rate": 0.0,
    "weighted_migration_rate": 0.0,
    "overall_response_time": 8.27512443918455,
    "weighted_overall_response_time": 1544.5838807193143,
    "max_response_time": 0.31099180657949493,
    "avg_response_time": 0.0701281732134284,
    "weighted_avg_response_time": 0.026616579490303462,
    "avg_unavailability": 0.005485262603292747,
    "overall_power_consumption": 963.7227650953032
  },
  {
    "time": 18000.0,
    "opt": "ClusterLLGAOptimizer",
    "elapsed_time": 110.93503668787889,
    "valid": true,
    "overall_deadline_violation": 0.09671484930652399,
    "weighted_overall_deadline_violation": 72.50353803860159,
    "max_deadline_violation": 0.0068008669630301175,
    "avg_deadline_violation": 0.0007675781690993968,
    "avg_only_violated_deadline": 0.005689108782736705,
    "weighted_avg_deadline_violation": 0.0014341667243263757,
    "weighted_avg_only_violated_deadline": 0.005822428568593629,
    "deadline_satisfaction": 0.8650793650793651,
    "weighted_deadline_satisfaction": 0.7536823840034176,
    "overall_cost": 212.56998024382295,
    "max_cost": 82.8271039670549,
    "avg_cost": 9.66227182926468,
    "overall_migration_cost": 80.52963616415872,
    "max_migration_cost": 30.359325577238057,
    "avg_migration_cost": 20.132409041039683,
    "migration_rate": 0.18181818181818182,
    "weighted_migration_rate": 0.004091009086743733,
    "overall_response_time": 7.739888323163382,
    "weighted_overall_response_time": 1436.6969355787198,
    "max_response_time": 0.31099276265086756,
    "avg_response_time": 0.06142768510447123,
    "weighted_avg_response_time": 0.028418791602303105,
    "avg_unavailability": 0.005525065558657248,
    "overall_power_consumption": 979.2327317388892
  },
  {
    "time": 19800.0,
    "opt": "ClusterLLGAOptimizer",
    "elapsed_time": 105.17867857008241,
    "valid": true,
    "overall_deadline_violation": 0.07841225449029945,
    "weighted_overall_deadline_violation": 72.0180866710526,
    "max_deadline_violation": 0.006800870430727117,
    "avg_deadline_violation": 0.0006272980359223959,
    "avg_only_violated_deadline": 0.005600875320735675,
    "weighted_avg_deadline_violation": 0.0014456378804512213,
    "weighted_avg_only_violated_deadline": 0.005481017361534872,
    "deadline_satisfaction": 0.888,
    "weighted_deadline_satisfaction": 0.7362464328982905,
    "overall_cost": 239.65409709476802,
    "max_cost": 65.64251630981371,
    "avg_cost": 9.985587378948667,
    "overall_migration_cost": 15.578505706247157,
    "max_migration_cost": 9.602,
    "avg_migration_cost": 7.789252853123578,
    "migration_rate": 0.08333333333333333,
    "weighted_migration_rate": 0.001981030447489812,
    "overall_response_time": 8.079876664886694,
    "weighted_overall_response_time": 1346.0408403896174,
    "max_response_time": 0.3109929047422862,
    "avg_response_time": 0.06463901331909357,
    "weighted_avg_response_time": 0.027019429666183693,
    "avg_unavailability": 0.005410316226489795,
    "overall_power_consumption": 1106.7491340674517
  },
  {
    "time": 21600.0,
    "opt": "ClusterLLGAOptimizer",
    "elapsed_time": 117.02723292191513,
    "valid": true,
    "overall_deadline_violation": 0.09671487354250698,
    "weighted_overall_deadline_violation": 67.67157451947958,
    "max_deadline_violation": 0.006800870177898678,
    "avg_deadline_violation": 0.0007615344373425749,
    "avg_only_violated_deadline": 0.005689110208382765,
    "weighted_avg_deadline_violation": 0.0016144379858632901,
    "weighted_avg_only_violated_deadline": 0.005566330632708426,
    "deadline_satisfaction": 0.8661417322834646,
    "weighted_deadline_satisfaction": 0.7099636919918731,
    "overall_cost": 159.09156659276755,
    "max_cost": 42.04328301863294,
    "avg_cost": 7.954578329638378,
    "overall_migration_cost": 19.111073508465186,
    "max_migration_cost": 6.196181242002012,
    "avg_migration_cost": 3.8222147016930372,
    "migration_rate": 0.25,
    "weighted_migration_rate": 0.005113011560982478,
    "overall_response_time": 8.601477332695579,
    "weighted_overall_response_time": 1298.363156590298,
    "max_response_time": 0.31099530490271204,
    "avg_response_time": 0.06772816797398096,
    "weighted_avg_response_time": 0.03097499672985095,
    "avg_unavailability": 0.005463282343692417,
    "overall_power_consumption": 952.659254477133
  },
  {
    "time": 23400.0,
    "opt": "ClusterLLGAOptimizer",
    "elapsed_time": 114.6752778859809,
    "valid": true,
    "overall_deadline_violation": 0.08521312022797385,
    "weighted_overall_deadline_violation": 67.36317682219986,
    "max_deadline_violation": 0.006800869528417324,
    "avg_deadline_violation": 0.0006762946049839194,
    "avg_only_violated_deadline": 0.005680874681864924,
    "weighted_avg_deadline_violation": 0.001390446596297574,
    "weighted_avg_only_violated_deadline": 0.005640073602357351,
    "deadline_satisfaction": 0.8809523809523809,
    "weighted_deadline_satisfaction": 0.7534701327804629,
    "overall_cost": 201.655270662413,
    "max_cost": 74.79898974608257,
    "avg_cost": 9.602631936305379,
    "overall_migration_cost": 9.600999999999999,
    "max_migration_cost": 9.600999999999999,
    "avg_migration_cost": 9.600999999999999,
    "migration_rate": 0.047619047619047616,
    "weighted_migration_rate": 0.0003410390304767841,
    "overall_response_time": 7.952207898173273,
    "weighted_overall_response_time": 1260.7703353145594,
    "max_response_time": 0.3109958195529161,
    "avg_response_time": 0.06311276109661326,
    "weighted_avg_response_time": 0.026023621571145357,
    "avg_unavailability": 0.005348540811765417,
    "overall_power_consumption": 991.4052835042047
  },
  {
    "time": 25200.0,
    "opt": "ClusterLLGAOptimizer",
    "elapsed_time": 122.79942257213406,
    "valid": true,
    "overall_deadline_violation": 0.09101313091857977,
    "weighted_overall_deadline_violation": 96.30482796305357,
    "max_deadline_violation": 0.006800862271723465,
    "avg_deadline_violation": 0.0007648162262065526,
    "avg_only_violated_deadline": 0.005688320682411235,
    "weighted_avg_deadline_violation": 0.0019363189367889986,
    "weighted_avg_only_violated_deadline": 0.005855689208365089,
    "deadline_satisfaction": 0.865546218487395,
    "weighted_deadline_satisfaction": 0.6693268942581704,
    "overall_cost": 166.0819490404909,
    "max_cost": 77.6875107681146,
    "avg_cost": 9.769526414146524,
    "overall_migration_cost": 56.13276282800544,
    "max_migration_cost": 31.883749587500063,
    "avg_migration_cost": 14.033190707001358,
    "migration_rate": 0.23529411764705882,
    "weighted_migration_rate": 0.006105297344833951,
    "overall_response_time": 9.196893915306589,
    "weighted_overall_response_time": 1358.6847002966676,
    "max_response_time": 0.3109923097827484,
    "avg_response_time": 0.07728482281770242,
    "weighted_avg_response_time": 0.027317913026325347,
    "avg_unavailability": 0.010307517241562552,
    "overall_power_consumption": 865.2041053126145
  },
  {
    "time": 27000.0,
    "opt": "ClusterLLGAOptimizer",
    "elapsed_time": 101.3196738739498,
    "valid": true,
    "overall_deadline_violation": 0.07951138640684009,
    "weighted_overall_deadline_violation": 99.83120886661999,
    "max_deadline_violation": 0.0068008618785032155,
    "avg_deadline_violation": 0.0006854429862658629,
    "avg_only_violated_deadline": 0.005679384743345721,
    "weighted_avg_deadline_violation": 0.0019319485069711848,
    "weighted_avg_only_violated_deadline": 0.0058357266621538485,
    "deadline_satisfaction": 0.8793103448275862,
    "weighted_deadline_satisfaction": 0.6689446543991934,
    "overall_cost": 180.07832420795975,
    "max_cost": 68.33538762444064,
    "avg_cost": 10.004351344886654,
    "overall_migration_cost": 2.082,
    "max_migration_cost": 2.082,
    "avg_migration_cost": 2.082,
    "migration_rate": 0.05555555555555555,
    "weighted_migration_rate": 0.0010778881466559443,
    "overall_response_time": 7.946837063368838,
    "weighted_overall_response_time": 1431.3107360930283,
    "max_response_time": 0.31099164538958807,
    "avg_response_time": 0.06850721606352446,
    "weighted_avg_response_time": 0.027698939750406503,
    "avg_unavailability": 0.010307450326692415,
    "overall_power_consumption": 918.5003292540212
  },
  {
    "time": 28800.0,
    "opt": "ClusterLLGAOptimizer",
    "elapsed_time": 115.51172576798126,
    "valid": true,
    "overall_deadline_violation": 0.10351561176849175,
    "weighted_overall_deadline_violation": 118.583320414204,
    "max_deadline_violation": 0.006800855517692946,
    "avg_deadline_violation": 0.000924246533647248,
    "avg_only_violated_deadline": 0.005750867320471765,
    "weighted_avg_deadline_violation": 0.0025438613067180825,
    "weighted_avg_only_violated_deadline": 0.006035937894043475,
    "deadline_satisfaction": 0.8392857142857143,
    "weighted_deadline_satisfaction": 0.5785474682851729,
    "overall_cost": 150.11517092654634,
    "max_cost": 53.02020705846606,
    "avg_cost": 7.900798469818228,
    "overall_migration_cost": 1205.570696163979,
    "max_migration_cost": 1180.8864075236302,
    "avg_migration_cost": 200.92844936066314,
    "migration_rate": 0.3157894736842105,
    "weighted_migration_rate": 0.0045603736138320194,
    "overall_response_time": 8.72557200036028,
    "weighted_overall_response_time": 1367.1231753906522,
    "max_response_time": 0.310992038011368,
    "avg_response_time": 0.07790689286035965,
    "weighted_avg_response_time": 0.029327663749389075,
    "avg_unavailability": 0.010192708794765415,
    "overall_power_consumption": 866.9587381047965
  },
  {
    "time": 30600.0,
    "opt": "ClusterLLGAOptimizer",
    "elapsed_time": 113.79824320483021,
    "valid": true,
    "overall_deadline_violation": 0.08991395278210595,
    "weighted_overall_deadline_violation": 96.99880931360873,
    "max_deadline_violation": 0.006800863113098928,
    "avg_deadline_violation": 0.0007684953229239823,
    "avg_only_violated_deadline": 0.0056196220488816204,
    "weighted_avg_deadline_violation": 0.0018926309907542152,
    "weighted_avg_only_violated_deadline": 0.005778633674318933,
    "deadline_satisfaction": 0.8632478632478633,
    "weighted_deadline_satisfaction": 0.6724777694136703,
    "overall_cost": 183.61260255053529,
    "max_cost": 65.73175619000223,
    "avg_cost": 9.663821186870276,
    "overall_migration_cost": 7.640179219402336,
    "max_migration_cost": 2.082,
    "avg_migration_cost": 1.910044804850584,
    "migration_rate": 0.21052631578947367,
    "weighted_migration_rate": 0.0164537333297721,
    "overall_response_time": 9.166766564357122,
    "weighted_overall_response_time": 1430.9993779591916,
    "max_response_time": 0.3109927571142654,
    "avg_response_time": 0.07834843217399243,
    "weighted_avg_response_time": 0.027921515631384085,
    "avg_unavailability": 0.010794402858549414,
    "overall_power_consumption": 931.6503283133013
  },
  {
    "time": 32400.0,
    "opt": "ClusterLLGAOptimizer",
    "elapsed_time": 112.81738705304451,
    "valid": true,
    "overall_deadline_violation": 0.09881482148340491,
    "weighted_overall_deadline_violation": 87.64065846829064,
    "max_deadline_violation": 0.006800865471922871,
    "avg_deadline_violation": 0.0008445711237897852,
    "avg_only_violated_deadline": 0.005812636557847345,
    "weighted_avg_deadline_violation": 0.00201936747599391,
    "weighted_avg_only_violated_deadline": 0.0057159438682314575,
    "deadline_satisfaction": 0.8547008547008547,
    "weighted_deadline_satisfaction": 0.6467132073816684,
    "overall_cost": 149.75338846153758,
    "max_cost": 48.84087513151316,
    "avg_cost": 8.80902285067868,
    "overall_migration_cost": 38.38536469442154,
    "max_migration_cost": 32.915658890389444,
    "avg_migration_cost": 7.677072938884308,
    "migration_rate": 0.29411764705882354,
    "weighted_migration_rate": 0.0059049560915807875,
    "overall_response_time": 7.9097602790896975,
    "weighted_overall_response_time": 1170.9967358259807,
    "max_response_time": 0.31099521006998254,
    "avg_response_time": 0.06760478871016838,
    "weighted_avg_response_time": 0.02698145774061684,
    "avg_unavailability": 0.007492267353900411,
    "overall_power_consumption": 909.7873007837004
  },
  {
    "time": 34200.0,
    "opt": "ClusterLLGAOptimizer",
    "elapsed_time": 102.6983863110654,
    "valid": true,
    "overall_deadline_violation": 0.09571403260216096,
    "weighted_overall_deadline_violation": 95.98704974054257,
    "max_deadline_violation": 0.006800865404939366,
    "avg_deadline_violation": 0.0007781628666842355,
    "avg_only_violated_deadline": 0.005630237211891822,
    "weighted_avg_deadline_violation": 0.0018437253549589414,
    "weighted_avg_only_violated_deadline": 0.005615611159922052,
    "deadline_satisfaction": 0.8617886178861789,
    "weighted_deadline_satisfaction": 0.6716785933973866,
    "overall_cost": 188.63044326047844,
    "max_cost": 68.95660607822188,
    "avg_cost": 11.095908427086968,
    "overall_migration_cost": 5.293752941904671,
    "max_migration_cost": 3.2117529419046718,
    "avg_migration_cost": 2.6468764709523356,
    "migration_rate": 0.11764705882352941,
    "weighted_migration_rate": 0.010367779670047178,
    "overall_response_time": 7.986863469399896,
    "weighted_overall_response_time": 1254.5955612464486,
    "max_response_time": 0.3109956647983214,
    "avg_response_time": 0.06493384934471456,
    "weighted_avg_response_time": 0.024098351316573605,
    "avg_unavailability": 0.007492267353900411,
    "overall_power_consumption": 950.929751385786
  },
  {
    "time": 36000.0,
    "opt": "ClusterLLGAOptimizer",
    "elapsed_time": 106.94568737992086,
    "valid": true,
    "overall_deadline_violation": 0.08311310021881611,
    "weighted_overall_deadline_violation": 96.27423894647923,
    "max_deadline_violation": 0.006800865114532785,
    "avg_deadline_violation": 0.0007290622826211942,
    "avg_only_violated_deadline": 0.005540873347921074,
    "weighted_avg_deadline_violation": 0.0016277623059067063,
    "weighted_avg_only_violated_deadline": 0.0056340928472324945,
    "deadline_satisfaction": 0.868421052631579,
    "weighted_deadline_satisfaction": 0.7110870640503776,
    "overall_cost": 212.91312641211752,
    "max_cost": 101.2848022113059,
    "avg_cost": 13.307070400757345,
    "overall_migration_cost": 4.940728762499786,
    "max_migration_cost": 3.691513080900888,
    "avg_migration_cost": 2.470364381249893,
    "migration_rate": 0.125,
    "weighted_migration_rate": 0.0022743766653424416,
    "overall_response_time": 8.212324322535233,
    "weighted_overall_response_time": 1504.657550030222,
    "max_response_time": 0.31099301642728017,
    "avg_response_time": 0.07203793265381778,
    "weighted_avg_response_time": 0.025440085219460437,
    "avg_unavailability": 0.009459901749900418,
    "overall_power_consumption": 907.920282595471
  },
  {
    "time": 37800.0,
    "opt": "ClusterLLGAOptimizer",
    "elapsed_time": 98.60607129102573,
    "valid": true,
    "overall_deadline_violation": 0.0967147820770459,
    "weighted_overall_deadline_violation": 114.54792345059123,
    "max_deadline_violation": 0.006800858979854093,
    "avg_deadline_violation": 0.00084099810501779,
    "avg_only_violated_deadline": 0.005689104828061521,
    "weighted_avg_deadline_violation": 0.0017151721064878832,
    "weighted_avg_only_violated_deadline": 0.005851186073212266,
    "deadline_satisfaction": 0.8521739130434782,
    "weighted_deadline_satisfaction": 0.706867618799505,
    "overall_cost": 242.84350514290574,
    "max_cost": 109.91381296750548,
    "avg_cost": 15.177719071431607,
    "overall_migration_cost": 0.0,
    "max_migration_cost": 0.0,
    "avg_migration_cost": 0.0,
    "migration_rate": 0.0,
    "weighted_migration_rate": 0.0,
    "overall_response_time": 8.676845524106492,
    "weighted_overall_response_time": 1689.769376973767,
    "max_response_time": 0.3109925359087612,
    "avg_response_time": 0.07545083064440432,
    "weighted_avg_response_time": 0.025301596174573473,
    "avg_unavailability": 0.009459901749900418,
    "overall_power_consumption": 941.0839033329445
  },
  {
    "time": 39600.0,
    "opt": "ClusterLLGAOptimizer",
    "elapsed_time": 128.1858325120993,
    "valid": true,
    "overall_deadline_violation": 0.1035156403717894,
    "weighted_overall_deadline_violation": 114.46960888398517,
    "max_deadline_violation": 0.006800858893920553,
    "avg_deadline_violation": 0.0008555011600974328,
    "avg_only_violated_deadline": 0.0057508689095438536,
    "weighted_avg_deadline_violation": 0.00185386714453932,
    "weighted_avg_only_violated_deadline": 0.005858030894054327,
    "deadline_satisfaction": 0.8512396694214877,
    "weighted_deadline_satisfaction": 0.6835340785892883,
    "overall_cost": 217.04292248548109,
    "max_cost": 91.43781176678993,
    "avg_cost": 11.423311709762162,
    "overall_migration_cost": 1958.1866683827134,
    "max_migration_cost": 1912.2275963118227,
    "avg_migration_cost": 391.63733367654265,
    "migration_rate": 0.2631578947368421,
    "weighted_migration_rate": 0.0033730582018865586,
    "overall_response_time": 8.812643955685521,
    "weighted_overall_response_time": 1746.2513106897436,
    "max_response_time": 0.31099529490436695,
    "avg_response_time": 0.07283176822880595,
    "weighted_avg_response_time": 0.028281025527722894,
    "avg_unavailability": 0.008350801989155918,
    "overall_power_consumption": 908.2064986960169
  },
  {
    "time": 41400.0,
    "opt": "ClusterLLGAOptimizer",
    "elapsed_time": 120.6925756779965,
    "valid": true,
    "overall_deadline_violation": 0.12646216228689205,
    "weighted_overall_deadline_violation": 176.25386137641772,
    "max_deadline_violation": 0.02974738545295804,
    "avg_deadline_violation": 0.0010451418370817525,
    "avg_only_violated_deadline": 0.007025675682605114,
    "weighted_avg_deadline_violation": 0.002600707785277607,
    "weighted_avg_only_violated_deadline": 0.007838030419859325,
    "deadline_satisfaction": 0.8512396694214877,
    "weighted_deadline_satisfaction": 0.6681937111792577,
    "overall_cost": 253.29191989166424,
    "max_cost": 98.20326625878788,
    "avg_cost": 13.331153678508644,
    "overall_migration_cost": 14.16996064487827,
    "max_migration_cost": 10.401,
    "avg_migration_cost": 4.723320214959424,
    "migration_rate": 0.15789473684210525,
    "weighted_migration_rate": 0.006929175420623461,
    "overall_response_time": 9.241575491382605,
    "weighted_overall_response_time": 1923.3969892833206,
    "max_response_time": 0.3109949463331785,
    "avg_response_time": 0.07637665695357532,
    "weighted_avg_response_time": 0.028380618076364734,
    "avg_unavailability": 0.008350801989155918,
    "overall_power_consumption": 975.2390828885016
  },
  {
    "time": 43200.0,
    "opt": "ClusterLLGAOptimizer",
    "elapsed_time": 133.1546129269991,
    "valid": true,
    "overall_deadline_violation": 0.09881473746174724,
    "weighted_overall_deadline_violation": 120.7427300071106,
    "max_deadline_violation": 0.0068008561540248815,
    "avg_deadline_violation": 0.0008234561455145607,
    "avg_only_violated_deadline": 0.005812631615396898,
    "weighted_avg_deadline_violation": 0.0017976186159712805,
    "weighted_avg_only_violated_deadline": 0.005962424420434876,
    "deadline_satisfaction": 0.8583333333333333,
    "weighted_deadline_satisfaction": 0.6985087794471078,
    "overall_cost": 258.4350780083027,
    "max_cost": 96.66315743997076,
    "avg_cost": 10.33740312033211,
    "overall_migration_cost": 671.6986151432983,
    "max_migration_cost": 513.8656258674293,
    "avg_migration_cost": 74.63317946036649,
    "migration_rate": 0.36,
    "weighted_migration_rate": 0.005636021030650559,
    "overall_response_time": 8.908077763023515,
    "weighted_overall_response_time": 1944.4915670281248,
    "max_response_time": 0.3109958396075768,
    "avg_response_time": 0.07423398135852928,
    "weighted_avg_response_time": 0.02894960416484765,
    "avg_unavailability": 0.006355428225318989,
    "overall_power_consumption": 990.856176192946
  },
  {
    "time": 45000.0,
    "opt": "ClusterLLGAOptimizer",
    "elapsed_time": 122.71427790704183,
    "valid": true,
    "overall_deadline_violation": 0.09671481992797351,
    "weighted_overall_deadline_violation": 96.22674127977515,
    "max_deadline_violation": 0.006800863649082874,
    "avg_deadline_violation": 0.0007862993490079148,
    "avg_only_violated_deadline": 0.005689107054586677,
    "weighted_avg_deadline_violation": 0.0014874410392796973,
    "weighted_avg_only_violated_deadline": 0.005747044688851111,
    "deadline_satisfaction": 0.8617886178861789,
    "weighted_deadline_satisfaction": 0.7411815776958831,
    "overall_cost": 278.44041408408754,
    "max_cost": 100.41127571510681,
    "avg_cost": 10.312607929040281,
    "overall_migration_cost": 19.30455433287162,
    "max_migration_cost": 9.602,
    "avg_migration_cost": 3.8609108665743244,
    "migration_rate": 0.18518518518518517,
    "weighted_migration_rate": 0.008117316017462316,
    "overall_response_time": 9.124869797238429,
    "weighted_overall_response_time": 1784.6991239858353,
    "max_response_time": 0.31099697417951283,
    "avg_response_time": 0.07418593331088151,
    "weighted_avg_response_time": 0.027587286906711504,
    "avg_unavailability": 0.006355368823509845,
    "overall_power_consumption": 1071.5522137661405
  },
  {
    "time": 46800.0,
    "opt": "ClusterLLGAOptimizer",
    "elapsed_time": 126.65149049903266,
    "valid": true,
    "overall_deadline_violation": 0.09671478143909361,
    "weighted_overall_deadline_violation": 118.35694665976898,
    "max_deadline_violation": 0.0068008590153914505,
    "avg_deadline_violation": 0.0008409980994703791,
    "avg_only_violated_deadline": 0.005689104790534917,
    "weighted_avg_deadline_violation": 0.001835735746588092,
    "weighted_avg_only_violated_deadline": 0.00580316182567419,
    "deadline_satisfaction": 0.8521739130434782,
    "weighted_deadline_satisfaction": 0.6836662837030532,
    "overall_cost": 246.90563042473542,
    "max_cost": 89.73974589752372,
    "avg_cost": 9.144652978693903,
    "overall_migration_cost": 127.72752437113759,
    "max_migration_cost": 37.47364547487841,
    "avg_migration_cost": 12.772752437113757,
    "migration_rate": 0.37037037037037035,
    "weighted_migration_rate": 0.008613133912725222,
    "overall_response_time": 8.961736443247972,
    "weighted_overall_response_time": 1893.9601533330513,
    "max_response_time": 0.3109921179267005,
    "avg_response_time": 0.07792814298476496,
    "weighted_avg_response_time": 0.02937563408155034,
    "avg_unavailability": 0.00874256515311769,
    "overall_power_consumption": 988.5351862005163
  },
  {
    "time": 48600.0,
    "opt": "ClusterLLGAOptimizer",
    "elapsed_time": 123.04321483406238,
    "valid": true,
    "overall_deadline_violation": 0.08991394467772804,
    "weighted_overall_deadline_violation": 105.8145131821943,
    "max_deadline_violation": 0.0068008621372459615,
    "avg_deadline_violation": 0.000697007323083163,
    "avg_only_violated_deadline": 0.005619621542358002,
    "weighted_avg_deadline_violation": 0.0013845848148830457,
    "weighted_avg_only_violated_deadline": 0.005738724215650834,
    "deadline_satisfaction": 0.875968992248062,
    "weighted_deadline_satisfaction": 0.758729508013826,
    "overall_cost": 317.8395231236719,
    "max_cost": 130.92591015413348,
    "avg_cost": 11.77183418976563,
    "overall_migration_cost": 1.07235056571721,
    "max_migration_cost": 1.07235056571721,
    "avg_migration_cost": 1.07235056571721,
    "migration_rate": 0.037037037037037035,
    "weighted_migration_rate": 0.000233690150814745,
    "overall_response_time": 9.669182537137722,
    "weighted_overall_response_time": 2184.0626540494236,
    "max_response_time": 0.3109905148140485,
    "avg_response_time": 0.07495490338866459,
    "weighted_avg_response_time": 0.02857849924937191,
    "avg_unavailability": 0.00874256515311769,
    "overall_power_consumption": 1056.1765561470847
  },
  {
    "time": 50400.0,
    "opt": "ClusterLLGAOptimizer",
    "elapsed_time": 129.83984118001536,
    "valid": true,
    "overall_deadline_violation": 0.10251483653807081,
    "weighted_overall_deadline_violation": 119.61047390640475,
    "max_deadline_violation": 0.006800858572888604,
    "avg_deadline_violation": 0.0008072034373076446,
    "avg_only_violated_deadline": 0.005695268696559492,
    "weighted_avg_deadline_violation": 0.001667732216714359,
    "weighted_avg_only_violated_deadline": 0.005817331495538868,
    "deadline_satisfaction": 0.8582677165354331,
    "weighted_deadline_satisfaction": 0.7133166267053389,
    "overall_cost": 280.33694835464877,
    "max_cost": 118.9082297682919,
    "avg_cost": 12.742588561574944,
    "overall_migration_cost": 96.86289244380501,
    "max_migration_cost": 38.40982487809092,
    "avg_migration_cost": 19.372578488761,
    "migration_rate": 0.22727272727272727,
    "weighted_migration_rate": 0.0023942730663410235,
    "overall_response_time": 8.369998847028713,
    "weighted_overall_response_time": 2071.5400253189423,
    "max_response_time": 0.31099139951416105,
    "avg_response_time": 0.0659055027325096,
    "weighted_avg_response_time": 0.028883541094745953,
    "avg_unavailability": 0.005525244623016348,
    "overall_power_consumption": 971.0677636880039
  },
  {
    "time": 52200.0,
    "opt": "ClusterLLGAOptimizer",
    "elapsed_time": 124.63220280315727,
    "valid": true,
    "overall_deadline_violation": 0.10931574914797387,
    "weighted_overall_deadline_violation": 96.58747295889962,
    "max_deadline_violation": 0.006800863867500887,
    "avg_deadline_violation": 0.0008281496147573774,
    "avg_only_violated_deadline": 0.0057534604814723075,
    "weighted_avg_deadline_violation": 0.0013288010876514092,
    "weighted_avg_only_violated_deadline": 0.005725327490270212,
    "deadline_satisfaction": 0.8560606060606061,
    "weighted_deadline_satisfaction": 0.7679082829917396,
    "overall_cost": 297.89133091085904,
    "max_cost": 122.09852979630055,
    "avg_cost": 13.540515041402683,
    "overall_migration_cost": 5.690590569066252,
    "max_migration_cost": 3.9182411877376673,
    "avg_migration_cost": 2.845295284533126,
    "migration_rate": 0.09090909090909091,
    "weighted_migration_rate": 0.0012165961665566067,
    "overall_response_time": 7.989565621314168,
    "weighted_overall_response_time": 2028.1940693376673,
    "max_response_time": 0.31099507550248884,
    "avg_response_time": 0.06052701228268298,
    "weighted_avg_response_time": 0.027902857407304235,
    "avg_unavailability": 0.005137527668682419,
    "overall_power_consumption": 1033.5797734037656
  },
  {
    "time": 54000.0,
    "opt": "ClusterLLGAOptimizer",
    "elapsed_time": 133.516894265078,
    "valid": true,
    "overall_deadline_violation": 0.1046147909894491,
    "weighted_overall_deadline_violation": 122.46012353376733,
    "max_deadline_violation": 0.006800855909506981,
    "avg_deadline_violation": 0.000871789924912076,
    "avg_only_violated_deadline": 0.005811932832747173,
    "weighted_avg_deadline_violation": 0.0017730767591866059,
    "weighted_avg_only_violated_deadline": 0.005956170288338855,
    "deadline_satisfaction": 0.85,
    "weighted_deadline_satisfaction": 0.7023126147588523,
    "overall_cost": 240.4455094647918,
    "max_cost": 110.34593460200334,
    "avg_cost": 10.018562894366324,
    "overall_migration_cost": 206.9981877895823,
    "max_migration_cost": 96.61823532073778,
    "avg_migration_cost": 22.999798643286926,
    "migration_rate": 0.375,
    "weighted_migration_rate": 0.005400762743985785,
    "overall_response_time": 8.8514268352969,
    "weighted_overall_response_time": 2045.1651981212842,
    "max_response_time": 0.31099621090326873,
    "avg_response_time": 0.07376189029414082,
    "weighted_avg_response_time": 0.029611556618152648,
    "avg_unavailability": 0.005013679184469158,
    "overall_power_consumption": 894.0406930915068
  },
  {
    "time": 55800.0,
    "opt": "ClusterLLGAOptimizer",
    "elapsed_time": 131.9258784800768,
    "valid": true,
    "overall_deadline_violation": 0.08051220935679601,
    "weighted_overall_deadline_violation": 90.23904392361813,
    "max_deadline_violation": 0.006800865208179863,
    "avg_deadline_violation": 0.0006440976748543682,
    "avg_only_violated_deadline": 0.005750872096914001,
    "weighted_avg_deadline_violation": 0.0013896097829914017,
    "weighted_avg_only_violated_deadline": 0.005702200828793397,
    "deadline_satisfaction": 0.888,
    "weighted_deadline_satisfaction": 0.7563029039639338,
    "overall_cost": 243.6697761946302,
    "max_cost": 98.10274011366369,
    "avg_cost": 10.594338095418705,
    "overall_migration_cost": 12.63757776566938,
    "max_migration_cost": 4.339051000816942,
    "avg_migration_cost": 3.159394441417345,
    "migration_rate": 0.17391304347826086,
    "weighted_migration_rate": 0.00819908128624432,
    "overall_response_time": 9.49847190593273,
    "weighted_overall_response_time": 1924.448843843206,
    "max_response_time": 0.3109955675700602,
    "avg_response_time": 0.07598777524746184,
    "weighted_avg_response_time": 0.029634987517538267,
    "avg_unavailability": 0.006018624015152653,
    "overall_power_consumption": 965.5073629489829
  },
  {
    "time": 57600.0,
    "opt": "ClusterLLGAOptimizer",
    "elapsed_time": 140.59594546607696,
    "valid": true,
    "overall_deadline_violation": 0.08731307741065976,
    "weighted_overall_deadline_violation": 80.54542604127356,
    "max_deadline_violation": 0.0068008653544309764,
    "avg_deadline_violation": 0.0007098624179728437,
    "avg_only_violated_deadline": 0.005820871827377317,
    "weighted_avg_deadline_violation": 0.0012674841616505728,
    "weighted_avg_only_violated_deadline": 0.0058380868677807354,
    "deadline_satisfaction": 0.8780487804878049,
    "weighted_deadline_satisfaction": 0.7828939187860374,
    "overall_cost": 237.26189358957888,
    "max_cost": 99.23138998008768,
    "avg_cost": 13.18121631053216,
    "overall_migration_cost": 1.540452608484971,
    "max_migration_cost": 1.540452608484971,
    "avg_migration_cost": 1.540452608484971,
    "migration_rate": 0.05555555555555555,
    "weighted_migration_rate": 0.00022430709667540274,
    "overall_response_time": 7.345125525506058,
    "weighted_overall_response_time": 1808.4319641834472,
    "max_response_time": 0.3109966200009856,
    "avg_response_time": 0.05971646768704119,
    "weighted_avg_response_time": 0.028457964464060258,
    "avg_unavailability": 0.007429895201973412,
    "overall_power_consumption": 950.1383244577762
  },
  {
    "time": 59400.0,
    "opt": "ClusterLLGAOptimizer",
    "elapsed_time": 119.93928427202627,
    "valid": true,
    "overall_deadline_violation": 0.08991398144527814,
    "weighted_overall_deadline_violation": 88.03040117794643,
    "max_deadline_violation": 0.006800867406483806,
    "avg_deadline_violation": 0.0007310079792299034,
    "avg_only_violated_deadline": 0.005619623840329883,
    "weighted_avg_deadline_violation": 0.0013212326642866087,
    "weighted_avg_only_violated_deadline": 0.005551691898741395,
    "deadline_satisfaction": 0.8699186991869918,
    "weighted_deadline_satisfaction": 0.7620126101403177,
    "overall_cost": 244.53471289266713,
    "max_cost": 103.95663133371933,
    "avg_cost": 14.384394876039243,
    "overall_migration_cost": 1.7527668160513354,
    "max_migration_cost": 1.7527668160513354,
    "avg_migration_cost": 1.7527668160513354,
    "migration_rate": 0.058823529411764705,
    "weighted_migration_rate": 0.0003750430540652206,
    "overall_response_time": 7.127484707151419,
    "weighted_overall_response_time": 1849.9254286201412,
    "max_response_time": 0.310994878161718,
    "avg_response_time": 0.05794703013944251,
    "weighted_avg_response_time": 0.027765202362836187,
    "avg_unavailability": 0.007544636733900411,
    "overall_power_consumption": 949.9452152291396
  },
  {
    "time": 61200.0,
    "opt": "ClusterLLGAOptimizer",
    "elapsed_time": 124.83746076701209,
    "valid": true,
    "overall_deadline_violation": 0.09671477333401596,
    "weighted_overall_deadline_violation": 126.42883665154879,
    "max_deadline_violation": 0.0068008581509607135,
    "avg_deadline_violation": 0.000840998028991443,
    "avg_only_violated_deadline": 0.005689104313765644,
    "weighted_avg_deadline_violation": 0.0018985156179203446,
    "weighted_avg_only_violated_deadline": 0.005768967393537506,
    "deadline_satisfaction": 0.8521739130434782,
    "weighted_deadline_satisfaction": 0.6709089359653695,
    "overall_cost": 230.58414678019048,
    "max_cost": 91.84692022965058,
    "avg_cost": 12.810230376677248,
    "overall_migration_cost": 1853.595746138149,
    "max_migration_cost": 1807.444111561431,
    "avg_migration_cost": 463.39893653453726,
    "migration_rate": 0.2222222222222222,
    "weighted_migration_rate": 0.0019845940995452793,
    "overall_response_time": 7.934942243329336,
    "weighted_overall_response_time": 1890.3353953287665,
    "max_response_time": 0.3109953803765245,
    "avg_response_time": 0.06899949776808112,
    "weighted_avg_response_time": 0.02838617649413709,
    "avg_unavailability": 0.006554833743900415,
    "overall_power_consumption": 928.9389444768218
  },
  {
    "time": 63000.0,
    "opt": "ClusterLLGAOptimizer",
    "elapsed_time": 122.76660831505433,
    "valid": true,
    "overall_deadline_violation": 0.08991393049979235,
    "weighted_overall_deadline_violation": 106.22950234389556,
    "max_deadline_violation": 0.006800859861118852,
    "avg_deadline_violation": 0.0007684951324768576,
    "avg_only_violated_deadline": 0.005619620656237022,
    "weighted_avg_deadline_violation": 0.0015611821519398287,
    "weighted_avg_only_violated_deadline": 0.005898956123677229,
    "deadline_satisfaction": 0.8632478632478633,
    "weighted_deadline_satisfaction": 0.7353460308556024,
    "overall_cost": 264.76443679421106,
    "max_cost": 105.17815622482853,
    "avg_cost": 14.709135377456171,
    "overall_migration_cost": 0.0,
    "max_migration_cost": 0.0,
    "avg_migration_cost": 0.0,
    "migration_rate": 0.0,
    "weighted_migration_rate": 0.0,
    "overall_response_time": 7.5655617024596715,
    "weighted_overall_response_time": 1917.224253425978,
    "max_response_time": 0.3109970153675249,
    "avg_response_time": 0.06466292053384337,
    "weighted_avg_response_time": 0.028176130167918454,
    "avg_unavailability": 0.006554833743900415,
    "overall_power_consumption": 1002.7512906596967
  },
  {
    "time": 64800.0,
    "opt": "ClusterLLGAOptimizer",
    "elapsed_time": 115.24574605212547,
    "valid": true,
    "overall_deadline_violation": 0.0967147654791659,
    "weighted_overall_deadline_violation": 120.60734866606455,
    "max_deadline_violation": 0.006800856867926734,
    "avg_deadline_violation": 0.0009299496680689033,
    "avg_only_violated_deadline": 0.0056891038517156425,
    "weighted_avg_deadline_violation": 0.0019326643117079587,
    "weighted_avg_only_violated_deadline": 0.005916613875260695,
    "deadline_satisfaction": 0.8365384615384616,
    "weighted_deadline_satisfaction": 0.6733495961619088,
    "overall_cost": 200.59520472621486,
    "max_cost": 93.94402467593333,
    "avg_cost": 15.430400363554988,
    "overall_migration_cost": 84.85715695693897,
    "max_migration_cost": 42.42857847846948,
    "avg_migration_cost": 42.42857847846948,
    "migration_rate": 0.15384615384615385,
    "weighted_migration_rate": 0.0005352817146873841,
    "overall_response_time": 8.594898294573781,
    "weighted_overall_response_time": 1908.461312427094,
    "max_response_time": 0.31099390725451953,
    "avg_response_time": 0.0826432528324402,
    "weighted_avg_response_time": 0.030582009384980298,
    "avg_unavailability": 0.021787831083900422,
    "overall_power_consumption": 837.0665320688597
  },
  {
    "time": 66600.0,
    "opt": "ClusterLLGAOptimizer",
    "elapsed_time": 105.9013540300075,
    "valid": true,
    "overall_deadline_violation": 0.10351565682412195,
    "weighted_overall_deadline_violation": 101.00104244652931,
    "max_deadline_violation": 0.006800860517815925,
    "avg_deadline_violation": 0.0009584783039270546,
    "avg_only_violated_deadline": 0.005750869823562327,
    "weighted_avg_deadline_violation": 0.0015241410765302575,
    "weighted_avg_only_violated_deadline": 0.005925333155298835,
    "deadline_satisfaction": 0.8333333333333334,
    "weighted_deadline_satisfaction": 0.7427754631539549,
    "overall_cost": 243.6175512353595,
    "max_cost": 122.10408524519318,
    "avg_cost": 18.739811633489193,
    "overall_migration_cost": 2.082,
    "max_migration_cost": 2.082,
    "avg_migration_cost": 2.082,
    "migration_rate": 0.07692307692307693,
    "weighted_migration_rate": 0.004947041287293088,
    "overall_response_time": 8.618046681109657,
    "weighted_overall_response_time": 1760.277260601993,
    "max_response_time": 0.3109940364346193,
    "avg_response_time": 0.079796728528793,
    "weighted_avg_response_time": 0.02656319988366463,
    "avg_unavailability": 0.021787831083900422,
    "overall_power_consumption": 928.4712804289447
  },
  {
    "time": 68400.0,
    "opt": "ClusterLLGAOptimizer",
    "elapsed_time": 143.13407813594677,
    "valid": true,
    "overall_deadline_violation": 0.09411389831641448,
    "weighted_overall_deadline_violation": 93.45732103104888,
    "max_deadline_violation": 0.006800860323582475,
    "avg_deadline_violation": 0.0008255605115474955,
    "avg_only_violated_deadline": 0.005882118644775905,
    "weighted_avg_deadline_violation": 0.0016401647175643505,
    "weighted_avg_only_violated_deadline": 0.006069992280557298,
    "deadline_satisfaction": 0.8596491228070176,
    "weighted_deadline_satisfaction": 0.7297913009184644,
    "overall_cost": 201.92597967090342,
    "max_cost": 96.84408099028383,
    "avg_cost": 11.218109981716855,
    "overall_migration_cost": 100.65248427734181,
    "max_migration_cost": 38.86493692622505,
    "avg_migration_cost": 16.775414046223634,
    "migration_rate": 0.3333333333333333,
    "weighted_migration_rate": 0.008417600477921252,
    "overall_response_time": 8.590378015400605,
    "weighted_overall_response_time": 1681.3154727363662,
    "max_response_time": 0.3109940131868196,
    "avg_response_time": 0.07535419311754914,
    "weighted_avg_response_time": 0.029506883859436332,
    "avg_unavailability": 0.010345681440040316,
    "overall_power_consumption": 881.2854819185407
  },
  {
    "time": 70200.0,
    "opt": "ClusterLLGAOptimizer",
    "elapsed_time": 127.83447311003692,
    "valid": true,
    "overall_deadline_violation": 0.08731306913810583,
    "weighted_overall_deadline_violation": 93.6055490054976,
    "max_deadline_violation": 0.006800864554895275,
    "avg_deadline_violation": 0.0007215956127116182,
    "avg_only_violated_deadline": 0.005820871275873722,
    "weighted_avg_deadline_violation": 0.0016115634255468338,
    "weighted_avg_only_violated_deadline": 0.005710250670494715,
    "deadline_satisfaction": 0.8760330578512396,
    "weighted_deadline_satisfaction": 0.7177771137309433,
    "overall_cost": 220.09113048631684,
    "max_cost": 89.92095422711058,
    "avg_cost": 11.004556524315843,
    "overall_migration_cost": 1692.1845570200915,
    "max_migration_cost": 1682.3383390227982,
    "avg_migration_cost": 564.0615190066972,
    "migration_rate": 0.15,
    "weighted_migration_rate": 0.002204097606021314,
    "overall_response_time": 7.792111575876174,
    "weighted_overall_response_time": 1512.822753005769,
    "max_response_time": 0.31099371311152413,
    "avg_response_time": 0.06439761632955515,
    "weighted_avg_response_time": 0.026045569349056236,
    "avg_unavailability": 0.00929777119283232,
    "overall_power_consumption": 950.2178326148482
  },
  {
    "time": 72000.0,
    "opt": "ClusterLLGAOptimizer",
    "elapsed_time": 129.46438911906444,
    "valid": true,
    "overall_deadline_violation": 0.10461480498428977,
    "weighted_overall_deadline_violation": 122.25443463427631,
    "max_deadline_violation": 0.006800857413496693,
    "avg_deadline_violation": 0.0008645851651594195,
    "avg_only_violated_deadline": 0.00581193361023832,
    "weighted_avg_deadline_violation": 0.0020409055689470726,
    "weighted_avg_only_violated_deadline": 0.005860923138082893,
    "deadline_satisfaction": 0.8512396694214877,
    "weighted_deadline_satisfaction": 0.6517774553831374,
    "overall_cost": 209.754523615481,
    "max_cost": 86.49651086029618,
    "avg_cost": 11.653029089748944,
    "overall_migration_cost": 50.142029144187276,
    "max_migration_cost": 31.500382609903443,
    "avg_migration_cost": 10.028405828837455,
    "migration_rate": 0.2777777777777778,
    "weighted_migration_rate": 0.00410043245247006,
    "overall_response_time": 8.466007615003438,
    "weighted_overall_response_time": 1568.0849548370495,
    "max_response_time": 0.31099277229530337,
    "avg_response_time": 0.069967005082673,
    "weighted_avg_response_time": 0.026177482448655368,
    "avg_unavailability": 0.0065039942199004155,
    "overall_power_consumption": 917.745333708197
  },
  {
    "time": 73800.0,
    "opt": "ClusterLLGAOptimizer",
    "elapsed_time": 135.47884467593394,
    "valid": true,
    "overall_deadline_violation": 0.09671480651788195,
    "weighted_overall_deadline_violation": 99.90382766288852,
    "max_deadline_violation": 0.006800861903002573,
    "avg_deadline_violation": 0.0007439600501375536,
    "avg_only_violated_deadline": 0.005689106265757763,
    "weighted_avg_deadline_violation": 0.0017101285433966673,
    "weighted_avg_only_violated_deadline": 0.005832800027899565,
    "deadline_satisfaction": 0.8692307692307693,
    "weighted_deadline_satisfaction": 0.7068083021504689,
    "overall_cost": 225.3606721720807,
    "max_cost": 90.36223110223796,
    "avg_cost": 12.520037342893374,
    "overall_migration_cost": 2.082,
    "max_migration_cost": 2.082,
    "avg_migration_cost": 2.082,
    "migration_rate": 0.05555555555555555,
    "weighted_migration_rate": 0.005941805121023045,
    "overall_response_time": 9.36941319068387,
    "weighted_overall_response_time": 1423.6243257772612,
    "max_response_time": 0.3109986815635012,
    "avg_response_time": 0.07207240915910662,
    "weighted_avg_response_time": 0.024369242415822955,
    "avg_unavailability": 0.0065039942199004155,
    "overall_power_consumption": 978.9505490913457
  },
  {
    "time": 75600.0,
    "opt": "ClusterLLGAOptimizer",
    "elapsed_time": 135.69686501286924,
    "valid": true,
    "overall_deadline_violation": 0.09671474425391012,
    "weighted_overall_deadline_violation": 138.93820026550665,
    "max_deadline_violation": 0.0068008545125651755,
    "avg_deadline_violation": 0.000805956202115918,
    "avg_only_violated_deadline": 0.0056891026031711854,
    "weighted_avg_deadline_violation": 0.0023672933843240365,
    "weighted_avg_only_violated_deadline": 0.0058507337789810866,
    "deadline_satisfaction": 0.8583333333333333,
    "weighted_deadline_satisfaction": 0.5953852159828912,
    "overall_cost": 197.50446393752506,
    "max_cost": 87.69970009850543,
    "avg_cost": 10.394971786185529,
    "overall_migration_cost": 82.06507261282695,
    "max_migration_cost": 36.76450251238095,
    "avg_migration_cost": 16.413014522565394,
    "migration_rate": 0.2631578947368421,
    "weighted_migration_rate": 0.004280010612671047,
    "overall_response_time": 8.00256158704308,
    "weighted_overall_response_time": 1379.9541800250604,
    "max_response_time": 0.31099671621820013,
    "avg_response_time": 0.06668801322535903,
    "weighted_avg_response_time": 0.0235122982362011,
    "avg_unavailability": 0.006163196554718815,
    "overall_power_consumption": 894.2361045820874
  },
  {
    "time": 77400.0,
    "opt": "ClusterLLGAOptimizer",
    "elapsed_time": 139.8081787948031,
    "valid": true,
    "overall_deadline_violation": 0.08991393242147455,
    "weighted_overall_deadline_violation": 120.19749874531057,
    "max_deadline_violation": 0.006800860701309713,
    "avg_deadline_violation": 0.000731007580662395,
    "avg_only_violated_deadline": 0.005619620776342161,
    "weighted_avg_deadline_violation": 0.0017687188912062148,
    "weighted_avg_only_violated_deadline": 0.0056774479989859525,
    "deadline_satisfaction": 0.8699186991869918,
    "weighted_deadline_satisfaction": 0.6884658579837062,
    "overall_cost": 251.4833094481414,
    "max_cost": 121.62827344795855,
    "avg_cost": 12.574165472407069,
    "overall_migration_cost": 84.99064407878129,
    "max_migration_cost": 37.62339374940249,
    "avg_migration_cost": 14.165107346463548,
    "migration_rate": 0.3,
    "weighted_migration_rate": 0.016809852437893843,
    "overall_response_time": 8.529578416157365,
    "weighted_overall_response_time": 1564.0458180287392,
    "max_response_time": 0.3109943561728354,
    "avg_response_time": 0.06934616598501925,
    "weighted_avg_response_time": 0.023015099431654657,
    "avg_unavailability": 0.006143499475217816,
    "overall_power_consumption": 947.2969399833904
  },
  {
    "time": 79200.0,
    "opt": "ClusterLLGAOptimizer",
    "elapsed_time": 130.01780473906547,
    "valid": true,
    "overall_deadline_violation": 0.08991393937171892,
    "weighted_overall_deadline_violation": 108.38237561524751,
    "max_deadline_violation": 0.006800861376882583,
    "avg_deadline_violation": 0.0008173994488338082,
    "avg_only_violated_deadline": 0.0056196212107324315,
    "weighted_avg_deadline_violation": 0.0018609794033482955,
    "weighted_avg_only_violated_deadline": 0.005761455442920135,
    "deadline_satisfaction": 0.8545454545454545,
    "weighted_deadline_satisfaction": 0.6769949152978127,
    "overall_cost": 210.02549767581382,
    "max_cost": 111.04309106832247,
    "avg_cost": 12.354441039753755,
    "overall_migration_cost": 39.841376778058056,
    "max_migration_cost": 38.5239645536145,
    "avg_migration_cost": 9.960344194514514,
    "migration_rate": 0.23529411764705882,
    "weighted_migration_rate": 0.002289040917165664,
    "overall_response_time": 8.434642486363414,
    "weighted_overall_response_time": 1344.638767489535,
    "max_response_time": 0.3109941224098718,
    "avg_response_time": 0.07667856805784928,
    "weighted_avg_response_time": 0.023088117759338223,
    "avg_unavailability": 0.007415153148900412,
    "overall_power_consumption": 890.6210396590789
  },
  {
    "time": 81000.0,
    "opt": "ClusterLLGAOptimizer",
    "elapsed_time": 118.27824263297953,
    "valid": true,
    "overall_deadline_violation": 0.09671481594018773,
    "weighted_overall_deadline_violation": 108.9222130723724,
    "max_deadline_violation": 0.006800863508490845,
    "avg_deadline_violation": 0.000826622358463143,
    "avg_only_violated_deadline": 0.005689106820011043,
    "weighted_avg_deadline_violation": 0.0017962689354641716,
    "weighted_avg_only_violated_deadline": 0.005610988010707504,
    "deadline_satisfaction": 0.8547008547008547,
    "weighted_deadline_satisfaction": 0.679865839663829,
    "overall_cost": 224.70996038187928,
    "max_cost": 112.9913266422637,
    "avg_cost": 13.218232963639956,
    "overall_migration_cost": 0.0,
    "max_migration_cost": 0.0,
    "avg_migration_cost": 0.0,
    "migration_rate": 0.0,
    "weighted_migration_rate": 0.0,
    "overall_response_time": 8.933564567485082,
    "weighted_overall_response_time": 1364.760033236588,
    "max_response_time": 0.310994139239093,
    "avg_response_time": 0.07635525271354775,
    "weighted_avg_response_time": 0.022506667675188267,
    "avg_unavailability": 0.007415153148900412,
    "overall_power_consumption": 915.5280372658628
  },
  {
    "time": 82800.0,
    "opt": "ClusterLLGAOptimizer",
    "elapsed_time": 150.57812037994154,
    "valid": true,
    "overall_deadline_violation": 0.08991396954131511,
    "weighted_overall_deadline_violation": 107.42941111159351,
    "max_deadline_violation": 0.006800866217661144,
    "avg_deadline_violation": 0.0007024528870415244,
    "avg_only_violated_deadline": 0.0056196230963321955,
    "weighted_avg_deadline_violation": 0.0016246263521389667,
    "weighted_avg_only_violated_deadline": 0.005449888479132856,
    "deadline_satisfaction": 0.875,
    "weighted_deadline_satisfaction": 0.701897321686578,
    "overall_cost": 258.89242279454203,
    "max_cost": 133.90928947027112,
    "avg_cost": 12.328210609263905,
    "overall_migration_cost": 2040.3370880897235,
    "max_migration_cost": 1966.3593362908844,
    "avg_migration_cost": 291.4767268699605,
    "migration_rate": 0.3333333333333333,
    "weighted_migration_rate": 0.013386800002687726,
    "overall_response_time": 9.135082879881145,
    "weighted_overall_response_time": 1475.9395639543256,
    "max_response_time": 0.31099608696919157,
    "avg_response_time": 0.07136783499907139,
    "weighted_avg_response_time": 0.022320240658062433,
    "avg_unavailability": 0.0055102951951366014,
    "overall_power_consumption": 943.3182963999608
  },
  {
    "time": 84600.0,
    "opt": "ClusterLLGAOptimizer",
    "elapsed_time": 136.7528531551361,
    "valid": true,
    "overall_deadline_violation": 0.08991396954134384,
    "weighted_overall_deadline_violation": 107.4294111116221,
    "max_deadline_violation": 0.006800866217665351,
    "avg_deadline_violation": 0.000719311756330751,
    "avg_only_violated_deadline": 0.005619623096333992,
    "weighted_avg_deadline_violation": 0.0016246257090285585,
    "weighted_avg_only_violated_deadline": 0.005449888479134306,
    "deadline_satisfaction": 0.872,
    "weighted_deadline_satisfaction": 0.701897439690982,
    "overall_cost": 260.0460612175562,
    "max_cost": 133.77771428427113,
    "avg_cost": 12.383145772264582,
    "overall_migration_cost": 0.0,
    "max_migration_cost": 0.0,
    "avg_migration_cost": 0.0,
    "migration_rate": 0.0,
    "weighted_migration_rate": 0.0,
    "overall_response_time": 8.151638071151504,
    "weighted_overall_response_time": 1468.050489644587,
    "max_response_time": 0.3109961319944468,
    "avg_response_time": 0.06521310456921206,
    "weighted_avg_response_time": 0.022200927501598664,
    "avg_unavailability": 0.0055102951951366014,
    "overall_power_consumption": 947.5838920574347
  }
]