[
  {
    "time": 0.0,
    "elapsed_time": 6.414729837793857,
    "id": -1,
    "type": "global"
  },
  {
    "time": 0.0,
    "elapsed_time": 2.859843567945063,
    "id": 11,
    "type": "cluster"
  },
  {
    "time": 0.0,
    "elapsed_time": 3.055508401012048,
    "id": 12,
    "type": "cluster"
  },
  {
    "time": 0.0,
    "elapsed_time": 3.326217735884711,
    "id": 13,
    "type": "cluster"
  },
  {
    "time": 0.0,
    "elapsed_time": 4.71312922402285,
    "id": 14,
    "type": "cluster"
  },
  {
    "time": 0.0,
    "elapsed_time": 3.082347007934004,
    "id": 15,
    "type": "cluster"
  },
  {
    "time": 0.0,
    "elapsed_time": 2.7525136419571936,
    "id": 16,
    "type": "cluster"
  },
  {
    "time": 0.0,
    "elapsed_time": 2.5953879710286856,
    "id": 17,
    "type": "cluster"
  },
  {
    "time": 0.0,
    "elapsed_time": 22.4246479999274,
    "id": -2,
    "type": "all_clusters"
  },
  {
    "time": 1800.0,
    "elapsed_time": 2.9437554799951613,
    "id": 11,
    "type": "cluster"
  },
  {
    "time": 1800.0,
    "elapsed_time": 3.1973701359238476,
    "id": 12,
    "type": "cluster"
  },
  {
    "time": 1800.0,
    "elapsed_time": 3.2378413109108806,
    "id": 13,
    "type": "cluster"
  },
  {
    "time": 1800.0,
    "elapsed_time": 6.643299276940525,
    "id": 14,
    "type": "cluster"
  },
  {
    "time": 1800.0,
    "elapsed_time": 3.1263389999512583,
    "id": 15,
    "type": "cluster"
  },
  {
    "time": 1800.0,
    "elapsed_time": 2.8481869171373546,
    "id": 16,
    "type": "cluster"
  },
  {
    "time": 1800.0,
    "elapsed_time": 2.9390341569669545,
    "id": 17,
    "type": "cluster"
  },
  {
    "time": 1800.0,
    "elapsed_time": 28.143324338132516,
    "id": -2,
    "type": "all_clusters"
  },
  {
    "time": 3600.0,
    "elapsed_time": 6.887809903128073,
    "id": -1,
    "type": "global"
  },
  {
    "time": 3600.0,
    "elapsed_time": 2.9512803389225155,
    "id": 11,
    "type": "cluster"
  },
  {
    "time": 3600.0,
    "elapsed_time": 3.046632390934974,
    "id": 12,
    "type": "cluster"
  },
  {
    "time": 3600.0,
    "elapsed_time": 6.720085712848231,
    "id": 13,
    "type": "cluster"
  },
  {
    "time": 3600.0,
    "elapsed_time": 3.1479830369353294,
    "id": 14,
    "type": "cluster"
  },
  {
    "time": 3600.0,
    "elapsed_time": 3.2207524799741805,
    "id": 15,
    "type": "cluster"
  },
  {
    "time": 3600.0,
    "elapsed_time": 2.805483009899035,
    "id": 16,
    "type": "cluster"
  },
  {
    "time": 3600.0,
    "elapsed_time": 3.0987915250007063,
    "id": 17,
    "type": "cluster"
  },
  {
    "time": 3600.0,
    "elapsed_time": 40.404276333982125,
    "id": -2,
    "type": "all_clusters"
  },
  {
    "time": 5400.0,
    "elapsed_time": 2.815159284044057,
    "id": 11,
    "type": "cluster"
  },
  {
    "time": 5400.0,
    "elapsed_time": 3.1393927740864456,
    "id": 12,
    "type": "cluster"
  },
  {
    "time": 5400.0,
    "elapsed_time": 4.031028992962092,
    "id": 13,
    "type": "cluster"
  },
  {
    "time": 5400.0,
    "elapsed_time": 3.1568379779346287,
    "id": 14,
    "type": "cluster"
  },
  {
    "time": 5400.0,
    "elapsed_time": 3.2900055658537894,
    "id": 15,
    "type": "cluster"
  },
  {
    "time": 5400.0,
    "elapsed_time": 2.7001240190584213,
    "id": 16,
    "type": "cluster"
  },
  {
    "time": 5400.0,
    "elapsed_time": 2.884799628984183,
    "id": 17,
    "type": "cluster"
  },
  {
    "time": 5400.0,
    "elapsed_time": 32.36532266600989,
    "id": -2,
    "type": "all_clusters"
  },
  {
    "time": 7200.0,
    "elapsed_time": 6.591329711023718,
    "id": -1,
    "type": "global"
  },
  {
    "time": 7200.0,
    "elapsed_time": 3.1757923788391054,
    "id": 11,
    "type": "cluster"
  },
  {
    "time": 7200.0,
    "elapsed_time": 3.177261961856857,
    "id": 12,
    "type": "cluster"
  },
  {
    "time": 7200.0,
    "elapsed_time": 5.744712580926716,
    "id": 13,
    "type": "cluster"
  },
  {
    "time": 7200.0,
    "elapsed_time": 5.500467688078061,
    "id": 14,
    "type": "cluster"
  },
  {
    "time": 7200.0,
    "elapsed_time": 3.3255914580076933,
    "id": 15,
    "type": "cluster"
  },
  {
    "time": 7200.0,
    "elapsed_time": 2.9624657530803233,
    "id": 16,
    "type": "cluster"
  },
  {
    "time": 7200.0,
    "elapsed_time": 3.1083989480976015,
    "id": 17,
    "type": "cluster"
  },
  {
    "time": 7200.0,
    "elapsed_time": 42.58787866216153,
    "id": -2,
    "type": "all_clusters"
  },
  {
    "time": 9000.0,
    "elapsed_time": 3.1919854970183223,
    "id": 11,
    "type": "cluster"
  },
  {
    "time": 9000.0,
    "elapsed_time": 3.1498600759077817,
    "id": 12,
    "type": "cluster"
  },
  {
    "time": 9000.0,
    "elapsed_time": 4.596205851994455,
    "id": 13,
    "type": "cluster"
  },
  {
    "time": 9000.0,
    "elapsed_time": 4.584033385151997,
    "id": 14,
    "type": "cluster"
  },
  {
    "time": 9000.0,
    "elapsed_time": 3.165650811046362,
    "id": 15,
    "type": "cluster"
  },
  {
    "time": 9000.0,
    "elapsed_time": 2.761374427936971,
    "id": 16,
    "type": "cluster"
  },
  {
    "time": 9000.0,
    "elapsed_time": 3.0429287410806865,
    "id": 17,
    "type": "cluster"
  },
  {
    "time": 9000.0,
    "elapsed_time": 46.75352659099735,
    "id": -2,
    "type": "all_clusters"
  },
  {
    "time": 10800.0,
    "elapsed_time": 6.611143454909325,
    "id": -1,
    "type": "global"
  },
  {
    "time": 10800.0,
    "elapsed_time": 2.8417963369283825,
    "id": 11,
    "type": "cluster"
  },
  {
    "time": 10800.0,
    "elapsed_time": 3.093909777002409,
    "id": 12,
    "type": "cluster"
  },
  {
    "time": 10800.0,
    "elapsed_time": 2.9491973519325256,
    "id": 13,
    "type": "cluster"
  },
  {
    "time": 10800.0,
    "elapsed_time": 6.650705568026751,
    "id": 14,
    "type": "cluster"
  },
  {
    "time": 10800.0,
    "elapsed_time": 4.1861248249188066,
    "id": 15,
    "type": "cluster"
  },
  {
    "time": 10800.0,
    "elapsed_time": 2.67601737100631,
    "id": 16,
    "type": "cluster"
  },
  {
    "time": 10800.0,
    "elapsed_time": 3.0408578841015697,
    "id": 17,
    "type": "cluster"
  },
  {
    "time": 10800.0,
    "elapsed_time": 46.98504060506821,
    "id": -2,
    "type": "all_clusters"
  },
  {
    "time": 12600.0,
    "elapsed_time": 2.935610360931605,
    "id": 11,
    "type": "cluster"
  },
  {
    "time": 12600.0,
    "elapsed_time": 3.0954154569189996,
    "id": 12,
    "type": "cluster"
  },
  {
    "time": 12600.0,
    "elapsed_time": 3.3310938929207623,
    "id": 13,
    "type": "cluster"
  },
  {
    "time": 12600.0,
    "elapsed_time": 6.374990376178175,
    "id": 14,
    "type": "cluster"
  },
  {
    "time": 12600.0,
    "elapsed_time": 3.1656193288508803,
    "id": 15,
    "type": "cluster"
  },
  {
    "time": 12600.0,
    "elapsed_time": 2.7223853890318424,
    "id": 16,
    "type": "cluster"
  },
  {
    "time": 12600.0,
    "elapsed_time": 2.924582418985665,
    "id": 17,
    "type": "cluster"
  },
  {
    "time": 12600.0,
    "elapsed_time": 46.276817821897566,
    "id": -2,
    "type": "all_clusters"
  },
  {
    "time": 14400.0,
    "elapsed_time": 6.65260792686604,
    "id": -1,
    "type": "global"
  },
  {
    "time": 14400.0,
    "elapsed_time": 3.1510471859946847,
    "id": 11,
    "type": "cluster"
  },
  {
    "time": 14400.0,
    "elapsed_time": 4.659059664933011,
    "id": 12,
    "type": "cluster"
  },
  {
    "time": 14400.0,
    "elapsed_time": 4.1968846009112895,
    "id": 13,
    "type": "cluster"
  },
  {
    "time": 14400.0,
    "elapsed_time": 6.698446152964607,
    "id": 14,
    "type": "cluster"
  },
  {
    "time": 14400.0,
    "elapsed_time": 3.226744181010872,
    "id": 15,
    "type": "cluster"
  },
  {
    "time": 14400.0,
    "elapsed_time": 2.7640269049443305,
    "id": 16,
    "type": "cluster"
  },
  {
    "time": 14400.0,
    "elapsed_time": 3.065777563955635,
    "id": 17,
    "type": "cluster"
  },
  {
    "time": 14400.0,
    "elapsed_time": 58.50796885299496,
    "id": -2,
    "type": "all_clusters"
  },
  {
    "time": 16200.0,
    "elapsed_time": 3.026892299996689,
    "id": 11,
    "type": "cluster"
  },
  {
    "time": 16200.0,
    "elapsed_time": 3.131552384933457,
    "id": 12,
    "type": "cluster"
  },
  {
    "time": 16200.0,
    "elapsed_time": 5.445336141856387,
    "id": 13,
    "type": "cluster"
  },
  {
    "time": 16200.0,
    "elapsed_time": 6.438021318987012,
    "id": 14,
    "type": "cluster"
  },
  {
    "time": 16200.0,
    "elapsed_time": 3.0859443321824074,
    "id": 15,
    "type": "cluster"
  },
  {
    "time": 16200.0,
    "elapsed_time": 2.883605291834101,
    "id": 16,
    "type": "cluster"
  },
  {
    "time": 16200.0,
    "elapsed_time": 3.0443550820928067,
    "id": 17,
    "type": "cluster"
  },
  {
    "time": 16200.0,
    "elapsed_time": 65.85632019280456,
    "id": -2,
    "type": "all_clusters"
  },
  {
    "time": 18000.0,
    "elapsed_time": 6.704764059046283,
    "id": -1,
    "type": "global"
  },
  {
    "time": 18000.0,
    "elapsed_time": 3.0557399729732424,
    "id": 11,
    "type": "cluster"
  },
  {
    "time": 18000.0,
    "elapsed_time": 3.1815778869204223,
    "id": 12,
    "type": "cluster"
  },
  {
    "time": 18000.0,
    "elapsed_time": 3.344476410886273,
    "id": 13,
    "type": "cluster"
  },
  {
    "time": 18000.0,
    "elapsed_time": 5.480534026166424,
    "id": 14,
    "type": "cluster"
  },
  {
    "time": 18000.0,
    "elapsed_time": 3.2514148810878396,
    "id": 15,
    "type": "cluster"
  },
  {
    "time": 18000.0,
    "elapsed_time": 2.760567236924544,
    "id": 16,
    "type": "cluster"
  },
  {
    "time": 18000.0,
    "elapsed_time": 2.9393020891584456,
    "id": 17,
    "type": "cluster"
  },
  {
    "time": 18000.0,
    "elapsed_time": 56.843192384112626,
    "id": -2,
    "type": "all_clusters"
  },
  {
    "time": 19800.0,
    "elapsed_time": 3.0242291358299553,
    "id": 11,
    "type": "cluster"
  },
  {
    "time": 19800.0,
    "elapsed_time": 3.108659338206053,
    "id": 12,
    "type": "cluster"
  },
  {
    "time": 19800.0,
    "elapsed_time": 3.3898443959187716,
    "id": 13,
    "type": "cluster"
  },
  {
    "time": 19800.0,
    "elapsed_time": 3.482089568162337,
    "id": 14,
    "type": "cluster"
  },
  {
    "time": 19800.0,
    "elapsed_time": 3.1909329139161855,
    "id": 15,
    "type": "cluster"
  },
  {
    "time": 19800.0,
    "elapsed_time": 3.0298791287932545,
    "id": 16,
    "type": "cluster"
  },
  {
    "time": 19800.0,
    "elapsed_time": 3.0102360679302365,
    "id": 17,
    "type": "cluster"
  },
  {
    "time": 19800.0,
    "elapsed_time": 58.67864892585203,
    "id": -2,
    "type": "all_clusters"
  },
  {
    "time": 21600.0,
    "elapsed_time": 6.794818522874266,
    "id": -1,
    "type": "global"
  },
  {
    "time": 21600.0,
    "elapsed_time": 3.0303911729715765,
    "id": 11,
    "type": "cluster"
  },
  {
    "time": 21600.0,
    "elapsed_time": 3.2630251478403807,
    "id": 12,
    "type": "cluster"
  },
  {
    "time": 21600.0,
    "elapsed_time": 3.3855367340147495,
    "id": 13,
    "type": "cluster"
  },
  {
    "time": 21600.0,
    "elapsed_time": 3.1169830539729446,
    "id": 14,
    "type": "cluster"
  },
  {
    "time": 21600.0,
    "elapsed_time": 3.330343844136223,
    "id": 15,
    "type": "cluster"
  },
  {
    "time": 21600.0,
    "elapsed_time": 2.8732822129968554,
    "id": 16,
    "type": "cluster"
  },
  {
    "time": 21600.0,
    "elapsed_time": 2.987385845044628,
    "id": 17,
    "type": "cluster"
  },
  {
    "time": 21600.0,
    "elapsed_time": 61.556101370137185,
    "id": -2,
    "type": "all_clusters"
  },
  {
    "time": 23400.0,
    "elapsed_time": 3.030299212085083,
    "id": 11,
    "type": "cluster"
  },
  {
    "time": 23400.0,
    "elapsed_time": 3.232663726201281,
    "id": 12,
    "type": "cluster"
  },
  {
    "time": 23400.0,
    "elapsed_time": 3.6400539341848344,
    "id": 13,
    "type": "cluster"
  },
  {
    "time": 23400.0,
    "elapsed_time": 3.170013224007562,
    "id": 14,
    "type": "cluster"
  },
  {
    "time": 23400.0,
    "elapsed_time": 3.2498766779899597,
    "id": 15,
    "type": "cluster"
  },
  {
    "time": 23400.0,
    "elapsed_time": 3.0468290189746767,
    "id": 16,
    "type": "cluster"
  },
  {
    "time": 23400.0,
    "elapsed_time": 3.04449387290515,
    "id": 17,
    "type": "cluster"
  },
  {
    "time": 23400.0,
    "elapsed_time": 61.99646224593744,
    "id": -2,
    "type": "all_clusters"
  },
  {
    "time": 25200.0,
    "elapsed_time": 6.861433423124254,
    "id": -1,
    "type": "global"
  },
  {
    "time": 25200.0,
    "elapsed_time": 3.183295506052673,
    "id": 11,
    "type": "cluster"
  },
  {
    "time": 25200.0,
    "elapsed_time": 3.337676449911669,
    "id": 12,
    "type": "cluster"
  },
  {
    "time": 25200.0,
    "elapsed_time": 4.474187341984361,
    "id": 13,
    "type": "cluster"
  },
  {
    "time": 25200.0,
    "elapsed_time": 5.543032557936385,
    "id": 14,
    "type": "cluster"
  },
  {
    "time": 25200.0,
    "elapsed_time": 3.4510246131103486,
    "id": 15,
    "type": "cluster"
  },
  {
    "time": 25200.0,
    "elapsed_time": 2.9000338171608746,
    "id": 16,
    "type": "cluster"
  },
  {
    "time": 25200.0,
    "elapsed_time": 3.0397601979784667,
    "id": 17,
    "type": "cluster"
  },
  {
    "time": 25200.0,
    "elapsed_time": 67.19693374005146,
    "id": -2,
    "type": "all_clusters"
  },
  {
    "time": 27000.0,
    "elapsed_time": 3.2354962558019906,
    "id": 11,
    "type": "cluster"
  },
  {
    "time": 27000.0,
    "elapsed_time": 3.410418340936303,
    "id": 12,
    "type": "cluster"
  },
  {
    "time": 27000.0,
    "elapsed_time": 3.3268279349431396,
    "id": 13,
    "type": "cluster"
  },
  {
    "time": 27000.0,
    "elapsed_time": 3.392281166044995,
    "id": 14,
    "type": "cluster"
  },
  {
    "time": 27000.0,
    "elapsed_time": 3.3930294720921665,
    "id": 15,
    "type": "cluster"
  },
  {
    "time": 27000.0,
    "elapsed_time": 2.8597835118416697,
    "id": 16,
    "type": "cluster"
  },
  {
    "time": 27000.0,
    "elapsed_time": 3.125469403108582,
    "id": 17,
    "type": "cluster"
  },
  {
    "time": 27000.0,
    "elapsed_time": 63.561004706891254,
    "id": -2,
    "type": "all_clusters"
  },
  {
    "time": 28800.0,
    "elapsed_time": 6.840694478014484,
    "id": -1,
    "type": "global"
  },
  {
    "time": 28800.0,
    "elapsed_time": 3.171440370148048,
    "id": 11,
    "type": "cluster"
  },
  {
    "time": 28800.0,
    "elapsed_time": 3.013629163848236,
    "id": 12,
    "type": "cluster"
  },
  {
    "time": 28800.0,
    "elapsed_time": 3.1998504728544503,
    "id": 13,
    "type": "cluster"
  },
  {
    "time": 28800.0,
    "elapsed_time": 3.0971210098359734,
    "id": 14,
    "type": "cluster"
  },
  {
    "time": 28800.0,
    "elapsed_time": 3.3107841180171818,
    "id": 15,
    "type": "cluster"
  },
  {
    "time": 28800.0,
    "elapsed_time": 2.69949741801247,
    "id": 16,
    "type": "cluster"
  },
  {
    "time": 28800.0,
    "elapsed_time": 2.9685970197897404,
    "id": 17,
    "type": "cluster"
  },
  {
    "time": 28800.0,
    "elapsed_time": 62.79972338094376,
    "id": -2,
    "type": "all_clusters"
  },
  {
    "time": 30600.0,
    "elapsed_time": 3.025095229037106,
    "id": 11,
    "type": "cluster"
  },
  {
    "time": 30600.0,
    "elapsed_time": 3.069281762931496,
    "id": 12,
    "type": "cluster"
  },
  {
    "time": 30600.0,
    "elapsed_time": 3.278952081920579,
    "id": 13,
    "type": "cluster"
  },
  {
    "time": 30600.0,
    "elapsed_time": 3.093479773029685,
    "id": 14,
    "type": "cluster"
  },
  {
    "time": 30600.0,
    "elapsed_time": 2.9302602589596063,
    "id": 15,
    "type": "cluster"
  },
  {
    "time": 30600.0,
    "elapsed_time": 2.7805735138244927,
    "id": 16,
    "type": "cluster"
  },
  {
    "time": 30600.0,
    "elapsed_time": 2.8670493620447814,
    "id": 17,
    "type": "cluster"
  },
  {
    "time": 30600.0,
    "elapsed_time": 62.43208235502243,
    "id": -2,
    "type": "all_clusters"
  },
  {
    "time": 32400.0,
    "elapsed_time": 6.577230194117874,
    "id": -1,
    "type": "global"
  },
  {
    "time": 32400.0,
    "elapsed_time": 3.030836352147162,
    "id": 11,
    "type": "cluster"
  },
  {
    "time": 32400.0,
    "elapsed_time": 3.2221165280789137,
    "id": 12,
    "type": "cluster"
  },
  {
    "time": 32400.0,
    "elapsed_time": 3.3306657359935343,
    "id": 13,
    "type": "cluster"
  },
  {
    "time": 32400.0,
    "elapsed_time": 3.2350290650501847,
    "id": 14,
    "type": "cluster"
  },
  {
    "time": 32400.0,
    "elapsed_time": 3.183287168154493,
    "id": 15,
    "type": "cluster"
  },
  {
    "time": 32400.0,
    "elapsed_time": 2.6656862718518823,
    "id": 16,
    "type": "cluster"
  },
  {
    "time": 32400.0,
    "elapsed_time": 2.921721532009542,
    "id": 17,
    "type": "cluster"
  },
  {
    "time": 32400.0,
    "elapsed_time": 63.69723050203174,
    "id": -2,
    "type": "all_clusters"
  },
  {
    "time": 34200.0,
    "elapsed_time": 3.05406847409904,
    "id": 11,
    "type": "cluster"
  },
  {
    "time": 34200.0,
    "elapsed_time": 3.1693977748509496,
    "id": 12,
    "type": "cluster"
  },
  {
    "time": 34200.0,
    "elapsed_time": 3.615725682117045,
    "id": 13,
    "type": "cluster"
  },
  {
    "time": 34200.0,
    "elapsed_time": 3.16930989199318,
    "id": 14,
    "type": "cluster"
  },
  {
    "time": 34200.0,
    "elapsed_time": 2.9787548210006207,
    "id": 15,
    "type": "cluster"
  },
  {
    "time": 34200.0,
    "elapsed_time": 2.7132426879834384,
    "id": 16,
    "type": "cluster"
  },
  {
    "time": 34200.0,
    "elapsed_time": 3.220590121112764,
    "id": 17,
    "type": "cluster"
  },
  {
    "time": 34200.0,
    "elapsed_time": 66.75671058800071,
    "id": -2,
    "type": "all_clusters"
  },
  {
    "time": 36000.0,
    "elapsed_time": 6.780702935997397,
    "id": -1,
    "type": "global"
  },
  {
    "time": 36000.0,
    "elapsed_time": 3.199349686037749,
    "id": 11,
    "type": "cluster"
  },
  {
    "time": 36000.0,
    "elapsed_time": 5.68235768401064,
    "id": 12,
    "type": "cluster"
  },
  {
    "time": 36000.0,
    "elapsed_time": 2.997025272808969,
    "id": 13,
    "type": "cluster"
  },
  {
    "time": 36000.0,
    "elapsed_time": 3.0646315610501915,
    "id": 14,
    "type": "cluster"
  },
  {
    "time": 36000.0,
    "elapsed_time": 4.295445844065398,
    "id": 15,
    "type": "cluster"
  },
  {
    "time": 36000.0,
    "elapsed_time": 2.7649371530860662,
    "id": 16,
    "type": "cluster"
  },
  {
    "time": 36000.0,
    "elapsed_time": 3.181900752009824,
    "id": 17,
    "type": "cluster"
  },
  {
    "time": 36000.0,
    "elapsed_time": 71.37693600496277,
    "id": -2,
    "type": "all_clusters"
  },
  {
    "time": 37800.0,
    "elapsed_time": 3.000160246854648,
    "id": 11,
    "type": "cluster"
  },
  {
    "time": 37800.0,
    "elapsed_time": 4.4538679481484,
    "id": 12,
    "type": "cluster"
  },
  {
    "time": 37800.0,
    "elapsed_time": 3.1589244180358946,
    "id": 13,
    "type": "cluster"
  },
  {
    "time": 37800.0,
    "elapsed_time": 6.6378313400782645,
    "id": 14,
    "type": "cluster"
  },
  {
    "time": 37800.0,
    "elapsed_time": 3.2677629780955613,
    "id": 15,
    "type": "cluster"
  },
  {
    "time": 37800.0,
    "elapsed_time": 2.732025177916512,
    "id": 16,
    "type": "cluster"
  },
  {
    "time": 37800.0,
    "elapsed_time": 2.953613603953272,
    "id": 17,
    "type": "cluster"
  },
  {
    "time": 37800.0,
    "elapsed_time": 76.01474986900575,
    "id": -2,
    "type": "all_clusters"
  },
  {
    "time": 39600.0,
    "elapsed_time": 7.257425963878632,
    "id": -1,
    "type": "global"
  },
  {
    "time": 39600.0,
    "elapsed_time": 2.9938411249313504,
    "id": 11,
    "type": "cluster"
  },
  {
    "time": 39600.0,
    "elapsed_time": 5.758601963054389,
    "id": 12,
    "type": "cluster"
  },
  {
    "time": 39600.0,
    "elapsed_time": 4.206933057866991,
    "id": 13,
    "type": "cluster"
  },
  {
    "time": 39600.0,
    "elapsed_time": 3.1852929999586195,
    "id": 14,
    "type": "cluster"
  },
  {
    "time": 39600.0,
    "elapsed_time": 3.204089016886428,
    "id": 15,
    "type": "cluster"
  },
  {
    "time": 39600.0,
    "elapsed_time": 2.8095832210965455,
    "id": 16,
    "type": "cluster"
  },
  {
    "time": 39600.0,
    "elapsed_time": 3.0088573719840497,
    "id": 17,
    "type": "cluster"
  },
  {
    "time": 39600.0,
    "elapsed_time": 71.53463230188936,
    "id": -2,
    "type": "all_clusters"
  },
  {
    "time": 41400.0,
    "elapsed_time": 4.520448562921956,
    "id": 11,
    "type": "cluster"
  },
  {
    "time": 41400.0,
    "elapsed_time": 6.107404285110533,
    "id": 12,
    "type": "cluster"
  },
  {
    "time": 41400.0,
    "elapsed_time": 3.1340541830286384,
    "id": 13,
    "type": "cluster"
  },
  {
    "time": 41400.0,
    "elapsed_time": 4.213522636098787,
    "id": 14,
    "type": "cluster"
  },
  {
    "time": 41400.0,
    "elapsed_time": 3.445938560878858,
    "id": 15,
    "type": "cluster"
  },
  {
    "time": 41400.0,
    "elapsed_time": 2.7662622299976647,
    "id": 16,
    "type": "cluster"
  },
  {
    "time": 41400.0,
    "elapsed_time": 3.0305896778590977,
    "id": 17,
    "type": "cluster"
  },
  {
    "time": 41400.0,
    "elapsed_time": 77.13397466298193,
    "id": -2,
    "type": "all_clusters"
  },
  {
    "time": 43200.0,
    "elapsed_time": 6.830403973115608,
    "id": -1,
    "type": "global"
  },
  {
    "time": 43200.0,
    "elapsed_time": 3.420188062125817,
    "id": 11,
    "type": "cluster"
  },
  {
    "time": 43200.0,
    "elapsed_time": 3.303983445977792,
    "id": 12,
    "type": "cluster"
  },
  {
    "time": 43200.0,
    "elapsed_time": 4.176797274965793,
    "id": 13,
    "type": "cluster"
  },
  {
    "time": 43200.0,
    "elapsed_time": 3.160563067998737,
    "id": 14,
    "type": "cluster"
  },
  {
    "time": 43200.0,
    "elapsed_time": 4.178264110116288,
    "id": 15,
    "type": "cluster"
  },
  {
    "time": 43200.0,
    "elapsed_time": 2.8103020910639316,
    "id": 16,
    "type": "cluster"
  },
  {
    "time": 43200.0,
    "elapsed_time": 3.003246415872127,
    "id": 17,
    "type": "cluster"
  },
  {
    "time": 43200.0,
    "elapsed_time": 73.78648884198628,
    "id": -2,
    "type": "all_clusters"
  },
  {
    "time": 45000.0,
    "elapsed_time": 3.2892497670836747,
    "id": 11,
    "type": "cluster"
  },
  {
    "time": 45000.0,
    "elapsed_time": 3.144443946192041,
    "id": 12,
    "type": "cluster"
  },
  {
    "time": 45000.0,
    "elapsed_time": 4.308290505083278,
    "id": 13,
    "type": "cluster"
  },
  {
    "time": 45000.0,
    "elapsed_time": 4.313999722944573,
    "id": 14,
    "type": "cluster"
  },
  {
    "time": 45000.0,
    "elapsed_time": 3.2429808671586215,
    "id": 15,
    "type": "cluster"
  },
  {
    "time": 45000.0,
    "elapsed_time": 2.8205848520155996,
    "id": 16,
    "type": "cluster"
  },
  {
    "time": 45000.0,
    "elapsed_time": 3.331105097895488,
    "id": 17,
    "type": "cluster"
  },
  {
    "time": 45000.0,
    "elapsed_time": 80.23205290012993,
    "id": -2,
    "type": "all_clusters"
  },
  {
    "time": 46800.0,
    "elapsed_time": 6.815377327147871,
    "id": -1,
    "type": "global"
  },
  {
    "time": 46800.0,
    "elapsed_time": 3.084049727069214,
    "id": 11,
    "type": "cluster"
  },
  {
    "time": 46800.0,
    "elapsed_time": 3.6441208189353347,
    "id": 12,
    "type": "cluster"
  },
  {
    "time": 46800.0,
    "elapsed_time": 3.152996515855193,
    "id": 13,
    "type": "cluster"
  },
  {
    "time": 46800.0,
    "elapsed_time": 3.250452008796856,
    "id": 14,
    "type": "cluster"
  },
  {
    "time": 46800.0,
    "elapsed_time": 4.320217204047367,
    "id": 15,
    "type": "cluster"
  },
  {
    "time": 46800.0,
    "elapsed_time": 2.7656971509568393,
    "id": 16,
    "type": "cluster"
  },
  {
    "time": 46800.0,
    "elapsed_time": 3.113660667091608,
    "id": 17,
    "type": "cluster"
  },
  {
    "time": 46800.0,
    "elapsed_time": 79.41073376988061,
    "id": -2,
    "type": "all_clusters"
  },
  {
    "time": 48600.0,
    "elapsed_time": 3.173063520109281,
    "id": 11,
    "type": "cluster"
  },
  {
    "time": 48600.0,
    "elapsed_time": 3.390088255982846,
    "id": 12,
    "type": "cluster"
  },
  {
    "time": 48600.0,
    "elapsed_time": 3.1342890388332307,
    "id": 13,
    "type": "cluster"
  },
  {
    "time": 48600.0,
    "elapsed_time": 3.377811548067257,
    "id": 14,
    "type": "cluster"
  },
  {
    "time": 48600.0,
    "elapsed_time": 3.33692614804022,
    "id": 15,
    "type": "cluster"
  },
  {
    "time": 48600.0,
    "elapsed_time": 2.798428809037432,
    "id": 16,
    "type": "cluster"
  },
  {
    "time": 48600.0,
    "elapsed_time": 3.3415668711531907,
    "id": 17,
    "type": "cluster"
  },
  {
    "time": 48600.0,
    "elapsed_time": 78.11916029290296,
    "id": -2,
    "type": "all_clusters"
  },
  {
    "time": 50400.0,
    "elapsed_time": 6.907753211911768,
    "id": -1,
    "type": "global"
  },
  {
    "time": 50400.0,
    "elapsed_time": 3.213593636872247,
    "id": 11,
    "type": "cluster"
  },
  {
    "time": 50400.0,
    "elapsed_time": 3.3375922390259802,
    "id": 12,
    "type": "cluster"
  },
  {
    "time": 50400.0,
    "elapsed_time": 4.522749333176762,
    "id": 13,
    "type": "cluster"
  },
  {
    "time": 50400.0,
    "elapsed_time": 6.716471625957638,
    "id": 14,
    "type": "cluster"
  },
  {
    "time": 50400.0,
    "elapsed_time": 3.623470045858994,
    "id": 15,
    "type": "cluster"
  },
  {
    "time": 50400.0,
    "elapsed_time": 2.79672992718406,
    "id": 16,
    "type": "cluster"
  },
  {
    "time": 50400.0,
    "elapsed_time": 3.0447999460157007,
    "id": 17,
    "type": "cluster"
  },
  {
    "time": 50400.0,
    "elapsed_time": 86.47880630893633,
    "id": -2,
    "type": "all_clusters"
  },
  {
    "time": 52200.0,
    "elapsed_time": 3.0788667250890285,
    "id": 11,
    "type": "cluster"
  },
  {
    "time": 52200.0,
    "elapsed_time": 5.489394536009058,
    "id": 12,
    "type": "cluster"
  },
  {
    "time": 52200.0,
    "elapsed_time": 5.557040904881433,
    "id": 13,
    "type": "cluster"
  },
  {
    "time": 52200.0,
    "elapsed_time": 4.280734051018953,
    "id": 14,
    "type": "cluster"
  },
  {
    "time": 52200.0,
    "elapsed_time": 3.2962918668054044,
    "id": 15,
    "type": "cluster"
  },
  {
    "time": 52200.0,
    "elapsed_time": 2.9690740320365876,
    "id": 16,
    "type": "cluster"
  },
  {
    "time": 52200.0,
    "elapsed_time": 2.9587429331149906,
    "id": 17,
    "type": "cluster"
  },
  {
    "time": 52200.0,
    "elapsed_time": 87.54989932104945,
    "id": -2,
    "type": "all_clusters"
  },
  {
    "time": 54000.0,
    "elapsed_time": 6.624917173059657,
    "id": -1,
    "type": "global"
  },
  {
    "time": 54000.0,
    "elapsed_time": 2.818398960866034,
    "id": 11,
    "type": "cluster"
  },
  {
    "time": 54000.0,
    "elapsed_time": 3.139589759055525,
    "id": 12,
    "type": "cluster"
  },
  {
    "time": 54000.0,
    "elapsed_time": 3.1208387869410217,
    "id": 13,
    "type": "cluster"
  },
  {
    "time": 54000.0,
    "elapsed_time": 3.431306727929041,
    "id": 14,
    "type": "cluster"
  },
  {
    "time": 54000.0,
    "elapsed_time": 3.1241787229664624,
    "id": 15,
    "type": "cluster"
  },
  {
    "time": 54000.0,
    "elapsed_time": 2.7535546340513974,
    "id": 16,
    "type": "cluster"
  },
  {
    "time": 54000.0,
    "elapsed_time": 2.964805979980156,
    "id": 17,
    "type": "cluster"
  },
  {
    "time": 54000.0,
    "elapsed_time": 84.51326783606783,
    "id": -2,
    "type": "all_clusters"
  },
  {
    "time": 55800.0,
    "elapsed_time": 2.8989162028301507,
    "id": 11,
    "type": "cluster"
  },
  {
    "time": 55800.0,
    "elapsed_time": 3.1068476291839033,
    "id": 12,
    "type": "cluster"
  },
  {
    "time": 55800.0,
    "elapsed_time": 3.1370104551315308,
    "id": 13,
    "type": "cluster"
  },
  {
    "time": 55800.0,
    "elapsed_time": 2.9518118859268725,
    "id": 14,
    "type": "cluster"
  },
  {
    "time": 55800.0,
    "elapsed_time": 3.1708290081005543,
    "id": 15,
    "type": "cluster"
  },
  {
    "time": 55800.0,
    "elapsed_time": 2.6499434639699757,
    "id": 16,
    "type": "cluster"
  },
  {
    "time": 55800.0,
    "elapsed_time": 2.8471528550144285,
    "id": 17,
    "type": "cluster"
  },
  {
    "time": 55800.0,
    "elapsed_time": 79.29328994592652,
    "id": -2,
    "type": "all_clusters"
  },
  {
    "time": 57600.0,
    "elapsed_time": 6.745982229011133,
    "id": -1,
    "type": "global"
  },
  {
    "time": 57600.0,
    "elapsed_time": 3.160663428949192,
    "id": 11,
    "type": "cluster"
  },
  {
    "time": 57600.0,
    "elapsed_time": 5.519433937966824,
    "id": 12,
    "type": "cluster"
  },
  {
    "time": 57600.0,
    "elapsed_time": 4.428064732113853,
    "id": 13,
    "type": "cluster"
  },
  {
    "time": 57600.0,
    "elapsed_time": 4.246342969126999,
    "id": 14,
    "type": "cluster"
  },
  {
    "time": 57600.0,
    "elapsed_time": 4.204694464802742,
    "id": 15,
    "type": "cluster"
  },
  {
    "time": 57600.0,
    "elapsed_time": 2.8101480219047517,
    "id": 16,
    "type": "cluster"
  },
  {
    "time": 57600.0,
    "elapsed_time": 3.0893056478817016,
    "id": 17,
    "type": "cluster"
  },
  {
    "time": 57600.0,
    "elapsed_time": 87.1052110530436,
    "id": -2,
    "type": "all_clusters"
  },
  {
    "time": 59400.0,
    "elapsed_time": 3.176621774910018,
    "id": 11,
    "type": "cluster"
  },
  {
    "time": 59400.0,
    "elapsed_time": 4.229558505117893,
    "id": 12,
    "type": "cluster"
  },
  {
    "time": 59400.0,
    "elapsed_time": 7.9815297110471874,
    "id": 13,
    "type": "cluster"
  },
  {
    "time": 59400.0,
    "elapsed_time": 3.3770470549352467,
    "id": 14,
    "type": "cluster"
  },
  {
    "time": 59400.0,
    "elapsed_time": 3.3520239640492946,
    "id": 15,
    "type": "cluster"
  },
  {
    "time": 59400.0,
    "elapsed_time": 2.987053886987269,
    "id": 16,
    "type": "cluster"
  },
  {
    "time": 59400.0,
    "elapsed_time": 3.4122529111336917,
    "id": 17,
    "type": "cluster"
  },
  {
    "time": 59400.0,
    "elapsed_time": 90.3923577000387,
    "id": -2,
    "type": "all_clusters"
  },
  {
    "time": 61200.0,
    "elapsed_time": 6.8136952861677855,
    "id": -1,
    "type": "global"
  },
  {
    "time": 61200.0,
    "elapsed_time": 3.291314383968711,
    "id": 11,
    "type": "cluster"
  },
  {
    "time": 61200.0,
    "elapsed_time": 3.3341368490364403,
    "id": 12,
    "type": "cluster"
  },
  {
    "time": 61200.0,
    "elapsed_time": 3.4458942878991365,
    "id": 13,
    "type": "cluster"
  },
  {
    "time": 61200.0,
    "elapsed_time": 4.5438123270869255,
    "id": 14,
    "type": "cluster"
  },
  {
    "time": 61200.0,
    "elapsed_time": 3.4349792629946023,
    "id": 15,
    "type": "cluster"
  },
  {
    "time": 61200.0,
    "elapsed_time": 2.9371144680771977,
    "id": 16,
    "type": "cluster"
  },
  {
    "time": 61200.0,
    "elapsed_time": 3.104545574868098,
    "id": 17,
    "type": "cluster"
  },
  {
    "time": 61200.0,
    "elapsed_time": 89.90932215820067,
    "id": -2,
    "type": "all_clusters"
  },
  {
    "time": 63000.0,
    "elapsed_time": 2.9843493041116744,
    "id": 11,
    "type": "cluster"
  },
  {
    "time": 63000.0,
    "elapsed_time": 3.090932457940653,
    "id": 12,
    "type": "cluster"
  },
  {
    "time": 63000.0,
    "elapsed_time": 3.1288490889128298,
    "id": 13,
    "type": "cluster"
  },
  {
    "time": 63000.0,
    "elapsed_time": 3.443275341996923,
    "id": 14,
    "type": "cluster"
  },
  {
    "time": 63000.0,
    "elapsed_time": 3.2896101749502122,
    "id": 15,
    "type": "cluster"
  },
  {
    "time": 63000.0,
    "elapsed_time": 2.846407521981746,
    "id": 16,
    "type": "cluster"
  },
  {
    "time": 63000.0,
    "elapsed_time": 3.1542338670697063,
    "id": 17,
    "type": "cluster"
  },
  {
    "time": 63000.0,
    "elapsed_time": 86.0513336530421,
    "id": -2,
    "type": "all_clusters"
  },
  {
    "time": 64800.0,
    "elapsed_time": 6.793484053807333,
    "id": -1,
    "type": "global"
  },
  {
    "time": 64800.0,
    "elapsed_time": 2.815202592872083,
    "id": 11,
    "type": "cluster"
  },
  {
    "time": 64800.0,
    "elapsed_time": 3.1348174680024385,
    "id": 12,
    "type": "cluster"
  },
  {
    "time": 64800.0,
    "elapsed_time": 3.3803794698324054,
    "id": 13,
    "type": "cluster"
  },
  {
    "time": 64800.0,
    "elapsed_time": 3.2356342819985002,
    "id": 14,
    "type": "cluster"
  },
  {
    "time": 64800.0,
    "elapsed_time": 3.341072528157383,
    "id": 15,
    "type": "cluster"
  },
  {
    "time": 64800.0,
    "elapsed_time": 2.722117325058207,
    "id": 16,
    "type": "cluster"
  },
  {
    "time": 64800.0,
    "elapsed_time": 4.440567584009841,
    "id": 17,
    "type": "cluster"
  },
  {
    "time": 64800.0,
    "elapsed_time": 84.57698743115179,
    "id": -2,
    "type": "all_clusters"
  },
  {
    "time": 66600.0,
    "elapsed_time": 3.085737596033141,
    "id": 11,
    "type": "cluster"
  },
  {
    "time": 66600.0,
    "elapsed_time": 3.120816369075328,
    "id": 12,
    "type": "cluster"
  },
  {
    "time": 66600.0,
    "elapsed_time": 3.092287810984999,
    "id": 13,
    "type": "cluster"
  },
  {
    "time": 66600.0,
    "elapsed_time": 3.0697082271799445,
    "id": 14,
    "type": "cluster"
  },
  {
    "time": 66600.0,
    "elapsed_time": 3.270414248108864,
    "id": 15,
    "type": "cluster"
  },
  {
    "time": 66600.0,
    "elapsed_time": 2.7311659301631153,
    "id": 16,
    "type": "cluster"
  },
  {
    "time": 66600.0,
    "elapsed_time": 2.907410384854302,
    "id": 17,
    "type": "cluster"
  },
  {
    "time": 66600.0,
    "elapsed_time": 84.28566553792916,
    "id": -2,
    "type": "all_clusters"
  },
  {
    "time": 68400.0,
    "elapsed_time": 6.64924824796617,
    "id": -1,
    "type": "global"
  },
  {
    "time": 68400.0,
    "elapsed_time": 3.107510326895863,
    "id": 11,
    "type": "cluster"
  },
  {
    "time": 68400.0,
    "elapsed_time": 5.501135432859883,
    "id": 12,
    "type": "cluster"
  },
  {
    "time": 68400.0,
    "elapsed_time": 6.762627108022571,
    "id": 13,
    "type": "cluster"
  },
  {
    "time": 68400.0,
    "elapsed_time": 4.086636278079823,
    "id": 14,
    "type": "cluster"
  },
  {
    "time": 68400.0,
    "elapsed_time": 4.25417829095386,
    "id": 15,
    "type": "cluster"
  },
  {
    "time": 68400.0,
    "elapsed_time": 3.011677271919325,
    "id": 16,
    "type": "cluster"
  },
  {
    "time": 68400.0,
    "elapsed_time": 3.087368495995179,
    "id": 17,
    "type": "cluster"
  },
  {
    "time": 68400.0,
    "elapsed_time": 93.07775880815461,
    "id": -2,
    "type": "all_clusters"
  },
  {
    "time": 70200.0,
    "elapsed_time": 3.172503683017567,
    "id": 11,
    "type": "cluster"
  },
  {
    "time": 70200.0,
    "elapsed_time": 3.1422899540048093,
    "id": 12,
    "type": "cluster"
  },
  {
    "time": 70200.0,
    "elapsed_time": 3.1333543420769274,
    "id": 13,
    "type": "cluster"
  },
  {
    "time": 70200.0,
    "elapsed_time": 3.052583626937121,
    "id": 14,
    "type": "cluster"
  },
  {
    "time": 70200.0,
    "elapsed_time": 3.0835356218740344,
    "id": 15,
    "type": "cluster"
  },
  {
    "time": 70200.0,
    "elapsed_time": 2.7553919050842524,
    "id": 16,
    "type": "cluster"
  },
  {
    "time": 70200.0,
    "elapsed_time": 2.9293446640949696,
    "id": 17,
    "type": "cluster"
  },
  {
    "time": 70200.0,
    "elapsed_time": 87.35152096790262,
    "id": -2,
    "type": "all_clusters"
  },
  {
    "time": 72000.0,
    "elapsed_time": 6.798586735967547,
    "id": -1,
    "type": "global"
  },
  {
    "time": 72000.0,
    "elapsed_time": 3.2581073460169137,
    "id": 11,
    "type": "cluster"
  },
  {
    "time": 72000.0,
    "elapsed_time": 3.413263855036348,
    "id": 12,
    "type": "cluster"
  },
  {
    "time": 72000.0,
    "elapsed_time": 3.2829945548437536,
    "id": 13,
    "type": "cluster"
  },
  {
    "time": 72000.0,
    "elapsed_time": 6.762292491970584,
    "id": 14,
    "type": "cluster"
  },
  {
    "time": 72000.0,
    "elapsed_time": 3.510344085050747,
    "id": 15,
    "type": "cluster"
  },
  {
    "time": 72000.0,
    "elapsed_time": 2.697207775199786,
    "id": 16,
    "type": "cluster"
  },
  {
    "time": 72000.0,
    "elapsed_time": 2.952597266063094,
    "id": 17,
    "type": "cluster"
  },
  {
    "time": 72000.0,
    "elapsed_time": 87.55729910102673,
    "id": -2,
    "type": "all_clusters"
  },
  {
    "time": 73800.0,
    "elapsed_time": 2.8509865449741483,
    "id": 11,
    "type": "cluster"
  },
  {
    "time": 73800.0,
    "elapsed_time": 4.446673420025036,
    "id": 12,
    "type": "cluster"
  },
  {
    "time": 73800.0,
    "elapsed_time": 3.2410365850664675,
    "id": 13,
    "type": "cluster"
  },
  {
    "time": 73800.0,
    "elapsed_time": 5.4245601610746235,
    "id": 14,
    "type": "cluster"
  },
  {
    "time": 73800.0,
    "elapsed_time": 3.1997389309108257,
    "id": 15,
    "type": "cluster"
  },
  {
    "time": 73800.0,
    "elapsed_time": 2.8892941589001566,
    "id": 16,
    "type": "cluster"
  },
  {
    "time": 73800.0,
    "elapsed_time": 3.0551383099518716,
    "id": 17,
    "type": "cluster"
  },
  {
    "time": 73800.0,
    "elapsed_time": 89.62275249091908,
    "id": -2,
    "type": "all_clusters"
  },
  {
    "time": 75600.0,
    "elapsed_time": 6.70990215591155,
    "id": -1,
    "type": "global"
  },
  {
    "time": 75600.0,
    "elapsed_time": 2.9840431581251323,
    "id": 11,
    "type": "cluster"
  },
  {
    "time": 75600.0,
    "elapsed_time": 4.256542002083734,
    "id": 12,
    "type": "cluster"
  },
  {
    "time": 75600.0,
    "elapsed_time": 6.715469924034551,
    "id": 13,
    "type": "cluster"
  },
  {
    "time": 75600.0,
    "elapsed_time": 5.93981952406466,
    "id": 14,
    "type": "cluster"
  },
  {
    "time": 75600.0,
    "elapsed_time": 5.6353091560304165,
    "id": 15,
    "type": "cluster"
  },
  {
    "time": 75600.0,
    "elapsed_time": 2.8127964281011373,
    "id": 16,
    "type": "cluster"
  },
  {
    "time": 75600.0,
    "elapsed_time": 2.9904192679096013,
    "id": 17,
    "type": "cluster"
  },
  {
    "time": 75600.0,
    "elapsed_time": 94.75778876291588,
    "id": -2,
    "type": "all_clusters"
  },
  {
    "time": 77400.0,
    "elapsed_time": 2.920386197976768,
    "id": 11,
    "type": "cluster"
  },
  {
    "time": 77400.0,
    "elapsed_time": 3.4110457650385797,
    "id": 12,
    "type": "cluster"
  },
  {
    "time": 77400.0,
    "elapsed_time": 3.199210613965988,
    "id": 13,
    "type": "cluster"
  },
  {
    "time": 77400.0,
    "elapsed_time": 4.226788162952289,
    "id": 14,
    "type": "cluster"
  },
  {
    "time": 77400.0,
    "elapsed_time": 3.158971203956753,
    "id": 15,
    "type": "cluster"
  },
  {
    "time": 77400.0,
    "elapsed_time": 2.7654924569651484,
    "id": 16,
    "type": "cluster"
  },
  {
    "time": 77400.0,
    "elapsed_time": 2.99545490113087,
    "id": 17,
    "type": "cluster"
  },
  {
    "time": 77400.0,
    "elapsed_time": 88.69902842701413,
    "id": -2,
    "type": "all_clusters"
  },
  {
    "time": 79200.0,
    "elapsed_time": 4.150971502996981,
    "id": -1,
    "type": "global"
  },
  {
    "time": 79200.0,
    "elapsed_time": 3.354134222958237,
    "id": 11,
    "type": "cluster"
  },
  {
    "time": 79200.0,
    "elapsed_time": 3.352652003057301,
    "id": 12,
    "type": "cluster"
  },
  {
    "time": 79200.0,
    "elapsed_time": 6.768075491068885,
    "id": 13,
    "type": "cluster"
  },
  {
    "time": 79200.0,
    "elapsed_time": 4.350942958844826,
    "id": 14,
    "type": "cluster"
  },
  {
    "time": 79200.0,
    "elapsed_time": 3.1517709449399263,
    "id": 15,
    "type": "cluster"
  },
  {
    "time": 79200.0,
    "elapsed_time": 2.790650462033227,
    "id": 16,
    "type": "cluster"
  },
  {
    "time": 79200.0,
    "elapsed_time": 2.959449043031782,
    "id": 17,
    "type": "cluster"
  },
  {
    "time": 79200.0,
    "elapsed_time": 87.76156112994067,
    "id": -2,
    "type": "all_clusters"
  },
  {
    "time": 81000.0,
    "elapsed_time": 2.878152727149427,
    "id": 11,
    "type": "cluster"
  },
  {
    "time": 81000.0,
    "elapsed_time": 3.23802627902478,
    "id": 12,
    "type": "cluster"
  },
  {
    "time": 81000.0,
    "elapsed_time": 5.443940840894356,
    "id": 13,
    "type": "cluster"
  },
  {
    "time": 81000.0,
    "elapsed_time": 3.4794576501008123,
    "id": 14,
    "type": "cluster"
  },
  {
    "time": 81000.0,
    "elapsed_time": 3.325067789060995,
    "id": 15,
    "type": "cluster"
  },
  {
    "time": 81000.0,
    "elapsed_time": 2.7864174488931894,
    "id": 16,
    "type": "cluster"
  },
  {
    "time": 81000.0,
    "elapsed_time": 3.2384907258674502,
    "id": 17,
    "type": "cluster"
  },
  {
    "time": 81000.0,
    "elapsed_time": 89.16550894919783,
    "id": -2,
    "type": "all_clusters"
  },
  {
    "time": 82800.0,
    "elapsed_time": 6.586442669155076,
    "id": -1,
    "type": "global"
  },
  {
    "time": 82800.0,
    "elapsed_time": 2.8607287420891225,
    "id": 11,
    "type": "cluster"
  },
  {
    "time": 82800.0,
    "elapsed_time": 5.596857673022896,
    "id": 12,
    "type": "cluster"
  },
  {
    "time": 82800.0,
    "elapsed_time": 3.1658465859945863,
    "id": 13,
    "type": "cluster"
  },
  {
    "time": 82800.0,
    "elapsed_time": 5.372563914163038,
    "id": 14,
    "type": "cluster"
  },
  {
    "time": 82800.0,
    "elapsed_time": 5.638801136985421,
    "id": 15,
    "type": "cluster"
  },
  {
    "time": 82800.0,
    "elapsed_time": 2.8262860879767686,
    "id": 16,
    "type": "cluster"
  },
  {
    "time": 82800.0,
    "elapsed_time": 2.9593399818986654,
    "id": 17,
    "type": "cluster"
  },
  {
    "time": 82800.0,
    "elapsed_time": 97.38267826917581,
    "id": -2,
    "type": "all_clusters"
  },
  {
    "time": 84600.0,
    "elapsed_time": 3.1269616840872914,
    "id": 11,
    "type": "cluster"
  },
  {
    "time": 84600.0,
    "elapsed_time": 3.065135084092617,
    "id": 12,
    "type": "cluster"
  },
  {
    "time": 84600.0,
    "elapsed_time": 3.2549872070085257,
    "id": 13,
    "type": "cluster"
  },
  {
    "time": 84600.0,
    "elapsed_time": 3.1755409771576524,
    "id": 14,
    "type": "cluster"
  },
  {
    "time": 84600.0,
    "elapsed_time": 5.234127837931737,
    "id": 15,
    "type": "cluster"
  },
  {
    "time": 84600.0,
    "elapsed_time": 2.785358967958018,
    "id": 16,
    "type": "cluster"
  },
  {
    "time": 84600.0,
    "elapsed_time": 3.017370810965076,
    "id": 17,
    "type": "cluster"
  },
  {
    "time": 84600.0,
    "elapsed_time": 89.755955071887,
    "id": -2,
    "type": "all_clusters"
  }
]