[
  {
    "time": 0.0,
    "opt": "ClusterLLGAOptimizer",
    "elapsed_time": 155.37387060234323,
    "valid": true,
    "overall_deadline_violation": 0.08723568285670448,
    "weighted_overall_deadline_violation": 17.099495997473483,
    "max_deadline_violation": 0.011000630000124967,
    "avg_deadline_violation": 0.0008901600291500457,
    "avg_only_violated_deadline": 0.0019385707301489885,
    "weighted_avg_deadline_violation": 0.00031026030425569597,
    "weighted_avg_only_violated_deadline": 0.0007689352678120303,
    "deadline_satisfaction": 0.5408163265306123,
    "weighted_deadline_satisfaction": 0.5965066017344643,
    "overall_cost": 259.57067885636695,
    "max_cost": 45.969973304946464,
    "avg_cost": 5.1914135771273395,
    "overall_migration_cost": 0.0,
    "max_migration_cost": 0.0,
    "avg_migration_cost": 0.0,
    "migration_rate": 0.0,
    "weighted_migration_rate": 0.0,
    "overall_response_time": 26.25851706192234,
    "weighted_overall_response_time": 3005.913040452941,
    "max_response_time": 0.7110003050000859,
    "avg_response_time": 0.26794405165226887,
    "weighted_avg_response_time": 0.054540525325126044,
    "avg_unavailability": 0.000910694172147482,
    "overall_power_consumption": 1250.133168390273
  },
  {
    "time": 1800.0,
    "opt": "ClusterLLGAOptimizer",
    "elapsed_time": 146.23889115685597,
    "valid": true,
    "overall_deadline_violation": 0.3408192074510566,
    "weighted_overall_deadline_violation": 43.73147320375253,
    "max_deadline_violation": 0.0110001217882634,
    "avg_deadline_violation": 0.002683615806701234,
    "avg_only_violated_deadline": 0.008114743034548969,
    "weighted_avg_deadline_violation": 0.0006895721580525025,
    "weighted_avg_only_violated_deadline": 0.0015081997975317225,
    "deadline_satisfaction": 0.6692913385826772,
    "weighted_deadline_satisfaction": 0.5427846103805098,
    "overall_cost": 288.7817158548451,
    "max_cost": 75.10718643451213,
    "avg_cost": 5.89350440520092,
    "overall_migration_cost": 0.0,
    "max_migration_cost": 0.0,
    "avg_migration_cost": 0.0,
    "migration_rate": 0.0,
    "weighted_migration_rate": 0.0,
    "overall_response_time": 24.466495167663478,
    "weighted_overall_response_time": 3266.0242388142706,
    "max_response_time": 0.710992189118722,
    "avg_response_time": 0.19264956824931864,
    "weighted_avg_response_time": 0.05149973732002436,
    "avg_unavailability": 0.001191024539772482,
    "overall_power_consumption": 1220.0175626436194
  },
  {
    "time": 3600.0,
    "opt": "ClusterLLGAOptimizer",
    "elapsed_time": 201.69152369583026,
    "valid": true,
    "overall_deadline_violation": 0.28344778222832984,
    "weighted_overall_deadline_violation": 27.663662381588125,
    "max_deadline_violation": 0.011000556687405738,
    "avg_deadline_violation": 0.0020391926779016528,
    "avg_only_violated_deadline": 0.006591808889030924,
    "weighted_avg_deadline_violation": 0.00045996318902615234,
    "weighted_avg_only_violated_deadline": 0.001564156782411828,
    "deadline_satisfaction": 0.6906474820143885,
    "weighted_deadline_satisfaction": 0.7059353677340972,
    "overall_cost": 268.3287425439133,
    "max_cost": 44.63613973815316,
    "avg_cost": 5.160168125844487,
    "overall_migration_cost": 9.312254096201146,
    "max_migration_cost": 1.583029700308262,
    "avg_migration_cost": 1.330322013743021,
    "migration_rate": 0.1346153846153846,
    "weighted_migration_rate": 0.002298984385433501,
    "overall_response_time": 26.70024659304045,
    "weighted_overall_response_time": 2794.0312205231235,
    "max_response_time": 0.7109979659787077,
    "avg_response_time": 0.1920881049859025,
    "weighted_avg_response_time": 0.04645630403896907,
    "avg_unavailability": 0.0011909042165066546,
    "overall_power_consumption": 1234.6674348179067
  },
  {
    "time": 5400.0,
    "opt": "ClusterLLGAOptimizer",
    "elapsed_time": 162.92782700899988,
    "valid": true,
    "overall_deadline_violation": 0.40578628316816046,
    "weighted_overall_deadline_violation": 56.96731686893748,
    "max_deadline_violation": 0.011000168368066499,
    "avg_deadline_violation": 0.0027417992105956772,
    "avg_only_violated_deadline": 0.007956593787610988,
    "weighted_avg_deadline_violation": 0.000775743874882902,
    "weighted_avg_only_violated_deadline": 0.001841610909183416,
    "deadline_satisfaction": 0.6554054054054054,
    "weighted_deadline_satisfaction": 0.5787688533910386,
    "overall_cost": 309.31351585841963,
    "max_cost": 76.69636441225681,
    "avg_cost": 5.948336843431147,
    "overall_migration_cost": 0.0,
    "max_migration_cost": 0.0,
    "avg_migration_cost": 0.0,
    "migration_rate": 0.0,
    "weighted_migration_rate": 0.0,
    "overall_response_time": 30.794745441741924,
    "weighted_overall_response_time": 3689.342199626498,
    "max_response_time": 0.7109984359270232,
    "avg_response_time": 0.2080726043360941,
    "weighted_avg_response_time": 0.05023906286988603,
    "avg_unavailability": 0.0011909042165066546,
    "overall_power_consumption": 1231.3795086137284
  },
  {
    "time": 7200.0,
    "opt": "ClusterLLGAOptimizer",
    "elapsed_time": 197.1840261281468,
    "valid": true,
    "overall_deadline_violation": 0.3438533242006279,
    "weighted_overall_deadline_violation": 37.65039377283521,
    "max_deadline_violation": 0.011000280678266333,
    "avg_deadline_violation": 0.002566069583586777,
    "avg_only_violated_deadline": 0.0066125639269351555,
    "weighted_avg_deadline_violation": 0.0005878131457326434,
    "weighted_avg_only_violated_deadline": 0.0018103412365570724,
    "deadline_satisfaction": 0.6119402985074627,
    "weighted_deadline_satisfaction": 0.6753025706631129,
    "overall_cost": 269.37993143122304,
    "max_cost": 52.97822362427886,
    "avg_cost": 5.281959439827902,
    "overall_migration_cost": 425.77291906195984,
    "max_migration_cost": 214.24240570762126,
    "avg_migration_cost": 47.30810211799554,
    "migration_rate": 0.17647058823529413,
    "weighted_migration_rate": 0.008240800781509511,
    "overall_response_time": 30.141095552416516,
    "weighted_overall_response_time": 3476.663281267555,
    "max_response_time": 0.7109966500970913,
    "avg_response_time": 0.22493354889863065,
    "weighted_avg_response_time": 0.05427907055488846,
    "avg_unavailability": 0.005902724375155575,
    "overall_power_consumption": 1180.333353167242
  },
  {
    "time": 9000.0,
    "opt": "ClusterLLGAOptimizer",
    "elapsed_time": 167.21910728607327,
    "valid": true,
    "overall_deadline_violation": 0.26766539909257425,
    "weighted_overall_deadline_violation": 51.81858412956697,
    "max_deadline_violation": 0.011000152132867563,
    "avg_deadline_violation": 0.00212432856422678,
    "avg_only_violated_deadline": 0.00704382629190985,
    "weighted_avg_deadline_violation": 0.0007705538383727989,
    "weighted_avg_only_violated_deadline": 0.0021977602850009104,
    "deadline_satisfaction": 0.6984126984126984,
    "weighted_deadline_satisfaction": 0.649391317318995,
    "overall_cost": 283.1942097104306,
    "max_cost": 55.98560186462368,
    "avg_cost": 5.552827641380992,
    "overall_migration_cost": 0.0,
    "max_migration_cost": 0.0,
    "avg_migration_cost": 0.0,
    "migration_rate": 0.0,
    "weighted_migration_rate": 0.0,
    "overall_response_time": 25.355307062266576,
    "weighted_overall_response_time": 3510.2362376886053,
    "max_response_time": 0.7109993777971277,
    "avg_response_time": 0.2012325957322744,
    "weighted_avg_response_time": 0.0521979913573692,
    "avg_unavailability": 0.005902724375155575,
    "overall_power_consumption": 1189.5473779608205
  },
  {
    "time": 10800.0,
    "opt": "ClusterLLGAOptimizer",
    "elapsed_time": 228.71410313202068,
    "valid": true,
    "overall_deadline_violation": 0.24609320769158793,
    "weighted_overall_deadline_violation": 49.058864963994466,
    "max_deadline_violation": 0.011000241847487907,
    "avg_deadline_violation": 0.00192260318509053,
    "avg_only_violated_deadline": 0.0066511677754483205,
    "weighted_avg_deadline_violation": 0.0007076678259366793,
    "weighted_avg_only_violated_deadline": 0.002304899148393722,
    "deadline_satisfaction": 0.7109375,
    "weighted_deadline_satisfaction": 0.6929723253054908,
    "overall_cost": 289.52217781611523,
    "max_cost": 55.45189711025449,
    "avg_cost": 5.462682600304061,
    "overall_migration_cost": 6.537641748164452,
    "max_migration_cost": 1.5293893641630296,
    "avg_migration_cost": 1.3075283496328904,
    "migration_rate": 0.09433962264150944,
    "weighted_migration_rate": 0.0013356835144886405,
    "overall_response_time": 24.92530362656794,
    "weighted_overall_response_time": 3554.0799577586317,
    "max_response_time": 0.7109979992156765,
    "avg_response_time": 0.19472893458256188,
    "weighted_avg_response_time": 0.051267146901137615,
    "avg_unavailability": 0.005902724325974318,
    "overall_power_consumption": 1218.0687218907642
  },
  {
    "time": 12600.0,
    "opt": "ClusterLLGAOptimizer",
    "elapsed_time": 167.81077983696014,
    "valid": true,
    "overall_deadline_violation": 0.353343102047186,
    "weighted_overall_deadline_violation": 67.15776587172095,
    "max_deadline_violation": 0.011000253115553166,
    "avg_deadline_violation": 0.0026173563114606367,
    "avg_only_violated_deadline": 0.007852068934381909,
    "weighted_avg_deadline_violation": 0.0008061454330789096,
    "weighted_avg_only_violated_deadline": 0.002003521775223336,
    "deadline_satisfaction": 0.6666666666666666,
    "weighted_deadline_satisfaction": 0.5976358015928993,
    "overall_cost": 328.94837321617666,
    "max_cost": 81.90486623986527,
    "avg_cost": 6.206573079550504,
    "overall_migration_cost": 0.0,
    "max_migration_cost": 0.0,
    "avg_migration_cost": 0.0,
    "migration_rate": 0.0,
    "weighted_migration_rate": 0.0,
    "overall_response_time": 28.054114624565837,
    "weighted_overall_response_time": 4339.796209846052,
    "max_response_time": 0.7109979173118844,
    "avg_response_time": 0.20780825647826548,
    "weighted_avg_response_time": 0.05209385466668301,
    "avg_unavailability": 0.005902724325974318,
    "overall_power_consumption": 1207.8966271323354
  },
  {
    "time": 14400.0,
    "opt": "ClusterLLGAOptimizer",
    "elapsed_time": 193.80043013207614,
    "valid": true,
    "overall_deadline_violation": 0.3145384185528007,
    "weighted_overall_deadline_violation": 47.05026428575119,
    "max_deadline_violation": 0.011000304144048845,
    "avg_deadline_violation": 0.00234730163099105,
    "avg_only_violated_deadline": 0.006419151399036749,
    "weighted_avg_deadline_violation": 0.0006338654860892793,
    "weighted_avg_only_violated_deadline": 0.001740839751545732,
    "deadline_satisfaction": 0.6343283582089553,
    "weighted_deadline_satisfaction": 0.635885218311188,
    "overall_cost": 287.94068414663724,
    "max_cost": 64.99949158117946,
    "avg_cost": 5.537320848973792,
    "overall_migration_cost": 66.41579534447831,
    "max_migration_cost": 33.985424909177354,
    "avg_migration_cost": 8.301974418059787,
    "migration_rate": 0.15384615384615385,
    "weighted_migration_rate": 0.0036207539920212937,
    "overall_response_time": 27.895555353349394,
    "weighted_overall_response_time": 3914.5345731351604,
    "max_response_time": 0.7110003041440489,
    "avg_response_time": 0.20817578621902544,
    "weighted_avg_response_time": 0.05273696965747005,
    "avg_unavailability": 0.01401901391452039,
    "overall_power_consumption": 1166.888698872261
  },
  {
    "time": 16200.0,
    "opt": "ClusterLLGAOptimizer",
    "elapsed_time": 172.35538341337815,
    "valid": true,
    "overall_deadline_violation": 0.2667461435025001,
    "weighted_overall_deadline_violation": 39.73863770277387,
    "max_deadline_violation": 0.011000239432285758,
    "avg_deadline_violation": 0.0021511785766330648,
    "avg_only_violated_deadline": 0.007019635355328948,
    "weighted_avg_deadline_violation": 0.0005140168194267905,
    "weighted_avg_only_violated_deadline": 0.0016198979626316765,
    "deadline_satisfaction": 0.6935483870967742,
    "weighted_deadline_satisfaction": 0.6826856806513154,
    "overall_cost": 297.42479342711323,
    "max_cost": 71.49960814862014,
    "avg_cost": 5.719707565906023,
    "overall_migration_cost": 0.0,
    "max_migration_cost": 0.0,
    "avg_migration_cost": 0.0,
    "migration_rate": 0.0,
    "weighted_migration_rate": 0.0,
    "overall_response_time": 27.437904957905477,
    "weighted_overall_response_time": 4154.1166491087815,
    "max_response_time": 0.7109999542128197,
    "avg_response_time": 0.22127342707988282,
    "weighted_avg_response_time": 0.05373324177526407,
    "avg_unavailability": 0.01401901391452039,
    "overall_power_consumption": 1172.0354230263247
  },
  {
    "time": 18000.0,
    "opt": "ClusterLLGAOptimizer",
    "elapsed_time": 214.46155026508495,
    "valid": true,
    "overall_deadline_violation": 0.2813689315147146,
    "weighted_overall_deadline_violation": 45.42142926885718,
    "max_deadline_violation": 0.011000304931800486,
    "avg_deadline_violation": 0.0022691042864089886,
    "avg_only_violated_deadline": 0.006862656866212552,
    "weighted_avg_deadline_violation": 0.000583855908536124,
    "weighted_avg_only_violated_deadline": 0.0015470053646561947,
    "deadline_satisfaction": 0.6693548387096774,
    "weighted_deadline_satisfaction": 0.6225896031938585,
    "overall_cost": 306.23512668751187,
    "max_cost": 73.25689319169226,
    "avg_cost": 5.671020864583554,
    "overall_migration_cost": 39.59685597941864,
    "max_migration_cost": 33.73866756510886,
    "avg_migration_cost": 6.599475996569773,
    "migration_rate": 0.1111111111111111,
    "weighted_migration_rate": 0.0029878664726830004,
    "overall_response_time": 29.495922264374222,
    "weighted_overall_response_time": 4106.970416595695,
    "max_response_time": 0.7110003049318006,
    "avg_response_time": 0.23787034084172748,
    "weighted_avg_response_time": 0.052791798552154996,
    "avg_unavailability": 0.014019012308692767,
    "overall_power_consumption": 1190.7556448149753
  },
  {
    "time": 19800.0,
    "opt": "ClusterLLGAOptimizer",
    "elapsed_time": 175.69988725706935,
    "valid": true,
    "overall_deadline_violation": 0.23333535851178713,
    "weighted_overall_deadline_violation": 42.37835192607171,
    "max_deadline_violation": 0.011000207645243648,
    "avg_deadline_violation": 0.0018518679246967234,
    "avg_only_violated_deadline": 0.0066667245289082026,
    "weighted_avg_deadline_violation": 0.0005476980228871424,
    "weighted_avg_only_violated_deadline": 0.0017403725139582122,
    "deadline_satisfaction": 0.7222222222222222,
    "weighted_deadline_satisfaction": 0.6852983953179738,
    "overall_cost": 297.9341781639091,
    "max_cost": 64.94056532268115,
    "avg_cost": 5.517299595627948,
    "overall_migration_cost": 0.0,
    "max_migration_cost": 0.0,
    "avg_migration_cost": 0.0,
    "migration_rate": 0.0,
    "weighted_migration_rate": 0.0,
    "overall_response_time": 24.782412938389506,
    "weighted_overall_response_time": 3898.6141626164185,
    "max_response_time": 0.7109953700873406,
    "avg_response_time": 0.19668581697134532,
    "weighted_avg_response_time": 0.05038570807542854,
    "avg_unavailability": 0.014019012308692767,
    "overall_power_consumption": 1197.4522921922603
  },
  {
    "time": 21600.0,
    "opt": "ClusterLLGAOptimizer",
    "elapsed_time": 225.02419805899262,
    "valid": true,
    "overall_deadline_violation": 0.2533563395718513,
    "weighted_overall_deadline_violation": 43.852170968417425,
    "max_deadline_violation": 0.011000624393323721,
    "avg_deadline_violation": 0.0020598076387955385,
    "avg_only_violated_deadline": 0.006333908489296281,
    "weighted_avg_deadline_violation": 0.0004784148845487852,
    "weighted_avg_only_violated_deadline": 0.0011196731714109382,
    "deadline_satisfaction": 0.6747967479674797,
    "weighted_deadline_satisfaction": 0.5727191677318493,
    "overall_cost": 347.2082232046243,
    "max_cost": 104.49604902585772,
    "avg_cost": 6.429781911196746,
    "overall_migration_cost": 5.745950766057748,
    "max_migration_cost": 1.472003426227902,
    "avg_migration_cost": 1.436487691514437,
    "migration_rate": 0.07407407407407407,
    "weighted_migration_rate": 0.0007387411973352307,
    "overall_response_time": 27.27948975805592,
    "weighted_overall_response_time": 4722.186014063532,
    "max_response_time": 0.7110003024646183,
    "avg_response_time": 0.22178446957769027,
    "weighted_avg_response_time": 0.051517724820583075,
    "avg_unavailability": 0.014018623571797242,
    "overall_power_consumption": 1201.9200039391399
  },
  {
    "time": 23400.0,
    "opt": "ClusterLLGAOptimizer",
    "elapsed_time": 209.28292738692835,
    "valid": true,
    "overall_deadline_violation": 0.3218164259955431,
    "weighted_overall_deadline_violation": 65.21183384804043,
    "max_deadline_violation": 0.011000630000107758,
    "avg_deadline_violation": 0.00241967237590634,
    "avg_only_violated_deadline": 0.007662295857036742,
    "weighted_avg_deadline_violation": 0.0007749918768403673,
    "weighted_avg_only_violated_deadline": 0.0019479667716180867,
    "deadline_satisfaction": 0.6842105263157895,
    "weighted_deadline_satisfaction": 0.6021534411510429,
    "overall_cost": 323.37418894313197,
    "max_cost": 80.4015058469857,
    "avg_cost": 5.988410906354297,
    "overall_migration_cost": 0.0,
    "max_migration_cost": 0.0,
    "avg_migration_cost": 0.0,
    "migration_rate": 0.0,
    "weighted_migration_rate": 0.0,
    "overall_response_time": 29.690873955190572,
    "weighted_overall_response_time": 4173.198176525621,
    "max_response_time": 0.7109989254343295,
    "avg_response_time": 0.22323965379842564,
    "weighted_avg_response_time": 0.049595211427252005,
    "avg_unavailability": 0.014018623571797242,
    "overall_power_consumption": 1213.1148326675755
  },
  {
    "time": 25200.0,
    "opt": "ClusterLLGAOptimizer",
    "elapsed_time": 225.3046575980261,
    "valid": true,
    "overall_deadline_violation": 0.2775717106189616,
    "weighted_overall_deadline_violation": 50.183123993222495,
    "max_deadline_violation": 0.011000630000125078,
    "avg_deadline_violation": 0.0022029500842774734,
    "avg_only_violated_deadline": 0.006770041722413698,
    "weighted_avg_deadline_violation": 0.0005850812607794282,
    "weighted_avg_only_violated_deadline": 0.0019194529243965754,
    "deadline_satisfaction": 0.6746031746031746,
    "weighted_deadline_satisfaction": 0.6951833236736645,
    "overall_cost": 308.5432583522886,
    "max_cost": 70.68203328902793,
    "avg_cost": 5.509701042005153,
    "overall_migration_cost": 19.55857186060415,
    "max_migration_cost": 15.405846132080313,
    "avg_migration_cost": 2.794081694372021,
    "migration_rate": 0.125,
    "weighted_migration_rate": 0.0014487673471072402,
    "overall_response_time": 28.01406402865332,
    "weighted_overall_response_time": 4334.680292235216,
    "max_response_time": 0.7110003045721554,
    "avg_response_time": 0.22233384149724839,
    "weighted_avg_response_time": 0.0505377108607117,
    "avg_unavailability": 0.014018620209236006,
    "overall_power_consumption": 1182.9803222578803
  },
  {
    "time": 27000.0,
    "opt": "ClusterLLGAOptimizer",
    "elapsed_time": 183.19794087298214,
    "valid": true,
    "overall_deadline_violation": 0.18276687722624557,
    "weighted_overall_deadline_violation": 44.44442084240244,
    "max_deadline_violation": 0.01100030500008553,
    "avg_deadline_violation": 0.0016032182212828566,
    "avg_only_violated_deadline": 0.006092229240874854,
    "weighted_avg_deadline_violation": 0.0005230729490407459,
    "weighted_avg_only_violated_deadline": 0.0015857708250868751,
    "deadline_satisfaction": 0.7368421052631579,
    "weighted_deadline_satisfaction": 0.6701459373790093,
    "overall_cost": 304.867115543614,
    "max_cost": 76.78237050598464,
    "avg_cost": 5.348545886730069,
    "overall_migration_cost": 1.518377795671328,
    "max_migration_cost": 1.518377795671328,
    "avg_migration_cost": 1.518377795671328,
    "migration_rate": 0.017543859649122806,
    "weighted_migration_rate": 0.000257927343225856,
    "overall_response_time": 26.166966763005718,
    "weighted_overall_response_time": 4441.8151834212695,
    "max_response_time": 0.7110003050000856,
    "avg_response_time": 0.2295347961667167,
    "weighted_avg_response_time": 0.0522763785205967,
    "avg_unavailability": 0.014018620208274614,
    "overall_power_consumption": 1145.784522809327
  },
  {
    "time": 28800.0,
    "opt": "ClusterLLGAOptimizer",
    "elapsed_time": 235.3049250091426,
    "valid": true,
    "overall_deadline_violation": 0.27622541264163786,
    "weighted_overall_deadline_violation": 39.88989725126467,
    "max_deadline_violation": 0.011000621940226107,
    "avg_deadline_violation": 0.002141282268539828,
    "avg_only_violated_deadline": 0.00673720518638141,
    "weighted_avg_deadline_violation": 0.0005145957239648275,
    "weighted_avg_only_violated_deadline": 0.0016542431327887992,
    "deadline_satisfaction": 0.6821705426356589,
    "weighted_deadline_satisfaction": 0.6889237659416497,
    "overall_cost": 289.79362461007946,
    "max_cost": 67.2539586325785,
    "avg_cost": 4.91175634932338,
    "overall_migration_cost": 23.913866303880226,
    "max_migration_cost": 9.13571689788239,
    "avg_migration_cost": 3.985644383980038,
    "migration_rate": 0.1016949152542373,
    "weighted_migration_rate": 0.0015305442511642175,
    "overall_response_time": 29.80699618107798,
    "weighted_overall_response_time": 4117.258763128232,
    "max_response_time": 0.7110003050000858,
    "avg_response_time": 0.23106198589982935,
    "weighted_avg_response_time": 0.05311429459486338,
    "avg_unavailability": 0.014018620199219137,
    "overall_power_consumption": 1148.6002038164788
  },
  {
    "time": 30600.0,
    "opt": "ClusterLLGAOptimizer",
    "elapsed_time": 203.99278347659856,
    "valid": true,
    "overall_deadline_violation": 0.23096763858705607,
    "weighted_overall_deadline_violation": 36.045633770161764,
    "max_deadline_violation": 0.01100063000008944,
    "avg_deadline_violation": 0.0018044346764613762,
    "avg_only_violated_deadline": 0.006999019351122915,
    "weighted_avg_deadline_violation": 0.00048513241222399766,
    "weighted_avg_only_violated_deadline": 0.002290129223529031,
    "deadline_satisfaction": 0.7421875,
    "weighted_deadline_satisfaction": 0.7881637388669179,
    "overall_cost": 285.10404913623734,
    "max_cost": 78.50643771754004,
    "avg_cost": 4.8322720192582596,
    "overall_migration_cost": 0.0,
    "max_migration_cost": 0.0,
    "avg_migration_cost": 0.0,
    "migration_rate": 0.0,
    "weighted_migration_rate": 0.0,
    "overall_response_time": 27.55645538238089,
    "weighted_overall_response_time": 3932.3334418980485,
    "max_response_time": 0.7110003050000858,
    "avg_response_time": 0.2152848076748508,
    "weighted_avg_response_time": 0.05292464603344758,
    "avg_unavailability": 0.014018620199219137,
    "overall_power_consumption": 1182.3424956231643
  },
  {
    "time": 32400.0,
    "opt": "ClusterLLGAOptimizer",
    "elapsed_time": 248.81756912870333,
    "valid": true,
    "overall_deadline_violation": 0.31178122428469246,
    "weighted_overall_deadline_violation": 66.90743349272718,
    "max_deadline_violation": 0.011000630000124967,
    "avg_deadline_violation": 0.0023442197314638537,
    "avg_only_violated_deadline": 0.0069284716507709435,
    "weighted_avg_deadline_violation": 0.0007265475712861852,
    "weighted_avg_only_violated_deadline": 0.0018835520522851171,
    "deadline_satisfaction": 0.6616541353383458,
    "weighted_deadline_satisfaction": 0.6142673251823643,
    "overall_cost": 338.1193575400997,
    "max_cost": 85.08004679919372,
    "avg_cost": 5.82964409551896,
    "overall_migration_cost": 22.032598648492602,
    "max_migration_cost": 12.686428104283342,
    "avg_migration_cost": 7.344199549497534,
    "migration_rate": 0.05172413793103448,
    "weighted_migration_rate": 0.0005005622716751143,
    "overall_response_time": 31.01537540248924,
    "weighted_overall_response_time": 4834.805741635284,
    "max_response_time": 0.7110003050000858,
    "avg_response_time": 0.23319831129691154,
    "weighted_avg_response_time": 0.05250113755458057,
    "avg_unavailability": 0.014018621829468269,
    "overall_power_consumption": 1198.7023744517815
  },
  {
    "time": 34200.0,
    "opt": "ClusterLLGAOptimizer",
    "elapsed_time": 212.71957977488637,
    "valid": true,
    "overall_deadline_violation": 0.335392997467729,
    "weighted_overall_deadline_violation": 44.33225857885616,
    "max_deadline_violation": 0.011000056511710432,
    "avg_deadline_violation": 0.002579946134367145,
    "avg_only_violated_deadline": 0.007453177721505087,
    "weighted_avg_deadline_violation": 0.0005126525888322983,
    "weighted_avg_only_violated_deadline": 0.0015884765598202454,
    "deadline_satisfaction": 0.6538461538461539,
    "weighted_deadline_satisfaction": 0.6772677659843402,
    "overall_cost": 334.5970762033224,
    "max_cost": 78.96957592447009,
    "avg_cost": 5.974947789345045,
    "overall_migration_cost": 0.0,
    "max_migration_cost": 0.0,
    "avg_migration_cost": 0.0,
    "migration_rate": 0.0,
    "weighted_migration_rate": 0.0,
    "overall_response_time": 30.728367726949976,
    "weighted_overall_response_time": 4639.186625603825,
    "max_response_time": 0.7109954855061613,
    "avg_response_time": 0.2363720594380768,
    "weighted_avg_response_time": 0.053646962955013484,
    "avg_unavailability": 0.01401862182962424,
    "overall_power_consumption": 1211.990608068018
  },
  {
    "time": 36000.0,
    "opt": "ClusterLLGAOptimizer",
    "elapsed_time": 267.9039205368608,
    "valid": true,
    "overall_deadline_violation": 0.34617247996895734,
    "weighted_overall_deadline_violation": 38.18208441787302,
    "max_deadline_violation": 0.011000626045707396,
    "avg_deadline_violation": 0.0024039755553399824,
    "avg_only_violated_deadline": 0.006923449599379149,
    "weighted_avg_deadline_violation": 0.0004376235857834094,
    "weighted_avg_only_violated_deadline": 0.0016092524659591584,
    "deadline_satisfaction": 0.6527777777777778,
    "weighted_deadline_satisfaction": 0.7280578436009584,
    "overall_cost": 324.57956773024455,
    "max_cost": 80.99681541901721,
    "avg_cost": 5.796063709468651,
    "overall_migration_cost": 9.833287445688153,
    "max_migration_cost": 2.9940049810873375,
    "avg_migration_cost": 1.6388812409480258,
    "migration_rate": 0.10714285714285714,
    "weighted_migration_rate": 0.0024100255203470668,
    "overall_response_time": 30.728011925141974,
    "weighted_overall_response_time": 4490.294577121475,
    "max_response_time": 0.7109992856274885,
    "avg_response_time": 0.21338897170237475,
    "weighted_avg_response_time": 0.051465467221686205,
    "avg_unavailability": 0.014018620208402303,
    "overall_power_consumption": 1222.5511190671923
  },
  {
    "time": 37800.0,
    "opt": "ClusterLLGAOptimizer",
    "elapsed_time": 203.61698990687728,
    "valid": true,
    "overall_deadline_violation": 0.2785281833865857,
    "weighted_overall_deadline_violation": 40.73799405375153,
    "max_deadline_violation": 0.01100014955409348,
    "avg_deadline_violation": 0.002126169338828899,
    "avg_only_violated_deadline": 0.006793370326502092,
    "weighted_avg_deadline_violation": 0.0004908130119075442,
    "weighted_avg_only_violated_deadline": 0.0015763159989789508,
    "deadline_satisfaction": 0.6870229007633588,
    "weighted_deadline_satisfaction": 0.6886328551981548,
    "overall_cost": 312.7778032983699,
    "max_cost": 72.00986092845922,
    "avg_cost": 5.487329882427542,
    "overall_migration_cost": 1.1392437584601143,
    "max_migration_cost": 1.1392437584601143,
    "avg_migration_cost": 1.1392437584601143,
    "migration_rate": 0.017543859649122806,
    "weighted_migration_rate": 0.00022774013013653107,
    "overall_response_time": 28.606380237860154,
    "weighted_overall_response_time": 4381.4511957631785,
    "max_response_time": 0.7109994802890743,
    "avg_response_time": 0.2183693147928256,
    "weighted_avg_response_time": 0.05278790249419264,
    "avg_unavailability": 0.014018620208287027,
    "overall_power_consumption": 1187.1598767040966
  },
  {
    "time": 39600.0,
    "opt": "ClusterLLGAOptimizer",
    "elapsed_time": 239.42461140686646,
    "valid": true,
    "overall_deadline_violation": 0.2587987627096472,
    "weighted_overall_deadline_violation": 26.52247742246465,
    "max_deadline_violation": 0.01100062705804472,
    "avg_deadline_violation": 0.0020218653336691187,
    "avg_only_violated_deadline": 0.006312164944137736,
    "weighted_avg_deadline_violation": 0.000373477406366928,
    "weighted_avg_only_violated_deadline": 0.001955806483785235,
    "deadline_satisfaction": 0.6796875,
    "weighted_deadline_satisfaction": 0.8090417382991256,
    "overall_cost": 275.2528050402682,
    "max_cost": 61.26860615498608,
    "avg_cost": 4.665301780343529,
    "overall_migration_cost": 17.944488553091993,
    "max_migration_cost": 11.244194147313246,
    "avg_migration_cost": 2.9907480921819984,
    "migration_rate": 0.1016949152542373,
    "weighted_migration_rate": 0.0017954458090264406,
    "overall_response_time": 33.03065646865081,
    "weighted_overall_response_time": 3769.709295128473,
    "max_response_time": 0.7110003037636883,
    "avg_response_time": 0.25805200366133463,
    "weighted_avg_response_time": 0.05308332354764806,
    "avg_unavailability": 0.014018620199220776,
    "overall_power_consumption": 1200.9643371158297
  },
  {
    "time": 41400.0,
    "opt": "ClusterLLGAOptimizer",
    "elapsed_time": 204.3419711641036,
    "valid": true,
    "overall_deadline_violation": 0.26334420475667447,
    "weighted_overall_deadline_violation": 37.41419121164209,
    "max_deadline_violation": 0.011000305000083976,
    "avg_deadline_violation": 0.001995031854217231,
    "avg_only_violated_deadline": 0.007315116798796515,
    "weighted_avg_deadline_violation": 0.0005223092656296468,
    "weighted_avg_only_violated_deadline": 0.002790031894163592,
    "deadline_satisfaction": 0.7272727272727273,
    "weighted_deadline_satisfaction": 0.8127945179686823,
    "overall_cost": 278.3222359405357,
    "max_cost": 63.66376744401238,
    "avg_cost": 4.717326032890436,
    "overall_migration_cost": 0.0,
    "max_migration_cost": 0.0,
    "avg_migration_cost": 0.0,
    "migration_rate": 0.0,
    "weighted_migration_rate": 0.0,
    "overall_response_time": 30.458619850182533,
    "weighted_overall_response_time": 3733.4710983429213,
    "max_response_time": 0.711000305000084,
    "avg_response_time": 0.2307471200771403,
    "weighted_avg_response_time": 0.05211997064413934,
    "avg_unavailability": 0.014018620199220776,
    "overall_power_consumption": 1210.9741668717902
  },
  {
    "time": 43200.0,
    "opt": "ClusterLLGAOptimizer",
    "elapsed_time": 247.46596340602264,
    "valid": true,
    "overall_deadline_violation": 0.3031011509604017,
    "weighted_overall_deadline_violation": 49.86124343317644,
    "max_deadline_violation": 0.011000624700481576,
    "avg_deadline_violation": 0.0023315473150800135,
    "avg_only_violated_deadline": 0.006888662521827313,
    "weighted_avg_deadline_violation": 0.0005317014201005601,
    "weighted_avg_only_violated_deadline": 0.001597253381054194,
    "deadline_satisfaction": 0.6615384615384615,
    "weighted_deadline_satisfaction": 0.6671151700742466,
    "overall_cost": 330.76771202787154,
    "max_cost": 82.97646615267814,
    "avg_cost": 6.12532800051614,
    "overall_migration_cost": 15.770863477222345,
    "max_migration_cost": 12.207542205301575,
    "avg_migration_cost": 3.9427158693055864,
    "migration_rate": 0.07407407407407407,
    "weighted_migration_rate": 0.0008753319555064319,
    "overall_response_time": 31.003707538491913,
    "weighted_overall_response_time": 4998.720688989034,
    "max_response_time": 0.7110001949941612,
    "avg_response_time": 0.23849005798839945,
    "weighted_avg_response_time": 0.05330446467071191,
    "avg_unavailability": 0.0140186202604138,
    "overall_power_consumption": 1160.800058433578
  },
  {
    "time": 45000.0,
    "opt": "ClusterLLGAOptimizer",
    "elapsed_time": 215.09107882715762,
    "valid": true,
    "overall_deadline_violation": 0.2539424865575358,
    "weighted_overall_deadline_violation": 41.226031423192254,
    "max_deadline_violation": 0.011000322000000312,
    "avg_deadline_violation": 0.002015416559980443,
    "avg_only_violated_deadline": 0.006863310447500968,
    "weighted_avg_deadline_violation": 0.0006028339432688152,
    "weighted_avg_only_violated_deadline": 0.0026488219401253786,
    "deadline_satisfaction": 0.7063492063492064,
    "weighted_deadline_satisfaction": 0.7724143196879897,
    "overall_cost": 277.893359516386,
    "max_cost": 55.35110418642831,
    "avg_cost": 5.14617332437752,
    "overall_migration_cost": 0.0,
    "max_migration_cost": 0.0,
    "avg_migration_cost": 0.0,
    "migration_rate": 0.0,
    "weighted_migration_rate": 0.0,
    "overall_response_time": 24.448888047169838,
    "weighted_overall_response_time": 3518.3546637041645,
    "max_response_time": 0.7110003009586658,
    "avg_response_time": 0.19403879402515745,
    "weighted_avg_response_time": 0.05144767862729131,
    "avg_unavailability": 0.0140186202604138,
    "overall_power_consumption": 1208.7176992917107
  },
  {
    "time": 46800.0,
    "opt": "ClusterLLGAOptimizer",
    "elapsed_time": 258.8644358771853,
    "valid": true,
    "overall_deadline_violation": 0.22596119406043938,
    "weighted_overall_deadline_violation": 44.105259334274194,
    "max_deadline_violation": 0.011000322000000284,
    "avg_deadline_violation": 0.0018674478847970199,
    "avg_only_violated_deadline": 0.006107059298930793,
    "weighted_avg_deadline_violation": 0.0005398145952614039,
    "weighted_avg_only_violated_deadline": 0.0021595794172615053,
    "deadline_satisfaction": 0.6942148760330579,
    "weighted_deadline_satisfaction": 0.7500371642058316,
    "overall_cost": 309.64312359619385,
    "max_cost": 77.13633419306255,
    "avg_cost": 5.248188535528708,
    "overall_migration_cost": 238.18746120756805,
    "max_migration_cost": 219.67841792207562,
    "avg_migration_cost": 26.46527346750756,
    "migration_rate": 0.15254237288135594,
    "weighted_migration_rate": 0.003671185856837993,
    "overall_response_time": 28.05202849640001,
    "weighted_overall_response_time": 4250.093661108487,
    "max_response_time": 0.7110003050000678,
    "avg_response_time": 0.2318349462512397,
    "weighted_avg_response_time": 0.05201789138356718,
    "avg_unavailability": 0.014018620224628521,
    "overall_power_consumption": 1199.475854328305
  },
  {
    "time": 48600.0,
    "opt": "ClusterLLGAOptimizer",
    "elapsed_time": 207.58748680213466,
    "valid": true,
    "overall_deadline_violation": 0.32111295592168815,
    "weighted_overall_deadline_violation": 40.31659217154501,
    "max_deadline_violation": 0.011000305000085753,
    "avg_deadline_violation": 0.0024143831272307376,
    "avg_only_violated_deadline": 0.007467743160969492,
    "weighted_avg_deadline_violation": 0.000521160643503508,
    "weighted_avg_only_violated_deadline": 0.002057665924847785,
    "deadline_satisfaction": 0.6766917293233082,
    "weighted_deadline_satisfaction": 0.7467224211617051,
    "overall_cost": 298.8721614055513,
    "max_cost": 64.88552688586003,
    "avg_cost": 5.0656298543313785,
    "overall_migration_cost": 0.8026032496139459,
    "max_migration_cost": 0.8026032496139459,
    "avg_migration_cost": 0.8026032496139459,
    "migration_rate": 0.01694915254237288,
    "weighted_migration_rate": 0.0004892436906337404,
    "overall_response_time": 32.37998318141,
    "weighted_overall_response_time": 4019.670584744755,
    "max_response_time": 0.7110003050000858,
    "avg_response_time": 0.24345852016097744,
    "weighted_avg_response_time": 0.051961090850735435,
    "avg_unavailability": 0.01401861859440841,
    "overall_power_consumption": 1214.4127576157796
  },
  {
    "time": 50400.0,
    "opt": "ClusterLLGAOptimizer",
    "elapsed_time": 268.4972275281325,
    "valid": true,
    "overall_deadline_violation": 0.3042890247512797,
    "weighted_overall_deadline_violation": 34.90834649664547,
    "max_deadline_violation": 0.011000166016551599,
    "avg_deadline_violation": 0.0022878874041449594,
    "avg_only_violated_deadline": 0.006915659653438173,
    "weighted_avg_deadline_violation": 0.00044423931810392534,
    "weighted_avg_only_violated_deadline": 0.0014277561167737748,
    "deadline_satisfaction": 0.6691729323308271,
    "weighted_deadline_satisfaction": 0.6888549011383336,
    "overall_cost": 295.11432737379016,
    "max_cost": 68.65328297764954,
    "avg_cost": 5.568194856109249,
    "overall_migration_cost": 19.380369301293946,
    "max_migration_cost": 17.602,
    "avg_migration_cost": 4.8450923253234865,
    "migration_rate": 0.07547169811320754,
    "weighted_migration_rate": 0.002511135808128279,
    "overall_response_time": 29.29161494116712,
    "weighted_overall_response_time": 3954.104843784158,
    "max_response_time": 0.7109987501301636,
    "avg_response_time": 0.22023770632456457,
    "weighted_avg_response_time": 0.050319451243068775,
    "avg_unavailability": 0.014019010248101368,
    "overall_power_consumption": 1182.7181934351697
  },
  {
    "time": 52200.0,
    "opt": "ClusterLLGAOptimizer",
    "elapsed_time": 224.58448198297992,
    "valid": true,
    "overall_deadline_violation": 0.3551026726958595,
    "weighted_overall_deadline_violation": 54.30554072145384,
    "max_deadline_violation": 0.010999658123956674,
    "avg_deadline_violation": 0.002554695487020571,
    "avg_only_violated_deadline": 0.007246993320323661,
    "weighted_avg_deadline_violation": 0.0006015640665968136,
    "weighted_avg_only_violated_deadline": 0.0018237170907397901,
    "deadline_satisfaction": 0.6474820143884892,
    "weighted_deadline_satisfaction": 0.6701439770174062,
    "overall_cost": 334.5454571713518,
    "max_cost": 78.09191148469979,
    "avg_cost": 6.4335664840644595,
    "overall_migration_cost": 1.3927396251205222,
    "max_migration_cost": 1.3927396251205222,
    "avg_migration_cost": 1.3927396251205222,
    "migration_rate": 0.019230769230769232,
    "weighted_migration_rate": 0.00038190697038169443,
    "overall_response_time": 28.893549997796505,
    "weighted_overall_response_time": 4574.839801129619,
    "max_response_time": 0.7109970483360546,
    "avg_response_time": 0.20786726617119777,
    "weighted_avg_response_time": 0.05067731944540363,
    "avg_unavailability": 0.014019008667033863,
    "overall_power_consumption": 1208.00267955471
  },
  {
    "time": 54000.0,
    "opt": "ClusterLLGAOptimizer",
    "elapsed_time": 257.18465634807944,
    "valid": true,
    "overall_deadline_violation": 0.38746176769224516,
    "weighted_overall_deadline_violation": 54.5982445288308,
    "max_deadline_violation": 0.011000217830531983,
    "avg_deadline_violation": 0.0027675840549446088,
    "avg_only_violated_deadline": 0.007310599390419722,
    "weighted_avg_deadline_violation": 0.0007112959268271062,
    "weighted_avg_only_violated_deadline": 0.001959746453677972,
    "deadline_satisfaction": 0.6214285714285714,
    "weighted_deadline_satisfaction": 0.6370469631455768,
    "overall_cost": 295.02561469402485,
    "max_cost": 66.21706224279106,
    "avg_cost": 5.46343730914861,
    "overall_migration_cost": 179.711330475813,
    "max_migration_cost": 161.84228122599723,
    "avg_migration_cost": 22.463916309476627,
    "migration_rate": 0.14814814814814814,
    "weighted_migration_rate": 0.0034833478181518743,
    "overall_response_time": 33.46644074853038,
    "weighted_overall_response_time": 3882.0593107826576,
    "max_response_time": 0.7109963829418714,
    "avg_response_time": 0.23904600534664575,
    "weighted_avg_response_time": 0.050574757472336626,
    "avg_unavailability": 0.014018833244333666,
    "overall_power_consumption": 1187.1212270541048
  },
  {
    "time": 55800.0,
    "opt": "ClusterLLGAOptimizer",
    "elapsed_time": 214.45332712633535,
    "valid": true,
    "overall_deadline_violation": 0.29069856889185275,
    "weighted_overall_deadline_violation": 24.223733688377482,
    "max_deadline_violation": 0.011000609605914757,
    "avg_deadline_violation": 0.0022022618855443384,
    "avg_only_violated_deadline": 0.007267464222296317,
    "weighted_avg_deadline_violation": 0.00034580369734238837,
    "weighted_avg_only_violated_deadline": 0.001788829651871907,
    "deadline_satisfaction": 0.696969696969697,
    "weighted_deadline_satisfaction": 0.8066871840029458,
    "overall_cost": 287.96544181781326,
    "max_cost": 65.8919522447654,
    "avg_cost": 5.1422400324609505,
    "overall_migration_cost": 2.5892967853347577,
    "max_migration_cost": 1.3938605385742933,
    "avg_migration_cost": 1.2946483926673789,
    "migration_rate": 0.03571428571428571,
    "weighted_migration_rate": 0.0005381905246328003,
    "overall_response_time": 29.141869832218205,
    "weighted_overall_response_time": 3517.509289389224,
    "max_response_time": 0.7109962864308851,
    "avg_response_time": 0.2207717411531684,
    "weighted_avg_response_time": 0.050213882523427913,
    "avg_unavailability": 0.014018616773314674,
    "overall_power_consumption": 1228.4273905321393
  },
  {
    "time": 57600.0,
    "opt": "ClusterLLGAOptimizer",
    "elapsed_time": 263.44213407021016,
    "valid": true,
    "overall_deadline_violation": 0.2750018931882016,
    "weighted_overall_deadline_violation": 37.67745288549075,
    "max_deadline_violation": 0.011000321929576756,
    "avg_deadline_violation": 0.0020992510930397065,
    "avg_only_violated_deadline": 0.006111153181960035,
    "weighted_avg_deadline_violation": 0.0005017604006097827,
    "weighted_avg_only_violated_deadline": 0.0018377845269859695,
    "deadline_satisfaction": 0.6564885496183206,
    "weighted_deadline_satisfaction": 0.7269753917056379,
    "overall_cost": 296.637403050851,
    "max_cost": 72.87413290300196,
    "avg_cost": 5.204164965804404,
    "overall_migration_cost": 7.253108528179524,
    "max_migration_cost": 1.7633390111601062,
    "avg_migration_cost": 1.2088514213632542,
    "migration_rate": 0.10526315789473684,
    "weighted_migration_rate": 0.0016615001901862775,
    "overall_response_time": 32.55622669781567,
    "weighted_overall_response_time": 3799.2333537036716,
    "max_response_time": 0.7110003006955679,
    "avg_response_time": 0.24852081448714256,
    "weighted_avg_response_time": 0.050595374781783706,
    "avg_unavailability": 0.014019012180128033,
    "overall_power_consumption": 1216.0393406485055
  },
  {
    "time": 59400.0,
    "opt": "ClusterLLGAOptimizer",
    "elapsed_time": 228.9081293279305,
    "valid": true,
    "overall_deadline_violation": 0.27925125511087734,
    "weighted_overall_deadline_violation": 42.3442866952335,
    "max_deadline_violation": 0.011000630000123746,
    "avg_deadline_violation": 0.0021816504305537288,
    "avg_only_violated_deadline": 0.006981281377771933,
    "weighted_avg_deadline_violation": 0.0005329447764760157,
    "weighted_avg_only_violated_deadline": 0.0013931121862409506,
    "deadline_satisfaction": 0.6875,
    "weighted_deadline_satisfaction": 0.6174430302601357,
    "overall_cost": 307.4569886176561,
    "max_cost": 77.11662275844928,
    "avg_cost": 5.49030336817243,
    "overall_migration_cost": 0.0,
    "max_migration_cost": 0.0,
    "avg_migration_cost": 0.0,
    "migration_rate": 0.0,
    "weighted_migration_rate": 0.0,
    "overall_response_time": 30.5423188368792,
    "weighted_overall_response_time": 4144.776712019114,
    "max_response_time": 0.7110001763783754,
    "avg_response_time": 0.23861186591311867,
    "weighted_avg_response_time": 0.05216611899093983,
    "avg_unavailability": 0.014019012180243309,
    "overall_power_consumption": 1179.6434313551615
  },
  {
    "time": 61200.0,
    "opt": "ClusterLLGAOptimizer",
    "elapsed_time": 255.82681531086564,
    "valid": true,
    "overall_deadline_violation": 0.28751108658951285,
    "weighted_overall_deadline_violation": 50.43959281149009,
    "max_deadline_violation": 0.011000630000124967,
    "avg_deadline_violation": 0.002211623742996252,
    "avg_only_violated_deadline": 0.006686304339290997,
    "weighted_avg_deadline_violation": 0.0006786077014389176,
    "weighted_avg_only_violated_deadline": 0.002026542259256003,
    "deadline_satisfaction": 0.6692307692307692,
    "weighted_deadline_satisfaction": 0.6651401181793993,
    "overall_cost": 285.40961009228477,
    "max_cost": 60.04789610820616,
    "avg_cost": 5.285363149857124,
    "overall_migration_cost": 101.04880911944653,
    "max_migration_cost": 88.001,
    "avg_migration_cost": 20.209761823889306,
    "migration_rate": 0.09259259259259259,
    "weighted_migration_rate": 0.0026568745776777477,
    "overall_response_time": 29.74790226393794,
    "weighted_overall_response_time": 3673.637294019712,
    "max_response_time": 0.7110003049866439,
    "avg_response_time": 0.22883001741490738,
    "weighted_avg_response_time": 0.04942463689847845,
    "avg_unavailability": 0.014019010706176234,
    "overall_power_consumption": 1177.4871043511118
  },
  {
    "time": 63000.0,
    "opt": "ClusterLLGAOptimizer",
    "elapsed_time": 203.50564536312595,
    "valid": true,
    "overall_deadline_violation": 0.21816286888183944,
    "weighted_overall_deadline_violation": 27.603979471466182,
    "max_deadline_violation": 0.011000321998481749,
    "avg_deadline_violation": 0.0017736818608279626,
    "avg_only_violated_deadline": 0.006610996026722406,
    "weighted_avg_deadline_violation": 0.0003436117152558129,
    "weighted_avg_only_violated_deadline": 0.0012707525069165211,
    "deadline_satisfaction": 0.7317073170731707,
    "weighted_deadline_satisfaction": 0.7295998131929041,
    "overall_cost": 302.0646157215943,
    "max_cost": 73.19107055840568,
    "avg_cost": 5.593789180029524,
    "overall_migration_cost": 0.0,
    "max_migration_cost": 0.0,
    "avg_migration_cost": 0.0,
    "migration_rate": 0.0,
    "weighted_migration_rate": 0.0,
    "overall_response_time": 28.01763585619082,
    "weighted_overall_response_time": 4028.4698803409315,
    "max_response_time": 0.7110001365361176,
    "avg_response_time": 0.22778565736740503,
    "weighted_avg_response_time": 0.05014601053703815,
    "avg_unavailability": 0.014019010706176234,
    "overall_power_consumption": 1196.0755926604663
  },
  {
    "time": 64800.0,
    "opt": "ClusterLLGAOptimizer",
    "elapsed_time": 247.94499685009941,
    "valid": true,
    "overall_deadline_violation": 0.31338539314967545,
    "weighted_overall_deadline_violation": 48.63671058416747,
    "max_deadline_violation": 0.011000313519211519,
    "avg_deadline_violation": 0.002356281151501319,
    "avg_only_violated_deadline": 0.006395620268360722,
    "weighted_avg_deadline_violation": 0.0007206051694319108,
    "weighted_avg_only_violated_deadline": 0.0018484612986336873,
    "deadline_satisfaction": 0.631578947368421,
    "weighted_deadline_satisfaction": 0.6101594499357089,
    "overall_cost": 276.09866872910794,
    "max_cost": 61.80385455636929,
    "avg_cost": 4.930333370162641,
    "overall_migration_cost": 230.3179581696406,
    "max_migration_cost": 214.833203246305,
    "avg_migration_cost": 20.937996197240054,
    "migration_rate": 0.19642857142857142,
    "weighted_migration_rate": 0.0056370365642109095,
    "overall_response_time": 29.94895419988515,
    "weighted_overall_response_time": 3457.8735302097425,
    "max_response_time": 0.7110000732063779,
    "avg_response_time": 0.22518010676605388,
    "weighted_avg_response_time": 0.05123211481991225,
    "avg_unavailability": 0.014019012205651793,
    "overall_power_consumption": 1183.446334108003
  },
  {
    "time": 66600.0,
    "opt": "ClusterLLGAOptimizer",
    "elapsed_time": 200.85138121340424,
    "valid": true,
    "overall_deadline_violation": 0.29229795762652633,
    "weighted_overall_deadline_violation": 37.7937188353147,
    "max_deadline_violation": 0.011000251041059061,
    "avg_deadline_violation": 0.0021977290047107247,
    "avg_only_violated_deadline": 0.006959475181583963,
    "weighted_avg_deadline_violation": 0.0005651016818451982,
    "weighted_avg_only_violated_deadline": 0.0015739608186106364,
    "deadline_satisfaction": 0.6842105263157895,
    "weighted_deadline_satisfaction": 0.6409683931369885,
    "overall_cost": 276.8967298200153,
    "max_cost": 58.448213454572006,
    "avg_cost": 5.034485996727551,
    "overall_migration_cost": 0.0,
    "max_migration_cost": 0.0,
    "avg_migration_cost": 0.0,
    "migration_rate": 0.0,
    "weighted_migration_rate": 0.0,
    "overall_response_time": 28.512166974017266,
    "weighted_overall_response_time": 3389.371377662089,
    "max_response_time": 0.7110001949878587,
    "avg_response_time": 0.21437719529336294,
    "weighted_avg_response_time": 0.05067877745137684,
    "avg_unavailability": 0.01401901231948314,
    "overall_power_consumption": 1202.029629745133
  },
  {
    "time": 68400.0,
    "opt": "ClusterLLGAOptimizer",
    "elapsed_time": 263.3847534037195,
    "valid": true,
    "overall_deadline_violation": 0.2968545719243789,
    "weighted_overall_deadline_violation": 39.154949288731615,
    "max_deadline_violation": 0.011000321949040354,
    "avg_deadline_violation": 0.0023011982319719295,
    "avg_only_violated_deadline": 0.006596768264986197,
    "weighted_avg_deadline_violation": 0.0005620926064939309,
    "weighted_avg_only_violated_deadline": 0.0016997468211405187,
    "deadline_satisfaction": 0.6511627906976745,
    "weighted_deadline_satisfaction": 0.6693080407605818,
    "overall_cost": 272.24370630504814,
    "max_cost": 65.60074335756941,
    "avg_cost": 5.444874126100964,
    "overall_migration_cost": 129.17761289095796,
    "max_migration_cost": 113.07052972259918,
    "avg_migration_cost": 12.917761289095795,
    "migration_rate": 0.2,
    "weighted_migration_rate": 0.005476548766859729,
    "overall_response_time": 23.74828665073237,
    "weighted_overall_response_time": 3547.0045269228417,
    "max_response_time": 0.7110001950000858,
    "avg_response_time": 0.18409524535451427,
    "weighted_avg_response_time": 0.05091936156223325,
    "avg_unavailability": 0.014019140538125686,
    "overall_power_consumption": 1146.3757927567847
  },
  {
    "time": 70200.0,
    "opt": "ClusterLLGAOptimizer",
    "elapsed_time": 228.63560201227665,
    "valid": true,
    "overall_deadline_violation": 0.32169480895103886,
    "weighted_overall_deadline_violation": 39.39529347632642,
    "max_deadline_violation": 0.010999978285494844,
    "avg_deadline_violation": 0.0024007075294853655,
    "avg_only_violated_deadline": 0.007659400213119972,
    "weighted_avg_deadline_violation": 0.0006668692173601622,
    "weighted_avg_only_violated_deadline": 0.002375923651859932,
    "deadline_satisfaction": 0.6865671641791045,
    "weighted_deadline_satisfaction": 0.7193221184367098,
    "overall_cost": 254.08906676781,
    "max_cost": 55.694309741743034,
    "avg_cost": 5.0817813353562,
    "overall_migration_cost": 0.0,
    "max_migration_cost": 0.0,
    "avg_migration_cost": 0.0,
    "migration_rate": 0.0,
    "weighted_migration_rate": 0.0,
    "overall_response_time": 27.349509157497625,
    "weighted_overall_response_time": 2951.8413929228427,
    "max_response_time": 0.7109945366625284,
    "avg_response_time": 0.20410081460819127,
    "weighted_avg_response_time": 0.04996769882302564,
    "avg_unavailability": 0.014019140538125686,
    "overall_power_consumption": 1187.4862028475127
  },
  {
    "time": 72000.0,
    "opt": "ClusterLLGAOptimizer",
    "elapsed_time": 279.6966862841509,
    "valid": true,
    "overall_deadline_violation": 0.37218812397145107,
    "weighted_overall_deadline_violation": 52.11681897229499,
    "max_deadline_violation": 0.011000241395048516,
    "avg_deadline_violation": 0.002777523313219783,
    "avg_only_violated_deadline": 0.00689237266613798,
    "weighted_avg_deadline_violation": 0.0008116363368206094,
    "weighted_avg_only_violated_deadline": 0.0018569034618810135,
    "deadline_satisfaction": 0.5970149253731343,
    "weighted_deadline_satisfaction": 0.5629087060894191,
    "overall_cost": 253.83425455916,
    "max_cost": 68.251303901834,
    "avg_cost": 4.977142246258039,
    "overall_migration_cost": 226.0635455411692,
    "max_migration_cost": 193.25324324258753,
    "avg_migration_cost": 16.147396110083513,
    "migration_rate": 0.27450980392156865,
    "weighted_migration_rate": 0.006699799131046535,
    "overall_response_time": 30.010852023032882,
    "weighted_overall_response_time": 3265.757684769903,
    "max_response_time": 0.7109997671852324,
    "avg_response_time": 0.22396158226143942,
    "weighted_avg_response_time": 0.050858967536361835,
    "avg_unavailability": 0.014030101595428862,
    "overall_power_consumption": 1130.0715765609805
  },
  {
    "time": 73800.0,
    "opt": "ClusterLLGAOptimizer",
    "elapsed_time": 222.30352258402854,
    "valid": true,
    "overall_deadline_violation": 0.28086068871270237,
    "weighted_overall_deadline_violation": 29.067837101132117,
    "max_deadline_violation": 0.011000629797121242,
    "avg_deadline_violation": 0.0022115014859267904,
    "avg_only_violated_deadline": 0.007201556120838522,
    "weighted_avg_deadline_violation": 0.0004301459601552446,
    "weighted_avg_only_violated_deadline": 0.001150025487373727,
    "deadline_satisfaction": 0.6929133858267716,
    "weighted_deadline_satisfaction": 0.6259683242868351,
    "overall_cost": 278.7579569517574,
    "max_cost": 67.15316134817533,
    "avg_cost": 5.465842293171715,
    "overall_migration_cost": 1.5980732862417169,
    "max_migration_cost": 1.5980732862417169,
    "avg_migration_cost": 1.5980732862417169,
    "migration_rate": 0.0196078431372549,
    "weighted_migration_rate": 0.00027879515531148544,
    "overall_response_time": 27.396664258715113,
    "weighted_overall_response_time": 3619.294624140649,
    "max_response_time": 0.7109990430688385,
    "avg_response_time": 0.2157217658166546,
    "weighted_avg_response_time": 0.053558335137534524,
    "avg_unavailability": 0.014030101595428862,
    "overall_power_consumption": 1164.2350553602719
  },
  {
    "time": 75600.0,
    "opt": "ClusterLLGAOptimizer",
    "elapsed_time": 291.91672835405916,
    "valid": true,
    "overall_deadline_violation": 0.2897091134055196,
    "weighted_overall_deadline_violation": 36.24487357908275,
    "max_deadline_violation": 0.011000322000000284,
    "avg_deadline_violation": 0.0021947660106478766,
    "avg_only_violated_deadline": 0.006298024204467818,
    "weighted_avg_deadline_violation": 0.0005950357881489763,
    "weighted_avg_only_violated_deadline": 0.0017000434865933132,
    "deadline_satisfaction": 0.6515151515151515,
    "weighted_deadline_satisfaction": 0.6499879015792955,
    "overall_cost": 244.1057067429422,
    "max_cost": 50.64328695295605,
    "avg_cost": 4.520476050795226,
    "overall_migration_cost": 102.34126086506114,
    "max_migration_cost": 88.001,
    "avg_migration_cost": 9.30375098773283,
    "migration_rate": 0.2037037037037037,
    "weighted_migration_rate": 0.00666018554639971,
    "overall_response_time": 28.406606219005933,
    "weighted_overall_response_time": 3133.4082969048627,
    "max_response_time": 0.7109998274959091,
    "avg_response_time": 0.21520156226519654,
    "weighted_avg_response_time": 0.05144148375833595,
    "avg_unavailability": 0.014019135219405638,
    "overall_power_consumption": 1137.5066370782606
  },
  {
    "time": 77400.0,
    "opt": "ClusterLLGAOptimizer",
    "elapsed_time": 249.22832627221942,
    "valid": true,
    "overall_deadline_violation": 0.27833015530801997,
    "weighted_overall_deadline_violation": 48.5912212909597,
    "max_deadline_violation": 0.011000304892931578,
    "avg_deadline_violation": 0.0021575981031629454,
    "avg_only_violated_deadline": 0.007324477771263685,
    "weighted_avg_deadline_violation": 0.0006924669476961673,
    "weighted_avg_only_violated_deadline": 0.0016110922625054498,
    "deadline_satisfaction": 0.7054263565891473,
    "weighted_deadline_satisfaction": 0.5701879005865905,
    "overall_cost": 279.66576490209263,
    "max_cost": 78.0885901625872,
    "avg_cost": 5.178995646335048,
    "overall_migration_cost": 1.6060847858009892,
    "max_migration_cost": 1.6060847858009892,
    "avg_migration_cost": 1.6060847858009892,
    "migration_rate": 0.018518518518518517,
    "weighted_migration_rate": 0.0002712363540353658,
    "overall_response_time": 26.823503606414285,
    "weighted_overall_response_time": 3610.4132529792087,
    "max_response_time": 0.7110003048929316,
    "avg_response_time": 0.20793413648383155,
    "weighted_avg_response_time": 0.05145151282043284,
    "avg_unavailability": 0.014019135183673405,
    "overall_power_consumption": 1159.9595793285448
  },
  {
    "time": 79200.0,
    "opt": "ClusterLLGAOptimizer",
    "elapsed_time": 274.5298721799627,
    "valid": true,
    "overall_deadline_violation": 0.27428169240201355,
    "weighted_overall_deadline_violation": 49.69332762703115,
    "max_deadline_violation": 0.011000321983632905,
    "avg_deadline_violation": 0.002016777150014806,
    "avg_only_violated_deadline": 0.006378644009349153,
    "weighted_avg_deadline_violation": 0.0007678831066725211,
    "weighted_avg_only_violated_deadline": 0.002030544495318794,
    "deadline_satisfaction": 0.6838235294117647,
    "weighted_deadline_satisfaction": 0.6218338931046352,
    "overall_cost": 262.5273383194952,
    "max_cost": 58.07336583123101,
    "avg_cost": 4.861617376286948,
    "overall_migration_cost": 17.466374805959795,
    "max_migration_cost": 13.513999448537836,
    "avg_migration_cost": 3.4932749611919593,
    "migration_rate": 0.09259259259259259,
    "weighted_migration_rate": 0.0013456545967941702,
    "overall_response_time": 27.518707723726436,
    "weighted_overall_response_time": 3217.900022054301,
    "max_response_time": 0.7109987053950833,
    "avg_response_time": 0.20234343914504738,
    "weighted_avg_response_time": 0.04972440333322583,
    "avg_unavailability": 0.014019135184619542,
    "overall_power_consumption": 1181.3117970002754
  },
  {
    "time": 81000.0,
    "opt": "ClusterLLGAOptimizer",
    "elapsed_time": 235.46568632684648,
    "valid": true,
    "overall_deadline_violation": 0.3037207161739766,
    "weighted_overall_deadline_violation": 30.698399232050356,
    "max_deadline_violation": 0.011000629923232363,
    "avg_deadline_violation": 0.0023184787494196692,
    "avg_only_violated_deadline": 0.007407822345706748,
    "weighted_avg_deadline_violation": 0.0004877428564483285,
    "weighted_avg_only_violated_deadline": 0.0015168580931487056,
    "deadline_satisfaction": 0.6870229007633588,
    "weighted_deadline_satisfaction": 0.6784518877201835,
    "overall_cost": 267.78299701417774,
    "max_cost": 51.10433151812551,
    "avg_cost": 5.052509377625993,
    "overall_migration_cost": 0.8030234053738758,
    "max_migration_cost": 0.8030234053738758,
    "avg_migration_cost": 0.8030234053738758,
    "migration_rate": 0.018867924528301886,
    "weighted_migration_rate": 0.000169194833746139,
    "overall_response_time": 27.886843133422886,
    "weighted_overall_response_time": 3326.1072845056733,
    "max_response_time": 0.7109946558536876,
    "avg_response_time": 0.21287666514063278,
    "weighted_avg_response_time": 0.05284591732407531,
    "avg_unavailability": 0.014019135185580935,
    "overall_power_consumption": 1191.4709787071117
  },
  {
    "time": 82800.0,
    "opt": "ClusterLLGAOptimizer",
    "elapsed_time": 277.6991094960831,
    "valid": true,
    "overall_deadline_violation": 0.16785846512668512,
    "weighted_overall_deadline_violation": 35.20501168062405,
    "max_deadline_violation": 0.011000630000125078,
    "avg_deadline_violation": 0.001422529365480383,
    "avg_only_violated_deadline": 0.00479595614647672,
    "weighted_avg_deadline_violation": 0.0005293350436254558,
    "weighted_avg_only_violated_deadline": 0.0013117042337455964,
    "deadline_satisfaction": 0.7033898305084746,
    "weighted_deadline_satisfaction": 0.5964524395000775,
    "overall_cost": 271.1913549015715,
    "max_cost": 71.40041242589359,
    "avg_cost": 5.022062127806879,
    "overall_migration_cost": 14.827470763663493,
    "max_migration_cost": 6.576833339259125,
    "avg_migration_cost": 2.118210109094785,
    "migration_rate": 0.12962962962962962,
    "weighted_migration_rate": 0.0016747419303771163,
    "overall_response_time": 24.830549124652883,
    "weighted_overall_response_time": 3498.6569758581845,
    "max_response_time": 0.7109921357687572,
    "avg_response_time": 0.2104283824123125,
    "weighted_avg_response_time": 0.052605059749651226,
    "avg_unavailability": 0.014019010625769514,
    "overall_power_consumption": 1157.1015654347098
  },
  {
    "time": 84600.0,
    "opt": "ClusterLLGAOptimizer",
    "elapsed_time": 241.6252957279794,
    "valid": true,
    "overall_deadline_violation": 0.292784786471621,
    "weighted_overall_deadline_violation": 42.792869311094634,
    "max_deadline_violation": 0.011000630000124967,
    "avg_deadline_violation": 0.002287381144309539,
    "avg_only_violated_deadline": 0.007319619661790525,
    "weighted_avg_deadline_violation": 0.0006817675455790744,
    "weighted_avg_only_violated_deadline": 0.0014404533706935403,
    "deadline_satisfaction": 0.6875,
    "weighted_deadline_satisfaction": 0.5266993299124837,
    "overall_cost": 267.0280538731194,
    "max_cost": 78.37662063784477,
    "avg_cost": 4.944963960613323,
    "overall_migration_cost": 0.0,
    "max_migration_cost": 0.0,
    "avg_migration_cost": 0.0,
    "migration_rate": 0.0,
    "weighted_migration_rate": 0.0,
    "overall_response_time": 29.625705526119404,
    "weighted_overall_response_time": 3245.804288853394,
    "max_response_time": 0.7109976111855323,
    "avg_response_time": 0.23145082442280787,
    "weighted_avg_response_time": 0.05171151313445327,
    "avg_unavailability": 0.014019010625769514,
    "overall_power_consumption": 1162.1056375248522
  }
]