[
  {
    "time": 0.0,
    "opt": "ClusterLLGAOptimizer",
    "elapsed_time": 58.3956432081759,
    "valid": true,
    "overall_deadline_violation": 0.3110255008317818,
    "weighted_overall_deadline_violation": 223.03602252222385,
    "max_deadline_violation": 0.010200879970479627,
    "avg_deadline_violation": 0.0031737296003243056,
    "avg_only_violated_deadline": 0.008886442880908054,
    "weighted_avg_deadline_violation": 0.0018137986476647935,
    "weighted_avg_only_violated_deadline": 0.009677518528991418,
    "deadline_satisfaction": 0.6428571428571429,
    "weighted_deadline_satisfaction": 0.812576060461046,
    "overall_cost": 379.1466294431783,
    "max_cost": 169.19003270746458,
    "avg_cost": 29.16512534178295,
    "overall_migration_cost": 0.0,
    "max_migration_cost": 0.0,
    "avg_migration_cost": 0.0,
    "migration_rate": 0.0,
    "weighted_migration_rate": 0.0,
    "overall_response_time": 5.727187737378141,
    "weighted_overall_response_time": 3335.2451564861585,
    "max_response_time": 0.2509827093289679,
    "avg_response_time": 0.058440691197736136,
    "weighted_avg_response_time": 0.02712325608237729,
    "avg_unavailability": 0.036170515260999986,
    "overall_power_consumption": 833.5279548281943
  },
  {
    "time": 1800.0,
    "opt": "ClusterLLGAOptimizer",
    "elapsed_time": 52.38446893170476,
    "valid": true,
    "overall_deadline_violation": 0.2722217618690897,
    "weighted_overall_deadline_violation": 228.45132926491374,
    "max_deadline_violation": 0.010200879966413754,
    "avg_deadline_violation": 0.0027222176186908966,
    "avg_only_violated_deadline": 0.00938695730583068,
    "weighted_avg_deadline_violation": 0.0018237282306612134,
    "weighted_avg_only_violated_deadline": 0.009686111458522141,
    "deadline_satisfaction": 0.71,
    "weighted_deadline_satisfaction": 0.8117171954431062,
    "overall_cost": 385.10336854857013,
    "max_cost": 170.1502934064628,
    "avg_cost": 29.6233360421977,
    "overall_migration_cost": 0.0,
    "max_migration_cost": 0.0,
    "avg_migration_cost": 0.0,
    "migration_rate": 0.0,
    "weighted_migration_rate": 0.0,
    "overall_response_time": 5.723305281024084,
    "weighted_overall_response_time": 3430.6060903309085,
    "max_response_time": 0.2509815036821165,
    "avg_response_time": 0.05723305281024084,
    "weighted_avg_response_time": 0.027386547477514126,
    "avg_unavailability": 0.036170515260999986,
    "overall_power_consumption": 832.2646896845465
  },
  {
    "time": 3600.0,
    "opt": "ClusterLLGAOptimizer",
    "elapsed_time": 93.88324814103544,
    "valid": true,
    "overall_deadline_violation": 0.3594320060128838,
    "weighted_overall_deadline_violation": 257.64146911437274,
    "max_deadline_violation": 0.010200879969489984,
    "avg_deadline_violation": 0.0036676735307437135,
    "avg_only_violated_deadline": 0.008168909227565543,
    "weighted_avg_deadline_violation": 0.002075845184107246,
    "weighted_avg_only_violated_deadline": 0.009430138199048425,
    "deadline_satisfaction": 0.5510204081632653,
    "weighted_deadline_satisfaction": 0.7798711810695718,
    "overall_cost": 377.85686850473405,
    "max_cost": 159.81924638141084,
    "avg_cost": 25.190457900315607,
    "overall_migration_cost": 195.03299746406987,
    "max_migration_cost": 85.36496554443013,
    "avg_migration_cost": 48.758249366017466,
    "migration_rate": 0.26666666666666666,
    "weighted_migration_rate": 0.0003044304575403848,
    "overall_response_time": 5.9160476534845134,
    "weighted_overall_response_time": 3397.948600370564,
    "max_response_time": 0.2509803568741929,
    "avg_response_time": 0.060367833198821566,
    "weighted_avg_response_time": 0.02737763940785455,
    "avg_unavailability": 0.027630272411586998,
    "overall_power_consumption": 820.932468991333
  },
  {
    "time": 5400.0,
    "opt": "ClusterLLGAOptimizer",
    "elapsed_time": 65.76028005499393,
    "valid": true,
    "overall_deadline_violation": 0.35103404116693443,
    "weighted_overall_deadline_violation": 229.1129621771187,
    "max_deadline_violation": 0.010200879969912695,
    "avg_deadline_violation": 0.0034080974870576157,
    "avg_only_violated_deadline": 0.007800756470376319,
    "weighted_avg_deadline_violation": 0.0019608369056257464,
    "weighted_avg_only_violated_deadline": 0.009303905296337003,
    "deadline_satisfaction": 0.5631067961165048,
    "weighted_deadline_satisfaction": 0.7892458227839294,
    "overall_cost": 377.7064565894513,
    "max_cost": 148.02198119997942,
    "avg_cost": 25.180430439296753,
    "overall_migration_cost": 0.0,
    "max_migration_cost": 0.0,
    "avg_migration_cost": 0.0,
    "migration_rate": 0.0,
    "weighted_migration_rate": 0.0,
    "overall_response_time": 6.036900835409013,
    "weighted_overall_response_time": 3170.1070484058987,
    "max_response_time": 0.24198167061412515,
    "avg_response_time": 0.058610687722417606,
    "weighted_avg_response_time": 0.027130996152427145,
    "avg_unavailability": 0.027630272411586998,
    "overall_power_consumption": 896.2128242411077
  },
  {
    "time": 7200.0,
    "opt": "ClusterLLGAOptimizer",
    "elapsed_time": 90.1756347483024,
    "valid": true,
    "overall_deadline_violation": 0.32422376092340943,
    "weighted_overall_deadline_violation": 240.06131131079343,
    "max_deadline_violation": 0.010200879969470878,
    "avg_deadline_violation": 0.0031175361627250897,
    "avg_only_violated_deadline": 0.008762804349281334,
    "weighted_avg_deadline_violation": 0.002014847356397258,
    "weighted_avg_only_violated_deadline": 0.009448557271553772,
    "deadline_satisfaction": 0.6442307692307693,
    "weighted_deadline_satisfaction": 0.7867560836548827,
    "overall_cost": 384.6358754758832,
    "max_cost": 162.7035196851381,
    "avg_cost": 22.625639733875488,
    "overall_migration_cost": 2210.1139128998843,
    "max_migration_cost": 1840.5243719237112,
    "avg_migration_cost": 368.3523188166474,
    "migration_rate": 0.35294117647058826,
    "weighted_migration_rate": 0.0026622557950415826,
    "overall_response_time": 6.661598309062333,
    "weighted_overall_response_time": 3216.927343447423,
    "max_response_time": 0.2510006484799814,
    "avg_response_time": 0.06405382989483009,
    "weighted_avg_response_time": 0.02699984232476228,
    "avg_unavailability": 0.020304716365791193,
    "overall_power_consumption": 887.403866062884
  },
  {
    "time": 9000.0,
    "opt": "ClusterLLGAOptimizer",
    "elapsed_time": 94.79540305119008,
    "valid": true,
    "overall_deadline_violation": 0.32202732953478913,
    "weighted_overall_deadline_violation": 206.37315054058965,
    "max_deadline_violation": 0.010200879969125453,
    "avg_deadline_violation": 0.0028002376481286013,
    "avg_only_violated_deadline": 0.008050683238369728,
    "weighted_avg_deadline_violation": 0.001658007131623983,
    "weighted_avg_only_violated_deadline": 0.00933166997047647,
    "deadline_satisfaction": 0.6521739130434783,
    "weighted_deadline_satisfaction": 0.8223247139183466,
    "overall_cost": 426.74365716315776,
    "max_cost": 183.35886505652098,
    "avg_cost": 26.67147857269736,
    "overall_migration_cost": 2.046000017254645,
    "max_migration_cost": 1.331,
    "avg_migration_cost": 1.0230000086273225,
    "migration_rate": 0.125,
    "weighted_migration_rate": 0.0010563328919717518,
    "overall_response_time": 6.7010203380265345,
    "weighted_overall_response_time": 3436.308318750516,
    "max_response_time": 0.2510006484800006,
    "avg_response_time": 0.058269742069795974,
    "weighted_avg_response_time": 0.027607388286813975,
    "avg_unavailability": 0.020955410684703194,
    "overall_power_consumption": 990.9158628587907
  },
  {
    "time": 10800.0,
    "opt": "ClusterLLGAOptimizer",
    "elapsed_time": 103.60351367853582,
    "valid": true,
    "overall_deadline_violation": 0.35943202404387375,
    "weighted_overall_deadline_violation": 278.1070409248953,
    "max_deadline_violation": 0.010200879970856197,
    "avg_deadline_violation": 0.0034896313013968302,
    "avg_only_violated_deadline": 0.008168909637360765,
    "weighted_avg_deadline_violation": 0.0021489678485713914,
    "weighted_avg_only_violated_deadline": 0.0094819609981946,
    "deadline_satisfaction": 0.5728155339805825,
    "weighted_deadline_satisfaction": 0.7733625091918683,
    "overall_cost": 413.23625104757656,
    "max_cost": 170.36928450105847,
    "avg_cost": 25.82726569047354,
    "overall_migration_cost": 8180.322208563207,
    "max_migration_cost": 8023.8312081862805,
    "avg_migration_cost": 2045.0805521408017,
    "migration_rate": 0.25,
    "weighted_migration_rate": 0.0021019193867707502,
    "overall_response_time": 6.479744874170989,
    "weighted_overall_response_time": 3468.775842828011,
    "max_response_time": 0.2510006484800006,
    "avg_response_time": 0.06291014440942709,
    "weighted_avg_response_time": 0.026803664284614823,
    "avg_unavailability": 0.011246649540499004,
    "overall_power_consumption": 905.8269334435354
  },
  {
    "time": 12600.0,
    "opt": "ClusterLLGAOptimizer",
    "elapsed_time": 88.86853813566267,
    "valid": true,
    "overall_deadline_violation": 0.3510340835046274,
    "weighted_overall_deadline_violation": 234.88339928140383,
    "max_deadline_violation": 0.010200879969849294,
    "avg_deadline_violation": 0.0031912189409511564,
    "avg_only_violated_deadline": 0.00780075741121394,
    "weighted_avg_deadline_violation": 0.002050135013452946,
    "weighted_avg_only_violated_deadline": 0.009420092895914367,
    "deadline_satisfaction": 0.5909090909090909,
    "weighted_deadline_satisfaction": 0.7823657328961037,
    "overall_cost": 376.90454488701437,
    "max_cost": 140.20126912152554,
    "avg_cost": 25.126969659134293,
    "overall_migration_cost": 0.4510000000000002,
    "max_migration_cost": 0.4510000000000002,
    "avg_migration_cost": 0.4510000000000002,
    "migration_rate": 0.06666666666666667,
    "weighted_migration_rate": 0.0010502357855564086,
    "overall_response_time": 6.954304805383888,
    "weighted_overall_response_time": 2958.0808466998037,
    "max_response_time": 0.25100064848000053,
    "avg_response_time": 0.06322095277621714,
    "weighted_avg_response_time": 0.02581904525818883,
    "avg_unavailability": 0.019362947730498997,
    "overall_power_consumption": 916.2114042763018
  },
  {
    "time": 14400.0,
    "opt": "ClusterLLGAOptimizer",
    "elapsed_time": 121.51585449185222,
    "valid": true,
    "overall_deadline_violation": 0.3450337465114893,
    "weighted_overall_deadline_violation": 228.98236142389504,
    "max_deadline_violation": 0.010200879975026084,
    "avg_deadline_violation": 0.0032246144533784066,
    "avg_only_violated_deadline": 0.007841676057079305,
    "weighted_avg_deadline_violation": 0.0019510970178721137,
    "weighted_avg_only_violated_deadline": 0.009381488492521782,
    "deadline_satisfaction": 0.5887850467289719,
    "weighted_deadline_satisfaction": 0.7920269241466983,
    "overall_cost": 388.6208885827645,
    "max_cost": 147.07762796812196,
    "avg_cost": 25.90805923885097,
    "overall_migration_cost": 0.0,
    "max_migration_cost": 0.0,
    "avg_migration_cost": 0.0,
    "migration_rate": 0.0,
    "weighted_migration_rate": 0.0,
    "overall_response_time": 6.253147662753198,
    "weighted_overall_response_time": 3133.9776554462883,
    "max_response_time": 0.2419836974351129,
    "avg_response_time": 0.05844063236217943,
    "weighted_avg_response_time": 0.026703779363596896,
    "avg_unavailability": 0.019362947730498997,
    "overall_power_consumption": 927.7762317888785
  },
  {
    "time": 16200.0,
    "opt": "ClusterLLGAOptimizer",
    "elapsed_time": 117.87943692039698,
    "valid": true,
    "overall_deadline_violation": 0.3546342917016095,
    "weighted_overall_deadline_violation": 200.90250512907048,
    "max_deadline_violation": 0.010200879972213181,
    "avg_deadline_violation": 0.0032836508490889753,
    "avg_only_violated_deadline": 0.007880762037813542,
    "weighted_avg_deadline_violation": 0.0018533774128508284,
    "weighted_avg_only_violated_deadline": 0.00941438980901636,
    "deadline_satisfaction": 0.5833333333333334,
    "weighted_deadline_satisfaction": 0.8031335593225803,
    "overall_cost": 359.3156532958317,
    "max_cost": 156.75702776752507,
    "avg_cost": 23.95437688638878,
    "overall_migration_cost": 0.0,
    "max_migration_cost": 0.0,
    "avg_migration_cost": 0.0,
    "migration_rate": 0.0,
    "weighted_migration_rate": 0.0,
    "overall_response_time": 6.616807027538357,
    "weighted_overall_response_time": 2975.4784463109336,
    "max_response_time": 0.25100064848000053,
    "avg_response_time": 0.06126673173646623,
    "weighted_avg_response_time": 0.027449555899137414,
    "avg_unavailability": 0.019362947730498997,
    "overall_power_consumption": 918.1393492008125
  },
  {
    "time": 18000.0,
    "opt": "ClusterLLGAOptimizer",
    "elapsed_time": 122.49666820839047,
    "valid": true,
    "overall_deadline_violation": 0.33542598940928525,
    "weighted_overall_deadline_violation": 186.70044666632486,
    "max_deadline_violation": 0.010200879975530198,
    "avg_deadline_violation": 0.003164396126502693,
    "avg_only_violated_deadline": 0.00860066639510988,
    "weighted_avg_deadline_violation": 0.00171396029704412,
    "weighted_avg_only_violated_deadline": 0.009465888648801322,
    "deadline_satisfaction": 0.6320754716981132,
    "weighted_deadline_satisfaction": 0.8189329749551661,
    "overall_cost": 353.6102623272342,
    "max_cost": 135.93757882632684,
    "avg_cost": 25.25787588051673,
    "overall_migration_cost": 2.8786185484381486,
    "max_migration_cost": 1.5476185484381484,
    "avg_migration_cost": 1.4393092742190743,
    "migration_rate": 0.14285714285714285,
    "weighted_migration_rate": 0.0012311693233713439,
    "overall_response_time": 6.502234903987109,
    "weighted_overall_response_time": 2897.2412667441613,
    "max_response_time": 0.25100064848000053,
    "avg_response_time": 0.06134183871685954,
    "weighted_avg_response_time": 0.026597453786665077,
    "avg_unavailability": 0.02026366659009999,
    "overall_power_consumption": 864.6048246434989
  },
  {
    "time": 19800.0,
    "opt": "ClusterLLGAOptimizer",
    "elapsed_time": 100.28683355916291,
    "valid": true,
    "overall_deadline_violation": 0.324223800739929,
    "weighted_overall_deadline_violation": 206.2157867319768,
    "max_deadline_violation": 0.010200879973124445,
    "avg_deadline_violation": 0.0031478038906789236,
    "avg_only_violated_deadline": 0.00876280542540349,
    "weighted_avg_deadline_violation": 0.0020720037158244217,
    "weighted_avg_only_violated_deadline": 0.009523330556274573,
    "deadline_satisfaction": 0.6407766990291263,
    "weighted_deadline_satisfaction": 0.7824286678299478,
    "overall_cost": 324.5024071453249,
    "max_cost": 123.12885103178515,
    "avg_cost": 23.17874336752321,
    "overall_migration_cost": 0.0,
    "max_migration_cost": 0.0,
    "avg_migration_cost": 0.0,
    "migration_rate": 0.0,
    "weighted_migration_rate": 0.0,
    "overall_response_time": 6.047475893020454,
    "weighted_overall_response_time": 2581.8559340194524,
    "max_response_time": 0.2510006484800006,
    "avg_response_time": 0.058713358184664624,
    "weighted_avg_response_time": 0.02594183100038141,
    "avg_unavailability": 0.02026366659009999,
    "overall_power_consumption": 864.965951740388
  },
  {
    "time": 21600.0,
    "opt": "ClusterLLGAOptimizer",
    "elapsed_time": 126.18651134893298,
    "valid": true,
    "overall_deadline_violation": 0.28742341020999407,
    "weighted_overall_deadline_violation": 221.90876435748763,
    "max_deadline_violation": 0.010200879970485209,
    "avg_deadline_violation": 0.0025894000919819285,
    "avg_only_violated_deadline": 0.00927172290999981,
    "weighted_avg_deadline_violation": 0.0022111551753880914,
    "weighted_avg_only_violated_deadline": 0.009677870344981247,
    "deadline_satisfaction": 0.7207207207207207,
    "weighted_deadline_satisfaction": 0.7715246126918044,
    "overall_cost": 328.94638261734565,
    "max_cost": 115.00649069122917,
    "avg_cost": 21.929758841156378,
    "overall_migration_cost": 2.233602055915836,
    "max_migration_cost": 2.233602055915836,
    "avg_migration_cost": 2.233602055915836,
    "migration_rate": 0.06666666666666667,
    "weighted_migration_rate": 0.00032900478798648063,
    "overall_response_time": 6.864635650905535,
    "weighted_overall_response_time": 2628.435213992621,
    "max_response_time": 0.25100064848000053,
    "avg_response_time": 0.06184356442257242,
    "weighted_avg_response_time": 0.02619039470306521,
    "avg_unavailability": 0.019957716900999987,
    "overall_power_consumption": 888.9733123614983
  },
  {
    "time": 23400.0,
    "opt": "ClusterLLGAOptimizer",
    "elapsed_time": 114.03237017896026,
    "valid": true,
    "overall_deadline_violation": 0.2818223154222108,
    "weighted_overall_deadline_violation": 173.8184255483557,
    "max_deadline_violation": 0.010200879971469425,
    "avg_deadline_violation": 0.0025855258295615674,
    "avg_only_violated_deadline": 0.00939407718074036,
    "weighted_avg_deadline_violation": 0.0017222144014591256,
    "weighted_avg_only_violated_deadline": 0.009696149424728611,
    "deadline_satisfaction": 0.7247706422018348,
    "weighted_deadline_satisfaction": 0.8223816150082349,
    "overall_cost": 335.5975743226153,
    "max_cost": 128.13203990282324,
    "avg_cost": 22.373171621507684,
    "overall_migration_cost": 0.0,
    "max_migration_cost": 0.0,
    "avg_migration_cost": 0.0,
    "migration_rate": 0.0,
    "weighted_migration_rate": 0.0,
    "overall_response_time": 6.803071108088255,
    "weighted_overall_response_time": 2713.442953751299,
    "max_response_time": 0.25100064848000053,
    "avg_response_time": 0.062413496404479386,
    "weighted_avg_response_time": 0.026885127498685265,
    "avg_unavailability": 0.019957716900999987,
    "overall_power_consumption": 882.2662665912019
  },
  {
    "time": 25200.0,
    "opt": "ClusterLLGAOptimizer",
    "elapsed_time": 138.9797596493736,
    "valid": true,
    "overall_deadline_violation": 0.3242238023723681,
    "weighted_overall_deadline_violation": 181.54210535297815,
    "max_deadline_violation": 0.01020087997403591,
    "avg_deadline_violation": 0.00303012899413428,
    "avg_only_violated_deadline": 0.008762805469523462,
    "weighted_avg_deadline_violation": 0.0015675495082896553,
    "weighted_avg_only_violated_deadline": 0.009506034717286163,
    "deadline_satisfaction": 0.6542056074766355,
    "weighted_deadline_satisfaction": 0.8350995388814271,
    "overall_cost": 375.569450988279,
    "max_cost": 145.93059770156205,
    "avg_cost": 26.826389356305643,
    "overall_migration_cost": 0.0,
    "max_migration_cost": 0.0,
    "avg_migration_cost": 0.0,
    "migration_rate": 0.0,
    "weighted_migration_rate": 0.0,
    "overall_response_time": 6.481415412485995,
    "weighted_overall_response_time": 3001.490520536068,
    "max_response_time": 0.25100064848000053,
    "avg_response_time": 0.06057397581762614,
    "weighted_avg_response_time": 0.025916769999192846,
    "avg_unavailability": 0.02026366659009999,
    "overall_power_consumption": 856.3251565814647
  },
  {
    "time": 27000.0,
    "opt": "ClusterLLGAOptimizer",
    "elapsed_time": 115.84150787908584,
    "valid": true,
    "overall_deadline_violation": 0.346628201869399,
    "weighted_overall_deadline_violation": 205.18067735801412,
    "max_deadline_violation": 0.010200879974006684,
    "avg_deadline_violation": 0.00306750621123362,
    "avg_only_violated_deadline": 0.008454346387058513,
    "weighted_avg_deadline_violation": 0.0019510164155549445,
    "weighted_avg_only_violated_deadline": 0.009522458211310076,
    "deadline_satisfaction": 0.6371681415929203,
    "weighted_deadline_satisfaction": 0.7951142055695584,
    "overall_cost": 335.97440636784415,
    "max_cost": 138.27306473812223,
    "avg_cost": 23.998171883417438,
    "overall_migration_cost": 0.0,
    "max_migration_cost": 0.0,
    "avg_migration_cost": 0.0,
    "migration_rate": 0.0,
    "weighted_migration_rate": 0.0,
    "overall_response_time": 7.200791183131873,
    "weighted_overall_response_time": 2819.4984648570494,
    "max_response_time": 0.25100064848000053,
    "avg_response_time": 0.06372381577992801,
    "weighted_avg_response_time": 0.026809969922117573,
    "avg_unavailability": 0.02026366659009999,
    "overall_power_consumption": 859.2130281257587
  },
  {
    "time": 28800.0,
    "opt": "ClusterLLGAOptimizer",
    "elapsed_time": 148.3944451380521,
    "valid": true,
    "overall_deadline_violation": 0.34102708769704343,
    "weighted_overall_deadline_violation": 217.71865178858957,
    "max_deadline_violation": 0.010200879971467233,
    "avg_deadline_violation": 0.0032172366763872015,
    "avg_only_violated_deadline": 0.008525677192426084,
    "weighted_avg_deadline_violation": 0.0017593137782569142,
    "weighted_avg_only_violated_deadline": 0.009497340157743986,
    "deadline_satisfaction": 0.6226415094339622,
    "weighted_deadline_satisfaction": 0.8147572110679434,
    "overall_cost": 392.7142528350248,
    "max_cost": 154.74071882453327,
    "avg_cost": 28.05101805964463,
    "overall_migration_cost": 0.0,
    "max_migration_cost": 0.0,
    "avg_migration_cost": 0.0,
    "migration_rate": 0.0,
    "weighted_migration_rate": 0.0,
    "overall_response_time": 6.101208862492312,
    "weighted_overall_response_time": 3213.3052400069714,
    "max_response_time": 0.25100064848000053,
    "avg_response_time": 0.057558574174455784,
    "weighted_avg_response_time": 0.025965676969095054,
    "avg_unavailability": 0.02026366659009999,
    "overall_power_consumption": 858.9092286543229
  },
  {
    "time": 30600.0,
    "opt": "ClusterLLGAOptimizer",
    "elapsed_time": 126.2052893312648,
    "valid": true,
    "overall_deadline_violation": 0.3084218146283592,
    "weighted_overall_deadline_violation": 202.020274236756,
    "max_deadline_violation": 0.010200879973333483,
    "avg_deadline_violation": 0.0029655943714265304,
    "avg_only_violated_deadline": 0.008812051846524551,
    "weighted_avg_deadline_violation": 0.0015645540382976432,
    "weighted_avg_only_violated_deadline": 0.009500770174277936,
    "deadline_satisfaction": 0.6634615384615384,
    "weighted_deadline_satisfaction": 0.8353234517204234,
    "overall_cost": 408.7798842017821,
    "max_cost": 169.97516992441223,
    "avg_cost": 29.198563157270154,
    "overall_migration_cost": 0.0,
    "max_migration_cost": 0.0,
    "avg_migration_cost": 0.0,
    "migration_rate": 0.0,
    "weighted_migration_rate": 0.0,
    "overall_response_time": 6.4966219284938544,
    "weighted_overall_response_time": 3375.876068504029,
    "max_response_time": 0.25100064848000053,
    "avg_response_time": 0.062467518543210115,
    "weighted_avg_response_time": 0.02614460630610003,
    "avg_unavailability": 0.02026366659009999,
    "overall_power_consumption": 849.41679813533
  },
  {
    "time": 32400.0,
    "opt": "ClusterLLGAOptimizer",
    "elapsed_time": 144.99384292773902,
    "valid": true,
    "overall_deadline_violation": 0.27322308255542926,
    "weighted_overall_deadline_violation": 213.88562669001163,
    "max_deadline_violation": 0.010200879970824844,
    "avg_deadline_violation": 0.0025298433569947154,
    "avg_only_violated_deadline": 0.009107436085180972,
    "weighted_avg_deadline_violation": 0.001730581828739599,
    "weighted_avg_only_violated_deadline": 0.009679868936452743,
    "deadline_satisfaction": 0.7222222222222222,
    "weighted_deadline_satisfaction": 0.821218464826262,
    "overall_cost": 396.2325385320382,
    "max_cost": 177.04829837203977,
    "avg_cost": 24.764533658252386,
    "overall_migration_cost": 189.274806555846,
    "max_migration_cost": 186.1124916273354,
    "avg_migration_cost": 63.091602185282,
    "migration_rate": 0.1875,
    "weighted_migration_rate": 0.0011262997862826769,
    "overall_response_time": 6.766537435839263,
    "weighted_overall_response_time": 3324.4395255235304,
    "max_response_time": 0.25100064848000053,
    "avg_response_time": 0.0626531244059191,
    "weighted_avg_response_time": 0.026898556591429843,
    "avg_unavailability": 0.018985652829999988,
    "overall_power_consumption": 891.9468065585343
  },
  {
    "time": 34200.0,
    "opt": "ClusterLLGAOptimizer",
    "elapsed_time": 121.17412598244846,
    "valid": true,
    "overall_deadline_violation": 0.2818223123427697,
    "weighted_overall_deadline_violation": 198.07231743758973,
    "max_deadline_violation": 0.010200879973814126,
    "avg_deadline_violation": 0.002633853386381025,
    "avg_only_violated_deadline": 0.009394077078092321,
    "weighted_avg_deadline_violation": 0.0016150434129868858,
    "weighted_avg_only_violated_deadline": 0.009677399429630551,
    "deadline_satisfaction": 0.719626168224299,
    "weighted_deadline_satisfaction": 0.8331118370456121,
    "overall_cost": 397.59095831736784,
    "max_cost": 162.45424494682229,
    "avg_cost": 24.849434894835486,
    "overall_migration_cost": 0.6270042370844585,
    "max_migration_cost": 0.6270042370844585,
    "avg_migration_cost": 0.6270042370844585,
    "migration_rate": 0.0625,
    "weighted_migration_rate": 0.00032285832574928684,
    "overall_response_time": 6.559337279378324,
    "weighted_overall_response_time": 3108.0316222938623,
    "max_response_time": 0.2510006484800006,
    "avg_response_time": 0.06130221756428341,
    "weighted_avg_response_time": 0.025342289441947215,
    "avg_unavailability": 0.018985652829999988,
    "overall_power_consumption": 868.9998236158269
  },
  {
    "time": 36000.0,
    "opt": "ClusterLLGAOptimizer",
    "elapsed_time": 144.7823958620429,
    "valid": true,
    "overall_deadline_violation": 0.2938229706626526,
    "weighted_overall_deadline_violation": 212.9560424087282,
    "max_deadline_violation": 0.010200879975586375,
    "avg_deadline_violation": 0.0026711179151150235,
    "avg_only_violated_deadline": 0.009181967833207893,
    "weighted_avg_deadline_violation": 0.001646127085061703,
    "weighted_avg_only_violated_deadline": 0.00966712977945932,
    "deadline_satisfaction": 0.7090909090909091,
    "weighted_deadline_satisfaction": 0.8297191490529706,
    "overall_cost": 473.3921138080043,
    "max_cost": 168.56048353310763,
    "avg_cost": 22.542481609904964,
    "overall_migration_cost": 228.12137345457418,
    "max_migration_cost": 55.67459336364355,
    "avg_migration_cost": 25.346819272730468,
    "migration_rate": 0.42857142857142855,
    "weighted_migration_rate": 0.001788148980258248,
    "overall_response_time": 6.9559838439824215,
    "weighted_overall_response_time": 3267.975306173441,
    "max_response_time": 0.25100064848000053,
    "avg_response_time": 0.06323621676347654,
    "weighted_avg_response_time": 0.025261094280104954,
    "avg_unavailability": 0.027666253661053453,
    "overall_power_consumption": 1025.427428148392
  },
  {
    "time": 37800.0,
    "opt": "ClusterLLGAOptimizer",
    "elapsed_time": 132.05259149614722,
    "valid": true,
    "overall_deadline_violation": 0.2614259334069187,
    "weighted_overall_deadline_violation": 190.73825632873022,
    "max_deadline_violation": 0.010200879970884182,
    "avg_deadline_violation": 0.0023341601197046325,
    "avg_only_violated_deadline": 0.008169560418966212,
    "weighted_avg_deadline_violation": 0.0014787345054964429,
    "weighted_avg_only_violated_deadline": 0.009263943748567444,
    "deadline_satisfaction": 0.7142857142857143,
    "weighted_deadline_satisfaction": 0.840377430430198,
    "overall_cost": 470.7624427508575,
    "max_cost": 159.17637338473622,
    "avg_cost": 26.153469041714303,
    "overall_migration_cost": 0.0,
    "max_migration_cost": 0.0,
    "avg_migration_cost": 0.0,
    "migration_rate": 0.0,
    "weighted_migration_rate": 0.0,
    "overall_response_time": 6.325661958346607,
    "weighted_overall_response_time": 3246.2365179929707,
    "max_response_time": 0.2510006484800006,
    "avg_response_time": 0.056479124628094776,
    "weighted_avg_response_time": 0.02516706425105226,
    "avg_unavailability": 0.027865836059376467,
    "overall_power_consumption": 1048.1398401016545
  },
  {
    "time": 39600.0,
    "opt": "ClusterLLGAOptimizer",
    "elapsed_time": 152.29482222441584,
    "valid": true,
    "overall_deadline_violation": 0.28582423251273914,
    "weighted_overall_deadline_violation": 200.8985576400726,
    "max_deadline_violation": 0.010200879971149386,
    "avg_deadline_violation": 0.002574993085700351,
    "avg_only_violated_deadline": 0.008661340379173908,
    "weighted_avg_deadline_violation": 0.0017479619622098146,
    "weighted_avg_only_violated_deadline": 0.009657616776634617,
    "deadline_satisfaction": 0.7027027027027027,
    "weighted_deadline_satisfaction": 0.8190069038110118,
    "overall_cost": 380.80199747709935,
    "max_cost": 151.63613789860997,
    "avg_cost": 25.386799831806623,
    "overall_migration_cost": 0.0,
    "max_migration_cost": 0.0,
    "avg_migration_cost": 0.0,
    "migration_rate": 0.0,
    "weighted_migration_rate": 0.0,
    "overall_response_time": 6.332217273000429,
    "weighted_overall_response_time": 3077.68811036171,
    "max_response_time": 0.24198626462592265,
    "avg_response_time": 0.05704700245946333,
    "weighted_avg_response_time": 0.026778100408743805,
    "avg_unavailability": 0.02788593291099999,
    "overall_power_consumption": 910.8140002994735
  },
  {
    "time": 41400.0,
    "opt": "ClusterLLGAOptimizer",
    "elapsed_time": 143.14221196621656,
    "valid": true,
    "overall_deadline_violation": 0.29102610130403317,
    "weighted_overall_deadline_violation": 210.0141113845687,
    "max_deadline_violation": 0.010200879975174649,
    "avg_deadline_violation": 0.0026218567685048037,
    "avg_only_violated_deadline": 0.008559591214824505,
    "weighted_avg_deadline_violation": 0.0018796573564193197,
    "weighted_avg_only_violated_deadline": 0.00963388501274345,
    "deadline_satisfaction": 0.6936936936936937,
    "weighted_deadline_satisfaction": 0.8048910326485152,
    "overall_cost": 368.37323061897246,
    "max_cost": 144.74813154452485,
    "avg_cost": 24.558215374598166,
    "overall_migration_cost": 0.0,
    "max_migration_cost": 0.0,
    "avg_migration_cost": 0.0,
    "migration_rate": 0.0,
    "weighted_migration_rate": 0.0,
    "overall_response_time": 6.208444818032083,
    "weighted_overall_response_time": 2935.37644100721,
    "max_response_time": 0.2510006484800006,
    "avg_response_time": 0.05593193529758637,
    "weighted_avg_response_time": 0.02627205326739094,
    "avg_unavailability": 0.02788593291099999,
    "overall_power_consumption": 904.5317714719645
  },
  {
    "time": 43200.0,
    "opt": "ClusterLLGAOptimizer",
    "elapsed_time": 158.40382890682667,
    "valid": true,
    "overall_deadline_violation": 0.2578234625668811,
    "weighted_overall_deadline_violation": 218.50866687087594,
    "max_deadline_violation": 0.010200879971626532,
    "avg_deadline_violation": 0.0024322968166686893,
    "avg_only_violated_deadline": 0.008890464226444177,
    "weighted_avg_deadline_violation": 0.0018508976695244736,
    "weighted_avg_only_violated_deadline": 0.009639260046138493,
    "deadline_satisfaction": 0.7264150943396226,
    "weighted_deadline_satisfaction": 0.80798342811947,
    "overall_cost": 406.5554304781559,
    "max_cost": 147.54659454066797,
    "avg_cost": 25.409714404884745,
    "overall_migration_cost": 200.9547440974078,
    "max_migration_cost": 186.61403744910916,
    "avg_migration_cost": 66.98491469913593,
    "migration_rate": 0.1875,
    "weighted_migration_rate": 0.0006332704845231974,
    "overall_response_time": 6.046332204274222,
    "weighted_overall_response_time": 3026.5073290657597,
    "max_response_time": 0.2510006484800006,
    "avg_response_time": 0.05704086985164363,
    "weighted_avg_response_time": 0.02563630743981802,
    "avg_unavailability": 0.03156817846159899,
    "overall_power_consumption": 955.2719384341008
  },
  {
    "time": 45000.0,
    "opt": "ClusterLLGAOptimizer",
    "elapsed_time": 139.20096407271922,
    "valid": true,
    "overall_deadline_violation": 0.2804249235615163,
    "weighted_overall_deadline_violation": 210.83942825897674,
    "max_deadline_violation": 0.01020087997238667,
    "avg_deadline_violation": 0.0025727057207478557,
    "avg_only_violated_deadline": 0.008763278861297383,
    "weighted_avg_deadline_violation": 0.0017663288074910237,
    "weighted_avg_only_violated_deadline": 0.009583130764669113,
    "deadline_satisfaction": 0.7064220183486238,
    "weighted_deadline_satisfaction": 0.8156835327758345,
    "overall_cost": 418.5448280246817,
    "max_cost": 157.46082931397436,
    "avg_cost": 26.159051751542606,
    "overall_migration_cost": 0.627,
    "max_migration_cost": 0.627,
    "avg_migration_cost": 0.627,
    "migration_rate": 0.0625,
    "weighted_migration_rate": 0.00032019705319715505,
    "overall_response_time": 5.599136271392889,
    "weighted_overall_response_time": 3123.778609977222,
    "max_response_time": 0.2419884152936347,
    "avg_response_time": 0.05136822267332927,
    "weighted_avg_response_time": 0.026169773806489702,
    "avg_unavailability": 0.03156817846159899,
    "overall_power_consumption": 1000.0385995030167
  },
  {
    "time": 46800.0,
    "opt": "ClusterLLGAOptimizer",
    "elapsed_time": 161.07990857958794,
    "valid": true,
    "overall_deadline_violation": 0.3054244006517311,
    "weighted_overall_deadline_violation": 222.14042528629395,
    "max_deadline_violation": 0.010200879969573154,
    "avg_deadline_violation": 0.00282800370973825,
    "avg_only_violated_deadline": 0.008983070607403854,
    "weighted_avg_deadline_violation": 0.0017971858307224064,
    "weighted_avg_only_violated_deadline": 0.009680208298439309,
    "deadline_satisfaction": 0.6851851851851852,
    "weighted_deadline_satisfaction": 0.8143443017634078,
    "overall_cost": 387.49423351747953,
    "max_cost": 164.36060546354423,
    "avg_cost": 25.832948901165302,
    "overall_migration_cost": 6900.364743844436,
    "max_migration_cost": 6890.652750622558,
    "avg_migration_cost": 3450.182371922218,
    "migration_rate": 0.13333333333333333,
    "weighted_migration_rate": 0.0008812054132996708,
    "overall_response_time": 6.121533118119685,
    "weighted_overall_response_time": 3302.1528853329364,
    "max_response_time": 0.2510006484800006,
    "avg_response_time": 0.05668086220481186,
    "weighted_avg_response_time": 0.026715454284158294,
    "avg_unavailability": 0.019957716900999987,
    "overall_power_consumption": 855.0836599040807
  },
  {
    "time": 48600.0,
    "opt": "ClusterLLGAOptimizer",
    "elapsed_time": 151.44219284225255,
    "valid": true,
    "overall_deadline_violation": 0.2814230782949004,
    "weighted_overall_deadline_violation": 246.26374979976956,
    "max_deadline_violation": 0.010200879970101034,
    "avg_deadline_violation": 0.00258186310362294,
    "avg_only_violated_deadline": 0.009380769276496679,
    "weighted_avg_deadline_violation": 0.001814637883700275,
    "weighted_avg_only_violated_deadline": 0.009671105291135223,
    "deadline_satisfaction": 0.7247706422018348,
    "weighted_deadline_satisfaction": 0.812364995616001,
    "overall_cost": 432.25382170473824,
    "max_cost": 168.88184747428912,
    "avg_cost": 28.816921446982544,
    "overall_migration_cost": 0.6270000000000002,
    "max_migration_cost": 0.6270000000000002,
    "avg_migration_cost": 0.6270000000000002,
    "migration_rate": 0.06666666666666667,
    "weighted_migration_rate": 0.0002836485870646204,
    "overall_response_time": 6.813141912900623,
    "weighted_overall_response_time": 3571.278445359416,
    "max_response_time": 0.2510006484800006,
    "avg_response_time": 0.06250588910918002,
    "weighted_avg_response_time": 0.02631559523259352,
    "avg_unavailability": 0.019957716900999987,
    "overall_power_consumption": 892.6415561231415
  },
  {
    "time": 50400.0,
    "opt": "ClusterLLGAOptimizer",
    "elapsed_time": 171.8254246842116,
    "valid": true,
    "overall_deadline_violation": 0.2884247296968749,
    "weighted_overall_deadline_violation": 234.61577145517947,
    "max_deadline_violation": 0.010200879967570783,
    "avg_deadline_violation": 0.002646098437586007,
    "avg_only_violated_deadline": 0.009013272803027338,
    "weighted_avg_deadline_violation": 0.0019390783511589683,
    "weighted_avg_only_violated_deadline": 0.009680944628422446,
    "deadline_satisfaction": 0.7064220183486238,
    "weighted_deadline_satisfaction": 0.7997015347587058,
    "overall_cost": 385.4589000490377,
    "max_cost": 162.17943453089765,
    "avg_cost": 27.532778574931264,
    "overall_migration_cost": 0.715,
    "max_migration_cost": 0.715,
    "avg_migration_cost": 0.715,
    "migration_rate": 0.07142857142857142,
    "weighted_migration_rate": 0.00019579308908316008,
    "overall_response_time": 6.639683408963998,
    "weighted_overall_response_time": 2990.821375503515,
    "max_response_time": 0.25100064848000053,
    "avg_response_time": 0.060914526687743095,
    "weighted_avg_response_time": 0.024718870966994072,
    "avg_unavailability": 0.028875735900999986,
    "overall_power_consumption": 857.9662625491826
  },
  {
    "time": 52200.0,
    "opt": "ClusterLLGAOptimizer",
    "elapsed_time": 151.99787002336234,
    "valid": true,
    "overall_deadline_violation": 0.29302451025373094,
    "weighted_overall_deadline_violation": 228.8126396510488,
    "max_deadline_violation": 0.010200879966826004,
    "avg_deadline_violation": 0.002764382172205008,
    "avg_only_violated_deadline": 0.00915701594542909,
    "weighted_avg_deadline_violation": 0.001970007908432457,
    "weighted_avg_only_violated_deadline": 0.009684904953073612,
    "deadline_satisfaction": 0.6981132075471698,
    "weighted_deadline_satisfaction": 0.7965898562786354,
    "overall_cost": 368.4243224048638,
    "max_cost": 137.561767099397,
    "avg_cost": 26.316023028918842,
    "overall_migration_cost": 0.0,
    "max_migration_cost": 0.0,
    "avg_migration_cost": 0.0,
    "migration_rate": 0.0,
    "weighted_migration_rate": 0.0,
    "overall_response_time": 6.003233502713284,
    "weighted_overall_response_time": 2956.5740372147593,
    "max_response_time": 0.2510006484800006,
    "avg_response_time": 0.05663427832748379,
    "weighted_avg_response_time": 0.02545521193261779,
    "avg_unavailability": 0.028875735900999986,
    "overall_power_consumption": 856.319907101624
  },
  {
    "time": 54000.0,
    "opt": "ClusterLLGAOptimizer",
    "elapsed_time": 159.87204697541893,
    "valid": true,
    "overall_deadline_violation": 0.29382296988819173,
    "weighted_overall_deadline_violation": 222.03950552920477,
    "max_deadline_violation": 0.010200879972326878,
    "avg_deadline_violation": 0.002720583054520295,
    "avg_only_violated_deadline": 0.009181967809005997,
    "weighted_avg_deadline_violation": 0.0016771227898092328,
    "weighted_avg_only_violated_deadline": 0.009672965561180049,
    "deadline_satisfaction": 0.7037037037037037,
    "weighted_deadline_satisfaction": 0.8266175167065696,
    "overall_cost": 419.5061296477645,
    "max_cost": 169.19086480237232,
    "avg_cost": 26.219133102985282,
    "overall_migration_cost": 8007.154373679088,
    "max_migration_cost": 5853.646637978174,
    "avg_migration_cost": 2669.0514578930297,
    "migration_rate": 0.1875,
    "weighted_migration_rate": 0.00180444395360603,
    "overall_response_time": 6.6400589247380255,
    "weighted_overall_response_time": 3474.445734801053,
    "max_response_time": 0.25100064848000053,
    "avg_response_time": 0.061482027080907636,
    "weighted_avg_response_time": 0.026243402541823346,
    "avg_unavailability": 0.011841418710999993,
    "overall_power_consumption": 865.8045990815071
  },
  {
    "time": 55800.0,
    "opt": "ClusterLLGAOptimizer",
    "elapsed_time": 151.1777003314346,
    "valid": true,
    "overall_deadline_violation": 0.2874234088358234,
    "weighted_overall_deadline_violation": 234.65908640809604,
    "max_deadline_violation": 0.010200879972083722,
    "avg_deadline_violation": 0.0026613278595909572,
    "avg_only_violated_deadline": 0.009271722865671725,
    "weighted_avg_deadline_violation": 0.0019032282382564303,
    "weighted_avg_only_violated_deadline": 0.009669660241195586,
    "deadline_satisfaction": 0.7129629629629629,
    "weighted_deadline_satisfaction": 0.8031752728862057,
    "overall_cost": 400.43704961724757,
    "max_cost": 158.6417833628426,
    "avg_cost": 25.027315601077973,
    "overall_migration_cost": 0.0,
    "max_migration_cost": 0.0,
    "avg_migration_cost": 0.0,
    "migration_rate": 0.0,
    "weighted_migration_rate": 0.0,
    "overall_response_time": 6.186702996856132,
    "weighted_overall_response_time": 3134.6734309076146,
    "max_response_time": 0.25100064848000053,
    "avg_response_time": 0.057284287007927155,
    "weighted_avg_response_time": 0.025424112412336164,
    "avg_unavailability": 0.011841418710999993,
    "overall_power_consumption": 906.5889633475254
  },
  {
    "time": 57600.0,
    "opt": "ClusterLLGAOptimizer",
    "elapsed_time": 177.47718995064497,
    "valid": true,
    "overall_deadline_violation": 0.3270303389179198,
    "weighted_overall_deadline_violation": 240.50861970754033,
    "max_deadline_violation": 0.010200879973147225,
    "avg_deadline_violation": 0.0031145746563611422,
    "avg_only_violated_deadline": 0.008606061550471573,
    "weighted_avg_deadline_violation": 0.0018846788195765881,
    "weighted_avg_only_violated_deadline": 0.009648258669355822,
    "deadline_satisfaction": 0.638095238095238,
    "weighted_deadline_satisfaction": 0.8046612467426288,
    "overall_cost": 438.71743342769616,
    "max_cost": 158.25645891968242,
    "avg_cost": 23.09039123303664,
    "overall_migration_cost": 945.4591429388967,
    "max_migration_cost": 613.2338536359057,
    "avg_migration_cost": 236.36478573472417,
    "migration_rate": 0.21052631578947367,
    "weighted_migration_rate": 0.0014283863783060876,
    "overall_response_time": 6.4818054844096284,
    "weighted_overall_response_time": 3138.5019162131302,
    "max_response_time": 0.25100064848000053,
    "avg_response_time": 0.061731480803901215,
    "weighted_avg_response_time": 0.02459399623132083,
    "avg_unavailability": 0.010027593490869997,
    "overall_power_consumption": 965.4584493078489
  },
  {
    "time": 59400.0,
    "opt": "ClusterLLGAOptimizer",
    "elapsed_time": 167.3600177662447,
    "valid": true,
    "overall_deadline_violation": 0.29654484833129424,
    "weighted_overall_deadline_violation": 201.76935409393204,
    "max_deadline_violation": 0.010200879978011737,
    "avg_deadline_violation": 0.002556421106304262,
    "avg_only_violated_deadline": 0.00706059162693558,
    "weighted_avg_deadline_violation": 0.0015332935178231108,
    "weighted_avg_only_violated_deadline": 0.008216179678981644,
    "deadline_satisfaction": 0.6379310344827587,
    "weighted_deadline_satisfaction": 0.8133812090617334,
    "overall_cost": 505.2279287649417,
    "max_cost": 162.47609306047966,
    "avg_cost": 17.421652716032476,
    "overall_migration_cost": 109.296,
    "max_migration_cost": 88.001,
    "avg_migration_cost": 8.407384615384617,
    "migration_rate": 0.4482758620689655,
    "weighted_migration_rate": 0.007712487087481699,
    "overall_response_time": 6.7805182506677335,
    "weighted_overall_response_time": 3219.034982153125,
    "max_response_time": 0.25100064848000053,
    "avg_response_time": 0.058452743540239084,
    "weighted_avg_response_time": 0.024462215750977886,
    "avg_unavailability": 0.018835073710700298,
    "overall_power_consumption": 1141.0410024781772
  },
  {
    "time": 61200.0,
    "opt": "ClusterLLGAOptimizer",
    "elapsed_time": 180.33236582390964,
    "valid": true,
    "overall_deadline_violation": 0.3108255634344884,
    "weighted_overall_deadline_violation": 250.54830960405093,
    "max_deadline_violation": 0.010200879974522549,
    "avg_deadline_violation": 0.0028516106737109023,
    "avg_only_violated_deadline": 0.008400690903634824,
    "weighted_avg_deadline_violation": 0.0019051652544933623,
    "weighted_avg_only_violated_deadline": 0.00942481309261694,
    "deadline_satisfaction": 0.6605504587155964,
    "weighted_deadline_satisfaction": 0.7978564417382666,
    "overall_cost": 429.545080143011,
    "max_cost": 153.1712437362498,
    "avg_cost": 23.86361556350061,
    "overall_migration_cost": 2.6019156405152666,
    "max_migration_cost": 1.331,
    "avg_migration_cost": 1.3009578202576333,
    "migration_rate": 0.1111111111111111,
    "weighted_migration_rate": 0.00028829996777489624,
    "overall_response_time": 7.184065370788966,
    "weighted_overall_response_time": 3256.231685351441,
    "max_response_time": 0.2510006484800006,
    "avg_response_time": 0.06590885661274279,
    "weighted_avg_response_time": 0.024760332557484662,
    "avg_unavailability": 0.02822262766296497,
    "overall_power_consumption": 921.7009934864817
  },
  {
    "time": 63000.0,
    "opt": "ClusterLLGAOptimizer",
    "elapsed_time": 154.79684513807297,
    "valid": true,
    "overall_deadline_violation": 0.30222523761174175,
    "weighted_overall_deadline_violation": 232.594648187226,
    "max_deadline_violation": 0.010200879977629043,
    "avg_deadline_violation": 0.0027727086019425835,
    "avg_only_violated_deadline": 0.008168249665182205,
    "weighted_avg_deadline_violation": 0.0019060670698288027,
    "weighted_avg_only_violated_deadline": 0.009218832059468699,
    "deadline_satisfaction": 0.6605504587155964,
    "weighted_deadline_satisfaction": 0.7932420226843081,
    "overall_cost": 405.6963747039109,
    "max_cost": 148.54970630734167,
    "avg_cost": 23.86449262964182,
    "overall_migration_cost": 0.0,
    "max_migration_cost": 0.0,
    "avg_migration_cost": 0.0,
    "migration_rate": 0.0,
    "weighted_migration_rate": 0.0,
    "overall_response_time": 6.8423053818990605,
    "weighted_overall_response_time": 3004.669554685235,
    "max_response_time": 0.25100064848000053,
    "avg_response_time": 0.06277344387063358,
    "weighted_avg_response_time": 0.024622671839348142,
    "avg_unavailability": 0.028873321981876972,
    "overall_power_consumption": 923.5739199484303
  },
  {
    "time": 64800.0,
    "opt": "ClusterLLGAOptimizer",
    "elapsed_time": 175.05809684563428,
    "valid": true,
    "overall_deadline_violation": 0.267221663826474,
    "weighted_overall_deadline_violation": 196.64867718323993,
    "max_deadline_violation": 0.01020087997402113,
    "avg_deadline_violation": 0.002364793485190035,
    "avg_only_violated_deadline": 0.009214540131947377,
    "weighted_avg_deadline_violation": 0.0015869737697761577,
    "weighted_avg_only_violated_deadline": 0.009480844639860597,
    "deadline_satisfaction": 0.7433628318584071,
    "weighted_deadline_satisfaction": 0.8326126173290513,
    "overall_cost": 422.06085788653684,
    "max_cost": 154.48246721998194,
    "avg_cost": 24.82710928744334,
    "overall_migration_cost": 2327.253699931714,
    "max_migration_cost": 2324.5783706324137,
    "avg_migration_cost": 1163.626849965857,
    "migration_rate": 0.11764705882352941,
    "weighted_migration_rate": 0.0013593764316255405,
    "overall_response_time": 7.132460533743831,
    "weighted_overall_response_time": 3030.2214863696413,
    "max_response_time": 0.25100064848000053,
    "avg_response_time": 0.06311911976764452,
    "weighted_avg_response_time": 0.024454179323056217,
    "avg_unavailability": 0.020649460995603188,
    "overall_power_consumption": 946.5721233174658
  },
  {
    "time": 66600.0,
    "opt": "ClusterLLGAOptimizer",
    "elapsed_time": 150.52406460419297,
    "valid": true,
    "overall_deadline_violation": 0.28502519644157237,
    "weighted_overall_deadline_violation": 164.00133030486458,
    "max_deadline_violation": 0.010200879979214567,
    "avg_deadline_violation": 0.0025223468711643576,
    "avg_only_violated_deadline": 0.008637127164896133,
    "weighted_avg_deadline_violation": 0.0013756135702032615,
    "weighted_avg_only_violated_deadline": 0.009382192874339388,
    "deadline_satisfaction": 0.7079646017699115,
    "weighted_deadline_satisfaction": 0.8533803782732274,
    "overall_cost": 427.44000490758845,
    "max_cost": 157.08691051456583,
    "avg_cost": 25.14352970044638,
    "overall_migration_cost": 1.3310000000000004,
    "max_migration_cost": 1.3310000000000004,
    "avg_migration_cost": 1.3310000000000004,
    "migration_rate": 0.058823529411764705,
    "weighted_migration_rate": 0.0008501675696023592,
    "overall_response_time": 6.621851911152246,
    "weighted_overall_response_time": 2923.605560455991,
    "max_response_time": 0.25100064848000053,
    "avg_response_time": 0.05860045939072785,
    "weighted_avg_response_time": 0.024522675977133097,
    "avg_unavailability": 0.020649460995603188,
    "overall_power_consumption": 992.7826156237462
  },
  {
    "time": 68400.0,
    "opt": "ClusterLLGAOptimizer",
    "elapsed_time": 189.09986870363355,
    "valid": true,
    "overall_deadline_violation": 0.249222563055513,
    "weighted_overall_deadline_violation": 227.79015365965816,
    "max_deadline_violation": 0.010200879972981438,
    "avg_deadline_violation": 0.002307616324588083,
    "avg_only_violated_deadline": 0.00859388148467286,
    "weighted_avg_deadline_violation": 0.0017890244233509862,
    "weighted_avg_only_violated_deadline": 0.009407867476859027,
    "deadline_satisfaction": 0.7314814814814815,
    "weighted_deadline_satisfaction": 0.809837412383674,
    "overall_cost": 443.8899688460874,
    "max_cost": 157.2811684776013,
    "avg_cost": 26.111174638005142,
    "overall_migration_cost": 0.0,
    "max_migration_cost": 0.0,
    "avg_migration_cost": 0.0,
    "migration_rate": 0.0,
    "weighted_migration_rate": 0.0,
    "overall_response_time": 6.340710693078933,
    "weighted_overall_response_time": 3053.3449290097265,
    "max_response_time": 0.25100064848000053,
    "avg_response_time": 0.05871028419517529,
    "weighted_avg_response_time": 0.023980442363961123,
    "avg_unavailability": 0.020649460995603188,
    "overall_power_consumption": 998.6311622309017
  },
  {
    "time": 70200.0,
    "opt": "ClusterLLGAOptimizer",
    "elapsed_time": 174.39872444793582,
    "valid": true,
    "overall_deadline_violation": 0.2802268646425557,
    "weighted_overall_deadline_violation": 183.0554423965425,
    "max_deadline_violation": 0.010200879974913677,
    "avg_deadline_violation": 0.0025020255771656757,
    "avg_only_violated_deadline": 0.008241966607133989,
    "weighted_avg_deadline_violation": 0.0013824232453585631,
    "weighted_avg_only_violated_deadline": 0.009452253686275782,
    "deadline_satisfaction": 0.6964285714285714,
    "weighted_deadline_satisfaction": 0.8537467051518334,
    "overall_cost": 464.12494790765516,
    "max_cost": 165.9598782753156,
    "avg_cost": 27.301467523979714,
    "overall_migration_cost": 0.0,
    "max_migration_cost": 0.0,
    "avg_migration_cost": 0.0,
    "migration_rate": 0.0,
    "weighted_migration_rate": 0.0,
    "overall_response_time": 6.007633626166375,
    "weighted_overall_response_time": 3312.2603474243597,
    "max_response_time": 0.25100064848000053,
    "avg_response_time": 0.053639585947914036,
    "weighted_avg_response_time": 0.0250139828623055,
    "avg_unavailability": 0.020649460995603188,
    "overall_power_consumption": 996.0061521759635
  },
  {
    "time": 72000.0,
    "opt": "ClusterLLGAOptimizer",
    "elapsed_time": 167.81490693986416,
    "valid": true,
    "overall_deadline_violation": 0.28202597456622497,
    "weighted_overall_deadline_violation": 195.32902654241155,
    "max_deadline_violation": 0.010200879975969801,
    "avg_deadline_violation": 0.002452399778836741,
    "avg_only_violated_deadline": 0.008294881604888974,
    "weighted_avg_deadline_violation": 0.0015574653544387074,
    "weighted_avg_only_violated_deadline": 0.009600762172923025,
    "deadline_satisfaction": 0.7043478260869566,
    "weighted_deadline_satisfaction": 0.8377769049595648,
    "overall_cost": 445.02772784737556,
    "max_cost": 178.6941919607394,
    "avg_cost": 26.178101638080918,
    "overall_migration_cost": 0.0,
    "max_migration_cost": 0.0,
    "avg_migration_cost": 0.0,
    "migration_rate": 0.0,
    "weighted_migration_rate": 0.0,
    "overall_response_time": 6.925070150532731,
    "weighted_overall_response_time": 2989.139544092763,
    "max_response_time": 0.25100064848000053,
    "avg_response_time": 0.06021800130898028,
    "weighted_avg_response_time": 0.023834047411772422,
    "avg_unavailability": 0.020649460995603188,
    "overall_power_consumption": 994.3083347891748
  },
  {
    "time": 73800.0,
    "opt": "ClusterLLGAOptimizer",
    "elapsed_time": 168.80479116458446,
    "valid": true,
    "overall_deadline_violation": 0.2724254268077526,
    "weighted_overall_deadline_violation": 179.91094251810935,
    "max_deadline_violation": 0.010200879974497121,
    "avg_deadline_violation": 0.002476594789161388,
    "avg_only_violated_deadline": 0.008255315963871291,
    "weighted_avg_deadline_violation": 0.0014798167121659626,
    "weighted_avg_only_violated_deadline": 0.009675864123186712,
    "deadline_satisfaction": 0.7,
    "weighted_deadline_satisfaction": 0.8470610280047431,
    "overall_cost": 437.8049274674922,
    "max_cost": 177.297884218384,
    "avg_cost": 25.75323102749954,
    "overall_migration_cost": 1.9580000000000004,
    "max_migration_cost": 1.3310000000000004,
    "avg_migration_cost": 0.9790000000000002,
    "migration_rate": 0.11764705882352941,
    "weighted_migration_rate": 0.0012960952308291804,
    "overall_response_time": 5.795529453794476,
    "weighted_overall_response_time": 2968.04658937443,
    "max_response_time": 0.25100064848000053,
    "avg_response_time": 0.05268663139813158,
    "weighted_avg_response_time": 0.024412995029478905,
    "avg_unavailability": 0.020649460995603188,
    "overall_power_consumption": 1002.5225190180943
  },
  {
    "time": 75600.0,
    "opt": "ClusterLLGAOptimizer",
    "elapsed_time": 174.98379695042968,
    "valid": true,
    "overall_deadline_violation": 0.3042267102185129,
    "weighted_overall_deadline_violation": 215.63219804586828,
    "max_deadline_violation": 0.010200879979492067,
    "avg_deadline_violation": 0.002716309912665294,
    "avg_only_violated_deadline": 0.008947844418191556,
    "weighted_avg_deadline_violation": 0.0017244754066810598,
    "weighted_avg_only_violated_deadline": 0.00965573605947719,
    "deadline_satisfaction": 0.6964285714285714,
    "weighted_deadline_satisfaction": 0.8214040445949772,
    "overall_cost": 395.31315614948073,
    "max_cost": 151.9226386272559,
    "avg_cost": 26.354210409965386,
    "overall_migration_cost": 5190.701021536112,
    "max_migration_cost": 5190.701021536112,
    "avg_migration_cost": 5190.701021536112,
    "migration_rate": 0.06666666666666667,
    "weighted_migration_rate": 0.0007546958890107888,
    "overall_response_time": 6.917456596789144,
    "weighted_overall_response_time": 3181.4789101445667,
    "max_response_time": 0.2510006484800006,
    "avg_response_time": 0.061763005328474514,
    "weighted_avg_response_time": 0.02544324171964211,
    "avg_unavailability": 0.019957716900999987,
    "overall_power_consumption": 849.5894399433719
  },
  {
    "time": 77400.0,
    "opt": "ClusterLLGAOptimizer",
    "elapsed_time": 169.2313813045621,
    "valid": true,
    "overall_deadline_violation": 0.2786210991512885,
    "weighted_overall_deadline_violation": 235.89000999814525,
    "max_deadline_violation": 0.010200879972472515,
    "avg_deadline_violation": 0.0026039355060868087,
    "avg_only_violated_deadline": 0.009287369971709617,
    "weighted_avg_deadline_violation": 0.0015621661666938452,
    "weighted_avg_only_violated_deadline": 0.009668326998964178,
    "deadline_satisfaction": 0.719626168224299,
    "weighted_deadline_satisfaction": 0.8384243554379979,
    "overall_cost": 480.5144744845639,
    "max_cost": 198.28931562201,
    "avg_cost": 32.03429829897093,
    "overall_migration_cost": 0.627,
    "max_migration_cost": 0.627,
    "avg_migration_cost": 0.627,
    "migration_rate": 0.06666666666666667,
    "weighted_migration_rate": 0.00023688819987095457,
    "overall_response_time": 6.6318081093076895,
    "weighted_overall_response_time": 3758.832363950366,
    "max_response_time": 0.25100064848000053,
    "avg_response_time": 0.061979515040258774,
    "weighted_avg_response_time": 0.024892621545453655,
    "avg_unavailability": 0.019957716900999987,
    "overall_power_consumption": 878.4737673398794
  },
  {
    "time": 79200.0,
    "opt": "ClusterLLGAOptimizer",
    "elapsed_time": 196.91095716692507,
    "valid": true,
    "overall_deadline_violation": 0.2782218702596275,
    "weighted_overall_deadline_violation": 231.14778235796848,
    "max_deadline_violation": 0.010200879971072666,
    "avg_deadline_violation": 0.002675210290957957,
    "avg_only_violated_deadline": 0.009274062341987582,
    "weighted_avg_deadline_violation": 0.0016225769271069987,
    "weighted_avg_only_violated_deadline": 0.009673280737204715,
    "deadline_satisfaction": 0.7115384615384616,
    "weighted_deadline_satisfaction": 0.8322619831691276,
    "overall_cost": 454.26871702134724,
    "max_cost": 178.19761495247178,
    "avg_cost": 30.284581134756483,
    "overall_migration_cost": 0.715,
    "max_migration_cost": 0.715,
    "avg_migration_cost": 0.715,
    "migration_rate": 0.06666666666666667,
    "weighted_migration_rate": 0.00011260182192236425,
    "overall_response_time": 5.9145042468722915,
    "weighted_overall_response_time": 3609.7960453152173,
    "max_response_time": 0.24198941547053565,
    "avg_response_time": 0.0568702331430028,
    "weighted_avg_response_time": 0.025339511004348787,
    "avg_unavailability": 0.019957716900999987,
    "overall_power_consumption": 878.3420059335788
  },
  {
    "time": 81000.0,
    "opt": "ClusterLLGAOptimizer",
    "elapsed_time": 151.7772105904296,
    "valid": true,
    "overall_deadline_violation": 0.3070258326912916,
    "weighted_overall_deadline_violation": 198.26492057176574,
    "max_deadline_violation": 0.010200879973915788,
    "avg_deadline_violation": 0.0027911439335571962,
    "avg_only_violated_deadline": 0.008772166648322616,
    "weighted_avg_deadline_violation": 0.0013378846291293783,
    "weighted_avg_only_violated_deadline": 0.009677017197158602,
    "deadline_satisfaction": 0.6818181818181818,
    "weighted_deadline_satisfaction": 0.8617461763401418,
    "overall_cost": 477.26623411689746,
    "max_cost": 212.69711003059666,
    "avg_cost": 31.8177489411265,
    "overall_migration_cost": 0.0,
    "max_migration_cost": 0.0,
    "avg_migration_cost": 0.0,
    "migration_rate": 0.0,
    "weighted_migration_rate": 0.0,
    "overall_response_time": 6.5225749162797255,
    "weighted_overall_response_time": 3766.167011226001,
    "max_response_time": 0.2419874634550821,
    "avg_response_time": 0.059296135602542994,
    "weighted_avg_response_time": 0.02541396097969608,
    "avg_unavailability": 0.019957716900999987,
    "overall_power_consumption": 868.4703908707507
  },
  {
    "time": 82800.0,
    "opt": "ClusterLLGAOptimizer",
    "elapsed_time": 193.45679192710668,
    "valid": true,
    "overall_deadline_violation": 0.25221900971360955,
    "weighted_overall_deadline_violation": 228.44730118042077,
    "max_deadline_violation": 0.010200879974998488,
    "avg_deadline_violation": 0.0024727353893491135,
    "avg_only_violated_deadline": 0.009341444804207762,
    "weighted_avg_deadline_violation": 0.001602659451377866,
    "weighted_avg_only_violated_deadline": 0.009664087907047562,
    "deadline_satisfaction": 0.7352941176470589,
    "weighted_deadline_satisfaction": 0.8341634030243947,
    "overall_cost": 448.0506378029181,
    "max_cost": 177.9473476842046,
    "avg_cost": 32.003616985922726,
    "overall_migration_cost": 0.715,
    "max_migration_cost": 0.715,
    "avg_migration_cost": 0.715,
    "migration_rate": 0.07142857142857142,
    "weighted_migration_rate": 9.812619972429712e-05,
    "overall_response_time": 6.264429534418894,
    "weighted_overall_response_time": 3704.070771918856,
    "max_response_time": 0.25100064848000053,
    "avg_response_time": 0.06141597582763625,
    "weighted_avg_response_time": 0.0259857043638257,
    "avg_unavailability": 0.028875735900999986,
    "overall_power_consumption": 858.4226571772429
  },
  {
    "time": 84600.0,
    "opt": "ClusterLLGAOptimizer",
    "elapsed_time": 159.62650464475155,
    "valid": true,
    "overall_deadline_violation": 0.2462186797198586,
    "weighted_overall_deadline_violation": 228.4473011804194,
    "max_deadline_violation": 0.010200879974998488,
    "avg_deadline_violation": 0.002413908624704495,
    "avg_only_violated_deadline": 0.009469949219994557,
    "weighted_avg_deadline_violation": 0.0016026594613966687,
    "weighted_avg_only_violated_deadline": 0.009664087907047505,
    "deadline_satisfaction": 0.7450980392156863,
    "weighted_deadline_satisfaction": 0.8341634019876895,
    "overall_cost": 448.0507622656334,
    "max_cost": 177.94742859691107,
    "avg_cost": 32.00362587611667,
    "overall_migration_cost": 0.0,
    "max_migration_cost": 0.0,
    "avg_migration_cost": 0.0,
    "migration_rate": 0.0,
    "weighted_migration_rate": 0.0,
    "overall_response_time": 6.436364159774688,
    "weighted_overall_response_time": 3704.057621520409,
    "max_response_time": 0.25100064848000053,
    "avg_response_time": 0.0631016094095558,
    "weighted_avg_response_time": 0.02598561227037572,
    "avg_unavailability": 0.028875735900999986,
    "overall_power_consumption": 858.4231995178874
  }
]