[
  {
    "time": 0.0,
    "opt": "ClusterLLGAOptimizer",
    "elapsed_time": 94.91911372391041,
    "valid": true,
    "overall_deadline_violation": 0.5568430951062497,
    "weighted_overall_deadline_violation": 517.178254718847,
    "max_deadline_violation": 0.01100837866669789,
    "avg_deadline_violation": 0.004884588553563592,
    "avg_only_violated_deadline": 0.009280718251770825,
    "weighted_avg_deadline_violation": 0.004726953161869875,
    "weighted_avg_only_violated_deadline": 0.008834597514437006,
    "deadline_satisfaction": 0.47368421052631576,
    "weighted_deadline_satisfaction": 0.46494980058283913,
    "overall_cost": 434.0268289996781,
    "max_cost": 70.34716627927324,
    "avg_cost": 16.07506774072882,
    "overall_migration_cost": 0.0,
    "max_migration_cost": 0.0,
    "avg_migration_cost": 0.0,
    "migration_rate": 0.0,
    "weighted_migration_rate": 0.0,
    "overall_response_time": 11.31412345352291,
    "weighted_overall_response_time": 3201.9272095685187,
    "max_response_time": 0.710932532164685,
    "avg_response_time": 0.09924669696072738,
    "weighted_avg_response_time": 0.02926526745710744,
    "avg_unavailability": 0.012667297519358594,
    "overall_power_consumption": 1260.0144166369982
  },
  {
    "time": 1800.0,
    "opt": "ClusterLLGAOptimizer",
    "elapsed_time": 104.08653539803345,
    "valid": true,
    "overall_deadline_violation": 0.5762722982451987,
    "weighted_overall_deadline_violation": 586.4794810543674,
    "max_deadline_violation": 0.011008034318283413,
    "avg_deadline_violation": 0.00480226915204332,
    "avg_only_violated_deadline": 0.008865727665310744,
    "weighted_avg_deadline_violation": 0.004948621060515644,
    "weighted_avg_only_violated_deadline": 0.008482821595036927,
    "deadline_satisfaction": 0.4583333333333333,
    "weighted_deadline_satisfaction": 0.41663030336380663,
    "overall_cost": 463.3878552082478,
    "max_cost": 79.81600210269598,
    "avg_cost": 15.9788915589051,
    "overall_migration_cost": 22.761922307411982,
    "max_migration_cost": 20.02580913543636,
    "avg_migration_cost": 7.587307435803995,
    "migration_rate": 0.10344827586206896,
    "weighted_migration_rate": 0.00045077924781680934,
    "overall_response_time": 16.675464172934277,
    "weighted_overall_response_time": 3653.258110000266,
    "max_response_time": 0.7109291920717437,
    "avg_response_time": 0.1389622014411189,
    "weighted_avg_response_time": 0.030825613864862527,
    "avg_unavailability": 0.012647932724565767,
    "overall_power_consumption": 1236.8395584991995
  },
  {
    "time": 3600.0,
    "opt": "ClusterLLGAOptimizer",
    "elapsed_time": 125.63001834705938,
    "valid": true,
    "overall_deadline_violation": 0.562258024366129,
    "weighted_overall_deadline_violation": 652.3656985200092,
    "max_deadline_violation": 0.011006235448369456,
    "avg_deadline_violation": 0.004685483536384411,
    "avg_only_violated_deadline": 0.008924730545494112,
    "weighted_avg_deadline_violation": 0.005350598421190207,
    "weighted_avg_only_violated_deadline": 0.008851553188195364,
    "deadline_satisfaction": 0.475,
    "weighted_deadline_satisfaction": 0.3955186951454026,
    "overall_cost": 464.1213790008027,
    "max_cost": 72.85904889625063,
    "avg_cost": 14.971657387122663,
    "overall_migration_cost": 138.24871518051447,
    "max_migration_cost": 130.68411748837372,
    "avg_migration_cost": 27.64974303610289,
    "migration_rate": 0.16129032258064516,
    "weighted_migration_rate": 0.0026863046941041856,
    "overall_response_time": 14.961585764994465,
    "weighted_overall_response_time": 3641.0652955822297,
    "max_response_time": 0.7109765252204402,
    "avg_response_time": 0.1246798813749538,
    "weighted_avg_response_time": 0.02986343130270387,
    "avg_unavailability": 0.02154638473546009,
    "overall_power_consumption": 1217.7555410144216
  },
  {
    "time": 5400.0,
    "opt": "ClusterLLGAOptimizer",
    "elapsed_time": 93.52954018698074,
    "valid": true,
    "overall_deadline_violation": 0.574061077143323,
    "weighted_overall_deadline_violation": 676.7986152655754,
    "max_deadline_violation": 0.011003834047017241,
    "avg_deadline_violation": 0.004906504932848917,
    "avg_only_violated_deadline": 0.008442074663872404,
    "weighted_avg_deadline_violation": 0.005559746241133016,
    "weighted_avg_only_violated_deadline": 0.00888279332316229,
    "deadline_satisfaction": 0.4188034188034188,
    "weighted_deadline_satisfaction": 0.3740993357758618,
    "overall_cost": 465.6745962988077,
    "max_cost": 77.57599791576529,
    "avg_cost": 15.52248654329359,
    "overall_migration_cost": 0.0,
    "max_migration_cost": 0.0,
    "avg_migration_cost": 0.0,
    "migration_rate": 0.0,
    "weighted_migration_rate": 0.0,
    "overall_response_time": 18.117202805885455,
    "weighted_overall_response_time": 4099.584710199342,
    "max_response_time": 0.7109727149740456,
    "avg_response_time": 0.1548478872297901,
    "weighted_avg_response_time": 0.03367715324564214,
    "avg_unavailability": 0.021546398580431052,
    "overall_power_consumption": 1241.88994208333
  },
  {
    "time": 7200.0,
    "opt": "ClusterLLGAOptimizer",
    "elapsed_time": 125.83066491503268,
    "valid": true,
    "overall_deadline_violation": 0.5390637608151917,
    "weighted_overall_deadline_violation": 683.6367216903984,
    "max_deadline_violation": 0.01100512380808119,
    "avg_deadline_violation": 0.004687510963610361,
    "avg_only_violated_deadline": 0.007592447335425232,
    "weighted_avg_deadline_violation": 0.005543012478634392,
    "weighted_avg_only_violated_deadline": 0.008580132027932548,
    "deadline_satisfaction": 0.3826086956521739,
    "weighted_deadline_satisfaction": 0.35397119058434495,
    "overall_cost": 451.2774600192291,
    "max_cost": 90.88083057550742,
    "avg_cost": 14.10242062560091,
    "overall_migration_cost": 278.50266858723165,
    "max_migration_cost": 255.16669498122408,
    "avg_migration_cost": 39.78609551246167,
    "migration_rate": 0.21875,
    "weighted_migration_rate": 0.0026577033181443494,
    "overall_response_time": 18.92635093875099,
    "weighted_overall_response_time": 4257.760869892758,
    "max_response_time": 0.7109744310029625,
    "avg_response_time": 0.16457696468479124,
    "weighted_avg_response_time": 0.034522460371204274,
    "avg_unavailability": 0.02154810003477484,
    "overall_power_consumption": 1185.5760895876851
  },
  {
    "time": 9000.0,
    "opt": "ClusterLLGAOptimizer",
    "elapsed_time": 108.48823231994174,
    "valid": true,
    "overall_deadline_violation": 0.5724149919401131,
    "weighted_overall_deadline_violation": 620.6510975997995,
    "max_deadline_violation": 0.011004816727223116,
    "avg_deadline_violation": 0.0045429761265088344,
    "avg_only_violated_deadline": 0.008295869448407437,
    "weighted_avg_deadline_violation": 0.005275508544877737,
    "weighted_avg_only_violated_deadline": 0.008714311727943335,
    "deadline_satisfaction": 0.4523809523809524,
    "weighted_deadline_satisfaction": 0.394615580716343,
    "overall_cost": 460.2504306088448,
    "max_cost": 69.97128578839039,
    "avg_cost": 13.946982745722568,
    "overall_migration_cost": 3.9323356977440294,
    "max_migration_cost": 1.3683356977440293,
    "avg_migration_cost": 1.3107785659146765,
    "migration_rate": 0.09090909090909091,
    "weighted_migration_rate": 0.002809044712353213,
    "overall_response_time": 19.27898550583763,
    "weighted_overall_response_time": 3773.737264621675,
    "max_response_time": 0.7109785212227407,
    "avg_response_time": 0.15300782147490183,
    "weighted_avg_response_time": 0.032076609970763725,
    "avg_unavailability": 0.021547871881075504,
    "overall_power_consumption": 1235.0496384394794
  },
  {
    "time": 10800.0,
    "opt": "ClusterLLGAOptimizer",
    "elapsed_time": 129.48362272395752,
    "valid": true,
    "overall_deadline_violation": 0.5147774914548997,
    "weighted_overall_deadline_violation": 710.649117591718,
    "max_deadline_violation": 0.011003955638469093,
    "avg_deadline_violation": 0.004596227602275892,
    "avg_only_violated_deadline": 0.007799658961437877,
    "weighted_avg_deadline_violation": 0.005628144092880468,
    "weighted_avg_only_violated_deadline": 0.008794553711542419,
    "deadline_satisfaction": 0.4107142857142857,
    "weighted_deadline_satisfaction": 0.3600421036153542,
    "overall_cost": 482.75208933132234,
    "max_cost": 86.39426562116743,
    "avg_cost": 15.086002791603821,
    "overall_migration_cost": 38.092056433870326,
    "max_migration_cost": 32.0868473435327,
    "avg_migration_cost": 6.34867607231172,
    "migration_rate": 0.1875,
    "weighted_migration_rate": 0.0011191581304942932,
    "overall_response_time": 16.47805157413986,
    "weighted_overall_response_time": 4291.951213634382,
    "max_response_time": 0.7109874580519076,
    "avg_response_time": 0.1471254604833915,
    "weighted_avg_response_time": 0.03399106432694601,
    "avg_unavailability": 0.021544731877314864,
    "overall_power_consumption": 1242.9263017948365
  },
  {
    "time": 12600.0,
    "opt": "ClusterLLGAOptimizer",
    "elapsed_time": 123.19603819109034,
    "valid": true,
    "overall_deadline_violation": 0.5456941192112857,
    "weighted_overall_deadline_violation": 680.7031353286407,
    "max_deadline_violation": 0.011001503731026832,
    "avg_deadline_violation": 0.004472902616485947,
    "avg_only_violated_deadline": 0.007908610423351968,
    "weighted_avg_deadline_violation": 0.005565117152487306,
    "weighted_avg_only_violated_deadline": 0.00899739902742411,
    "deadline_satisfaction": 0.4344262295081967,
    "weighted_deadline_satisfaction": 0.38147489785383454,
    "overall_cost": 473.82762675922527,
    "max_cost": 71.60737838912777,
    "avg_cost": 14.807113336225791,
    "overall_migration_cost": 5.257396784545561,
    "max_migration_cost": 1.1210035442973711,
    "avg_migration_cost": 1.051479356909112,
    "migration_rate": 0.15625,
    "weighted_migration_rate": 0.0008528535018758266,
    "overall_response_time": 17.1590532641489,
    "weighted_overall_response_time": 4260.864679458262,
    "max_response_time": 0.7109936950318141,
    "avg_response_time": 0.1406479775749909,
    "weighted_avg_response_time": 0.034834878644465696,
    "avg_unavailability": 0.021544731877314864,
    "overall_power_consumption": 1245.6332385208889
  },
  {
    "time": 14400.0,
    "opt": "ClusterLLGAOptimizer",
    "elapsed_time": 136.86552580900025,
    "valid": true,
    "overall_deadline_violation": 0.5321757147527632,
    "weighted_overall_deadline_violation": 657.4113196926642,
    "max_deadline_violation": 0.01100344339647015,
    "avg_deadline_violation": 0.004257405718022106,
    "avg_only_violated_deadline": 0.007826113452246519,
    "weighted_avg_deadline_violation": 0.005283796197987051,
    "weighted_avg_only_violated_deadline": 0.008799758919204244,
    "deadline_satisfaction": 0.456,
    "weighted_deadline_satisfaction": 0.39955216426942064,
    "overall_cost": 464.6900326986494,
    "max_cost": 73.65156571402503,
    "avg_cost": 13.667353902901453,
    "overall_migration_cost": 318.04545760049683,
    "max_migration_cost": 312.7444085928478,
    "avg_migration_cost": 39.755682200062104,
    "migration_rate": 0.23529411764705882,
    "weighted_migration_rate": 0.0025753516334743585,
    "overall_response_time": 17.484325114,
    "weighted_overall_response_time": 4019.6155880028323,
    "max_response_time": 0.7109835159184933,
    "avg_response_time": 0.13987460091200013,
    "weighted_avg_response_time": 0.03230675974850552,
    "avg_unavailability": 0.022046919309567713,
    "overall_power_consumption": 1199.8767710407699
  },
  {
    "time": 16200.0,
    "opt": "ClusterLLGAOptimizer",
    "elapsed_time": 137.27748590905685,
    "valid": true,
    "overall_deadline_violation": 0.4967245097193286,
    "weighted_overall_deadline_violation": 622.2036444449578,
    "max_deadline_violation": 0.011003286391194689,
    "avg_deadline_violation": 0.004139370914327737,
    "avg_only_violated_deadline": 0.008419059486768278,
    "weighted_avg_deadline_violation": 0.005229038423724716,
    "weighted_avg_only_violated_deadline": 0.008914352828038246,
    "deadline_satisfaction": 0.5083333333333333,
    "weighted_deadline_satisfaction": 0.41341356746864844,
    "overall_cost": 463.7607911625309,
    "max_cost": 68.57598560734826,
    "avg_cost": 13.250308318929454,
    "overall_migration_cost": 2.242,
    "max_migration_cost": 1.121,
    "avg_migration_cost": 1.121,
    "migration_rate": 0.05714285714285714,
    "weighted_migration_rate": 0.00033288229961382827,
    "overall_response_time": 18.404518045542194,
    "weighted_overall_response_time": 3985.314633265382,
    "max_response_time": 0.7109804814063303,
    "avg_response_time": 0.15337098371285174,
    "weighted_avg_response_time": 0.03349283395240636,
    "avg_unavailability": 0.02204691780046588,
    "overall_power_consumption": 1254.3069143145058
  },
  {
    "time": 18000.0,
    "opt": "ClusterLLGAOptimizer",
    "elapsed_time": 136.34281802095938,
    "valid": true,
    "overall_deadline_violation": 0.5637995407767509,
    "weighted_overall_deadline_violation": 681.9639410084236,
    "max_deadline_violation": 0.011003492829710138,
    "avg_deadline_violation": 0.004583736103876023,
    "avg_only_violated_deadline": 0.009093540980270175,
    "weighted_avg_deadline_violation": 0.005544472165759105,
    "weighted_avg_only_violated_deadline": 0.008859244893250295,
    "deadline_satisfaction": 0.4959349593495935,
    "weighted_deadline_satisfaction": 0.37415973566964583,
    "overall_cost": 471.3115679803106,
    "max_cost": 81.29931853897521,
    "avg_cost": 13.862104940597373,
    "overall_migration_cost": 2.291852943649489,
    "max_migration_cost": 1.1708529436494892,
    "avg_migration_cost": 1.1459264718247446,
    "migration_rate": 0.058823529411764705,
    "weighted_migration_rate": 0.0003219991875605732,
    "overall_response_time": 16.12320927800556,
    "weighted_overall_response_time": 3961.561952895285,
    "max_response_time": 0.7109813619771215,
    "avg_response_time": 0.13108300226020766,
    "weighted_avg_response_time": 0.032208110517219966,
    "avg_unavailability": 0.022046919309567713,
    "overall_power_consumption": 1239.6241847019346
  },
  {
    "time": 19800.0,
    "opt": "ClusterLLGAOptimizer",
    "elapsed_time": 132.33722509501968,
    "valid": true,
    "overall_deadline_violation": 0.5252042410175639,
    "weighted_overall_deadline_violation": 719.3907603768098,
    "max_deadline_violation": 0.011000954201875579,
    "avg_deadline_violation": 0.00445088339845393,
    "avg_only_violated_deadline": 0.008471036145444576,
    "weighted_avg_deadline_violation": 0.005561187674520119,
    "weighted_avg_only_violated_deadline": 0.008767849383884816,
    "deadline_satisfaction": 0.4745762711864407,
    "weighted_deadline_satisfaction": 0.36572956137436585,
    "overall_cost": 489.4272945414134,
    "max_cost": 82.7862555135984,
    "avg_cost": 14.394920427688632,
    "overall_migration_cost": 0.0,
    "max_migration_cost": 0.0,
    "avg_migration_cost": 0.0,
    "migration_rate": 0.0,
    "weighted_migration_rate": 0.0,
    "overall_response_time": 19.34266435364565,
    "weighted_overall_response_time": 4660.631103487055,
    "max_response_time": 0.7109856221207608,
    "avg_response_time": 0.16392088435292923,
    "weighted_avg_response_time": 0.036028603195600355,
    "avg_unavailability": 0.022046919309567713,
    "overall_power_consumption": 1226.4791096066178
  },
  {
    "time": 21600.0,
    "opt": "ClusterLLGAOptimizer",
    "elapsed_time": 158.11935514200013,
    "valid": true,
    "overall_deadline_violation": 0.5481661773370247,
    "weighted_overall_deadline_violation": 634.2061741931961,
    "max_deadline_violation": 0.011003458453641285,
    "avg_deadline_violation": 0.004530298986256401,
    "avg_only_violated_deadline": 0.0079444373527105,
    "weighted_avg_deadline_violation": 0.005260630305979648,
    "weighted_avg_only_violated_deadline": 0.008778615929319418,
    "deadline_satisfaction": 0.4297520661157025,
    "weighted_deadline_satisfaction": 0.4007449069038506,
    "overall_cost": 467.49225741729964,
    "max_cost": 78.04847915339919,
    "avg_cost": 15.08039540055805,
    "overall_migration_cost": 137.21497990391336,
    "max_migration_cost": 131.12360377958834,
    "avg_migration_cost": 27.44299598078267,
    "migration_rate": 0.16129032258064516,
    "weighted_migration_rate": 0.0010932221206796575,
    "overall_response_time": 20.098035989784652,
    "weighted_overall_response_time": 4006.176319391555,
    "max_response_time": 0.710990186072908,
    "avg_response_time": 0.16609947098995576,
    "weighted_avg_response_time": 0.03323053829253514,
    "avg_unavailability": 0.021555619765574737,
    "overall_power_consumption": 1238.5139720021002
  },
  {
    "time": 23400.0,
    "opt": "ClusterLLGAOptimizer",
    "elapsed_time": 124.72579991200473,
    "valid": true,
    "overall_deadline_violation": 0.5428501684323908,
    "weighted_overall_deadline_violation": 588.7387139473668,
    "max_deadline_violation": 0.01100491550444832,
    "avg_deadline_violation": 0.004308334670098341,
    "avg_only_violated_deadline": 0.00786739374539697,
    "weighted_avg_deadline_violation": 0.004841628006583508,
    "weighted_avg_only_violated_deadline": 0.00838036277165131,
    "deadline_satisfaction": 0.4523809523809524,
    "weighted_deadline_satisfaction": 0.4222651049234364,
    "overall_cost": 473.8118756199882,
    "max_cost": 88.3566986506833,
    "avg_cost": 13.53748216057109,
    "overall_migration_cost": 4.260783766533209,
    "max_migration_cost": 1.1864575809851818,
    "avg_migration_cost": 1.0651959416333023,
    "migration_rate": 0.11428571428571428,
    "weighted_migration_rate": 0.0006545797775213436,
    "overall_response_time": 17.215975376494903,
    "weighted_overall_response_time": 4044.3676064542424,
    "max_response_time": 0.7109941062535443,
    "avg_response_time": 0.13663472521027714,
    "weighted_avg_response_time": 0.033259785722327295,
    "avg_unavailability": 0.021555469487825975,
    "overall_power_consumption": 1242.5448254202668
  },
  {
    "time": 25200.0,
    "opt": "ClusterLLGAOptimizer",
    "elapsed_time": 151.9770276839845,
    "valid": true,
    "overall_deadline_violation": 0.5751051231028586,
    "weighted_overall_deadline_violation": 601.6197110397326,
    "max_deadline_violation": 0.011003244530343653,
    "avg_deadline_violation": 0.004792542692523824,
    "avg_only_violated_deadline": 0.008215787472897982,
    "weighted_avg_deadline_violation": 0.005414114071844995,
    "weighted_avg_only_violated_deadline": 0.008881064501452481,
    "deadline_satisfaction": 0.4166666666666667,
    "weighted_deadline_satisfaction": 0.39037554890412873,
    "overall_cost": 435.6433642442564,
    "max_cost": 76.97246843735608,
    "avg_cost": 13.613855132633015,
    "overall_migration_cost": 2.504049864769746,
    "max_migration_cost": 1.16827274154061,
    "avg_migration_cost": 0.8346832882565819,
    "migration_rate": 0.09375,
    "weighted_migration_rate": 0.0005818173034511685,
    "overall_response_time": 19.53258838266618,
    "weighted_overall_response_time": 3934.8865739303974,
    "max_response_time": 0.710989932231233,
    "avg_response_time": 0.16277156985555136,
    "weighted_avg_response_time": 0.03541094877728092,
    "avg_unavailability": 0.021555493926833404,
    "overall_power_consumption": 1214.8451669020153
  },
  {
    "time": 27000.0,
    "opt": "ClusterLLGAOptimizer",
    "elapsed_time": 136.357555618044,
    "valid": true,
    "overall_deadline_violation": 0.5943310607550362,
    "weighted_overall_deadline_violation": 638.7112243046387,
    "max_deadline_violation": 0.011000766828563546,
    "avg_deadline_violation": 0.004754648486040288,
    "avg_only_violated_deadline": 0.008490443725071944,
    "weighted_avg_deadline_violation": 0.0054777682415049316,
    "weighted_avg_only_violated_deadline": 0.009011315359397774,
    "deadline_satisfaction": 0.44,
    "weighted_deadline_satisfaction": 0.3921233445911705,
    "overall_cost": 446.02936608528535,
    "max_cost": 79.20158595078371,
    "avg_cost": 12.743696173865294,
    "overall_migration_cost": 5.436171381887909,
    "max_migration_cost": 1.233917938519813,
    "avg_migration_cost": 1.0872342763775817,
    "migration_rate": 0.14285714285714285,
    "weighted_migration_rate": 0.0008067094060162719,
    "overall_response_time": 20.2275135897957,
    "weighted_overall_response_time": 4132.046843997256,
    "max_response_time": 0.7109907507113196,
    "avg_response_time": 0.1618201087183655,
    "weighted_avg_response_time": 0.03543760327540948,
    "avg_unavailability": 0.021555469569672234,
    "overall_power_consumption": 1190.9610655483043
  },
  {
    "time": 28800.0,
    "opt": "ClusterLLGAOptimizer",
    "elapsed_time": 152.50026148103643,
    "valid": true,
    "overall_deadline_violation": 0.5358642406299489,
    "weighted_overall_deadline_violation": 602.5817812445879,
    "max_deadline_violation": 0.011002551752496315,
    "avg_deadline_violation": 0.004465535338582906,
    "avg_only_violated_deadline": 0.008505781597300772,
    "weighted_avg_deadline_violation": 0.005296349113778099,
    "weighted_avg_only_violated_deadline": 0.008884646809759339,
    "deadline_satisfaction": 0.475,
    "weighted_deadline_satisfaction": 0.40387623422910557,
    "overall_cost": 451.70253737072926,
    "max_cost": 73.10083526128766,
    "avg_cost": 14.571049592604169,
    "overall_migration_cost": 0.8407494065228479,
    "max_migration_cost": 0.8407494065228479,
    "avg_migration_cost": 0.8407494065228479,
    "migration_rate": 0.03225806451612903,
    "weighted_migration_rate": 9.334727875754373e-05,
    "overall_response_time": 16.582340870582556,
    "weighted_overall_response_time": 3792.4825753286786,
    "max_response_time": 0.7109890250844894,
    "avg_response_time": 0.13818617392152138,
    "weighted_avg_response_time": 0.033333752118051334,
    "avg_unavailability": 0.0215556323890171,
    "overall_power_consumption": 1231.9189318492763
  },
  {
    "time": 30600.0,
    "opt": "ClusterLLGAOptimizer",
    "elapsed_time": 148.50707715307362,
    "valid": true,
    "overall_deadline_violation": 0.5519249930629229,
    "weighted_overall_deadline_violation": 593.0303692097383,
    "max_deadline_violation": 0.01100349505542872,
    "avg_deadline_violation": 0.004638025151789265,
    "avg_only_violated_deadline": 0.007884642758041752,
    "weighted_avg_deadline_violation": 0.005494627141217189,
    "weighted_avg_only_violated_deadline": 0.008519932044317977,
    "deadline_satisfaction": 0.4117647058823529,
    "weighted_deadline_satisfaction": 0.35508556727496354,
    "overall_cost": 433.9640779908066,
    "max_cost": 74.52342778097264,
    "avg_cost": 13.998841225509885,
    "overall_migration_cost": 2.1395345994977957,
    "max_migration_cost": 1.2430000000000005,
    "avg_migration_cost": 1.0697672997488978,
    "migration_rate": 0.06451612903225806,
    "weighted_migration_rate": 0.0004485389408536817,
    "overall_response_time": 18.45655854564551,
    "weighted_overall_response_time": 3991.5197573309674,
    "max_response_time": 0.7109840924996615,
    "avg_response_time": 0.15509713063567646,
    "weighted_avg_response_time": 0.03698278188107206,
    "avg_unavailability": 0.0215556323890171,
    "overall_power_consumption": 1258.4352687537607
  },
  {
    "time": 32400.0,
    "opt": "ClusterLLGAOptimizer",
    "elapsed_time": 156.85612801392563,
    "valid": true,
    "overall_deadline_violation": 0.5749101142571111,
    "weighted_overall_deadline_violation": 642.4898763318178,
    "max_deadline_violation": 0.011002429609174316,
    "avg_deadline_violation": 0.0045627786845802475,
    "avg_only_violated_deadline": 0.008213001632244445,
    "weighted_avg_deadline_violation": 0.005636881018895216,
    "weighted_avg_only_violated_deadline": 0.008585082716190094,
    "deadline_satisfaction": 0.4444444444444444,
    "weighted_deadline_satisfaction": 0.34340981849074553,
    "overall_cost": 446.4491109708427,
    "max_cost": 84.13320121965177,
    "avg_cost": 12.755688884881222,
    "overall_migration_cost": 5.825118066497517,
    "max_migration_cost": 1.2429999999999999,
    "avg_migration_cost": 1.1650236132995033,
    "migration_rate": 0.14285714285714285,
    "weighted_migration_rate": 0.0006975943441273956,
    "overall_response_time": 17.493319057540464,
    "weighted_overall_response_time": 4013.547580673074,
    "max_response_time": 0.7109873158472875,
    "avg_response_time": 0.1388358655360354,
    "weighted_avg_response_time": 0.03521283526690875,
    "avg_unavailability": 0.021555469584492677,
    "overall_power_consumption": 1224.6357202881022
  },
  {
    "time": 34200.0,
    "opt": "ClusterLLGAOptimizer",
    "elapsed_time": 144.89924641803373,
    "valid": true,
    "overall_deadline_violation": 0.4724401497015174,
    "weighted_overall_deadline_violation": 668.8849752331986,
    "max_deadline_violation": 0.011000974574203182,
    "avg_deadline_violation": 0.003970085291609388,
    "avg_only_violated_deadline": 0.008288423678973983,
    "weighted_avg_deadline_violation": 0.005632558069108422,
    "weighted_avg_only_violated_deadline": 0.008705973605216112,
    "deadline_satisfaction": 0.5210084033613446,
    "weighted_deadline_satisfaction": 0.353023759946421,
    "overall_cost": 457.8030645270819,
    "max_cost": 94.37798062645076,
    "avg_cost": 13.46479601550241,
    "overall_migration_cost": 0.0,
    "max_migration_cost": 0.0,
    "avg_migration_cost": 0.0,
    "migration_rate": 0.0,
    "weighted_migration_rate": 0.0,
    "overall_response_time": 17.905268623401174,
    "weighted_overall_response_time": 4192.461883522135,
    "max_response_time": 0.7019927392487338,
    "avg_response_time": 0.15046444221345515,
    "weighted_avg_response_time": 0.03530395491875006,
    "avg_unavailability": 0.02155547121474144,
    "overall_power_consumption": 1211.481298518688
  },
  {
    "time": 36000.0,
    "opt": "ClusterLLGAOptimizer",
    "elapsed_time": 174.45280132093467,
    "valid": true,
    "overall_deadline_violation": 0.5226545333680467,
    "weighted_overall_deadline_violation": 579.7867219677886,
    "max_deadline_violation": 0.011002357983793634,
    "avg_deadline_violation": 0.004284053552197103,
    "avg_only_violated_deadline": 0.00901128505806977,
    "weighted_avg_deadline_violation": 0.005431840081522731,
    "weighted_avg_only_violated_deadline": 0.009021233677659885,
    "deadline_satisfaction": 0.5245901639344263,
    "weighted_deadline_satisfaction": 0.3978827868106222,
    "overall_cost": 425.3154006289555,
    "max_cost": 63.95111419631974,
    "avg_cost": 12.509276489086929,
    "overall_migration_cost": 38.83625833323782,
    "max_migration_cost": 38.83625833323782,
    "avg_migration_cost": 38.83625833323782,
    "migration_rate": 0.029411764705882353,
    "weighted_migration_rate": 0.00013400074744374015,
    "overall_response_time": 18.437360081520186,
    "weighted_overall_response_time": 3629.7647087609157,
    "max_response_time": 0.7109989814837723,
    "avg_response_time": 0.15112590230754272,
    "weighted_avg_response_time": 0.03400612791653344,
    "avg_unavailability": 0.02204691952738134,
    "overall_power_consumption": 1215.6058687491125
  },
  {
    "time": 37800.0,
    "opt": "ClusterLLGAOptimizer",
    "elapsed_time": 157.83432070503477,
    "valid": true,
    "overall_deadline_violation": 0.6044223307345011,
    "weighted_overall_deadline_violation": 534.0403788039677,
    "max_deadline_violation": 0.011005735376078435,
    "avg_deadline_violation": 0.004797002624876995,
    "avg_only_violated_deadline": 0.008759743923688425,
    "weighted_avg_deadline_violation": 0.004878045607440059,
    "weighted_avg_only_violated_deadline": 0.008552020279730501,
    "deadline_satisfaction": 0.4523809523809524,
    "weighted_deadline_satisfaction": 0.42960312909901327,
    "overall_cost": 423.88528740162224,
    "max_cost": 69.27900231265131,
    "avg_cost": 12.845008709140066,
    "overall_migration_cost": 1.2429999999999999,
    "max_migration_cost": 1.2429999999999999,
    "avg_migration_cost": 1.2429999999999999,
    "migration_rate": 0.030303030303030304,
    "weighted_migration_rate": 0.0001782952241207996,
    "overall_response_time": 20.577607758332235,
    "weighted_overall_response_time": 3863.640694822157,
    "max_response_time": 0.710994604225782,
    "avg_response_time": 0.16331434728835084,
    "weighted_avg_response_time": 0.03529136797167566,
    "avg_unavailability": 0.02204705662771912,
    "overall_power_consumption": 1189.055152991175
  },
  {
    "time": 39600.0,
    "opt": "ClusterLLGAOptimizer",
    "elapsed_time": 184.04810874699615,
    "valid": true,
    "overall_deadline_violation": 0.5669636448353169,
    "weighted_overall_deadline_violation": 612.8632193799089,
    "max_deadline_violation": 0.011002498244407188,
    "avg_deadline_violation": 0.0044642806679946224,
    "avg_only_violated_deadline": 0.007874495067157183,
    "weighted_avg_deadline_violation": 0.005450652513937464,
    "weighted_avg_only_violated_deadline": 0.008462014743766937,
    "deadline_satisfaction": 0.4330708661417323,
    "weighted_deadline_satisfaction": 0.35586823244991656,
    "overall_cost": 434.4479069416311,
    "max_cost": 83.07182179282852,
    "avg_cost": 12.777879615930328,
    "overall_migration_cost": 2.768975800020922,
    "max_migration_cost": 1.3366239409524794,
    "avg_migration_cost": 0.9229919333403074,
    "migration_rate": 0.08823529411764706,
    "weighted_migration_rate": 0.0003593473567912678,
    "overall_response_time": 20.988739117302185,
    "weighted_overall_response_time": 4275.194533990217,
    "max_response_time": 0.7109988269816446,
    "avg_response_time": 0.16526566234096213,
    "weighted_avg_response_time": 0.03802251317650112,
    "avg_unavailability": 0.02204691952738134,
    "overall_power_consumption": 1226.4095027569556
  },
  {
    "time": 41400.0,
    "opt": "ClusterLLGAOptimizer",
    "elapsed_time": 166.00750770792365,
    "valid": true,
    "overall_deadline_violation": 0.5152242758881218,
    "weighted_overall_deadline_violation": 630.5701694692356,
    "max_deadline_violation": 0.011003334279602345,
    "avg_deadline_violation": 0.004223149802361653,
    "avg_only_violated_deadline": 0.008732614845561383,
    "weighted_avg_deadline_violation": 0.005749993937377991,
    "weighted_avg_only_violated_deadline": 0.008537834335181767,
    "deadline_satisfaction": 0.5163934426229508,
    "weighted_deadline_satisfaction": 0.3265278158790165,
    "overall_cost": 415.0459257702082,
    "max_cost": 86.22198408576867,
    "avg_cost": 12.207233110888476,
    "overall_migration_cost": 0.0,
    "max_migration_cost": 0.0,
    "avg_migration_cost": 0.0,
    "migration_rate": 0.0,
    "weighted_migration_rate": 0.0,
    "overall_response_time": 16.597008000007328,
    "weighted_overall_response_time": 3994.661700251738,
    "max_response_time": 0.7109944070407742,
    "avg_response_time": 0.13604104918038784,
    "weighted_avg_response_time": 0.036426208644879755,
    "avg_unavailability": 0.02204691952738134,
    "overall_power_consumption": 1189.9664485803587
  },
  {
    "time": 43200.0,
    "opt": "ClusterLLGAOptimizer",
    "elapsed_time": 171.4003557029646,
    "valid": true,
    "overall_deadline_violation": 0.5605842399800326,
    "weighted_overall_deadline_violation": 603.0512055637365,
    "max_deadline_violation": 0.011003796675074215,
    "avg_deadline_violation": 0.004484673919840262,
    "avg_only_violated_deadline": 0.008759128749688011,
    "weighted_avg_deadline_violation": 0.005552906492529279,
    "weighted_avg_only_violated_deadline": 0.008367939784769062,
    "deadline_satisfaction": 0.488,
    "weighted_deadline_satisfaction": 0.33640697288041865,
    "overall_cost": 419.0665589035667,
    "max_cost": 87.27352746091873,
    "avg_cost": 12.325487026575493,
    "overall_migration_cost": 0.0,
    "max_migration_cost": 0.0,
    "avg_migration_cost": 0.0,
    "migration_rate": 0.0,
    "weighted_migration_rate": 0.0,
    "overall_response_time": 23.293591381836904,
    "weighted_overall_response_time": 4322.809308811,
    "max_response_time": 0.710985730102573,
    "avg_response_time": 0.18634873105469532,
    "weighted_avg_response_time": 0.039804506906545925,
    "avg_unavailability": 0.02204691952738134,
    "overall_power_consumption": 1193.7907306570419
  },
  {
    "time": 45000.0,
    "opt": "ClusterLLGAOptimizer",
    "elapsed_time": 142.55016026599333,
    "valid": true,
    "overall_deadline_violation": 0.5429000589790531,
    "weighted_overall_deadline_violation": 645.1388492187865,
    "max_deadline_violation": 0.011001249032277657,
    "avg_deadline_violation": 0.004524167158158776,
    "avg_only_violated_deadline": 0.00822575846937959,
    "weighted_avg_deadline_violation": 0.005561310148608729,
    "weighted_avg_only_violated_deadline": 0.00847787283515149,
    "deadline_satisfaction": 0.45,
    "weighted_deadline_satisfaction": 0.34402057488405874,
    "overall_cost": 446.07737407614854,
    "max_cost": 79.02091590737457,
    "avg_cost": 13.939917939879642,
    "overall_migration_cost": 0.0,
    "max_migration_cost": 0.0,
    "avg_migration_cost": 0.0,
    "migration_rate": 0.0,
    "weighted_migration_rate": 0.0,
    "overall_response_time": 19.787479306407928,
    "weighted_overall_response_time": 4497.917056919934,
    "max_response_time": 0.7109979596776947,
    "avg_response_time": 0.16489566088673277,
    "weighted_avg_response_time": 0.038773531940511,
    "avg_unavailability": 0.02204694348688037,
    "overall_power_consumption": 1208.8901435598182
  },
  {
    "time": 46800.0,
    "opt": "ClusterLLGAOptimizer",
    "elapsed_time": 176.48840203590225,
    "valid": true,
    "overall_deadline_violation": 0.5127373406604916,
    "weighted_overall_deadline_violation": 632.7596255869189,
    "max_deadline_violation": 0.011001776304560104,
    "avg_deadline_violation": 0.004308717148407489,
    "avg_only_violated_deadline": 0.007888266779392172,
    "weighted_avg_deadline_violation": 0.00549818758737457,
    "weighted_avg_only_violated_deadline": 0.00876397489381517,
    "deadline_satisfaction": 0.453781512605042,
    "weighted_deadline_satisfaction": 0.3726376839287046,
    "overall_cost": 442.05899834805365,
    "max_cost": 73.80851307234279,
    "avg_cost": 13.39572722266829,
    "overall_migration_cost": 6.847557922560156,
    "max_migration_cost": 3.741902477513692,
    "avg_migration_cost": 1.3695115845120314,
    "migration_rate": 0.15151515151515152,
    "weighted_migration_rate": 0.0011081825464721083,
    "overall_response_time": 15.553163276606465,
    "weighted_overall_response_time": 4331.662776979277,
    "max_response_time": 0.710978868429774,
    "avg_response_time": 0.13069885106391982,
    "weighted_avg_response_time": 0.03763877079070747,
    "avg_unavailability": 0.022046934483791993,
    "overall_power_consumption": 1218.350681761578
  },
  {
    "time": 48600.0,
    "opt": "ClusterLLGAOptimizer",
    "elapsed_time": 162.77575667900965,
    "valid": true,
    "overall_deadline_violation": 0.5509944113965568,
    "weighted_overall_deadline_violation": 576.0181884368927,
    "max_deadline_violation": 0.011003644048455913,
    "avg_deadline_violation": 0.004338538672413835,
    "avg_only_violated_deadline": 0.008745943038040587,
    "weighted_avg_deadline_violation": 0.005204306978724597,
    "weighted_avg_only_violated_deadline": 0.008531466041847987,
    "deadline_satisfaction": 0.5039370078740157,
    "weighted_deadline_satisfaction": 0.389986790875475,
    "overall_cost": 423.45976652205746,
    "max_cost": 76.17467032457192,
    "avg_cost": 12.832114137032045,
    "overall_migration_cost": 0.0,
    "max_migration_cost": 0.0,
    "avg_migration_cost": 0.0,
    "migration_rate": 0.0,
    "weighted_migration_rate": 0.0,
    "overall_response_time": 18.64152049745508,
    "weighted_overall_response_time": 4128.12912126307,
    "max_response_time": 0.7109699208461294,
    "avg_response_time": 0.14678362596421343,
    "weighted_avg_response_time": 0.03729752224172932,
    "avg_unavailability": 0.022046934483791993,
    "overall_power_consumption": 1169.4840974735653
  },
  {
    "time": 50400.0,
    "opt": "ClusterLLGAOptimizer",
    "elapsed_time": 166.7561919320142,
    "valid": true,
    "overall_deadline_violation": 0.6332791171282175,
    "weighted_overall_deadline_violation": 581.3260442070592,
    "max_deadline_violation": 0.011004549818304413,
    "avg_deadline_violation": 0.004871377824063208,
    "avg_only_violated_deadline": 0.009046844530403105,
    "weighted_avg_deadline_violation": 0.0050718024928626424,
    "weighted_avg_only_violated_deadline": 0.008415770082922757,
    "deadline_satisfaction": 0.46153846153846156,
    "weighted_deadline_satisfaction": 0.3973454071476688,
    "overall_cost": 454.73445617688503,
    "max_cost": 81.4487271907705,
    "avg_cost": 18.189378247075403,
    "overall_migration_cost": 5.17703894671113,
    "max_migration_cost": 4.15006439075902,
    "avg_migration_cost": 2.588519473355565,
    "migration_rate": 0.08,
    "weighted_migration_rate": 0.0006325495361301397,
    "overall_response_time": 16.990588957878977,
    "weighted_overall_response_time": 4134.087713845811,
    "max_response_time": 0.7109958378198287,
    "avg_response_time": 0.13069683813753072,
    "weighted_avg_response_time": 0.036068014811543175,
    "avg_unavailability": 0.023139906700591396,
    "overall_power_consumption": 1259.6552148017981
  },
  {
    "time": 52200.0,
    "opt": "ClusterLLGAOptimizer",
    "elapsed_time": 152.50658741407096,
    "valid": true,
    "overall_deadline_violation": 0.5992328782214813,
    "weighted_overall_deadline_violation": 653.4742719611397,
    "max_deadline_violation": 0.010999410472168208,
    "avg_deadline_violation": 0.004911744903454764,
    "avg_only_violated_deadline": 0.008560469688878304,
    "weighted_avg_deadline_violation": 0.006006064447635233,
    "weighted_avg_only_violated_deadline": 0.00891258905230487,
    "deadline_satisfaction": 0.4262295081967213,
    "weighted_deadline_satisfaction": 0.3261145092197406,
    "overall_cost": 410.598293420107,
    "max_cost": 61.85010411797186,
    "avg_cost": 15.7922420546195,
    "overall_migration_cost": 1.9164049463775856,
    "max_migration_cost": 1.9164049463775856,
    "avg_migration_cost": 1.9164049463775856,
    "migration_rate": 0.038461538461538464,
    "weighted_migration_rate": 0.0001566876307735954,
    "overall_response_time": 17.856286772752135,
    "weighted_overall_response_time": 4151.017711945754,
    "max_response_time": 0.7109786976946388,
    "avg_response_time": 0.1463630063340337,
    "weighted_avg_response_time": 0.03815189208046453,
    "avg_unavailability": 0.022167842629591393,
    "overall_power_consumption": 1160.5756686935695
  },
  {
    "time": 54000.0,
    "opt": "ClusterLLGAOptimizer",
    "elapsed_time": 179.67484228208195,
    "valid": true,
    "overall_deadline_violation": 0.6175720967590339,
    "weighted_overall_deadline_violation": 578.8655720923108,
    "max_deadline_violation": 0.011003801834040261,
    "avg_deadline_violation": 0.005189681485370033,
    "avg_only_violated_deadline": 0.008698198545901885,
    "weighted_avg_deadline_violation": 0.005756460575723534,
    "weighted_avg_only_violated_deadline": 0.008755749658282921,
    "deadline_satisfaction": 0.40336134453781514,
    "weighted_deadline_satisfaction": 0.34255080371354224,
    "overall_cost": 411.34294076380814,
    "max_cost": 62.018910003194456,
    "avg_cost": 15.234923731992895,
    "overall_migration_cost": 7.31883871783138,
    "max_migration_cost": 3.415312376798387,
    "avg_migration_cost": 1.829709679457845,
    "migration_rate": 0.14814814814814814,
    "weighted_migration_rate": 0.0013638337358011304,
    "overall_response_time": 16.8971856390401,
    "weighted_overall_response_time": 3703.505210710754,
    "max_response_time": 0.7109069201404884,
    "avg_response_time": 0.1419931566305889,
    "weighted_avg_response_time": 0.036829071835081266,
    "avg_unavailability": 0.022073745049138633,
    "overall_power_consumption": 1246.0937082261198
  },
  {
    "time": 55800.0,
    "opt": "ClusterLLGAOptimizer",
    "elapsed_time": 158.66657847899478,
    "valid": true,
    "overall_deadline_violation": 0.5822760426183268,
    "weighted_overall_deadline_violation": 571.9875262112794,
    "max_deadline_violation": 0.011001797940915617,
    "avg_deadline_violation": 0.004658208340946615,
    "avg_only_violated_deadline": 0.008201071022793336,
    "weighted_avg_deadline_violation": 0.00553795693551582,
    "weighted_avg_only_violated_deadline": 0.008805466801989119,
    "deadline_satisfaction": 0.432,
    "weighted_deadline_satisfaction": 0.37107741587705256,
    "overall_cost": 413.4921961946452,
    "max_cost": 48.53355400044941,
    "avg_cost": 14.258351592918801,
    "overall_migration_cost": 5.099034155080829,
    "max_migration_cost": 2.013854033947062,
    "avg_migration_cost": 1.6996780516936096,
    "migration_rate": 0.10344827586206896,
    "weighted_migration_rate": 0.000756320128126344,
    "overall_response_time": 20.774420016963518,
    "weighted_overall_response_time": 4108.369355307742,
    "max_response_time": 0.7109573830138338,
    "avg_response_time": 0.1661953601357081,
    "weighted_avg_response_time": 0.03977704324356735,
    "avg_unavailability": 0.02204883484001323,
    "overall_power_consumption": 1230.442343013046
  },
  {
    "time": 57600.0,
    "opt": "ClusterLLGAOptimizer",
    "elapsed_time": 173.5238308759872,
    "valid": true,
    "overall_deadline_violation": 0.6227888490126037,
    "weighted_overall_deadline_violation": 581.1215211690151,
    "max_deadline_violation": 0.011002921629935505,
    "avg_deadline_violation": 0.004647677977705998,
    "avg_only_violated_deadline": 0.008303851320168048,
    "weighted_avg_deadline_violation": 0.005628234310699522,
    "weighted_avg_only_violated_deadline": 0.008591578634015763,
    "deadline_satisfaction": 0.44029850746268656,
    "weighted_deadline_satisfaction": 0.3449126696674545,
    "overall_cost": 414.21259602134955,
    "max_cost": 63.102370550475364,
    "avg_cost": 12.944143625667174,
    "overall_migration_cost": 5.103527329926625,
    "max_migration_cost": 1.5661689299911206,
    "avg_migration_cost": 1.020705465985325,
    "migration_rate": 0.15625,
    "weighted_migration_rate": 0.0008185296948376843,
    "overall_response_time": 19.284201581269443,
    "weighted_overall_response_time": 3744.1412585322378,
    "max_response_time": 0.7109741948401473,
    "avg_response_time": 0.14391195209902566,
    "weighted_avg_response_time": 0.036262474418406396,
    "avg_unavailability": 0.022047041128615892,
    "overall_power_consumption": 1216.189278975277
  },
  {
    "time": 59400.0,
    "opt": "ClusterLLGAOptimizer",
    "elapsed_time": 153.4544815029949,
    "valid": true,
    "overall_deadline_violation": 0.6481795113518211,
    "weighted_overall_deadline_violation": 592.1873272271118,
    "max_deadline_violation": 0.011001217350170511,
    "avg_deadline_violation": 0.004873530160540001,
    "avg_only_violated_deadline": 0.009129288892279161,
    "weighted_avg_deadline_violation": 0.005851806214641559,
    "weighted_avg_only_violated_deadline": 0.00893737864678845,
    "deadline_satisfaction": 0.46616541353383456,
    "weighted_deadline_satisfaction": 0.3452435612376853,
    "overall_cost": 405.83340251071434,
    "max_cost": 71.07990505277141,
    "avg_cost": 13.091400080990784,
    "overall_migration_cost": 0.0,
    "max_migration_cost": 0.0,
    "avg_migration_cost": 0.0,
    "migration_rate": 0.0,
    "weighted_migration_rate": 0.0,
    "overall_response_time": 19.82706280175761,
    "weighted_overall_response_time": 3764.820981436579,
    "max_response_time": 0.7109677562405253,
    "avg_response_time": 0.14907566016359108,
    "weighted_avg_response_time": 0.03720275967292749,
    "avg_unavailability": 0.022047054973586857,
    "overall_power_consumption": 1216.2335824149013
  },
  {
    "time": 61200.0,
    "opt": "ClusterLLGAOptimizer",
    "elapsed_time": 178.45309508102946,
    "valid": true,
    "overall_deadline_violation": 0.5737072768486045,
    "weighted_overall_deadline_violation": 510.31391099033675,
    "max_deadline_violation": 0.01100528195224558,
    "avg_deadline_violation": 0.004482088100379725,
    "avg_only_violated_deadline": 0.008314598215197169,
    "weighted_avg_deadline_violation": 0.005522635928647978,
    "weighted_avg_only_violated_deadline": 0.008409192706870872,
    "deadline_satisfaction": 0.4609375,
    "weighted_deadline_satisfaction": 0.34326205604307125,
    "overall_cost": 365.44211523199476,
    "max_cost": 63.53707781579642,
    "avg_cost": 11.07400349187863,
    "overall_migration_cost": 4.143183633148885,
    "max_migration_cost": 1.58412563500862,
    "avg_migration_cost": 1.381061211049628,
    "migration_rate": 0.09090909090909091,
    "weighted_migration_rate": 0.000430661253297329,
    "overall_response_time": 19.828259489203926,
    "weighted_overall_response_time": 3294.7950673646938,
    "max_response_time": 0.7109805947309714,
    "avg_response_time": 0.1549082772594056,
    "weighted_avg_response_time": 0.035656393495620275,
    "avg_unavailability": 0.022046933154538678,
    "overall_power_consumption": 1145.6791897262158
  },
  {
    "time": 63000.0,
    "opt": "ClusterLLGAOptimizer",
    "elapsed_time": 156.71925706602633,
    "valid": true,
    "overall_deadline_violation": 0.5783421072826704,
    "weighted_overall_deadline_violation": 478.5078971655598,
    "max_deadline_violation": 0.011002146762167986,
    "avg_deadline_violation": 0.004626736858261363,
    "avg_only_violated_deadline": 0.0093280985045592,
    "weighted_avg_deadline_violation": 0.005336931886306971,
    "weighted_avg_only_violated_deadline": 0.009140639648034375,
    "deadline_satisfaction": 0.504,
    "weighted_deadline_satisfaction": 0.4161314643385335,
    "overall_cost": 368.46453130572075,
    "max_cost": 59.288868433653185,
    "avg_cost": 11.885952622765185,
    "overall_migration_cost": 0.0,
    "max_migration_cost": 0.0,
    "avg_migration_cost": 0.0,
    "migration_rate": 0.0,
    "weighted_migration_rate": 0.0,
    "overall_response_time": 18.621568974380803,
    "weighted_overall_response_time": 3342.9636636391,
    "max_response_time": 0.7109931656200613,
    "avg_response_time": 0.1489725517950465,
    "weighted_avg_response_time": 0.03728500506872134,
    "avg_unavailability": 0.02204706807821464,
    "overall_power_consumption": 1183.8127454900612
  },
  {
    "time": 64800.0,
    "opt": "ClusterLLGAOptimizer",
    "elapsed_time": 177.8846410609549,
    "valid": true,
    "overall_deadline_violation": 0.5426262570822972,
    "weighted_overall_deadline_violation": 592.8731823965677,
    "max_deadline_violation": 0.011000749922912362,
    "avg_deadline_violation": 0.004521885475685811,
    "avg_only_violated_deadline": 0.008221609955792382,
    "weighted_avg_deadline_violation": 0.005649548871731211,
    "weighted_avg_only_violated_deadline": 0.009107912173385808,
    "deadline_satisfaction": 0.45,
    "weighted_deadline_satisfaction": 0.37970977714961535,
    "overall_cost": 414.9841158818803,
    "max_cost": 52.56566598676777,
    "avg_cost": 12.20541517299648,
    "overall_migration_cost": 8.02175335193015,
    "max_migration_cost": 1.433426899644033,
    "avg_migration_cost": 1.14596476456145,
    "migration_rate": 0.20588235294117646,
    "weighted_migration_rate": 0.0013237080496114242,
    "overall_response_time": 17.924496372058403,
    "weighted_overall_response_time": 4071.9141584766403,
    "max_response_time": 0.7109833699768866,
    "avg_response_time": 0.1493708031004869,
    "weighted_avg_response_time": 0.038801684277263444,
    "avg_unavailability": 0.022046919445535083,
    "overall_power_consumption": 1210.9520122227027
  },
  {
    "time": 66600.0,
    "opt": "ClusterLLGAOptimizer",
    "elapsed_time": 168.2699347290909,
    "valid": true,
    "overall_deadline_violation": 0.5578714590577447,
    "weighted_overall_deadline_violation": 506.6928113290119,
    "max_deadline_violation": 0.011001013243985489,
    "avg_deadline_violation": 0.004535540317542637,
    "avg_only_violated_deadline": 0.008855102524726101,
    "weighted_avg_deadline_violation": 0.005506376056151073,
    "weighted_avg_only_violated_deadline": 0.00888780347382438,
    "deadline_satisfaction": 0.4878048780487805,
    "weighted_deadline_satisfaction": 0.38045704179126,
    "overall_cost": 383.8790623163201,
    "max_cost": 51.21897222660037,
    "avg_cost": 11.996220697385004,
    "overall_migration_cost": 0.0,
    "max_migration_cost": 0.0,
    "avg_migration_cost": 0.0,
    "migration_rate": 0.0,
    "weighted_migration_rate": 0.0,
    "overall_response_time": 17.50602587577648,
    "weighted_overall_response_time": 3669.3753872869665,
    "max_response_time": 0.7109907244044654,
    "avg_response_time": 0.14232541362419884,
    "weighted_avg_response_time": 0.03987615439143717,
    "avg_unavailability": 0.022046942307539476,
    "overall_power_consumption": 1222.7510511575786
  },
  {
    "time": 68400.0,
    "opt": "ClusterLLGAOptimizer",
    "elapsed_time": 179.12683762598317,
    "valid": true,
    "overall_deadline_violation": 0.5509197724711644,
    "weighted_overall_deadline_violation": 519.2227948209382,
    "max_deadline_violation": 0.011002385624221941,
    "avg_deadline_violation": 0.004407358179769315,
    "avg_only_violated_deadline": 0.008744758293193088,
    "weighted_avg_deadline_violation": 0.00522710482369411,
    "weighted_avg_only_violated_deadline": 0.008937691594355852,
    "deadline_satisfaction": 0.496,
    "weighted_deadline_satisfaction": 0.415161647891831,
    "overall_cost": 408.3861108774268,
    "max_cost": 65.64280727052777,
    "avg_cost": 12.01135620227726,
    "overall_migration_cost": 4.210000001302581,
    "max_migration_cost": 1.2430000000031933,
    "avg_migration_cost": 1.0525000003256453,
    "migration_rate": 0.11764705882352941,
    "weighted_migration_rate": 0.000731105682924787,
    "overall_response_time": 20.220400672308987,
    "weighted_overall_response_time": 3745.512592071672,
    "max_response_time": 0.7109986509739888,
    "avg_response_time": 0.16176320537847208,
    "weighted_avg_response_time": 0.03770671690940823,
    "avg_unavailability": 0.022046919445535083,
    "overall_power_consumption": 1228.3504154977834
  },
  {
    "time": 70200.0,
    "opt": "ClusterLLGAOptimizer",
    "elapsed_time": 161.18902061798144,
    "valid": true,
    "overall_deadline_violation": 0.5349831682050465,
    "weighted_overall_deadline_violation": 498.4590980564758,
    "max_deadline_violation": 0.011002511145871557,
    "avg_deadline_violation": 0.004385107936106938,
    "avg_only_violated_deadline": 0.008359112003203852,
    "weighted_avg_deadline_violation": 0.005221959595382124,
    "weighted_avg_only_violated_deadline": 0.008879939927183044,
    "deadline_satisfaction": 0.47540983606557374,
    "weighted_deadline_satisfaction": 0.4119375087891307,
    "overall_cost": 395.6179272766026,
    "max_cost": 67.7932905261246,
    "avg_cost": 11.988422038684929,
    "overall_migration_cost": 0.0,
    "max_migration_cost": 0.0,
    "avg_migration_cost": 0.0,
    "migration_rate": 0.0,
    "weighted_migration_rate": 0.0,
    "overall_response_time": 18.484964327843333,
    "weighted_overall_response_time": 3823.508582563236,
    "max_response_time": 0.7109720624296626,
    "avg_response_time": 0.1515161010478962,
    "weighted_avg_response_time": 0.04005585896333626,
    "avg_unavailability": 0.022046934401945738,
    "overall_power_consumption": 1226.3372599722998
  },
  {
    "time": 72000.0,
    "opt": "ClusterLLGAOptimizer",
    "elapsed_time": 194.2639227429172,
    "valid": true,
    "overall_deadline_violation": 0.5121030882617895,
    "weighted_overall_deadline_violation": 515.8002314515908,
    "max_deadline_violation": 0.011004132545449824,
    "avg_deadline_violation": 0.004303387296317557,
    "avg_only_violated_deadline": 0.008395132594455562,
    "weighted_avg_deadline_violation": 0.005325667489788349,
    "weighted_avg_only_violated_deadline": 0.009065102555117938,
    "deadline_satisfaction": 0.48739495798319327,
    "weighted_deadline_satisfaction": 0.4125088538814595,
    "overall_cost": 397.92078003516656,
    "max_cost": 60.48727759774357,
    "avg_cost": 11.703552353975487,
    "overall_migration_cost": 2.8202491105731387,
    "max_migration_cost": 1.3445104441871534,
    "avg_migration_cost": 0.940083036857713,
    "migration_rate": 0.08823529411764706,
    "weighted_migration_rate": 0.0006418765111775807,
    "overall_response_time": 19.02874972174458,
    "weighted_overall_response_time": 3590.852897695904,
    "max_response_time": 0.710970005773967,
    "avg_response_time": 0.1599054598465929,
    "weighted_avg_response_time": 0.037075765716608027,
    "avg_unavailability": 0.022046919309567713,
    "overall_power_consumption": 1221.0754339634905
  },
  {
    "time": 73800.0,
    "opt": "ClusterLLGAOptimizer",
    "elapsed_time": 162.6488056849921,
    "valid": true,
    "overall_deadline_violation": 0.47245786862520583,
    "weighted_overall_deadline_violation": 421.20985068684394,
    "max_deadline_violation": 0.011006582658860092,
    "avg_deadline_violation": 0.004038101441241078,
    "avg_only_violated_deadline": 0.008007760485172984,
    "weighted_avg_deadline_violation": 0.004871634500841931,
    "weighted_avg_only_violated_deadline": 0.00871837312121757,
    "deadline_satisfaction": 0.49572649572649574,
    "weighted_deadline_satisfaction": 0.4412220682565166,
    "overall_cost": 360.01829714483796,
    "max_cost": 62.757202596532174,
    "avg_cost": 10.909645368025393,
    "overall_migration_cost": 0.0,
    "max_migration_cost": 0.0,
    "avg_migration_cost": 0.0,
    "migration_rate": 0.0,
    "weighted_migration_rate": 0.0,
    "overall_response_time": 19.244004950439745,
    "weighted_overall_response_time": 3140.6917258746807,
    "max_response_time": 0.7109801845022624,
    "avg_response_time": 0.1644786747900835,
    "weighted_avg_response_time": 0.036324654191563936,
    "avg_unavailability": 0.022046927215161452,
    "overall_power_consumption": 1193.7570195638014
  },
  {
    "time": 75600.0,
    "opt": "ClusterLLGAOptimizer",
    "elapsed_time": 197.93281409493648,
    "valid": true,
    "overall_deadline_violation": 0.5418198083120228,
    "weighted_overall_deadline_violation": 452.6102941782352,
    "max_deadline_violation": 0.011006285943413519,
    "avg_deadline_violation": 0.004553107632874141,
    "avg_only_violated_deadline": 0.00846593450487536,
    "weighted_avg_deadline_violation": 0.005169944775992092,
    "weighted_avg_only_violated_deadline": 0.008829916511577217,
    "deadline_satisfaction": 0.46218487394957986,
    "weighted_deadline_satisfaction": 0.414496754390192,
    "overall_cost": 342.492153278317,
    "max_cost": 59.59903774315946,
    "avg_cost": 9.7854900936662,
    "overall_migration_cost": 9.634427019964424,
    "max_migration_cost": 4.943427019964023,
    "avg_migration_cost": 1.6057378366607373,
    "migration_rate": 0.17142857142857143,
    "weighted_migration_rate": 0.00240903201297448,
    "overall_response_time": 15.690951008424502,
    "weighted_overall_response_time": 3123.997500589437,
    "max_response_time": 0.7109874169333117,
    "avg_response_time": 0.13185673116323113,
    "weighted_avg_response_time": 0.03568388692464115,
    "avg_unavailability": 0.022046917815286324,
    "overall_power_consumption": 1118.5606461209481
  },
  {
    "time": 77400.0,
    "opt": "ClusterLLGAOptimizer",
    "elapsed_time": 168.78914676199201,
    "valid": true,
    "overall_deadline_violation": 0.5024082843075776,
    "weighted_overall_deadline_violation": 431.1656961607001,
    "max_deadline_violation": 0.011007591764367372,
    "avg_deadline_violation": 0.004152134581054359,
    "avg_only_violated_deadline": 0.00797473467154885,
    "weighted_avg_deadline_violation": 0.004821032463551467,
    "weighted_avg_only_violated_deadline": 0.008509594512806506,
    "deadline_satisfaction": 0.4793388429752066,
    "weighted_deadline_satisfaction": 0.4334592022809008,
    "overall_cost": 354.926071609295,
    "max_cost": 54.12915927814297,
    "avg_cost": 10.140744903122712,
    "overall_migration_cost": 1.2430144219502932,
    "max_migration_cost": 1.2430144219502932,
    "avg_migration_cost": 1.2430144219502932,
    "migration_rate": 0.02857142857142857,
    "weighted_migration_rate": 0.00022649226762050146,
    "overall_response_time": 17.631362650354717,
    "weighted_overall_response_time": 3122.3792759722933,
    "max_response_time": 0.7109892950930949,
    "avg_response_time": 0.1457137409120225,
    "weighted_avg_response_time": 0.034912545193234244,
    "avg_unavailability": 0.022046917815286324,
    "overall_power_consumption": 1156.8293514026714
  },
  {
    "time": 79200.0,
    "opt": "ClusterLLGAOptimizer",
    "elapsed_time": 198.92376928206068,
    "valid": true,
    "overall_deadline_violation": 0.47356900654787126,
    "weighted_overall_deadline_violation": 510.8915634816691,
    "max_deadline_violation": 0.011005632135932572,
    "avg_deadline_violation": 0.004154114092525186,
    "avg_only_violated_deadline": 0.008456589402640557,
    "weighted_avg_deadline_violation": 0.005230803633017814,
    "weighted_avg_only_violated_deadline": 0.008595903881978643,
    "deadline_satisfaction": 0.5087719298245614,
    "weighted_deadline_satisfaction": 0.3914771843849696,
    "overall_cost": 397.5343647615379,
    "max_cost": 53.20979385998452,
    "avg_cost": 11.358124707472511,
    "overall_migration_cost": 121.99886512977139,
    "max_migration_cost": 120.75586512977091,
    "avg_migration_cost": 60.999432564885694,
    "migration_rate": 0.05714285714285714,
    "weighted_migration_rate": 0.00030896221345829734,
    "overall_response_time": 16.072514592376912,
    "weighted_overall_response_time": 3521.59268388112,
    "max_response_time": 0.710989920487837,
    "avg_response_time": 0.1409869701085694,
    "weighted_avg_response_time": 0.03605610489889262,
    "avg_unavailability": 0.02154459319803508,
    "overall_power_consumption": 1221.4876340320948
  },
  {
    "time": 81000.0,
    "opt": "ClusterLLGAOptimizer",
    "elapsed_time": 177.9086503519211,
    "valid": true,
    "overall_deadline_violation": 0.40038528103043736,
    "weighted_overall_deadline_violation": 445.33194544700683,
    "max_deadline_violation": 0.011007135795125203,
    "avg_deadline_violation": 0.0036398661911857936,
    "avg_only_violated_deadline": 0.00851883576660505,
    "weighted_avg_deadline_violation": 0.004799660324746048,
    "weighted_avg_only_violated_deadline": 0.00868626977705983,
    "deadline_satisfaction": 0.5727272727272728,
    "weighted_deadline_satisfaction": 0.4474428669689947,
    "overall_cost": 378.6369580488147,
    "max_cost": 57.74559314630712,
    "avg_cost": 10.233431298616612,
    "overall_migration_cost": 23.99156885855609,
    "max_migration_cost": 21.453289390555366,
    "avg_migration_cost": 7.997189619518697,
    "migration_rate": 0.08108108108108109,
    "weighted_migration_rate": 0.002293340914114476,
    "overall_response_time": 14.977204243072817,
    "weighted_overall_response_time": 2996.4068777802995,
    "max_response_time": 0.7109800452488386,
    "avg_response_time": 0.13615640220975286,
    "weighted_avg_response_time": 0.032294416232912404,
    "avg_unavailability": 0.021536865322296834,
    "overall_power_consumption": 1162.0431446154148
  },
  {
    "time": 82800.0,
    "opt": "ClusterLLGAOptimizer",
    "elapsed_time": 206.91785820794757,
    "valid": true,
    "overall_deadline_violation": 0.5001105955803262,
    "weighted_overall_deadline_violation": 472.4694047433481,
    "max_deadline_violation": 0.011007300061402991,
    "avg_deadline_violation": 0.0043869350489502265,
    "avg_only_violated_deadline": 0.008773870097900453,
    "weighted_avg_deadline_violation": 0.005088202806497599,
    "weighted_avg_only_violated_deadline": 0.009172355860807587,
    "deadline_satisfaction": 0.5,
    "weighted_deadline_satisfaction": 0.4452676189506671,
    "overall_cost": 369.10948528279965,
    "max_cost": 53.689864781382546,
    "avg_cost": 10.545985293794278,
    "overall_migration_cost": 4421.893630405942,
    "max_migration_cost": 2208.5818148955377,
    "avg_migration_cost": 552.7367038007427,
    "migration_rate": 0.22857142857142856,
    "weighted_migration_rate": 0.005260894064414735,
    "overall_response_time": 16.993720172197147,
    "weighted_overall_response_time": 2894.4212125501735,
    "max_response_time": 0.7109417125180386,
    "avg_response_time": 0.1490677208087468,
    "weighted_avg_response_time": 0.031171123440012157,
    "avg_unavailability": 0.011654307424690384,
    "overall_power_consumption": 1155.8956685851904
  },
  {
    "time": 84600.0,
    "opt": "ClusterLLGAOptimizer",
    "elapsed_time": 185.20005640399177,
    "valid": true,
    "overall_deadline_violation": 0.4231068159349308,
    "weighted_overall_deadline_violation": 513.4995263536392,
    "max_deadline_violation": 0.011006051398118305,
    "avg_deadline_violation": 0.00384642559940846,
    "avg_only_violated_deadline": 0.008296212077155501,
    "weighted_avg_deadline_violation": 0.005247007275682117,
    "weighted_avg_only_violated_deadline": 0.008969435561170434,
    "deadline_satisfaction": 0.5363636363636364,
    "weighted_deadline_satisfaction": 0.4150125456726701,
    "overall_cost": 390.81552767589415,
    "max_cost": 58.10970166002551,
    "avg_cost": 11.166157933596974,
    "overall_migration_cost": 1.1581066123760697,
    "max_migration_cost": 1.1581066123760697,
    "avg_migration_cost": 1.1581066123760697,
    "migration_rate": 0.02857142857142857,
    "weighted_migration_rate": 0.00021443193392366373,
    "overall_response_time": 14.32593311497922,
    "weighted_overall_response_time": 3134.4088622772883,
    "max_response_time": 0.7109650017156657,
    "avg_response_time": 0.1302357555907202,
    "weighted_avg_response_time": 0.032027811636198354,
    "avg_unavailability": 0.011654294723692647,
    "overall_power_consumption": 1189.603542465521
  }
]