[
  {
    "time": 0.0,
    "elapsed_time": 10.243735776050016,
    "id": -1,
    "type": "global"
  },
  {
    "time": 0.0,
    "elapsed_time": 4.237318545114249,
    "id": 11,
    "type": "cluster"
  },
  {
    "time": 0.0,
    "elapsed_time": 10.704364974051714,
    "id": 12,
    "type": "cluster"
  },
  {
    "time": 0.0,
    "elapsed_time": 10.590466507012025,
    "id": 13,
    "type": "cluster"
  },
  {
    "time": 0.0,
    "elapsed_time": 10.821667611133307,
    "id": 14,
    "type": "cluster"
  },
  {
    "time": 0.0,
    "elapsed_time": 10.556840617209673,
    "id": 15,
    "type": "cluster"
  },
  {
    "time": 0.0,
    "elapsed_time": 5.570370190078393,
    "id": 16,
    "type": "cluster"
  },
  {
    "time": 0.0,
    "elapsed_time": 3.2515507019124925,
    "id": 17,
    "type": "cluster"
  },
  {
    "time": 0.0,
    "elapsed_time": 4.194934423081577,
    "id": 11,
    "type": "cluster"
  },
  {
    "time": 0.0,
    "elapsed_time": 6.286901625106111,
    "id": 12,
    "type": "cluster"
  },
  {
    "time": 0.0,
    "elapsed_time": 10.529986687935889,
    "id": 13,
    "type": "cluster"
  },
  {
    "time": 0.0,
    "elapsed_time": 4.753942857962102,
    "id": 14,
    "type": "cluster"
  },
  {
    "time": 0.0,
    "elapsed_time": 10.644044752931222,
    "id": 15,
    "type": "cluster"
  },
  {
    "time": 0.0,
    "elapsed_time": 4.173445784021169,
    "id": 16,
    "type": "cluster"
  },
  {
    "time": 0.0,
    "elapsed_time": 4.350238464074209,
    "id": 17,
    "type": "cluster"
  },
  {
    "time": 0.0,
    "elapsed_time": 100.74038281594403,
    "id": -2,
    "type": "all_clusters"
  },
  {
    "time": 1800.0,
    "elapsed_time": 5.922624729108065,
    "id": 11,
    "type": "cluster"
  },
  {
    "time": 1800.0,
    "elapsed_time": 10.636904708109796,
    "id": 12,
    "type": "cluster"
  },
  {
    "time": 1800.0,
    "elapsed_time": 10.907978184055537,
    "id": 13,
    "type": "cluster"
  },
  {
    "time": 1800.0,
    "elapsed_time": 11.562083315802738,
    "id": 14,
    "type": "cluster"
  },
  {
    "time": 1800.0,
    "elapsed_time": 6.501286071026698,
    "id": 15,
    "type": "cluster"
  },
  {
    "time": 1800.0,
    "elapsed_time": 5.704811296891421,
    "id": 16,
    "type": "cluster"
  },
  {
    "time": 1800.0,
    "elapsed_time": 3.8897303000558168,
    "id": 17,
    "type": "cluster"
  },
  {
    "time": 1800.0,
    "elapsed_time": 4.056957229971886,
    "id": 11,
    "type": "cluster"
  },
  {
    "time": 1800.0,
    "elapsed_time": 4.468913587974384,
    "id": 12,
    "type": "cluster"
  },
  {
    "time": 1800.0,
    "elapsed_time": 10.933157071005553,
    "id": 13,
    "type": "cluster"
  },
  {
    "time": 1800.0,
    "elapsed_time": 8.831951085012406,
    "id": 14,
    "type": "cluster"
  },
  {
    "time": 1800.0,
    "elapsed_time": 10.916990501107648,
    "id": 15,
    "type": "cluster"
  },
  {
    "time": 1800.0,
    "elapsed_time": 4.050230775028467,
    "id": 16,
    "type": "cluster"
  },
  {
    "time": 1800.0,
    "elapsed_time": 5.9776826510205865,
    "id": 17,
    "type": "cluster"
  },
  {
    "time": 1800.0,
    "elapsed_time": 108.62911860784516,
    "id": -2,
    "type": "all_clusters"
  },
  {
    "time": 3600.0,
    "elapsed_time": 11.374397570965812,
    "id": -1,
    "type": "global"
  },
  {
    "time": 3600.0,
    "elapsed_time": 4.269092192873359,
    "id": 11,
    "type": "cluster"
  },
  {
    "time": 3600.0,
    "elapsed_time": 11.322111966088414,
    "id": 12,
    "type": "cluster"
  },
  {
    "time": 3600.0,
    "elapsed_time": 11.363877219846472,
    "id": 13,
    "type": "cluster"
  },
  {
    "time": 3600.0,
    "elapsed_time": 11.896043608896434,
    "id": 14,
    "type": "cluster"
  },
  {
    "time": 3600.0,
    "elapsed_time": 11.220947983209044,
    "id": 15,
    "type": "cluster"
  },
  {
    "time": 3600.0,
    "elapsed_time": 4.2244530448224396,
    "id": 16,
    "type": "cluster"
  },
  {
    "time": 3600.0,
    "elapsed_time": 3.9607085110619664,
    "id": 17,
    "type": "cluster"
  },
  {
    "time": 3600.0,
    "elapsed_time": 4.339221159927547,
    "id": 11,
    "type": "cluster"
  },
  {
    "time": 3600.0,
    "elapsed_time": 4.606762697920203,
    "id": 12,
    "type": "cluster"
  },
  {
    "time": 3600.0,
    "elapsed_time": 10.989365221001208,
    "id": 13,
    "type": "cluster"
  },
  {
    "time": 3600.0,
    "elapsed_time": 11.2514452629257,
    "id": 14,
    "type": "cluster"
  },
  {
    "time": 3600.0,
    "elapsed_time": 11.144155212910846,
    "id": 15,
    "type": "cluster"
  },
  {
    "time": 3600.0,
    "elapsed_time": 4.239877981133759,
    "id": 16,
    "type": "cluster"
  },
  {
    "time": 3600.0,
    "elapsed_time": 10.260194738861173,
    "id": 17,
    "type": "cluster"
  },
  {
    "time": 3600.0,
    "elapsed_time": 134.89828447811306,
    "id": -2,
    "type": "all_clusters"
  },
  {
    "time": 5400.0,
    "elapsed_time": 4.4642466539517045,
    "id": 11,
    "type": "cluster"
  },
  {
    "time": 5400.0,
    "elapsed_time": 11.007451972924173,
    "id": 12,
    "type": "cluster"
  },
  {
    "time": 5400.0,
    "elapsed_time": 11.479380533099174,
    "id": 13,
    "type": "cluster"
  },
  {
    "time": 5400.0,
    "elapsed_time": 11.522082845913246,
    "id": 14,
    "type": "cluster"
  },
  {
    "time": 5400.0,
    "elapsed_time": 11.333185486029834,
    "id": 15,
    "type": "cluster"
  },
  {
    "time": 5400.0,
    "elapsed_time": 4.265641592908651,
    "id": 16,
    "type": "cluster"
  },
  {
    "time": 5400.0,
    "elapsed_time": 3.9569830070249736,
    "id": 17,
    "type": "cluster"
  },
  {
    "time": 5400.0,
    "elapsed_time": 4.256782493786886,
    "id": 11,
    "type": "cluster"
  },
  {
    "time": 5400.0,
    "elapsed_time": 8.626803450053558,
    "id": 12,
    "type": "cluster"
  },
  {
    "time": 5400.0,
    "elapsed_time": 8.806463314918801,
    "id": 13,
    "type": "cluster"
  },
  {
    "time": 5400.0,
    "elapsed_time": 11.12114641489461,
    "id": 14,
    "type": "cluster"
  },
  {
    "time": 5400.0,
    "elapsed_time": 10.871063775848597,
    "id": 15,
    "type": "cluster"
  },
  {
    "time": 5400.0,
    "elapsed_time": 4.135527160950005,
    "id": 16,
    "type": "cluster"
  },
  {
    "time": 5400.0,
    "elapsed_time": 4.567931988975033,
    "id": 17,
    "type": "cluster"
  },
  {
    "time": 5400.0,
    "elapsed_time": 123.64708542614244,
    "id": -2,
    "type": "all_clusters"
  },
  {
    "time": 7200.0,
    "elapsed_time": 11.722711109090596,
    "id": -1,
    "type": "global"
  },
  {
    "time": 7200.0,
    "elapsed_time": 4.459610314108431,
    "id": 11,
    "type": "cluster"
  },
  {
    "time": 7200.0,
    "elapsed_time": 11.206612569047138,
    "id": 12,
    "type": "cluster"
  },
  {
    "time": 7200.0,
    "elapsed_time": 11.555064494954422,
    "id": 13,
    "type": "cluster"
  },
  {
    "time": 7200.0,
    "elapsed_time": 11.790592824108899,
    "id": 14,
    "type": "cluster"
  },
  {
    "time": 7200.0,
    "elapsed_time": 11.481490364065394,
    "id": 15,
    "type": "cluster"
  },
  {
    "time": 7200.0,
    "elapsed_time": 4.327753775054589,
    "id": 16,
    "type": "cluster"
  },
  {
    "time": 7200.0,
    "elapsed_time": 3.8871161008719355,
    "id": 17,
    "type": "cluster"
  },
  {
    "time": 7200.0,
    "elapsed_time": 4.357130697928369,
    "id": 11,
    "type": "cluster"
  },
  {
    "time": 7200.0,
    "elapsed_time": 8.962053742958233,
    "id": 12,
    "type": "cluster"
  },
  {
    "time": 7200.0,
    "elapsed_time": 11.544732037000358,
    "id": 13,
    "type": "cluster"
  },
  {
    "time": 7200.0,
    "elapsed_time": 7.125778038054705,
    "id": 14,
    "type": "cluster"
  },
  {
    "time": 7200.0,
    "elapsed_time": 11.074405829887837,
    "id": 15,
    "type": "cluster"
  },
  {
    "time": 7200.0,
    "elapsed_time": 4.289584164973348,
    "id": 16,
    "type": "cluster"
  },
  {
    "time": 7200.0,
    "elapsed_time": 4.785490374080837,
    "id": 17,
    "type": "cluster"
  },
  {
    "time": 7200.0,
    "elapsed_time": 132.1874952078797,
    "id": -2,
    "type": "all_clusters"
  },
  {
    "time": 9000.0,
    "elapsed_time": 4.453430391149595,
    "id": 11,
    "type": "cluster"
  },
  {
    "time": 9000.0,
    "elapsed_time": 11.002283073961735,
    "id": 12,
    "type": "cluster"
  },
  {
    "time": 9000.0,
    "elapsed_time": 11.808973680948839,
    "id": 13,
    "type": "cluster"
  },
  {
    "time": 9000.0,
    "elapsed_time": 7.150728726061061,
    "id": 14,
    "type": "cluster"
  },
  {
    "time": 9000.0,
    "elapsed_time": 11.555479303002357,
    "id": 15,
    "type": "cluster"
  },
  {
    "time": 9000.0,
    "elapsed_time": 5.720443763071671,
    "id": 16,
    "type": "cluster"
  },
  {
    "time": 9000.0,
    "elapsed_time": 3.906629820819944,
    "id": 17,
    "type": "cluster"
  },
  {
    "time": 9000.0,
    "elapsed_time": 4.3873100420460105,
    "id": 11,
    "type": "cluster"
  },
  {
    "time": 9000.0,
    "elapsed_time": 4.520887779071927,
    "id": 12,
    "type": "cluster"
  },
  {
    "time": 9000.0,
    "elapsed_time": 11.147313366876915,
    "id": 13,
    "type": "cluster"
  },
  {
    "time": 9000.0,
    "elapsed_time": 6.788310616044328,
    "id": 14,
    "type": "cluster"
  },
  {
    "time": 9000.0,
    "elapsed_time": 11.213279169984162,
    "id": 15,
    "type": "cluster"
  },
  {
    "time": 9000.0,
    "elapsed_time": 4.2846076800487936,
    "id": 16,
    "type": "cluster"
  },
  {
    "time": 9000.0,
    "elapsed_time": 8.231306263944134,
    "id": 17,
    "type": "cluster"
  },
  {
    "time": 9000.0,
    "elapsed_time": 130.96578009799123,
    "id": -2,
    "type": "all_clusters"
  },
  {
    "time": 10800.0,
    "elapsed_time": 11.838852528017014,
    "id": -1,
    "type": "global"
  },
  {
    "time": 10800.0,
    "elapsed_time": 4.408972590928897,
    "id": 11,
    "type": "cluster"
  },
  {
    "time": 10800.0,
    "elapsed_time": 11.245289430953562,
    "id": 12,
    "type": "cluster"
  },
  {
    "time": 10800.0,
    "elapsed_time": 12.085017189849168,
    "id": 13,
    "type": "cluster"
  },
  {
    "time": 10800.0,
    "elapsed_time": 11.495994293829426,
    "id": 14,
    "type": "cluster"
  },
  {
    "time": 10800.0,
    "elapsed_time": 11.005285209976137,
    "id": 15,
    "type": "cluster"
  },
  {
    "time": 10800.0,
    "elapsed_time": 4.313559317030013,
    "id": 16,
    "type": "cluster"
  },
  {
    "time": 10800.0,
    "elapsed_time": 3.838637303095311,
    "id": 17,
    "type": "cluster"
  },
  {
    "time": 10800.0,
    "elapsed_time": 4.30173513200134,
    "id": 11,
    "type": "cluster"
  },
  {
    "time": 10800.0,
    "elapsed_time": 4.683400305919349,
    "id": 12,
    "type": "cluster"
  },
  {
    "time": 10800.0,
    "elapsed_time": 11.315435545053333,
    "id": 13,
    "type": "cluster"
  },
  {
    "time": 10800.0,
    "elapsed_time": 6.70885135512799,
    "id": 14,
    "type": "cluster"
  },
  {
    "time": 10800.0,
    "elapsed_time": 8.761277892859653,
    "id": 15,
    "type": "cluster"
  },
  {
    "time": 10800.0,
    "elapsed_time": 3.9522556711453944,
    "id": 16,
    "type": "cluster"
  },
  {
    "time": 10800.0,
    "elapsed_time": 4.499932558974251,
    "id": 17,
    "type": "cluster"
  },
  {
    "time": 10800.0,
    "elapsed_time": 126.8242352460511,
    "id": -2,
    "type": "all_clusters"
  },
  {
    "time": 12600.0,
    "elapsed_time": 4.216504665091634,
    "id": 11,
    "type": "cluster"
  },
  {
    "time": 12600.0,
    "elapsed_time": 11.20369675802067,
    "id": 12,
    "type": "cluster"
  },
  {
    "time": 12600.0,
    "elapsed_time": 11.945021775085479,
    "id": 13,
    "type": "cluster"
  },
  {
    "time": 12600.0,
    "elapsed_time": 7.096188394119963,
    "id": 14,
    "type": "cluster"
  },
  {
    "time": 12600.0,
    "elapsed_time": 11.497399819083512,
    "id": 15,
    "type": "cluster"
  },
  {
    "time": 12600.0,
    "elapsed_time": 4.266835110029206,
    "id": 16,
    "type": "cluster"
  },
  {
    "time": 12600.0,
    "elapsed_time": 3.9635133598931134,
    "id": 17,
    "type": "cluster"
  },
  {
    "time": 12600.0,
    "elapsed_time": 4.276143199997023,
    "id": 11,
    "type": "cluster"
  },
  {
    "time": 12600.0,
    "elapsed_time": 4.798829177860171,
    "id": 12,
    "type": "cluster"
  },
  {
    "time": 12600.0,
    "elapsed_time": 11.64261117996648,
    "id": 13,
    "type": "cluster"
  },
  {
    "time": 12600.0,
    "elapsed_time": 9.353493763133883,
    "id": 14,
    "type": "cluster"
  },
  {
    "time": 12600.0,
    "elapsed_time": 6.617711178958416,
    "id": 15,
    "type": "cluster"
  },
  {
    "time": 12600.0,
    "elapsed_time": 4.228064549854025,
    "id": 16,
    "type": "cluster"
  },
  {
    "time": 12600.0,
    "elapsed_time": 4.815443997038528,
    "id": 17,
    "type": "cluster"
  },
  {
    "time": 12600.0,
    "elapsed_time": 123.45656250184402,
    "id": -2,
    "type": "all_clusters"
  },
  {
    "time": 14400.0,
    "elapsed_time": 11.737671097973362,
    "id": -1,
    "type": "global"
  },
  {
    "time": 14400.0,
    "elapsed_time": 4.327002189820632,
    "id": 11,
    "type": "cluster"
  },
  {
    "time": 14400.0,
    "elapsed_time": 11.269599066814408,
    "id": 12,
    "type": "cluster"
  },
  {
    "time": 14400.0,
    "elapsed_time": 11.988400422036648,
    "id": 13,
    "type": "cluster"
  },
  {
    "time": 14400.0,
    "elapsed_time": 5.205936281941831,
    "id": 14,
    "type": "cluster"
  },
  {
    "time": 14400.0,
    "elapsed_time": 11.480025107041001,
    "id": 15,
    "type": "cluster"
  },
  {
    "time": 14400.0,
    "elapsed_time": 4.253154135076329,
    "id": 16,
    "type": "cluster"
  },
  {
    "time": 14400.0,
    "elapsed_time": 3.8953381429892033,
    "id": 17,
    "type": "cluster"
  },
  {
    "time": 14400.0,
    "elapsed_time": 5.7528311589267105,
    "id": 11,
    "type": "cluster"
  },
  {
    "time": 14400.0,
    "elapsed_time": 11.145706648938358,
    "id": 12,
    "type": "cluster"
  },
  {
    "time": 14400.0,
    "elapsed_time": 6.867718070046976,
    "id": 13,
    "type": "cluster"
  },
  {
    "time": 14400.0,
    "elapsed_time": 11.398064905777574,
    "id": 14,
    "type": "cluster"
  },
  {
    "time": 14400.0,
    "elapsed_time": 11.04356348188594,
    "id": 15,
    "type": "cluster"
  },
  {
    "time": 14400.0,
    "elapsed_time": 4.27185276709497,
    "id": 16,
    "type": "cluster"
  },
  {
    "time": 14400.0,
    "elapsed_time": 4.484092924045399,
    "id": 17,
    "type": "cluster"
  },
  {
    "time": 14400.0,
    "elapsed_time": 133.9809291670099,
    "id": -2,
    "type": "all_clusters"
  },
  {
    "time": 16200.0,
    "elapsed_time": 4.249745958019048,
    "id": 11,
    "type": "cluster"
  },
  {
    "time": 16200.0,
    "elapsed_time": 9.454160235123709,
    "id": 12,
    "type": "cluster"
  },
  {
    "time": 16200.0,
    "elapsed_time": 11.850596853066236,
    "id": 13,
    "type": "cluster"
  },
  {
    "time": 16200.0,
    "elapsed_time": 7.219231480965391,
    "id": 14,
    "type": "cluster"
  },
  {
    "time": 16200.0,
    "elapsed_time": 11.549874732038006,
    "id": 15,
    "type": "cluster"
  },
  {
    "time": 16200.0,
    "elapsed_time": 4.307424637954682,
    "id": 16,
    "type": "cluster"
  },
  {
    "time": 16200.0,
    "elapsed_time": 3.916688409866765,
    "id": 17,
    "type": "cluster"
  },
  {
    "time": 16200.0,
    "elapsed_time": 4.235241713002324,
    "id": 11,
    "type": "cluster"
  },
  {
    "time": 16200.0,
    "elapsed_time": 4.937006022082642,
    "id": 12,
    "type": "cluster"
  },
  {
    "time": 16200.0,
    "elapsed_time": 11.602241741959006,
    "id": 13,
    "type": "cluster"
  },
  {
    "time": 16200.0,
    "elapsed_time": 11.450332340784371,
    "id": 14,
    "type": "cluster"
  },
  {
    "time": 16200.0,
    "elapsed_time": 11.109015705995262,
    "id": 15,
    "type": "cluster"
  },
  {
    "time": 16200.0,
    "elapsed_time": 4.258287666132674,
    "id": 16,
    "type": "cluster"
  },
  {
    "time": 16200.0,
    "elapsed_time": 5.313834852073342,
    "id": 17,
    "type": "cluster"
  },
  {
    "time": 16200.0,
    "elapsed_time": 144.5787249689456,
    "id": -2,
    "type": "all_clusters"
  },
  {
    "time": 18000.0,
    "elapsed_time": 11.386842750944197,
    "id": -1,
    "type": "global"
  },
  {
    "time": 18000.0,
    "elapsed_time": 4.2229353620205075,
    "id": 11,
    "type": "cluster"
  },
  {
    "time": 18000.0,
    "elapsed_time": 11.07498347084038,
    "id": 12,
    "type": "cluster"
  },
  {
    "time": 18000.0,
    "elapsed_time": 11.991307771066204,
    "id": 13,
    "type": "cluster"
  },
  {
    "time": 18000.0,
    "elapsed_time": 11.82930968911387,
    "id": 14,
    "type": "cluster"
  },
  {
    "time": 18000.0,
    "elapsed_time": 11.466974673094228,
    "id": 15,
    "type": "cluster"
  },
  {
    "time": 18000.0,
    "elapsed_time": 4.280726182973012,
    "id": 16,
    "type": "cluster"
  },
  {
    "time": 18000.0,
    "elapsed_time": 3.895926384953782,
    "id": 17,
    "type": "cluster"
  },
  {
    "time": 18000.0,
    "elapsed_time": 4.228088243864477,
    "id": 11,
    "type": "cluster"
  },
  {
    "time": 18000.0,
    "elapsed_time": 6.5996182698290795,
    "id": 12,
    "type": "cluster"
  },
  {
    "time": 18000.0,
    "elapsed_time": 11.723205910995603,
    "id": 13,
    "type": "cluster"
  },
  {
    "time": 18000.0,
    "elapsed_time": 4.879610415082425,
    "id": 14,
    "type": "cluster"
  },
  {
    "time": 18000.0,
    "elapsed_time": 10.846187498886138,
    "id": 15,
    "type": "cluster"
  },
  {
    "time": 18000.0,
    "elapsed_time": 4.269521084148437,
    "id": 16,
    "type": "cluster"
  },
  {
    "time": 18000.0,
    "elapsed_time": 4.719730786047876,
    "id": 17,
    "type": "cluster"
  },
  {
    "time": 18000.0,
    "elapsed_time": 140.22624805103987,
    "id": -2,
    "type": "all_clusters"
  },
  {
    "time": 19800.0,
    "elapsed_time": 4.434773070039228,
    "id": 11,
    "type": "cluster"
  },
  {
    "time": 19800.0,
    "elapsed_time": 11.625203893054277,
    "id": 12,
    "type": "cluster"
  },
  {
    "time": 19800.0,
    "elapsed_time": 12.013149284990504,
    "id": 13,
    "type": "cluster"
  },
  {
    "time": 19800.0,
    "elapsed_time": 7.211203074082732,
    "id": 14,
    "type": "cluster"
  },
  {
    "time": 19800.0,
    "elapsed_time": 11.64914498780854,
    "id": 15,
    "type": "cluster"
  },
  {
    "time": 19800.0,
    "elapsed_time": 4.3785723759792745,
    "id": 16,
    "type": "cluster"
  },
  {
    "time": 19800.0,
    "elapsed_time": 3.9034509111661464,
    "id": 17,
    "type": "cluster"
  },
  {
    "time": 19800.0,
    "elapsed_time": 4.426130014937371,
    "id": 11,
    "type": "cluster"
  },
  {
    "time": 19800.0,
    "elapsed_time": 6.843511614948511,
    "id": 12,
    "type": "cluster"
  },
  {
    "time": 19800.0,
    "elapsed_time": 11.65990937082097,
    "id": 13,
    "type": "cluster"
  },
  {
    "time": 19800.0,
    "elapsed_time": 4.961237091105431,
    "id": 14,
    "type": "cluster"
  },
  {
    "time": 19800.0,
    "elapsed_time": 11.345089499140158,
    "id": 15,
    "type": "cluster"
  },
  {
    "time": 19800.0,
    "elapsed_time": 4.281715351855382,
    "id": 16,
    "type": "cluster"
  },
  {
    "time": 19800.0,
    "elapsed_time": 4.513890617061406,
    "id": 17,
    "type": "cluster"
  },
  {
    "time": 19800.0,
    "elapsed_time": 142.8168079131283,
    "id": -2,
    "type": "all_clusters"
  },
  {
    "time": 21600.0,
    "elapsed_time": 11.771083818981424,
    "id": -1,
    "type": "global"
  },
  {
    "time": 21600.0,
    "elapsed_time": 4.484340682858601,
    "id": 11,
    "type": "cluster"
  },
  {
    "time": 21600.0,
    "elapsed_time": 11.623167139943689,
    "id": 12,
    "type": "cluster"
  },
  {
    "time": 21600.0,
    "elapsed_time": 12.282801380148157,
    "id": 13,
    "type": "cluster"
  },
  {
    "time": 21600.0,
    "elapsed_time": 12.241451304173097,
    "id": 14,
    "type": "cluster"
  },
  {
    "time": 21600.0,
    "elapsed_time": 11.727087392937392,
    "id": 15,
    "type": "cluster"
  },
  {
    "time": 21600.0,
    "elapsed_time": 4.354196744970977,
    "id": 16,
    "type": "cluster"
  },
  {
    "time": 21600.0,
    "elapsed_time": 3.871305301785469,
    "id": 17,
    "type": "cluster"
  },
  {
    "time": 21600.0,
    "elapsed_time": 4.340033763088286,
    "id": 11,
    "type": "cluster"
  },
  {
    "time": 21600.0,
    "elapsed_time": 6.60459923511371,
    "id": 12,
    "type": "cluster"
  },
  {
    "time": 21600.0,
    "elapsed_time": 11.704192459117621,
    "id": 13,
    "type": "cluster"
  },
  {
    "time": 21600.0,
    "elapsed_time": 9.354752852814272,
    "id": 14,
    "type": "cluster"
  },
  {
    "time": 21600.0,
    "elapsed_time": 4.982672354904935,
    "id": 15,
    "type": "cluster"
  },
  {
    "time": 21600.0,
    "elapsed_time": 4.361342430114746,
    "id": 16,
    "type": "cluster"
  },
  {
    "time": 21600.0,
    "elapsed_time": 4.794639701023698,
    "id": 17,
    "type": "cluster"
  },
  {
    "time": 21600.0,
    "elapsed_time": 149.0616912660189,
    "id": -2,
    "type": "all_clusters"
  },
  {
    "time": 23400.0,
    "elapsed_time": 4.42636251100339,
    "id": 11,
    "type": "cluster"
  },
  {
    "time": 23400.0,
    "elapsed_time": 10.825112042017281,
    "id": 12,
    "type": "cluster"
  },
  {
    "time": 23400.0,
    "elapsed_time": 11.946308685000986,
    "id": 13,
    "type": "cluster"
  },
  {
    "time": 23400.0,
    "elapsed_time": 9.58682942809537,
    "id": 14,
    "type": "cluster"
  },
  {
    "time": 23400.0,
    "elapsed_time": 11.920281756902114,
    "id": 15,
    "type": "cluster"
  },
  {
    "time": 23400.0,
    "elapsed_time": 4.379534305073321,
    "id": 16,
    "type": "cluster"
  },
  {
    "time": 23400.0,
    "elapsed_time": 3.9820824761409312,
    "id": 17,
    "type": "cluster"
  },
  {
    "time": 23400.0,
    "elapsed_time": 4.298628525109962,
    "id": 11,
    "type": "cluster"
  },
  {
    "time": 23400.0,
    "elapsed_time": 8.677466623019427,
    "id": 12,
    "type": "cluster"
  },
  {
    "time": 23400.0,
    "elapsed_time": 11.135114077944309,
    "id": 13,
    "type": "cluster"
  },
  {
    "time": 23400.0,
    "elapsed_time": 9.407488723983988,
    "id": 14,
    "type": "cluster"
  },
  {
    "time": 23400.0,
    "elapsed_time": 11.627480087103322,
    "id": 15,
    "type": "cluster"
  },
  {
    "time": 23400.0,
    "elapsed_time": 4.254829823970795,
    "id": 16,
    "type": "cluster"
  },
  {
    "time": 23400.0,
    "elapsed_time": 4.368044110015035,
    "id": 17,
    "type": "cluster"
  },
  {
    "time": 23400.0,
    "elapsed_time": 153.98143507516943,
    "id": -2,
    "type": "all_clusters"
  },
  {
    "time": 25200.0,
    "elapsed_time": 11.53134919097647,
    "id": -1,
    "type": "global"
  },
  {
    "time": 25200.0,
    "elapsed_time": 4.340502812061459,
    "id": 11,
    "type": "cluster"
  },
  {
    "time": 25200.0,
    "elapsed_time": 11.943019913043827,
    "id": 12,
    "type": "cluster"
  },
  {
    "time": 25200.0,
    "elapsed_time": 12.12387473299168,
    "id": 13,
    "type": "cluster"
  },
  {
    "time": 25200.0,
    "elapsed_time": 11.887617114000022,
    "id": 14,
    "type": "cluster"
  },
  {
    "time": 25200.0,
    "elapsed_time": 11.563425435917452,
    "id": 15,
    "type": "cluster"
  },
  {
    "time": 25200.0,
    "elapsed_time": 4.3296344850678,
    "id": 16,
    "type": "cluster"
  },
  {
    "time": 25200.0,
    "elapsed_time": 4.01142073306255,
    "id": 17,
    "type": "cluster"
  },
  {
    "time": 25200.0,
    "elapsed_time": 4.2656250048894435,
    "id": 11,
    "type": "cluster"
  },
  {
    "time": 25200.0,
    "elapsed_time": 5.478612649952993,
    "id": 12,
    "type": "cluster"
  },
  {
    "time": 25200.0,
    "elapsed_time": 11.070756400935352,
    "id": 13,
    "type": "cluster"
  },
  {
    "time": 25200.0,
    "elapsed_time": 11.463444873923436,
    "id": 14,
    "type": "cluster"
  },
  {
    "time": 25200.0,
    "elapsed_time": 5.005895744077861,
    "id": 15,
    "type": "cluster"
  },
  {
    "time": 25200.0,
    "elapsed_time": 4.2408939090091735,
    "id": 16,
    "type": "cluster"
  },
  {
    "time": 25200.0,
    "elapsed_time": 4.843568812822923,
    "id": 17,
    "type": "cluster"
  },
  {
    "time": 25200.0,
    "elapsed_time": 151.71637799683958,
    "id": -2,
    "type": "all_clusters"
  },
  {
    "time": 27000.0,
    "elapsed_time": 4.497266595019028,
    "id": 11,
    "type": "cluster"
  },
  {
    "time": 27000.0,
    "elapsed_time": 6.943401204887778,
    "id": 12,
    "type": "cluster"
  },
  {
    "time": 27000.0,
    "elapsed_time": 11.53485278179869,
    "id": 13,
    "type": "cluster"
  },
  {
    "time": 27000.0,
    "elapsed_time": 11.696491144830361,
    "id": 14,
    "type": "cluster"
  },
  {
    "time": 27000.0,
    "elapsed_time": 11.450405580922961,
    "id": 15,
    "type": "cluster"
  },
  {
    "time": 27000.0,
    "elapsed_time": 4.291973646963015,
    "id": 16,
    "type": "cluster"
  },
  {
    "time": 27000.0,
    "elapsed_time": 3.8451081519015133,
    "id": 17,
    "type": "cluster"
  },
  {
    "time": 27000.0,
    "elapsed_time": 4.207783119054511,
    "id": 11,
    "type": "cluster"
  },
  {
    "time": 27000.0,
    "elapsed_time": 9.121518255909905,
    "id": 12,
    "type": "cluster"
  },
  {
    "time": 27000.0,
    "elapsed_time": 11.352542722132057,
    "id": 13,
    "type": "cluster"
  },
  {
    "time": 27000.0,
    "elapsed_time": 11.03382760193199,
    "id": 14,
    "type": "cluster"
  },
  {
    "time": 27000.0,
    "elapsed_time": 8.959683311870322,
    "id": 15,
    "type": "cluster"
  },
  {
    "time": 27000.0,
    "elapsed_time": 4.2714490769430995,
    "id": 16,
    "type": "cluster"
  },
  {
    "time": 27000.0,
    "elapsed_time": 4.513961571035907,
    "id": 17,
    "type": "cluster"
  },
  {
    "time": 27000.0,
    "elapsed_time": 150.94909651391208,
    "id": -2,
    "type": "all_clusters"
  },
  {
    "time": 28800.0,
    "elapsed_time": 11.801466101780534,
    "id": -1,
    "type": "global"
  },
  {
    "time": 28800.0,
    "elapsed_time": 4.531881592003629,
    "id": 11,
    "type": "cluster"
  },
  {
    "time": 28800.0,
    "elapsed_time": 5.10947314905934,
    "id": 12,
    "type": "cluster"
  },
  {
    "time": 28800.0,
    "elapsed_time": 11.322123830905184,
    "id": 13,
    "type": "cluster"
  },
  {
    "time": 28800.0,
    "elapsed_time": 11.830366442911327,
    "id": 14,
    "type": "cluster"
  },
  {
    "time": 28800.0,
    "elapsed_time": 11.425825046841055,
    "id": 15,
    "type": "cluster"
  },
  {
    "time": 28800.0,
    "elapsed_time": 6.808414858067408,
    "id": 16,
    "type": "cluster"
  },
  {
    "time": 28800.0,
    "elapsed_time": 3.8296477750409395,
    "id": 17,
    "type": "cluster"
  },
  {
    "time": 28800.0,
    "elapsed_time": 4.347520286915824,
    "id": 11,
    "type": "cluster"
  },
  {
    "time": 28800.0,
    "elapsed_time": 4.818877097917721,
    "id": 12,
    "type": "cluster"
  },
  {
    "time": 28800.0,
    "elapsed_time": 8.87185284984298,
    "id": 13,
    "type": "cluster"
  },
  {
    "time": 28800.0,
    "elapsed_time": 11.269651868846267,
    "id": 14,
    "type": "cluster"
  },
  {
    "time": 28800.0,
    "elapsed_time": 6.437851916067302,
    "id": 15,
    "type": "cluster"
  },
  {
    "time": 28800.0,
    "elapsed_time": 3.8757546399720013,
    "id": 16,
    "type": "cluster"
  },
  {
    "time": 28800.0,
    "elapsed_time": 7.882047354010865,
    "id": 17,
    "type": "cluster"
  },
  {
    "time": 28800.0,
    "elapsed_time": 149.9354617120698,
    "id": -2,
    "type": "all_clusters"
  },
  {
    "time": 30600.0,
    "elapsed_time": 4.092196993995458,
    "id": 11,
    "type": "cluster"
  },
  {
    "time": 30600.0,
    "elapsed_time": 11.145717170089483,
    "id": 12,
    "type": "cluster"
  },
  {
    "time": 30600.0,
    "elapsed_time": 12.355882888892666,
    "id": 13,
    "type": "cluster"
  },
  {
    "time": 30600.0,
    "elapsed_time": 11.604407272068784,
    "id": 14,
    "type": "cluster"
  },
  {
    "time": 30600.0,
    "elapsed_time": 11.159037108998746,
    "id": 15,
    "type": "cluster"
  },
  {
    "time": 30600.0,
    "elapsed_time": 4.320495409891009,
    "id": 16,
    "type": "cluster"
  },
  {
    "time": 30600.0,
    "elapsed_time": 4.787584092933685,
    "id": 17,
    "type": "cluster"
  },
  {
    "time": 30600.0,
    "elapsed_time": 4.278853076975793,
    "id": 11,
    "type": "cluster"
  },
  {
    "time": 30600.0,
    "elapsed_time": 11.124879562063143,
    "id": 12,
    "type": "cluster"
  },
  {
    "time": 30600.0,
    "elapsed_time": 11.450823462102562,
    "id": 13,
    "type": "cluster"
  },
  {
    "time": 30600.0,
    "elapsed_time": 11.096342414850369,
    "id": 14,
    "type": "cluster"
  },
  {
    "time": 30600.0,
    "elapsed_time": 6.812849522102624,
    "id": 15,
    "type": "cluster"
  },
  {
    "time": 30600.0,
    "elapsed_time": 5.902269188081846,
    "id": 16,
    "type": "cluster"
  },
  {
    "time": 30600.0,
    "elapsed_time": 4.598128037061542,
    "id": 17,
    "type": "cluster"
  },
  {
    "time": 30600.0,
    "elapsed_time": 170.78352649882436,
    "id": -2,
    "type": "all_clusters"
  },
  {
    "time": 32400.0,
    "elapsed_time": 11.504098918987438,
    "id": -1,
    "type": "global"
  },
  {
    "time": 32400.0,
    "elapsed_time": 4.38076703902334,
    "id": 11,
    "type": "cluster"
  },
  {
    "time": 32400.0,
    "elapsed_time": 11.734310139901936,
    "id": 12,
    "type": "cluster"
  },
  {
    "time": 32400.0,
    "elapsed_time": 11.863007668871433,
    "id": 13,
    "type": "cluster"
  },
  {
    "time": 32400.0,
    "elapsed_time": 11.789410318015143,
    "id": 14,
    "type": "cluster"
  },
  {
    "time": 32400.0,
    "elapsed_time": 11.630984254181385,
    "id": 15,
    "type": "cluster"
  },
  {
    "time": 32400.0,
    "elapsed_time": 4.093144262908027,
    "id": 16,
    "type": "cluster"
  },
  {
    "time": 32400.0,
    "elapsed_time": 3.974386658053845,
    "id": 17,
    "type": "cluster"
  },
  {
    "time": 32400.0,
    "elapsed_time": 4.424332740018144,
    "id": 11,
    "type": "cluster"
  },
  {
    "time": 32400.0,
    "elapsed_time": 11.457424046006054,
    "id": 12,
    "type": "cluster"
  },
  {
    "time": 32400.0,
    "elapsed_time": 8.99831385188736,
    "id": 13,
    "type": "cluster"
  },
  {
    "time": 32400.0,
    "elapsed_time": 11.814932931913063,
    "id": 14,
    "type": "cluster"
  },
  {
    "time": 32400.0,
    "elapsed_time": 8.957468979991972,
    "id": 15,
    "type": "cluster"
  },
  {
    "time": 32400.0,
    "elapsed_time": 4.002912817988545,
    "id": 16,
    "type": "cluster"
  },
  {
    "time": 32400.0,
    "elapsed_time": 4.344864830840379,
    "id": 17,
    "type": "cluster"
  },
  {
    "time": 32400.0,
    "elapsed_time": 162.7651997108478,
    "id": -2,
    "type": "all_clusters"
  },
  {
    "time": 34200.0,
    "elapsed_time": 4.418949640123174,
    "id": 11,
    "type": "cluster"
  },
  {
    "time": 34200.0,
    "elapsed_time": 11.873472878010944,
    "id": 12,
    "type": "cluster"
  },
  {
    "time": 34200.0,
    "elapsed_time": 12.09090944007039,
    "id": 13,
    "type": "cluster"
  },
  {
    "time": 34200.0,
    "elapsed_time": 12.407115717185661,
    "id": 14,
    "type": "cluster"
  },
  {
    "time": 34200.0,
    "elapsed_time": 9.505394184961915,
    "id": 15,
    "type": "cluster"
  },
  {
    "time": 34200.0,
    "elapsed_time": 4.401948816841468,
    "id": 16,
    "type": "cluster"
  },
  {
    "time": 34200.0,
    "elapsed_time": 4.047780306078494,
    "id": 17,
    "type": "cluster"
  },
  {
    "time": 34200.0,
    "elapsed_time": 4.151667911093682,
    "id": 11,
    "type": "cluster"
  },
  {
    "time": 34200.0,
    "elapsed_time": 11.879646172048524,
    "id": 12,
    "type": "cluster"
  },
  {
    "time": 34200.0,
    "elapsed_time": 4.880690836114809,
    "id": 13,
    "type": "cluster"
  },
  {
    "time": 34200.0,
    "elapsed_time": 11.579094293061644,
    "id": 14,
    "type": "cluster"
  },
  {
    "time": 34200.0,
    "elapsed_time": 11.391407686052844,
    "id": 15,
    "type": "cluster"
  },
  {
    "time": 34200.0,
    "elapsed_time": 4.333443180890754,
    "id": 16,
    "type": "cluster"
  },
  {
    "time": 34200.0,
    "elapsed_time": 4.70738338585943,
    "id": 17,
    "type": "cluster"
  },
  {
    "time": 34200.0,
    "elapsed_time": 166.00281010288745,
    "id": -2,
    "type": "all_clusters"
  },
  {
    "time": 36000.0,
    "elapsed_time": 11.490114487009123,
    "id": -1,
    "type": "global"
  },
  {
    "time": 36000.0,
    "elapsed_time": 4.439129069913179,
    "id": 11,
    "type": "cluster"
  },
  {
    "time": 36000.0,
    "elapsed_time": 11.373504434945062,
    "id": 12,
    "type": "cluster"
  },
  {
    "time": 36000.0,
    "elapsed_time": 12.232169308001176,
    "id": 13,
    "type": "cluster"
  },
  {
    "time": 36000.0,
    "elapsed_time": 12.084757939912379,
    "id": 14,
    "type": "cluster"
  },
  {
    "time": 36000.0,
    "elapsed_time": 11.726872762897983,
    "id": 15,
    "type": "cluster"
  },
  {
    "time": 36000.0,
    "elapsed_time": 4.3418105388991535,
    "id": 16,
    "type": "cluster"
  },
  {
    "time": 36000.0,
    "elapsed_time": 4.047652716981247,
    "id": 17,
    "type": "cluster"
  },
  {
    "time": 36000.0,
    "elapsed_time": 4.4820672769565135,
    "id": 11,
    "type": "cluster"
  },
  {
    "time": 36000.0,
    "elapsed_time": 9.42083931202069,
    "id": 12,
    "type": "cluster"
  },
  {
    "time": 36000.0,
    "elapsed_time": 5.2016489380039275,
    "id": 13,
    "type": "cluster"
  },
  {
    "time": 36000.0,
    "elapsed_time": 7.042682554107159,
    "id": 14,
    "type": "cluster"
  },
  {
    "time": 36000.0,
    "elapsed_time": 11.236859820084646,
    "id": 15,
    "type": "cluster"
  },
  {
    "time": 36000.0,
    "elapsed_time": 4.245353016071022,
    "id": 16,
    "type": "cluster"
  },
  {
    "time": 36000.0,
    "elapsed_time": 4.500923056853935,
    "id": 17,
    "type": "cluster"
  },
  {
    "time": 36000.0,
    "elapsed_time": 163.4781815018505,
    "id": -2,
    "type": "all_clusters"
  },
  {
    "time": 37800.0,
    "elapsed_time": 4.385411994997412,
    "id": 11,
    "type": "cluster"
  },
  {
    "time": 37800.0,
    "elapsed_time": 11.474956860067323,
    "id": 12,
    "type": "cluster"
  },
  {
    "time": 37800.0,
    "elapsed_time": 12.070328596048057,
    "id": 13,
    "type": "cluster"
  },
  {
    "time": 37800.0,
    "elapsed_time": 11.986103493021801,
    "id": 14,
    "type": "cluster"
  },
  {
    "time": 37800.0,
    "elapsed_time": 9.393515697913244,
    "id": 15,
    "type": "cluster"
  },
  {
    "time": 37800.0,
    "elapsed_time": 4.262506504077464,
    "id": 16,
    "type": "cluster"
  },
  {
    "time": 37800.0,
    "elapsed_time": 3.9736611270345747,
    "id": 17,
    "type": "cluster"
  },
  {
    "time": 37800.0,
    "elapsed_time": 4.417440410936251,
    "id": 11,
    "type": "cluster"
  },
  {
    "time": 37800.0,
    "elapsed_time": 6.989671654999256,
    "id": 12,
    "type": "cluster"
  },
  {
    "time": 37800.0,
    "elapsed_time": 11.430863627931103,
    "id": 13,
    "type": "cluster"
  },
  {
    "time": 37800.0,
    "elapsed_time": 5.338074744911864,
    "id": 14,
    "type": "cluster"
  },
  {
    "time": 37800.0,
    "elapsed_time": 11.504200217081234,
    "id": 15,
    "type": "cluster"
  },
  {
    "time": 37800.0,
    "elapsed_time": 4.270622723037377,
    "id": 16,
    "type": "cluster"
  },
  {
    "time": 37800.0,
    "elapsed_time": 4.405977368121967,
    "id": 17,
    "type": "cluster"
  },
  {
    "time": 37800.0,
    "elapsed_time": 169.17731486284174,
    "id": -2,
    "type": "all_clusters"
  },
  {
    "time": 39600.0,
    "elapsed_time": 11.419747062027454,
    "id": -1,
    "type": "global"
  },
  {
    "time": 39600.0,
    "elapsed_time": 4.588716188911349,
    "id": 11,
    "type": "cluster"
  },
  {
    "time": 39600.0,
    "elapsed_time": 12.59109617001377,
    "id": 12,
    "type": "cluster"
  },
  {
    "time": 39600.0,
    "elapsed_time": 11.888558167032897,
    "id": 13,
    "type": "cluster"
  },
  {
    "time": 39600.0,
    "elapsed_time": 12.2867398399394,
    "id": 14,
    "type": "cluster"
  },
  {
    "time": 39600.0,
    "elapsed_time": 11.596724326023832,
    "id": 15,
    "type": "cluster"
  },
  {
    "time": 39600.0,
    "elapsed_time": 4.389106418006122,
    "id": 16,
    "type": "cluster"
  },
  {
    "time": 39600.0,
    "elapsed_time": 3.891322816023603,
    "id": 17,
    "type": "cluster"
  },
  {
    "time": 39600.0,
    "elapsed_time": 4.433856125921011,
    "id": 11,
    "type": "cluster"
  },
  {
    "time": 39600.0,
    "elapsed_time": 9.227510225959122,
    "id": 12,
    "type": "cluster"
  },
  {
    "time": 39600.0,
    "elapsed_time": 10.946110852994025,
    "id": 13,
    "type": "cluster"
  },
  {
    "time": 39600.0,
    "elapsed_time": 7.5276275631040335,
    "id": 14,
    "type": "cluster"
  },
  {
    "time": 39600.0,
    "elapsed_time": 11.440763351041824,
    "id": 15,
    "type": "cluster"
  },
  {
    "time": 39600.0,
    "elapsed_time": 5.718858376843855,
    "id": 16,
    "type": "cluster"
  },
  {
    "time": 39600.0,
    "elapsed_time": 4.503391521051526,
    "id": 17,
    "type": "cluster"
  },
  {
    "time": 39600.0,
    "elapsed_time": 176.1033005330246,
    "id": -2,
    "type": "all_clusters"
  },
  {
    "time": 41400.0,
    "elapsed_time": 4.3202729588374496,
    "id": 11,
    "type": "cluster"
  },
  {
    "time": 41400.0,
    "elapsed_time": 11.893576971953735,
    "id": 12,
    "type": "cluster"
  },
  {
    "time": 41400.0,
    "elapsed_time": 11.576629718067124,
    "id": 13,
    "type": "cluster"
  },
  {
    "time": 41400.0,
    "elapsed_time": 12.214125853031874,
    "id": 14,
    "type": "cluster"
  },
  {
    "time": 41400.0,
    "elapsed_time": 11.604303596075624,
    "id": 15,
    "type": "cluster"
  },
  {
    "time": 41400.0,
    "elapsed_time": 4.39354529697448,
    "id": 16,
    "type": "cluster"
  },
  {
    "time": 41400.0,
    "elapsed_time": 4.064904015045613,
    "id": 17,
    "type": "cluster"
  },
  {
    "time": 41400.0,
    "elapsed_time": 4.489809532882646,
    "id": 11,
    "type": "cluster"
  },
  {
    "time": 41400.0,
    "elapsed_time": 12.115575576899573,
    "id": 12,
    "type": "cluster"
  },
  {
    "time": 41400.0,
    "elapsed_time": 11.591094886884093,
    "id": 13,
    "type": "cluster"
  },
  {
    "time": 41400.0,
    "elapsed_time": 6.992292138049379,
    "id": 14,
    "type": "cluster"
  },
  {
    "time": 41400.0,
    "elapsed_time": 11.111097741872072,
    "id": 15,
    "type": "cluster"
  },
  {
    "time": 41400.0,
    "elapsed_time": 3.9980554410722107,
    "id": 16,
    "type": "cluster"
  },
  {
    "time": 41400.0,
    "elapsed_time": 4.443269232986495,
    "id": 17,
    "type": "cluster"
  },
  {
    "time": 41400.0,
    "elapsed_time": 179.8123450379353,
    "id": -2,
    "type": "all_clusters"
  },
  {
    "time": 43200.0,
    "elapsed_time": 11.343148753978312,
    "id": -1,
    "type": "global"
  },
  {
    "time": 43200.0,
    "elapsed_time": 4.412491819122806,
    "id": 11,
    "type": "cluster"
  },
  {
    "time": 43200.0,
    "elapsed_time": 11.582959399092942,
    "id": 12,
    "type": "cluster"
  },
  {
    "time": 43200.0,
    "elapsed_time": 11.952267583925277,
    "id": 13,
    "type": "cluster"
  },
  {
    "time": 43200.0,
    "elapsed_time": 11.402157874079421,
    "id": 14,
    "type": "cluster"
  },
  {
    "time": 43200.0,
    "elapsed_time": 11.925841296091676,
    "id": 15,
    "type": "cluster"
  },
  {
    "time": 43200.0,
    "elapsed_time": 4.254533324856311,
    "id": 16,
    "type": "cluster"
  },
  {
    "time": 43200.0,
    "elapsed_time": 4.026724321069196,
    "id": 17,
    "type": "cluster"
  },
  {
    "time": 43200.0,
    "elapsed_time": 4.47127724904567,
    "id": 11,
    "type": "cluster"
  },
  {
    "time": 43200.0,
    "elapsed_time": 11.469644141150638,
    "id": 12,
    "type": "cluster"
  },
  {
    "time": 43200.0,
    "elapsed_time": 11.4616654869169,
    "id": 13,
    "type": "cluster"
  },
  {
    "time": 43200.0,
    "elapsed_time": 12.274091333849356,
    "id": 14,
    "type": "cluster"
  },
  {
    "time": 43200.0,
    "elapsed_time": 11.244356584968045,
    "id": 15,
    "type": "cluster"
  },
  {
    "time": 43200.0,
    "elapsed_time": 4.27589803095907,
    "id": 16,
    "type": "cluster"
  },
  {
    "time": 43200.0,
    "elapsed_time": 4.4628562978468835,
    "id": 17,
    "type": "cluster"
  },
  {
    "time": 43200.0,
    "elapsed_time": 185.24011134402826,
    "id": -2,
    "type": "all_clusters"
  },
  {
    "time": 45000.0,
    "elapsed_time": 4.250304972054437,
    "id": 11,
    "type": "cluster"
  },
  {
    "time": 45000.0,
    "elapsed_time": 11.504802142968401,
    "id": 12,
    "type": "cluster"
  },
  {
    "time": 45000.0,
    "elapsed_time": 11.522353310137987,
    "id": 13,
    "type": "cluster"
  },
  {
    "time": 45000.0,
    "elapsed_time": 11.804216654971242,
    "id": 14,
    "type": "cluster"
  },
  {
    "time": 45000.0,
    "elapsed_time": 11.953148226020858,
    "id": 15,
    "type": "cluster"
  },
  {
    "time": 45000.0,
    "elapsed_time": 5.903427194105461,
    "id": 16,
    "type": "cluster"
  },
  {
    "time": 45000.0,
    "elapsed_time": 3.985806383891031,
    "id": 17,
    "type": "cluster"
  },
  {
    "time": 45000.0,
    "elapsed_time": 4.552622562972829,
    "id": 11,
    "type": "cluster"
  },
  {
    "time": 45000.0,
    "elapsed_time": 9.275077075930312,
    "id": 12,
    "type": "cluster"
  },
  {
    "time": 45000.0,
    "elapsed_time": 11.934021994005889,
    "id": 13,
    "type": "cluster"
  },
  {
    "time": 45000.0,
    "elapsed_time": 11.760621894150972,
    "id": 14,
    "type": "cluster"
  },
  {
    "time": 45000.0,
    "elapsed_time": 11.643477806122974,
    "id": 15,
    "type": "cluster"
  },
  {
    "time": 45000.0,
    "elapsed_time": 4.111376711167395,
    "id": 16,
    "type": "cluster"
  },
  {
    "time": 45000.0,
    "elapsed_time": 4.964685957878828,
    "id": 17,
    "type": "cluster"
  },
  {
    "time": 45000.0,
    "elapsed_time": 187.1783535031136,
    "id": -2,
    "type": "all_clusters"
  },
  {
    "time": 46800.0,
    "elapsed_time": 11.571656714193523,
    "id": -1,
    "type": "global"
  },
  {
    "time": 46800.0,
    "elapsed_time": 6.2126105120405555,
    "id": 11,
    "type": "cluster"
  },
  {
    "time": 46800.0,
    "elapsed_time": 11.716980079887435,
    "id": 12,
    "type": "cluster"
  },
  {
    "time": 46800.0,
    "elapsed_time": 11.490235291188583,
    "id": 13,
    "type": "cluster"
  },
  {
    "time": 46800.0,
    "elapsed_time": 11.948273250134662,
    "id": 14,
    "type": "cluster"
  },
  {
    "time": 46800.0,
    "elapsed_time": 9.133541385876015,
    "id": 15,
    "type": "cluster"
  },
  {
    "time": 46800.0,
    "elapsed_time": 4.515546037117019,
    "id": 16,
    "type": "cluster"
  },
  {
    "time": 46800.0,
    "elapsed_time": 4.0539397010579705,
    "id": 17,
    "type": "cluster"
  },
  {
    "time": 46800.0,
    "elapsed_time": 4.3448281090240926,
    "id": 11,
    "type": "cluster"
  },
  {
    "time": 46800.0,
    "elapsed_time": 9.02268664794974,
    "id": 12,
    "type": "cluster"
  },
  {
    "time": 46800.0,
    "elapsed_time": 12.383265824057162,
    "id": 13,
    "type": "cluster"
  },
  {
    "time": 46800.0,
    "elapsed_time": 11.62415082892403,
    "id": 14,
    "type": "cluster"
  },
  {
    "time": 46800.0,
    "elapsed_time": 6.697210242971778,
    "id": 15,
    "type": "cluster"
  },
  {
    "time": 46800.0,
    "elapsed_time": 4.551625217078254,
    "id": 16,
    "type": "cluster"
  },
  {
    "time": 46800.0,
    "elapsed_time": 4.706966427853331,
    "id": 17,
    "type": "cluster"
  },
  {
    "time": 46800.0,
    "elapsed_time": 178.13907891698182,
    "id": -2,
    "type": "all_clusters"
  },
  {
    "time": 48600.0,
    "elapsed_time": 4.368262786883861,
    "id": 11,
    "type": "cluster"
  },
  {
    "time": 48600.0,
    "elapsed_time": 11.646684578852728,
    "id": 12,
    "type": "cluster"
  },
  {
    "time": 48600.0,
    "elapsed_time": 7.445219804998487,
    "id": 13,
    "type": "cluster"
  },
  {
    "time": 48600.0,
    "elapsed_time": 11.876084881136194,
    "id": 14,
    "type": "cluster"
  },
  {
    "time": 48600.0,
    "elapsed_time": 4.771872396115214,
    "id": 15,
    "type": "cluster"
  },
  {
    "time": 48600.0,
    "elapsed_time": 4.2801462600473315,
    "id": 16,
    "type": "cluster"
  },
  {
    "time": 48600.0,
    "elapsed_time": 4.014338959939778,
    "id": 17,
    "type": "cluster"
  },
  {
    "time": 48600.0,
    "elapsed_time": 4.322404304053634,
    "id": 11,
    "type": "cluster"
  },
  {
    "time": 48600.0,
    "elapsed_time": 11.338342220988125,
    "id": 12,
    "type": "cluster"
  },
  {
    "time": 48600.0,
    "elapsed_time": 4.9359343010000885,
    "id": 13,
    "type": "cluster"
  },
  {
    "time": 48600.0,
    "elapsed_time": 11.961936608888209,
    "id": 14,
    "type": "cluster"
  },
  {
    "time": 48600.0,
    "elapsed_time": 4.830621154978871,
    "id": 15,
    "type": "cluster"
  },
  {
    "time": 48600.0,
    "elapsed_time": 4.435230428120121,
    "id": 16,
    "type": "cluster"
  },
  {
    "time": 48600.0,
    "elapsed_time": 6.347438778029755,
    "id": 17,
    "type": "cluster"
  },
  {
    "time": 48600.0,
    "elapsed_time": 162.3188321418129,
    "id": -2,
    "type": "all_clusters"
  },
  {
    "time": 50400.0,
    "elapsed_time": 11.726994683034718,
    "id": -1,
    "type": "global"
  },
  {
    "time": 50400.0,
    "elapsed_time": 4.389117189915851,
    "id": 11,
    "type": "cluster"
  },
  {
    "time": 50400.0,
    "elapsed_time": 11.575417103944346,
    "id": 12,
    "type": "cluster"
  },
  {
    "time": 50400.0,
    "elapsed_time": 11.43795866589062,
    "id": 13,
    "type": "cluster"
  },
  {
    "time": 50400.0,
    "elapsed_time": 11.934909446863458,
    "id": 14,
    "type": "cluster"
  },
  {
    "time": 50400.0,
    "elapsed_time": 11.430662678088993,
    "id": 15,
    "type": "cluster"
  },
  {
    "time": 50400.0,
    "elapsed_time": 4.330647185910493,
    "id": 16,
    "type": "cluster"
  },
  {
    "time": 50400.0,
    "elapsed_time": 3.915002431953326,
    "id": 17,
    "type": "cluster"
  },
  {
    "time": 50400.0,
    "elapsed_time": 4.293267806991935,
    "id": 11,
    "type": "cluster"
  },
  {
    "time": 50400.0,
    "elapsed_time": 6.908909213962033,
    "id": 12,
    "type": "cluster"
  },
  {
    "time": 50400.0,
    "elapsed_time": 11.259287371998653,
    "id": 13,
    "type": "cluster"
  },
  {
    "time": 50400.0,
    "elapsed_time": 11.111123376060277,
    "id": 14,
    "type": "cluster"
  },
  {
    "time": 50400.0,
    "elapsed_time": 10.697118824115023,
    "id": 15,
    "type": "cluster"
  },
  {
    "time": 50400.0,
    "elapsed_time": 4.381572318961844,
    "id": 16,
    "type": "cluster"
  },
  {
    "time": 50400.0,
    "elapsed_time": 5.274328039959073,
    "id": 17,
    "type": "cluster"
  },
  {
    "time": 50400.0,
    "elapsed_time": 180.05564929707907,
    "id": -2,
    "type": "all_clusters"
  },
  {
    "time": 52200.0,
    "elapsed_time": 4.288167225196958,
    "id": 11,
    "type": "cluster"
  },
  {
    "time": 52200.0,
    "elapsed_time": 9.149125571828336,
    "id": 12,
    "type": "cluster"
  },
  {
    "time": 52200.0,
    "elapsed_time": 11.463030242128298,
    "id": 13,
    "type": "cluster"
  },
  {
    "time": 52200.0,
    "elapsed_time": 11.509111611871049,
    "id": 14,
    "type": "cluster"
  },
  {
    "time": 52200.0,
    "elapsed_time": 9.115567961940542,
    "id": 15,
    "type": "cluster"
  },
  {
    "time": 52200.0,
    "elapsed_time": 5.852865319000557,
    "id": 16,
    "type": "cluster"
  },
  {
    "time": 52200.0,
    "elapsed_time": 3.8554362300783396,
    "id": 17,
    "type": "cluster"
  },
  {
    "time": 52200.0,
    "elapsed_time": 4.33503466588445,
    "id": 11,
    "type": "cluster"
  },
  {
    "time": 52200.0,
    "elapsed_time": 6.803053946001455,
    "id": 12,
    "type": "cluster"
  },
  {
    "time": 52200.0,
    "elapsed_time": 4.752071603899822,
    "id": 13,
    "type": "cluster"
  },
  {
    "time": 52200.0,
    "elapsed_time": 11.303338544908911,
    "id": 14,
    "type": "cluster"
  },
  {
    "time": 52200.0,
    "elapsed_time": 8.757404747186229,
    "id": 15,
    "type": "cluster"
  },
  {
    "time": 52200.0,
    "elapsed_time": 4.149494577897713,
    "id": 16,
    "type": "cluster"
  },
  {
    "time": 52200.0,
    "elapsed_time": 6.474671588977799,
    "id": 17,
    "type": "cluster"
  },
  {
    "time": 52200.0,
    "elapsed_time": 166.2821024269797,
    "id": -2,
    "type": "all_clusters"
  },
  {
    "time": 54000.0,
    "elapsed_time": 11.505627020960674,
    "id": -1,
    "type": "global"
  },
  {
    "time": 54000.0,
    "elapsed_time": 4.363327837083489,
    "id": 11,
    "type": "cluster"
  },
  {
    "time": 54000.0,
    "elapsed_time": 11.650281304027885,
    "id": 12,
    "type": "cluster"
  },
  {
    "time": 54000.0,
    "elapsed_time": 11.613361235940829,
    "id": 13,
    "type": "cluster"
  },
  {
    "time": 54000.0,
    "elapsed_time": 11.803654089104384,
    "id": 14,
    "type": "cluster"
  },
  {
    "time": 54000.0,
    "elapsed_time": 9.546004517935216,
    "id": 15,
    "type": "cluster"
  },
  {
    "time": 54000.0,
    "elapsed_time": 4.3484071609564126,
    "id": 16,
    "type": "cluster"
  },
  {
    "time": 54000.0,
    "elapsed_time": 3.9530486890580505,
    "id": 17,
    "type": "cluster"
  },
  {
    "time": 54000.0,
    "elapsed_time": 4.340800954028964,
    "id": 11,
    "type": "cluster"
  },
  {
    "time": 54000.0,
    "elapsed_time": 8.747236666968092,
    "id": 12,
    "type": "cluster"
  },
  {
    "time": 54000.0,
    "elapsed_time": 11.162803063867614,
    "id": 13,
    "type": "cluster"
  },
  {
    "time": 54000.0,
    "elapsed_time": 4.77672532107681,
    "id": 14,
    "type": "cluster"
  },
  {
    "time": 54000.0,
    "elapsed_time": 11.15467369183898,
    "id": 15,
    "type": "cluster"
  },
  {
    "time": 54000.0,
    "elapsed_time": 3.966761949006468,
    "id": 16,
    "type": "cluster"
  },
  {
    "time": 54000.0,
    "elapsed_time": 6.3237825718242675,
    "id": 17,
    "type": "cluster"
  },
  {
    "time": 54000.0,
    "elapsed_time": 176.04720965703018,
    "id": -2,
    "type": "all_clusters"
  },
  {
    "time": 55800.0,
    "elapsed_time": 4.653043878963217,
    "id": 11,
    "type": "cluster"
  },
  {
    "time": 55800.0,
    "elapsed_time": 11.650651388103142,
    "id": 12,
    "type": "cluster"
  },
  {
    "time": 55800.0,
    "elapsed_time": 11.68974833493121,
    "id": 13,
    "type": "cluster"
  },
  {
    "time": 55800.0,
    "elapsed_time": 11.60241922782734,
    "id": 14,
    "type": "cluster"
  },
  {
    "time": 55800.0,
    "elapsed_time": 9.509662240976468,
    "id": 15,
    "type": "cluster"
  },
  {
    "time": 55800.0,
    "elapsed_time": 4.187671824824065,
    "id": 16,
    "type": "cluster"
  },
  {
    "time": 55800.0,
    "elapsed_time": 3.9989795750007033,
    "id": 17,
    "type": "cluster"
  },
  {
    "time": 55800.0,
    "elapsed_time": 4.453189559048042,
    "id": 11,
    "type": "cluster"
  },
  {
    "time": 55800.0,
    "elapsed_time": 11.176515860948712,
    "id": 12,
    "type": "cluster"
  },
  {
    "time": 55800.0,
    "elapsed_time": 4.932001790963113,
    "id": 13,
    "type": "cluster"
  },
  {
    "time": 55800.0,
    "elapsed_time": 6.998156827874482,
    "id": 14,
    "type": "cluster"
  },
  {
    "time": 55800.0,
    "elapsed_time": 11.562165468931198,
    "id": 15,
    "type": "cluster"
  },
  {
    "time": 55800.0,
    "elapsed_time": 4.2550158959347755,
    "id": 16,
    "type": "cluster"
  },
  {
    "time": 55800.0,
    "elapsed_time": 4.546798038063571,
    "id": 17,
    "type": "cluster"
  },
  {
    "time": 55800.0,
    "elapsed_time": 175.67215555114672,
    "id": -2,
    "type": "all_clusters"
  },
  {
    "time": 57600.0,
    "elapsed_time": 11.403137631947175,
    "id": -1,
    "type": "global"
  },
  {
    "time": 57600.0,
    "elapsed_time": 4.339812693884596,
    "id": 11,
    "type": "cluster"
  },
  {
    "time": 57600.0,
    "elapsed_time": 11.205019786953926,
    "id": 12,
    "type": "cluster"
  },
  {
    "time": 57600.0,
    "elapsed_time": 11.428841429995373,
    "id": 13,
    "type": "cluster"
  },
  {
    "time": 57600.0,
    "elapsed_time": 12.103393470868468,
    "id": 14,
    "type": "cluster"
  },
  {
    "time": 57600.0,
    "elapsed_time": 11.86198511486873,
    "id": 15,
    "type": "cluster"
  },
  {
    "time": 57600.0,
    "elapsed_time": 4.2692513559013605,
    "id": 16,
    "type": "cluster"
  },
  {
    "time": 57600.0,
    "elapsed_time": 3.8963451059535146,
    "id": 17,
    "type": "cluster"
  },
  {
    "time": 57600.0,
    "elapsed_time": 4.216018980834633,
    "id": 11,
    "type": "cluster"
  },
  {
    "time": 57600.0,
    "elapsed_time": 4.748315496835858,
    "id": 12,
    "type": "cluster"
  },
  {
    "time": 57600.0,
    "elapsed_time": 11.395542281214148,
    "id": 13,
    "type": "cluster"
  },
  {
    "time": 57600.0,
    "elapsed_time": 6.8853390228468925,
    "id": 14,
    "type": "cluster"
  },
  {
    "time": 57600.0,
    "elapsed_time": 11.397515591001138,
    "id": 15,
    "type": "cluster"
  },
  {
    "time": 57600.0,
    "elapsed_time": 4.299193152925,
    "id": 16,
    "type": "cluster"
  },
  {
    "time": 57600.0,
    "elapsed_time": 4.468593867029995,
    "id": 17,
    "type": "cluster"
  },
  {
    "time": 57600.0,
    "elapsed_time": 168.30331672891043,
    "id": -2,
    "type": "all_clusters"
  },
  {
    "time": 59400.0,
    "elapsed_time": 4.328933123033494,
    "id": 11,
    "type": "cluster"
  },
  {
    "time": 59400.0,
    "elapsed_time": 6.735596084035933,
    "id": 12,
    "type": "cluster"
  },
  {
    "time": 59400.0,
    "elapsed_time": 11.299995115026832,
    "id": 13,
    "type": "cluster"
  },
  {
    "time": 59400.0,
    "elapsed_time": 11.693799485918134,
    "id": 14,
    "type": "cluster"
  },
  {
    "time": 59400.0,
    "elapsed_time": 11.64334948384203,
    "id": 15,
    "type": "cluster"
  },
  {
    "time": 59400.0,
    "elapsed_time": 4.093172759981826,
    "id": 16,
    "type": "cluster"
  },
  {
    "time": 59400.0,
    "elapsed_time": 3.9105061690788716,
    "id": 17,
    "type": "cluster"
  },
  {
    "time": 59400.0,
    "elapsed_time": 4.311312036821619,
    "id": 11,
    "type": "cluster"
  },
  {
    "time": 59400.0,
    "elapsed_time": 6.532106889877468,
    "id": 12,
    "type": "cluster"
  },
  {
    "time": 59400.0,
    "elapsed_time": 11.151726271957159,
    "id": 13,
    "type": "cluster"
  },
  {
    "time": 59400.0,
    "elapsed_time": 9.0945037859492,
    "id": 14,
    "type": "cluster"
  },
  {
    "time": 59400.0,
    "elapsed_time": 11.538072037976235,
    "id": 15,
    "type": "cluster"
  },
  {
    "time": 59400.0,
    "elapsed_time": 4.41783104208298,
    "id": 16,
    "type": "cluster"
  },
  {
    "time": 59400.0,
    "elapsed_time": 6.274151402991265,
    "id": 17,
    "type": "cluster"
  },
  {
    "time": 59400.0,
    "elapsed_time": 178.9475786939729,
    "id": -2,
    "type": "all_clusters"
  },
  {
    "time": 61200.0,
    "elapsed_time": 11.686480111209676,
    "id": -1,
    "type": "global"
  },
  {
    "time": 61200.0,
    "elapsed_time": 4.273158448981121,
    "id": 11,
    "type": "cluster"
  },
  {
    "time": 61200.0,
    "elapsed_time": 9.073013262124732,
    "id": 12,
    "type": "cluster"
  },
  {
    "time": 61200.0,
    "elapsed_time": 11.26521705603227,
    "id": 13,
    "type": "cluster"
  },
  {
    "time": 61200.0,
    "elapsed_time": 11.595439384924248,
    "id": 14,
    "type": "cluster"
  },
  {
    "time": 61200.0,
    "elapsed_time": 11.461759970989078,
    "id": 15,
    "type": "cluster"
  },
  {
    "time": 61200.0,
    "elapsed_time": 4.251144426874816,
    "id": 16,
    "type": "cluster"
  },
  {
    "time": 61200.0,
    "elapsed_time": 3.9323626349214464,
    "id": 17,
    "type": "cluster"
  },
  {
    "time": 61200.0,
    "elapsed_time": 4.175866276025772,
    "id": 11,
    "type": "cluster"
  },
  {
    "time": 61200.0,
    "elapsed_time": 10.975150711135939,
    "id": 12,
    "type": "cluster"
  },
  {
    "time": 61200.0,
    "elapsed_time": 8.934466626960784,
    "id": 13,
    "type": "cluster"
  },
  {
    "time": 61200.0,
    "elapsed_time": 11.694736358011141,
    "id": 14,
    "type": "cluster"
  },
  {
    "time": 61200.0,
    "elapsed_time": 11.37948617595248,
    "id": 15,
    "type": "cluster"
  },
  {
    "time": 61200.0,
    "elapsed_time": 4.019495771965012,
    "id": 16,
    "type": "cluster"
  },
  {
    "time": 61200.0,
    "elapsed_time": 4.672013950999826,
    "id": 17,
    "type": "cluster"
  },
  {
    "time": 61200.0,
    "elapsed_time": 182.77473738393746,
    "id": -2,
    "type": "all_clusters"
  },
  {
    "time": 63000.0,
    "elapsed_time": 4.603709015995264,
    "id": 11,
    "type": "cluster"
  },
  {
    "time": 63000.0,
    "elapsed_time": 11.345106248976663,
    "id": 12,
    "type": "cluster"
  },
  {
    "time": 63000.0,
    "elapsed_time": 8.761742496164516,
    "id": 13,
    "type": "cluster"
  },
  {
    "time": 63000.0,
    "elapsed_time": 11.806246986845508,
    "id": 14,
    "type": "cluster"
  },
  {
    "time": 63000.0,
    "elapsed_time": 11.051664922153577,
    "id": 15,
    "type": "cluster"
  },
  {
    "time": 63000.0,
    "elapsed_time": 4.145332423970103,
    "id": 16,
    "type": "cluster"
  },
  {
    "time": 63000.0,
    "elapsed_time": 3.976682301843539,
    "id": 17,
    "type": "cluster"
  },
  {
    "time": 63000.0,
    "elapsed_time": 4.34744015103206,
    "id": 11,
    "type": "cluster"
  },
  {
    "time": 63000.0,
    "elapsed_time": 6.465143270092085,
    "id": 12,
    "type": "cluster"
  },
  {
    "time": 63000.0,
    "elapsed_time": 11.08893226692453,
    "id": 13,
    "type": "cluster"
  },
  {
    "time": 63000.0,
    "elapsed_time": 11.464569493895397,
    "id": 14,
    "type": "cluster"
  },
  {
    "time": 63000.0,
    "elapsed_time": 11.525155775947496,
    "id": 15,
    "type": "cluster"
  },
  {
    "time": 63000.0,
    "elapsed_time": 4.014768366003409,
    "id": 16,
    "type": "cluster"
  },
  {
    "time": 63000.0,
    "elapsed_time": 4.431350082159042,
    "id": 17,
    "type": "cluster"
  },
  {
    "time": 63000.0,
    "elapsed_time": 182.5814569289796,
    "id": -2,
    "type": "all_clusters"
  },
  {
    "time": 64800.0,
    "elapsed_time": 11.831458922009915,
    "id": -1,
    "type": "global"
  },
  {
    "time": 64800.0,
    "elapsed_time": 4.548250457039103,
    "id": 11,
    "type": "cluster"
  },
  {
    "time": 64800.0,
    "elapsed_time": 11.583510682918131,
    "id": 12,
    "type": "cluster"
  },
  {
    "time": 64800.0,
    "elapsed_time": 7.013042154023424,
    "id": 13,
    "type": "cluster"
  },
  {
    "time": 64800.0,
    "elapsed_time": 11.796286429977044,
    "id": 14,
    "type": "cluster"
  },
  {
    "time": 64800.0,
    "elapsed_time": 11.541907596867532,
    "id": 15,
    "type": "cluster"
  },
  {
    "time": 64800.0,
    "elapsed_time": 4.178040168946609,
    "id": 16,
    "type": "cluster"
  },
  {
    "time": 64800.0,
    "elapsed_time": 3.9833787658717483,
    "id": 17,
    "type": "cluster"
  },
  {
    "time": 64800.0,
    "elapsed_time": 4.323587035993114,
    "id": 11,
    "type": "cluster"
  },
  {
    "time": 64800.0,
    "elapsed_time": 9.08280837116763,
    "id": 12,
    "type": "cluster"
  },
  {
    "time": 64800.0,
    "elapsed_time": 11.240688680903986,
    "id": 13,
    "type": "cluster"
  },
  {
    "time": 64800.0,
    "elapsed_time": 11.152627096045762,
    "id": 14,
    "type": "cluster"
  },
  {
    "time": 64800.0,
    "elapsed_time": 11.330896980129182,
    "id": 15,
    "type": "cluster"
  },
  {
    "time": 64800.0,
    "elapsed_time": 4.3348582030739635,
    "id": 16,
    "type": "cluster"
  },
  {
    "time": 64800.0,
    "elapsed_time": 4.435012246016413,
    "id": 17,
    "type": "cluster"
  },
  {
    "time": 64800.0,
    "elapsed_time": 176.4537445558235,
    "id": -2,
    "type": "all_clusters"
  },
  {
    "time": 66600.0,
    "elapsed_time": 4.512259953888133,
    "id": 11,
    "type": "cluster"
  },
  {
    "time": 66600.0,
    "elapsed_time": 11.699971044901758,
    "id": 12,
    "type": "cluster"
  },
  {
    "time": 66600.0,
    "elapsed_time": 12.095173739129677,
    "id": 13,
    "type": "cluster"
  },
  {
    "time": 66600.0,
    "elapsed_time": 12.144739479990676,
    "id": 14,
    "type": "cluster"
  },
  {
    "time": 66600.0,
    "elapsed_time": 11.748390888096765,
    "id": 15,
    "type": "cluster"
  },
  {
    "time": 66600.0,
    "elapsed_time": 4.530746714910492,
    "id": 16,
    "type": "cluster"
  },
  {
    "time": 66600.0,
    "elapsed_time": 4.0773661059793085,
    "id": 17,
    "type": "cluster"
  },
  {
    "time": 66600.0,
    "elapsed_time": 4.469160587061197,
    "id": 11,
    "type": "cluster"
  },
  {
    "time": 66600.0,
    "elapsed_time": 4.973337111994624,
    "id": 12,
    "type": "cluster"
  },
  {
    "time": 66600.0,
    "elapsed_time": 6.863749796990305,
    "id": 13,
    "type": "cluster"
  },
  {
    "time": 66600.0,
    "elapsed_time": 11.390007840003818,
    "id": 14,
    "type": "cluster"
  },
  {
    "time": 66600.0,
    "elapsed_time": 11.611168573843315,
    "id": 15,
    "type": "cluster"
  },
  {
    "time": 66600.0,
    "elapsed_time": 4.1222431948408484,
    "id": 16,
    "type": "cluster"
  },
  {
    "time": 66600.0,
    "elapsed_time": 4.497010184917599,
    "id": 17,
    "type": "cluster"
  },
  {
    "time": 66600.0,
    "elapsed_time": 178.68772416305728,
    "id": -2,
    "type": "all_clusters"
  },
  {
    "time": 68400.0,
    "elapsed_time": 11.671424175845459,
    "id": -1,
    "type": "global"
  },
  {
    "time": 68400.0,
    "elapsed_time": 4.33211199590005,
    "id": 11,
    "type": "cluster"
  },
  {
    "time": 68400.0,
    "elapsed_time": 12.062775057042018,
    "id": 12,
    "type": "cluster"
  },
  {
    "time": 68400.0,
    "elapsed_time": 11.101662246976048,
    "id": 13,
    "type": "cluster"
  },
  {
    "time": 68400.0,
    "elapsed_time": 11.476398768136278,
    "id": 14,
    "type": "cluster"
  },
  {
    "time": 68400.0,
    "elapsed_time": 11.378713577054441,
    "id": 15,
    "type": "cluster"
  },
  {
    "time": 68400.0,
    "elapsed_time": 4.154971656156704,
    "id": 16,
    "type": "cluster"
  },
  {
    "time": 68400.0,
    "elapsed_time": 3.9657740090042353,
    "id": 17,
    "type": "cluster"
  },
  {
    "time": 68400.0,
    "elapsed_time": 4.352695315843448,
    "id": 11,
    "type": "cluster"
  },
  {
    "time": 68400.0,
    "elapsed_time": 4.963705850066617,
    "id": 12,
    "type": "cluster"
  },
  {
    "time": 68400.0,
    "elapsed_time": 11.145143350819126,
    "id": 13,
    "type": "cluster"
  },
  {
    "time": 68400.0,
    "elapsed_time": 11.474398867925629,
    "id": 14,
    "type": "cluster"
  },
  {
    "time": 68400.0,
    "elapsed_time": 4.844656927045435,
    "id": 15,
    "type": "cluster"
  },
  {
    "time": 68400.0,
    "elapsed_time": 3.995775712886825,
    "id": 16,
    "type": "cluster"
  },
  {
    "time": 68400.0,
    "elapsed_time": 4.388635993003845,
    "id": 17,
    "type": "cluster"
  },
  {
    "time": 68400.0,
    "elapsed_time": 174.19819114590064,
    "id": -2,
    "type": "all_clusters"
  },
  {
    "time": 70200.0,
    "elapsed_time": 4.443064144812524,
    "id": 11,
    "type": "cluster"
  },
  {
    "time": 70200.0,
    "elapsed_time": 11.801701408112422,
    "id": 12,
    "type": "cluster"
  },
  {
    "time": 70200.0,
    "elapsed_time": 10.878134293016046,
    "id": 13,
    "type": "cluster"
  },
  {
    "time": 70200.0,
    "elapsed_time": 11.582836605841294,
    "id": 14,
    "type": "cluster"
  },
  {
    "time": 70200.0,
    "elapsed_time": 10.89650904899463,
    "id": 15,
    "type": "cluster"
  },
  {
    "time": 70200.0,
    "elapsed_time": 4.293415498919785,
    "id": 16,
    "type": "cluster"
  },
  {
    "time": 70200.0,
    "elapsed_time": 3.946603615069762,
    "id": 17,
    "type": "cluster"
  },
  {
    "time": 70200.0,
    "elapsed_time": 4.20053510600701,
    "id": 11,
    "type": "cluster"
  },
  {
    "time": 70200.0,
    "elapsed_time": 11.569641974987462,
    "id": 12,
    "type": "cluster"
  },
  {
    "time": 70200.0,
    "elapsed_time": 10.877021633088589,
    "id": 13,
    "type": "cluster"
  },
  {
    "time": 70200.0,
    "elapsed_time": 6.690510370070115,
    "id": 14,
    "type": "cluster"
  },
  {
    "time": 70200.0,
    "elapsed_time": 11.318501221947372,
    "id": 15,
    "type": "cluster"
  },
  {
    "time": 70200.0,
    "elapsed_time": 4.368398782098666,
    "id": 16,
    "type": "cluster"
  },
  {
    "time": 70200.0,
    "elapsed_time": 4.625355425057933,
    "id": 17,
    "type": "cluster"
  },
  {
    "time": 70200.0,
    "elapsed_time": 182.54414449399337,
    "id": -2,
    "type": "all_clusters"
  },
  {
    "time": 72000.0,
    "elapsed_time": 11.94253613683395,
    "id": -1,
    "type": "global"
  },
  {
    "time": 72000.0,
    "elapsed_time": 4.610955209936947,
    "id": 11,
    "type": "cluster"
  },
  {
    "time": 72000.0,
    "elapsed_time": 11.614032855024561,
    "id": 12,
    "type": "cluster"
  },
  {
    "time": 72000.0,
    "elapsed_time": 11.364612685050815,
    "id": 13,
    "type": "cluster"
  },
  {
    "time": 72000.0,
    "elapsed_time": 4.985307877184823,
    "id": 14,
    "type": "cluster"
  },
  {
    "time": 72000.0,
    "elapsed_time": 11.78137673996389,
    "id": 15,
    "type": "cluster"
  },
  {
    "time": 72000.0,
    "elapsed_time": 4.149989614961669,
    "id": 16,
    "type": "cluster"
  },
  {
    "time": 72000.0,
    "elapsed_time": 3.8750962030608207,
    "id": 17,
    "type": "cluster"
  },
  {
    "time": 72000.0,
    "elapsed_time": 4.419354978948832,
    "id": 11,
    "type": "cluster"
  },
  {
    "time": 72000.0,
    "elapsed_time": 5.055106329964474,
    "id": 12,
    "type": "cluster"
  },
  {
    "time": 72000.0,
    "elapsed_time": 11.278067871928215,
    "id": 13,
    "type": "cluster"
  },
  {
    "time": 72000.0,
    "elapsed_time": 6.86705537000671,
    "id": 14,
    "type": "cluster"
  },
  {
    "time": 72000.0,
    "elapsed_time": 11.416338889859617,
    "id": 15,
    "type": "cluster"
  },
  {
    "time": 72000.0,
    "elapsed_time": 4.096246157074347,
    "id": 16,
    "type": "cluster"
  },
  {
    "time": 72000.0,
    "elapsed_time": 6.200646640965715,
    "id": 17,
    "type": "cluster"
  },
  {
    "time": 72000.0,
    "elapsed_time": 178.86555707198568,
    "id": -2,
    "type": "all_clusters"
  },
  {
    "time": 73800.0,
    "elapsed_time": 4.831987370038405,
    "id": 11,
    "type": "cluster"
  },
  {
    "time": 73800.0,
    "elapsed_time": 11.971108124125749,
    "id": 12,
    "type": "cluster"
  },
  {
    "time": 73800.0,
    "elapsed_time": 11.420728825964034,
    "id": 13,
    "type": "cluster"
  },
  {
    "time": 73800.0,
    "elapsed_time": 6.900072745978832,
    "id": 14,
    "type": "cluster"
  },
  {
    "time": 73800.0,
    "elapsed_time": 11.692601301940158,
    "id": 15,
    "type": "cluster"
  },
  {
    "time": 73800.0,
    "elapsed_time": 5.689751046942547,
    "id": 16,
    "type": "cluster"
  },
  {
    "time": 73800.0,
    "elapsed_time": 3.9410078041255474,
    "id": 17,
    "type": "cluster"
  },
  {
    "time": 73800.0,
    "elapsed_time": 4.289458751911297,
    "id": 11,
    "type": "cluster"
  },
  {
    "time": 73800.0,
    "elapsed_time": 9.101842571049929,
    "id": 12,
    "type": "cluster"
  },
  {
    "time": 73800.0,
    "elapsed_time": 4.9931355628650635,
    "id": 13,
    "type": "cluster"
  },
  {
    "time": 73800.0,
    "elapsed_time": 4.9457633551210165,
    "id": 14,
    "type": "cluster"
  },
  {
    "time": 73800.0,
    "elapsed_time": 11.413588672177866,
    "id": 15,
    "type": "cluster"
  },
  {
    "time": 73800.0,
    "elapsed_time": 4.089248445117846,
    "id": 16,
    "type": "cluster"
  },
  {
    "time": 73800.0,
    "elapsed_time": 4.478215577080846,
    "id": 17,
    "type": "cluster"
  },
  {
    "time": 73800.0,
    "elapsed_time": 176.2096040889155,
    "id": -2,
    "type": "all_clusters"
  },
  {
    "time": 75600.0,
    "elapsed_time": 11.497177167097107,
    "id": -1,
    "type": "global"
  },
  {
    "time": 75600.0,
    "elapsed_time": 4.405349443200976,
    "id": 11,
    "type": "cluster"
  },
  {
    "time": 75600.0,
    "elapsed_time": 11.998089119791985,
    "id": 12,
    "type": "cluster"
  },
  {
    "time": 75600.0,
    "elapsed_time": 11.41032142797485,
    "id": 13,
    "type": "cluster"
  },
  {
    "time": 75600.0,
    "elapsed_time": 5.101975126890466,
    "id": 14,
    "type": "cluster"
  },
  {
    "time": 75600.0,
    "elapsed_time": 11.309151036897674,
    "id": 15,
    "type": "cluster"
  },
  {
    "time": 75600.0,
    "elapsed_time": 3.982443420914933,
    "id": 16,
    "type": "cluster"
  },
  {
    "time": 75600.0,
    "elapsed_time": 3.9544815961271524,
    "id": 17,
    "type": "cluster"
  },
  {
    "time": 75600.0,
    "elapsed_time": 4.36542169097811,
    "id": 11,
    "type": "cluster"
  },
  {
    "time": 75600.0,
    "elapsed_time": 11.022445932962,
    "id": 12,
    "type": "cluster"
  },
  {
    "time": 75600.0,
    "elapsed_time": 11.651487689930946,
    "id": 13,
    "type": "cluster"
  },
  {
    "time": 75600.0,
    "elapsed_time": 9.682788642821833,
    "id": 14,
    "type": "cluster"
  },
  {
    "time": 75600.0,
    "elapsed_time": 11.46533192298375,
    "id": 15,
    "type": "cluster"
  },
  {
    "time": 75600.0,
    "elapsed_time": 4.389836309012026,
    "id": 16,
    "type": "cluster"
  },
  {
    "time": 75600.0,
    "elapsed_time": 4.356464494951069,
    "id": 17,
    "type": "cluster"
  },
  {
    "time": 75600.0,
    "elapsed_time": 184.3814163529314,
    "id": -2,
    "type": "all_clusters"
  },
  {
    "time": 77400.0,
    "elapsed_time": 4.399392972001806,
    "id": 11,
    "type": "cluster"
  },
  {
    "time": 77400.0,
    "elapsed_time": 11.985110664973035,
    "id": 12,
    "type": "cluster"
  },
  {
    "time": 77400.0,
    "elapsed_time": 12.022997011896223,
    "id": 13,
    "type": "cluster"
  },
  {
    "time": 77400.0,
    "elapsed_time": 9.524965398944914,
    "id": 14,
    "type": "cluster"
  },
  {
    "time": 77400.0,
    "elapsed_time": 11.446830458939075,
    "id": 15,
    "type": "cluster"
  },
  {
    "time": 77400.0,
    "elapsed_time": 4.224874445004389,
    "id": 16,
    "type": "cluster"
  },
  {
    "time": 77400.0,
    "elapsed_time": 3.970217030029744,
    "id": 17,
    "type": "cluster"
  },
  {
    "time": 77400.0,
    "elapsed_time": 4.292456331895664,
    "id": 11,
    "type": "cluster"
  },
  {
    "time": 77400.0,
    "elapsed_time": 10.864150363020599,
    "id": 12,
    "type": "cluster"
  },
  {
    "time": 77400.0,
    "elapsed_time": 11.726502489997074,
    "id": 13,
    "type": "cluster"
  },
  {
    "time": 77400.0,
    "elapsed_time": 5.035404032096267,
    "id": 14,
    "type": "cluster"
  },
  {
    "time": 77400.0,
    "elapsed_time": 11.233339390950277,
    "id": 15,
    "type": "cluster"
  },
  {
    "time": 77400.0,
    "elapsed_time": 4.27134911599569,
    "id": 16,
    "type": "cluster"
  },
  {
    "time": 77400.0,
    "elapsed_time": 4.4779546139761806,
    "id": 17,
    "type": "cluster"
  },
  {
    "time": 77400.0,
    "elapsed_time": 191.5646962930914,
    "id": -2,
    "type": "all_clusters"
  },
  {
    "time": 79200.0,
    "elapsed_time": 11.687977869994938,
    "id": -1,
    "type": "global"
  },
  {
    "time": 79200.0,
    "elapsed_time": 4.163722665980458,
    "id": 11,
    "type": "cluster"
  },
  {
    "time": 79200.0,
    "elapsed_time": 9.362376511096954,
    "id": 12,
    "type": "cluster"
  },
  {
    "time": 79200.0,
    "elapsed_time": 11.344049200881273,
    "id": 13,
    "type": "cluster"
  },
  {
    "time": 79200.0,
    "elapsed_time": 11.774823747109622,
    "id": 14,
    "type": "cluster"
  },
  {
    "time": 79200.0,
    "elapsed_time": 11.595643542008474,
    "id": 15,
    "type": "cluster"
  },
  {
    "time": 79200.0,
    "elapsed_time": 4.211284253047779,
    "id": 16,
    "type": "cluster"
  },
  {
    "time": 79200.0,
    "elapsed_time": 3.987677556928247,
    "id": 17,
    "type": "cluster"
  },
  {
    "time": 79200.0,
    "elapsed_time": 4.154335446888581,
    "id": 11,
    "type": "cluster"
  },
  {
    "time": 79200.0,
    "elapsed_time": 4.9464928400702775,
    "id": 12,
    "type": "cluster"
  },
  {
    "time": 79200.0,
    "elapsed_time": 9.009760562097654,
    "id": 13,
    "type": "cluster"
  },
  {
    "time": 79200.0,
    "elapsed_time": 11.461824055062607,
    "id": 14,
    "type": "cluster"
  },
  {
    "time": 79200.0,
    "elapsed_time": 11.577710584970191,
    "id": 15,
    "type": "cluster"
  },
  {
    "time": 79200.0,
    "elapsed_time": 4.252060241997242,
    "id": 16,
    "type": "cluster"
  },
  {
    "time": 79200.0,
    "elapsed_time": 4.574047526810318,
    "id": 17,
    "type": "cluster"
  },
  {
    "time": 79200.0,
    "elapsed_time": 189.1002214900218,
    "id": -2,
    "type": "all_clusters"
  },
  {
    "time": 81000.0,
    "elapsed_time": 4.550212775124237,
    "id": 11,
    "type": "cluster"
  },
  {
    "time": 81000.0,
    "elapsed_time": 11.31889598397538,
    "id": 12,
    "type": "cluster"
  },
  {
    "time": 81000.0,
    "elapsed_time": 9.306218623183668,
    "id": 13,
    "type": "cluster"
  },
  {
    "time": 81000.0,
    "elapsed_time": 11.917328142095357,
    "id": 14,
    "type": "cluster"
  },
  {
    "time": 81000.0,
    "elapsed_time": 12.306470326846465,
    "id": 15,
    "type": "cluster"
  },
  {
    "time": 81000.0,
    "elapsed_time": 4.336959828156978,
    "id": 16,
    "type": "cluster"
  },
  {
    "time": 81000.0,
    "elapsed_time": 4.10417107003741,
    "id": 17,
    "type": "cluster"
  },
  {
    "time": 81000.0,
    "elapsed_time": 4.481919178040698,
    "id": 11,
    "type": "cluster"
  },
  {
    "time": 81000.0,
    "elapsed_time": 4.8865991570055485,
    "id": 12,
    "type": "cluster"
  },
  {
    "time": 81000.0,
    "elapsed_time": 11.198218883946538,
    "id": 13,
    "type": "cluster"
  },
  {
    "time": 81000.0,
    "elapsed_time": 11.923083792906255,
    "id": 14,
    "type": "cluster"
  },
  {
    "time": 81000.0,
    "elapsed_time": 11.904735025949776,
    "id": 15,
    "type": "cluster"
  },
  {
    "time": 81000.0,
    "elapsed_time": 4.345120582962409,
    "id": 16,
    "type": "cluster"
  },
  {
    "time": 81000.0,
    "elapsed_time": 4.542332808021456,
    "id": 17,
    "type": "cluster"
  },
  {
    "time": 81000.0,
    "elapsed_time": 193.56984253809787,
    "id": -2,
    "type": "all_clusters"
  },
  {
    "time": 82800.0,
    "elapsed_time": 11.654033752158284,
    "id": -1,
    "type": "global"
  },
  {
    "time": 82800.0,
    "elapsed_time": 6.13120259786956,
    "id": 11,
    "type": "cluster"
  },
  {
    "time": 82800.0,
    "elapsed_time": 11.673535049892962,
    "id": 12,
    "type": "cluster"
  },
  {
    "time": 82800.0,
    "elapsed_time": 6.981105947867036,
    "id": 13,
    "type": "cluster"
  },
  {
    "time": 82800.0,
    "elapsed_time": 12.09854879998602,
    "id": 14,
    "type": "cluster"
  },
  {
    "time": 82800.0,
    "elapsed_time": 11.882486186921597,
    "id": 15,
    "type": "cluster"
  },
  {
    "time": 82800.0,
    "elapsed_time": 4.337853512028232,
    "id": 16,
    "type": "cluster"
  },
  {
    "time": 82800.0,
    "elapsed_time": 3.9623649269342422,
    "id": 17,
    "type": "cluster"
  },
  {
    "time": 82800.0,
    "elapsed_time": 4.3185588049236685,
    "id": 11,
    "type": "cluster"
  },
  {
    "time": 82800.0,
    "elapsed_time": 6.756966941989958,
    "id": 12,
    "type": "cluster"
  },
  {
    "time": 82800.0,
    "elapsed_time": 11.414709641132504,
    "id": 13,
    "type": "cluster"
  },
  {
    "time": 82800.0,
    "elapsed_time": 5.10757844010368,
    "id": 14,
    "type": "cluster"
  },
  {
    "time": 82800.0,
    "elapsed_time": 6.8207579320296645,
    "id": 15,
    "type": "cluster"
  },
  {
    "time": 82800.0,
    "elapsed_time": 4.062671931926161,
    "id": 16,
    "type": "cluster"
  },
  {
    "time": 82800.0,
    "elapsed_time": 10.694537334144115,
    "id": 17,
    "type": "cluster"
  },
  {
    "time": 82800.0,
    "elapsed_time": 190.9655813248828,
    "id": -2,
    "type": "all_clusters"
  },
  {
    "time": 84600.0,
    "elapsed_time": 4.547885256120935,
    "id": 11,
    "type": "cluster"
  },
  {
    "time": 84600.0,
    "elapsed_time": 11.594305446837097,
    "id": 12,
    "type": "cluster"
  },
  {
    "time": 84600.0,
    "elapsed_time": 11.590645948890597,
    "id": 13,
    "type": "cluster"
  },
  {
    "time": 84600.0,
    "elapsed_time": 11.105846420163289,
    "id": 14,
    "type": "cluster"
  },
  {
    "time": 84600.0,
    "elapsed_time": 11.706995360786095,
    "id": 15,
    "type": "cluster"
  },
  {
    "time": 84600.0,
    "elapsed_time": 4.33739490294829,
    "id": 16,
    "type": "cluster"
  },
  {
    "time": 84600.0,
    "elapsed_time": 4.036099279066548,
    "id": 17,
    "type": "cluster"
  },
  {
    "time": 84600.0,
    "elapsed_time": 4.1287679199595,
    "id": 11,
    "type": "cluster"
  },
  {
    "time": 84600.0,
    "elapsed_time": 10.236615485977381,
    "id": 12,
    "type": "cluster"
  },
  {
    "time": 84600.0,
    "elapsed_time": 4.76438164501451,
    "id": 13,
    "type": "cluster"
  },
  {
    "time": 84600.0,
    "elapsed_time": 11.304310543928295,
    "id": 14,
    "type": "cluster"
  },
  {
    "time": 84600.0,
    "elapsed_time": 6.569251511944458,
    "id": 15,
    "type": "cluster"
  },
  {
    "time": 84600.0,
    "elapsed_time": 4.302166133886203,
    "id": 16,
    "type": "cluster"
  },
  {
    "time": 84600.0,
    "elapsed_time": 4.523080898914486,
    "id": 17,
    "type": "cluster"
  },
  {
    "time": 84600.0,
    "elapsed_time": 190.49322461592965,
    "id": -2,
    "type": "all_clusters"
  }
]